sample_id,site,LM1-4,LM4-5,LM5-6,LM6-11,LM7-11,LM7-9,LM9-10,LM1-10,LM1-2,LM2-3,LM6-10,LM6-9,LM11-17,LM7-12,LM6-12,LM7-14,LM9-13,LM9-14,LM12-14,LM13-14,LM12-15,LM12-13,LM14-18,LM13-16,LM13-15,LM14-15,LM15-16,LM6-15,LM16-18,LM17-18,LM17-19,LM16-19,LM18-19,LM15-20,LM11-20,LM17-20
Sde-CMat_107 ,Matnog,138.73778629976763,143.8762364425759,158.9333410463645,109.81714334223958,103.13031896547206,192.48791206257604,231.29319329805188,259.92340582211904,159.520962749759,148.91439865053343,376.3333804361899,321.50034496183673,1689.0529899418545,573.99122873929,629.4811471816213,739.8379944303751,971.0889375639803,864.2048688813608,429.3007992774297,349.4746168014066,830.9323592858568,251.00830167588083,1039.0152554796732,727.3485804573279,596.5620460222475,551.3673873475291,174.60120376686965,1413.129289506891,354.4090406914165,122.78311069968078,135.13992721457268,291.10839921953465,182.4380937981155,220.7209841533877,1201.132341809261,487.9443115209356
Sde-AMat_083 ,Matnog,95.98431651082377,137.88200140428052,138.40957103466508,76.91360279046872,98.13215504461317,137.95026311486322,189.10942410599216,190.50262135868365,110.81621444648796,140.67041876929912,329.39857755122443,263.85672186777805,1229.1898295296012,388.47185737652865,393.26427528106336,487.99787118920915,682.2195751669178,582.3016714303506,302.0080236906463,254.2357056025176,637.1394432876763,188.62548114790846,796.1704106881957,518.2745006801321,458.4755497832029,455.52989065592624,77.78398232213361,1008.7980885733527,274.621076793024,87.07388473267969,109.76419110752835,257.04744434226535,127.33221110390728,142.95139739142112,888.2275169842129,341.22634640544686
Sde-CMat_118 ,Matnog,115.46857073489737,147.10035815296305,153.79098657918806,94.13806865859311,112.93874609973324,164.59610748495842,220.96765071632095,232.43658590809235,130.35570283328616,165.21066268376873,341.9250894630869,288.6130246285673,1457.297143706365,485.8625875420849,532.5905688471962,579.5330985150374,835.3944377671725,699.7176753338449,338.91674208839254,301.2948880980393,712.8612816958148,217.52509707387787,946.3032992907773,647.1448186134305,511.969054973052,514.396881917659,168.09568709401793,1210.1587465578968,301.89884245490265,109.77287716444367,116.56479242532878,233.89134945912375,160.67800653792048,178.87345175908578,1035.796589150177,421.5271341599374
Sde-AMat_093 ,Matnog,90.10211747484075,129.21468023045986,141.34144557237977,80.73029713570983,87.34133907514811,143.05909211388843,175.55311556121697,175.06748639367618,100.8012608541183,137.0135747815157,323.91487623982323,261.8349782344024,1166.2150153438174,381.27033675228387,385.4578587719544,488.9330973304425,678.653774585613,591.1379386670509,293.57290193956936,246.79340743992734,576.7004718683436,181.50864111168377,749.3813915108648,532.7930415276086,409.6302971016182,388.42248001660516,150.84818860046013,940.1566272291283,232.89978044448642,86.61849476156914,98.89815224846208,194.63764069493342,129.41696567683852,162.606643349065,791.6058566022487,375.0140675761379
Sde-CMat_128 ,Matnog,106.24684002802154,140.0492628407947,160.63129457054742,88.38865195017964,81.85971369391666,156.71571718002627,203.36997094765493,217.04885462070516,124.81600332733781,159.68210108327727,331.91919856181863,257.3638771609761,1288.7145353464941,413.5820793173949,448.23502014661904,565.943075469627,725.0414033620493,674.5237674626223,344.5699842343206,273.971883139055,638.0658217563531,184.59595800731938,792.6651265529789,623.868762930987,469.7047885845002,389.95510114459347,190.87375041291037,1050.8867125535703,254.13778345261835,98.5013624119483,108.03766304974391,196.070611588504,140.45629956239057,175.09770188580436,889.9952787181795,398.7192580174176
Sde-AMat_091 ,Matnog,99.44494912467901,134.56892292461143,143.92591761420175,89.57737649680303,85.24809623029715,145.54044705939992,204.6653248595864,202.33832927179165,115.00534669240385,133.96768319956868,330.6553278718037,260.2351514955849,1267.5251431241904,398.17400284379437,427.9539260605164,507.5149081501449,722.6869063798306,609.2510840483585,294.5001049440221,228.90778339298552,643.252840573938,222.74982653472495,819.9186273118816,546.0695183707749,431.50953761914695,438.3322644204965,144.117414336228,1042.00531677122,264.0609456992079,93.95575202189607,101.64902881528181,224.88609808969946,120.35561423087002,166.45617642878258,876.17680156092365,391.4017941538974
Sde-CMat_132 ,Matnog,113.69019072268281,149.4390302063354,147.88097596124388,98.80019217536974,104.17540599748098,161.13750181075173,213.91461227379955,230.68299270767665,131.34493428617645,154.23971805374904,354.1819200448407,292.4206921496835,1456.7481055451765,476.062623021604,511.69202796262124,618.7119181533519,830.9705655790463,732.5539050718453,358.16885527752135,299.05746672880446,749.3978598877636,224.6217141920167,921.4936315194802,680.7121948226651,546.4873251640884,499.42510770509926,172.58769368842593,1227.0934990815413,298.74221140883316,114.34848961398643,116.13926328374035,229.15321470712558,158.91198502784488,203.68554106700847,1029.854058560246,426.8965076845324
Sde-AMat_094 ,Matnog,93.04298525052812,133.3158023692991,146.22840901770755,83.36457446565659,86.38034861298024,158.55910407037499,182.83154857291453,197.2690187662523,112.0560072164808,139.03976933417283,323.7075242641882,265.98704728813385,1268.3262816807867,414.22309033623407,444.9918607317217,549.5535483224361,760.6579776195409,657.0651019809985,323.336051743631,262.4676946458173,646.9164878144938,223.5292388612506,793.1978084715627,577.4984529332091,434.5260114320086,444.41864574515773,168.94736978763527,1070.4844857275607,198.3697396359888,86.15218800332342,121.52390858905078,175.14714906686316,131.65354063222145,168.15310895728334,897.1752650457769,371.4566342660338
Sde-CMat_123 ,Matnog,90.17891786897864,146.73644795295408,159.18545425766766,95.60160147330163,104.28544178398056,144.0000277822543,188.39257947047696,217.18857956959891,128.01767330056427,141.3065467245237,342.412846361304,287.77729035483327,1414.0096883328804,471.24041999821065,488.2354465786051,608.7559951479576,776.5142519086304,705.9578468784451,353.25980586600855,294.6157367495667,735.8337192362145,190.40296390014515,901.553410317991,678.9242992038288,552.3559952669657,535.5299656094792,141.3049519417135,1207.750085938399,244.87477071727915,88.41870829417284,106.10190217243989,200.4206408775303,133.21180152313832,188.01507489943472,1007.9947238205217,406.4819850290538
Sde-AMat_088 ,Matnog,70.41462733679701,86.54522102952885,142.9619193593175,89.67593702465555,96.46687297191717,141.77056840151977,157.91283749857075,217.08986863223257,91.03011895197103,113.85477360304225,320.4917468886367,268.363446224183,1279.9119595386003,408.6929572692561,435.1369760847726,890.805712162585,728.94546556226,987.5109958661626,601.0653272394442,409.6137160362188,702.2081419229629,217.0671318211488,487.2975626626506,603.060105609018,493.9332624118769,144.5513659369567,128.39144625028567,1115.3605512943786,226.5603819025736,93.82060757685386,108.11459829440255,183.24937280004545,140.4617583119691,184.24898824102124,898.457121476195,381.4912093590754
Sde-CMat_101 ,Matnog,107.64519542905757,170.4576072047535,166.89429123708814,107.5403719698328,110.36374797957892,198.8863710180765,248.91992623912216,246.33395143544462,149.56284032583093,148.5474737789237,388.01925863802177,315.510203664937,1668.6799735824873,531.1172174824122,598.0219481864607,694.6964666201276,937.8500962995313,833.1170778217968,411.18003631087197,340.3719318720185,817.1197632441406,245.31713991517202,1033.957276692751,726.736422886599,591.4360914964864,543.7454807290358,177.6009657194743,1373.1921550207933,350.52272382008283,107.16064892492027,142.7667079803972,306.93499216609376,183.72604016918777,220.020147725521,1164.267479853955,504.41409544350563
Sde-AMat_095 ,Matnog,92.80914513780415,135.7595207062842,135.54583816038027,95.76404716865301,90.66401503159896,136.75589983415705,181.33030821283018,227.1792071430174,119.78802061658753,138.60769750522516,300.03314499918173,263.0463404728908,1286.4548008465938,437.3017775466845,482.28682050524657,536.1524318400599,761.7397441589876,625.643348149471,288.62218477906373,249.56400754187288,646.931614956179,226.48307045790415,826.3478951412717,541.5112857004923,431.1563918825859,474.0062380041953,130.18204631749356,1107.8597292317695,239.2537877775188,94.59291146571196,109.2723954969416,201.38526130233558,126.34501096853808,179.43605877930426,888.2952676260411,398.1858461348041
Sde-CMat_122 ,Matnog,102.11175373618848,137.7984364965365,140.5998732865716,88.72892909333457,89.0186863639315,153.46728712354306,185.85705627379332,199.5275805094123,117.01472754850136,147.22337084420397,322.58496138854645,262.6820498702757,1299.3384707588702,411.91203598002573,434.27477813810464,545.6582265596296,711.2845495270442,650.9176343620904,366.1474360695293,307.2083538034245,686.2570222615211,175.3401331972804,851.7806472211962,630.7419440571555,521.5434711196085,465.2905108869511,142.72708940733716,1089.3814818922938,277.4707002482425,100.77004736448232,98.16351048347848,215.2287327635648,147.11448775548934,163.08131834149492,947.2883489339453,352.10331665577945
Sde-AMat_087 ,Matnog,89.47411651645407,140.30640511127777,137.81734984395115,99.69019496540261,87.07008072449457,144.34002362175912,187.7822225467044,242.55673420315503,116.20391904733678,149.00416020047896,309.8790110163643,273.5596625064814,1317.0685060101089,442.45822333128814,487.6172709760084,533.4337920858127,768.421053304606,621.0872280321339,296.4394869223903,264.3098145861406,670.4302576268541,224.54042086058806,853.7068315380639,571.4535505150353,458.88455047033347,496.6413330733156,138.41072327836454,1132.1503429894192,242.1228144344106,93.86736876700031,102.94250140369618,197.35332132561118,136.09311494520946,166.6120283468153,936.5701160088871,380.6305979936451
Sde-CMat_105 ,Matnog,112.51410348796279,167.8920177747888,158.6751025993996,106.02798612630531,113.72354758175639,182.91742212312636,240.09328316079566,242.20898693524978,133.31808643241172,175.56466789604903,388.432494004222,323.4396898060749,1573.188833695755,511.13303796536184,560.812936001587,676.0190759722168,891.652551817904,801.2265763386658,384.2810171804092,305.0849819525701,784.5308879628703,236.74954941838854,980.744139903089,700.2756442903394,562.2645636764245,522.5703440418715,163.8226002018342,1316.060405643985,323.8010890809355,118.5182008908758,127.24575617064801,256.4632429774099,168.7032258313101,172.07508676043133,1156.2801240475253,417.0052614790969
Sde-AMat_092 ,Matnog,86.93769938352403,122.16865388277802,143.89320380587813,83.81347383476002,82.88115999339057,136.24805591879095,177.03477990191652,198.92593115996718,107.76800446087884,132.65277638379825,307.5248577277778,259.6092467733959,1191.949276136552,396.62854983842254,408.76894695772836,504.3528064332447,689.3633476591064,589.2183859045982,303.5131493363013,255.0186238282412,592.1205474451633,192.16679632415682,766.3965770404312,511.38555570959363,413.07949821869636,404.7181052458117,123.61821642476478,976.1105644054111,252.01619765604352,83.5454239283037,98.61827281006289,214.43089804002133,124.14624716502713,156.96012946251668,818.9651994671631,373.21496846021597
Sde-CMat_138 ,Matnog,103.81653803344628,129.97016497739014,152.51321395528322,95.6284266202263,105.00102360205823,170.44565088605225,201.77510341826115,229.13218881302996,125.85138769151496,141.579675540877,326.9376601436121,292.32020126582086,1323.4578528556813,418.17917829452017,466.30939313389354,572.1064209339029,754.9508373207424,687.3731282422452,360.19534478035655,281.6788808111819,668.5118907094247,204.08924984172972,831.7694337329366,605.9611012859572,477.8505720338628,419.62898971025584,157.10559749595183,1105.5666660374895,284.23473587730257,110.21493024558875,100.95804911986964,199.7099517617737,155.75946475655982,165.98041960918164,933.0222554281168,390.4513769984683
Sde-AMat_086 ,Matnog,99.22087096916657,136.27007321323342,139.13917607622238,81.42889139961319,93.76066289020144,159.98528256914759,181.9803453480622,205.96669357641298,120.1982427359069,139.17978348898237,328.44629453852883,267.1739950861423,1177.1676039492847,387.28407885371433,409.0179027005174,452.46718212719037,670.7300471599583,566.8144407149928,299.8638649474958,260.36794680269304,634.175810491854,156.37599505358858,786.4001727529121,591.0991786695023,481.9990536961666,490.73666759500446,125.35580356632883,1019.8492388048979,197.7752321323376,75.5158920111522,121.66407989279321,174.2891528444612,138.6788131180823,183.8120034301622,824.0605685227816,353.38094955445746
Sde-CMat_126 ,Matnog,85.65785713552495,134.08809920440368,136.3057695965215,78.00394053591143,83.09906149084959,152.4770764809582,172.2983585785135,188.67375275140947,102.23620160222109,130.2416794616839,319.61814816824784,255.37528542646803,1166.908514672037,385.45132812666503,391.61889149725647,463.66859784850647,686.9818537986721,580.0985647469402,276.9920378587262,250.8463738665561,608.5809784480125,171.0321007393935,777.7930913112817,556.8236893032208,456.2865640014946,433.82315797994244,132.25565084048372,969.7601724573763,253.35857668965932,92.78472112713375,97.27350685998736,198.95369075945803,127.64271592613495,156.70031104694723,829.2305270189828,337.77792684359935
Sde-AMat_084 ,Matnog,90.90006256653514,122.07154688951881,137.40594519786984,89.64906442902792,92.56528601657322,134.51607522957994,172.08510561443137,206.87937392415415,111.33212499350762,127.42505687822936,299.1232101207962,256.71921394492466,1204.8204209430799,387.9246559824987,420.76496543972144,499.08796037672545,684.2291713625852,590.4141025741932,300.7588307328314,254.4457723882242,607.8415889367394,190.8875511193436,779.8778593884365,554.4244480631152,432.04188374855516,414.9869888303007,153.1547790253048,1006.0015050132928,230.8788065770438,90.5333714138603,96.2465398248165,178.03731277934415,131.29747876867245,154.85235047889975,837.0489556267603,367.80978224333575
Sde-CMat_137 ,Matnog,102.60840058791482,155.12555002371465,152.45520696716136,103.82903661505291,101.60786082961299,158.898635243384,206.30423045032308,251.79152424575375,129.5896633520205,164.60554930150437,341.70213084411694,290.7393919776437,1447.4828528791975,489.5887167697903,524.6681721165959,589.2689317831121,821.3294256637893,701.28360602364,349.4078677920118,307.5831799078259,723.1537199207718,204.89901381434228,937.4832817303995,673.5331959839024,535.8221580159222,511.3148857809735,168.9922497520226,1209.226357811481,299.8111379561473,109.9471386849151,110.04179988876952,231.8573022146167,160.4233884898334,166.6359755215241,1039.3760331158403,408.13818339386
Sde-AMat_082 ,Matnog,105.12805146263294,134.25558837925522,138.47119255502201,105.4242310310111,76.98925424219922,171.02390039020855,181.8814706516857,195.33726538766228,112.53002459503865,155.64247132360757,330.2780309625967,277.9596253689553,1260.140024935122,408.8150858225514,448.79720615508523,556.0719229143835,762.890615780303,678.9273738448466,328.1024660677819,256.29165402933046,654.1021119360798,216.46847112318687,773.6299166527946,548.3120130123815,451.41129278542644,425.74956833993383,122.93124247741093,1079.1099657643838,255.41639258749623,89.27006959922228,102.63270907098753,217.0460758111281,129.09632819333012,160.99820381994942,907.814003895732,352.32702391728344
Sde-CMat_098 ,Matnog,93.77809539402047,134.126847900411,137.51085692908032,86.80413954374531,97.02480910370299,151.13965936474116,188.0464995157581,224.84255900340577,112.12112359074003,146.59129971676356,306.9635175938666,270.1490127094489,1351.7264513630855,447.59539767983546,498.61921065002105,543.0649877222429,762.3102741291174,637.9482475359971,307.12311558528114,277.7256932212791,647.066872032528,196.75364332405638,872.0309470553497,585.7882870452771,464.2716087428671,477.70879824559444,150.30461490669546,1120.5189779860268,267.89601651620353,99.00818784827857,105.66521336092596,206.41505294420747,142.91996807867687,150.25789887470143,999.7391494001222,352.08642346083155
Sde-AMat_096 ,Matnog,94.86599968255221,114.42055018767394,142.8443017187945,77.39268467607265,122.99696517577172,158.96312949036331,173.31746262301442,201.97980624696123,106.73457070968153,124.76265186897879,300.7258419109505,250.46052550821264,1285.4622412595165,432.8311312391935,497.4036977963875,553.8085667387694,758.2277246970334,680.1632776731483,315.8638286576195,272.05524021021904,602.270101033033,184.98899843582598,796.5017435707533,534.4580242266363,427.2485285770448,430.9335982270237,124.92953248647812,1083.4362790242997,251.67821271466877,82.85985556112199,93.83867494396965,215.60154079310303,125.1712393324041,145.54874280353644,929.0789685670103,356.8099728006493
Sde-CMat_127 ,Matnog,98.30863883184428,133.28846067270794,152.3444726150575,90.36018944380315,101.74047100996727,166.8135754126144,184.39542363196003,229.1919170975495,117.34446546582416,158.06585437278983,327.61042025344676,274.0524633511803,1319.3759410762725,432.81621123184607,469.56421498246635,562.8721952586128,777.7843705264396,682.2589036139359,374.252697702555,311.75856469909536,683.7412139083691,213.05836899723045,831.9260667256978,596.7752569045487,485.1319324219857,456.1326515940841,147.0872542879225,1117.5748618128675,263.63390840337667,102.69665669947588,121.02857068812301,207.5160465415626,161.1712498293662,189.92972391218817,942.314696632038,377.1179081475845
Sde-CMat_103 ,Matnog,124.5392937441031,165.817456014287,162.44432937880597,101.51251136603803,126.9552398987927,188.14846385567444,239.6388522019749,237.56486537299662,145.7419039893812,163.70243941591096,396.0258759859638,317.9257807854688,1596.8007968823727,524.849752538886,565.7297313166862,696.6468497167341,928.4755876577747,837.8852418959771,413.60288864798804,320.0448833115286,804.8611412994418,255.86909195737195,960.7907013095049,677.378745535878,566.1542004880383,511.30593006304946,145.7095676165775,1329.4800053671847,349.90606956867737,137.04071628257051,132.8062822333342,267.6457465340336,200.43827354764352,214.42067768349676,1133.9993051477325,462.8594009329832
Sde-AMat_085 ,Matnog,88.89927576403534,105.84822317833208,151.35230322641277,94.73961942740743,94.13605633900328,135.19972115836632,181.48364984772047,217.48597568877858,99.4656875030279,132.2471390225513,312.5030954794848,266.2039037341301,1222.7585493844072,410.5180233863064,448.22782909468043,526.9667649337765,698.3367966261122,616.2806700608174,307.7570638999047,252.43553449308592,698.9006799166816,184.82362382617643,747.2829720786897,623.690507795942,525.455277989897,492.55346195016216,116.00990444768075,1122.9070709007624,189.8190843034756,85.93536431999344,103.09253311952325,126.42938994331962,132.2089015588965,227.85341665037626,860.1726988944081,362.6016647042453
Sde-CMat_125 ,Matnog,116.5552695112924,135.1836304710374,151.27249057122057,106.31822166477392,123.94058030144923,157.587485885555,218.27195739913543,247.48118855949437,145.35742415528694,146.1034002377768,347.3498515335224,305.35093768280785,1564.8587474217923,529.388326368168,574.1048616126238,719.1202620165559,884.1253826185796,832.8610517603341,430.76689199706374,339.14892796180266,777.7489427036464,230.75094908340023,937.0318828974019,665.8625759054491,568.6607177502681,460.63927123606175,133.23669675689956,1308.1275426545417,378.3507750913299,125.42468774244564,122.13198856274288,297.4899084493623,174.86631106648295,226.43650375997242,1092.3360033938684,472.5614152015484
Sde-AMat_074 ,Matnog,98.61068816725698,116.35960852056871,166.32557703522326,85.17871808949701,99.54523807440518,158.28540726030306,189.9835760321402,182.5175133733746,108.13591096453571,131.05947978673657,361.05951330818027,285.56152474326797,1252.9210223709795,394.6424250055739,408.66030530818625,529.6155960796566,718.7225183165614,641.6026834167466,303.6152069288526,237.56972153287973,610.4597394322576,197.52472162324383,785.5263170491745,538.6225447162514,421.67030971952477,412.3653676305637,135.90496378311593,1005.729813351041,251.30362608334966,90.66681836835356,107.04288715131887,211.95032417642093,127.3734048506595,160.19606971848575,870.001279945323,383.10742773618983
Sde-CMat_144 ,Matnog,119.13161163763374,155.77132071982956,163.96083773413696,94.54170875571268,120.3787524566109,191.91280715100805,219.39034304045833,263.2123453872367,143.49792650557706,170.36765214197794,371.36983854789554,313.74602089467214,1663.005631136299,559.6928318281465,605.0124027639846,695.0828320770194,958.1830306269676,827.1536663853035,422.3452593376656,364.13012127206673,835.5883527137094,246.28581521112844,1027.8539807110785,743.1806644795394,606.7389843952998,585.8016326773169,166.51039444037707,1393.3870810523829,322.54630885826305,120.23526339843072,143.90945324366288,256.1045537230644,192.2206483185404,230.70097682506682,1177.2562368298968,485.7503781761265
31 ,Matnog,97.34530363412506,119.39461618758195,132.49174579852138,81.21724620916422,91.53699053634003,143.40944610607073,179.55160353725614,207.69935699895657,107.94194702047024,138.81861670384848,295.7099608898558,251.31580633370442,1240.0879367456364,392.0467643456963,432.7699829970188,504.9958581460445,710.07253810258,597.2464110658932,318.7874714914781,275.94728947074293,600.0025405143299,207.83785259013817,789.6600793442454,537.9504695387485,407.285709654795,415.1636569794616,157.81250865267305,1007.5023363158073,233.52214515692071,82.26217407314242,90.81986617056866,185.1400154667002,124.27788318506235,147.39499974425868,859.6798157748034,380.4287559336835
Sde-CMat_124 ,Matnog,138.2295059246759,157.75772853933336,169.30088825523038,106.07764641742386,130.0710138976782,183.59766596800736,253.3154637197658,250.4189830838908,147.03701614889363,170.0682607561152,401.49922109146115,341.046501104131,1780.261513437172,565.0784852957154,598.9148257161863,734.8491655932257,983.8122965128714,858.8683469904338,449.69960087422817,386.5220280711696,885.746112103378,272.0252354247488,1135.6710909137203,802.679997100968,640.9664252012268,592.5323311350106,199.27225076736096,1442.9673129262835,381.1253637020763,134.65357999681976,146.39241583647686,302.19388305549796,199.28678009602135,197.19025899179195,1289.0124072925325,491.2524235714671
Sde-AMat_063 ,Matnog,108.64897758032517,124.2289313583998,133.80012907803933,87.15083729701055,105.08971365571418,151.44447397808872,181.9956791970898,198.78073095830996,115.99192953796397,138.03545463774878,324.39386877837256,284.2389655305021,1236.814247941157,353.15656214461035,361.9998861007142,521.4632629650627,659.0574656896619,627.0494164396375,359.7850342171142,272.15886729351666,685.6093129496566,189.15514204298003,787.417121532603,629.1903007896418,505.84860927471186,428.1150332178141,140.3980216842102,1029.6271446128692,243.14161382897842,93.61425354875199,108.51413222414867,200.56069042215137,133.03878028112706,154.13263639917406,874.4541789077916,362.3633715778264
Sde-CMat_134 ,Matnog,105.30680677154729,140.51817200355265,136.20966885981338,80.63030729948879,96.53873857809617,144.33238208974447,192.52375261741085,211.1577499124529,117.07939491644123,143.0257132799903,322.91450681096694,257.10517561573903,1328.1001108378694,419.2761333805921,451.50428626040747,564.0109098571853,712.6093182021197,665.851493692137,327.2257815735337,278.64431399251623,687.0920476173188,168.02801267422632,834.2094003947449,652.4177459238904,538.5918197206582,454.06459000839294,145.97433385646946,1111.3562450859758,279.9073304935224,109.65525631268197,109.54682777953911,208.39929838723077,153.840793480663,169.532535050031,958.2423037333512,370.32999545572864
Sde-AMat_075 ,Matnog,100.5135870018079,119.56962002758057,140.95028549286445,82.51683559498635,97.6628889714,151.6837258140767,197.4602767247124,206.77844943494475,109.14171455176981,133.17418938687027,316.2508139640592,264.3977270538648,1299.1745805604803,388.76261006161593,439.475080807695,522.2114411878966,708.6226437853788,619.6306524501349,306.1470814626525,251.28262275047993,630.7514016040947,200.89607093007066,818.6226094884993,563.5462421732665,442.98568083278946,430.2363791234883,144.1875112623836,1051.2695665494934,261.8144190567243,88.10540155155081,105.76213305909646,217.54729341860374,141.4185485263161,139.7175595782076,933.7489522345179,365.57972845791096
Sde-CMat_135 ,Matnog,124.0482377390747,154.8667758143754,158.7201820727597,96.72100055727297,129.25709302038325,176.85109380235681,245.9180333466621,265.7026644596926,147.23476232877204,158.55787445992712,368.2405744451581,307.2438351901141,1624.5368425139889,531.8652245599443,600.3507708037694,686.5794266114592,925.3441264945275,799.8383793558359,429.8003723676377,366.10941179686984,785.9319788693166,258.4476650751754,1001.5933184712495,669.6944755761765,548.3777301080067,526.1396230083417,155.2637095208023,1342.830058607343,351.0379360286434,121.83538459844075,134.04791731783814,286.4381314005695,180.06621389366748,193.19583895314616,1173.921737343955,450.61915119010445
Sde-AMat_064 ,Matnog,98.65599196526281,133.38152043866498,146.25268599167677,84.55356395398125,96.3307280737564,155.4052427445741,186.21908244838934,200.85074337273434,105.51297309928293,144.54983390492012,329.19330486144463,271.4837273327446,1188.4020620677163,397.077777933971,418.11172663894513,484.29663905934757,717.5785670299803,600.3172522125947,273.988888477252,236.0545601943754,589.9520692237971,195.60502457646626,737.8985074617035,530.709329603315,410.7009319214652,410.50315868996654,144.26092450403894,982.1061822487626,221.81256507260804,88.48957977982484,116.11783144185912,187.4764027342109,143.7476907205469,150.85031575890048,846.3706620341704,342.0970788057682
Sde-CMat_145 ,Matnog,99.06879403697208,143.08321566536026,151.17266386764507,81.63581502061463,106.72035683415791,158.70084622899773,204.672974814483,216.40517524467847,118.5185548268709,149.6660473200251,340.22067705658344,278.2601169382526,1409.8218856423673,461.3501639132906,493.7278069512898,612.7366011482014,794.3042709009754,719.5415423283982,365.11930840629344,292.45698360948745,618.4395486411667,209.66636121440655,854.9393145653319,592.119577099626,426.5167726150989,374.38447370204864,201.80299256710737,1076.6021564148011,301.72734904751326,96.70466473733289,107.71216633695563,254.20689769091643,142.53878556996338,143.85002883590255,1045.7566847387445,364.1283339254033
Sde-AMat_065 ,Matnog,93.06935436678388,129.27960665569026,142.26712384416155,91.83272248196715,108.45113881748779,147.6384964462182,180.34451461189502,227.2258657119167,110.69096724326698,131.67535224703215,315.0984526870927,279.6770582811539,1416.9455506154777,451.39191061590816,495.5411813830411,582.0092625874609,806.8975674259838,691.2842076143935,298.61412796188995,240.52248502335493,714.4382206389087,239.90330554706827,880.5403555581595,614.4053866311395,491.5238832066657,495.25783790592345,147.8767627790115,1187.4558926046432,270.48228199577125,99.65342824991018,100.49177935935866,219.63240322696018,131.34844457506907,157.75666465240062,1029.052999416517,387.89338216011106
40 ,Matnog,110.78603185803706,137.2262069365032,133.37939040590192,93.0356251087722,96.52667895923904,165.67869846244565,194.31370568258947,201.8570001507255,120.05825174909889,142.10580281343192,347.20406885900695,270.8492677774301,1388.4064101105987,467.9232402885115,505.575644512609,634.9144684346232,794.5910682859264,753.4050649900425,408.2571333384881,343.9192924379788,685.5989813125746,186.08331607578353,857.14590094061,633.0272973577048,512.28830691715,446.11126341884705,148.74945801057564,1159.514380065422,290.5789342702084,101.18785495942697,109.34622765148319,227.84660696672654,152.58815152284927,176.796162740711,987.6696640910059,400.9071326017534
Sde-AMat_067 ,Matnog,111.77966439142676,122.49196996905553,137.217926943676,103.81449894740136,104.03905772377027,159.14596899855803,197.15079650503571,229.57881385539477,120.81702397431417,134.00298386263643,328.8140852706435,295.84509126422904,1343.7198977833327,418.1209926954756,485.3436364137269,568.7441563676324,754.9967710566516,666.7633680287183,331.24654951748556,264.3001986171974,669.3194860677597,216.31986762026744,826.7553516380526,579.9639600675632,465.5439372310201,449.00381916372385,137.74816387455053,1137.2061057958358,253.62427372047802,97.42579746273572,109.96268678624588,214.14163070136547,137.284689925716,173.66469719920053,944.2278601427729,399.9131678827418
Sde-CMat_116 ,Matnog,115.03800787287652,164.45182405874976,155.5853332279428,93.13689358637637,118.04127788981278,173.89623637264268,223.11723887230224,239.02442815170582,141.00427133335361,153.03866063377575,376.5638901947052,313.5478645574388,1618.0303774550991,512.5633983193297,538.3074371459119,664.7155794593805,881.3068967150207,781.4380327685939,408.81711645106066,346.2681023346072,803.4510212085178,229.97449246873023,1022.4621327357263,744.9903964033427,593.1404800643436,540.1221115169143,187.8812837864643,1303.2915791638072,326.81438911285727,112.11832250992686,134.50598739926033,267.9656253498947,176.7883645478118,194.16805615396686,1151.4679639165302,466.6061044580217
Sde-AMat_080 ,Matnog,88.46458187687321,127.69193357906363,138.1418388391077,93.90084732296084,91.91953537926528,136.9045798095155,187.76405328134555,199.80877564814315,104.50585832545467,149.4722667189469,316.9581612889784,266.23894208911287,1172.8920630356147,389.4963248598117,407.61650014126025,472.33491201006944,607.8124719481331,568.440902859972,296.27547421023564,237.93142827596358,708.3882700644472,115.66335168176654,755.8399729630868,686.2292083209808,593.4714382903697,533.9709233179276,105.44088897842234,1093.8850694616187,166.50577528530349,83.53525323382925,91.55741723334049,91.15102569998872,118.10264157079634,246.91445944782183,825.8286769959069,347.4545930382991
Sde-CMat_109 ,Matnog,126.27972997159914,137.69355267713158,147.76465907871878,107.4302118177657,134.27862783406738,162.04575255677017,245.9250050737013,272.62473485903655,146.1987718040066,155.9505839679352,354.27057500292057,322.1893538338596,1486.5903020768906,471.17803017484806,544.6409760680149,590.5194915344454,795.7284836434661,687.7481452121334,385.7464140684783,329.2310811165313,741.6065227376375,205.00898051014738,959.5215498884639,671.2145043138221,552.30300615242,505.8662601251048,153.1640131599128,1248.968046581581,329.49717993368324,119.46555955738862,127.0198245517603,254.0174203007542,166.84334176706005,216.45548723236388,1031.3485557868491,455.33863254984215
Sde-AMat_068 ,Matnog,107.78390347403456,149.17671505221583,144.72131376918884,90.54665624908522,104.86049145054581,167.73701274375907,194.28947774599123,216.908724331918,122.97367185739392,150.44951916975342,355.91251096758316,302.87728917437835,1310.0165348034848,438.4585242256444,451.35814393349546,545.245996175763,779.6943913937178,659.2746085792323,345.3711286955093,289.29545776378853,691.4106600573135,215.15462653424402,839.8556639646421,596.8321675881839,485.860311987921,493.7749130567084,137.8288936958068,1116.5158431965933,237.2174975633964,93.08585867257175,122.54406776747702,194.13868013894077,146.02690956262134,204.24953502490519,918.9863202397412,391.14566699408795
Sde-CMat_131 ,Matnog,113.77767500669891,143.27571738358182,143.2661068626142,81.57628393902237,105.6877757103914,152.52419412961999,204.93265387917074,215.07218181996484,124.39586431988003,149.37537669994342,348.88854837076553,276.73858049867204,1344.0787862749787,441.43465463034283,455.92559215845745,575.0627847083916,738.4830251556025,682.818535513807,354.23199950507006,282.15802152178844,690.3662062566212,178.5256528684043,831.2109717455851,617.8200433617866,521.2944729579336,453.7089252869068,127.47788224743151,1112.6030843117594,283.1270208115255,100.58074869198383,109.14836198514391,224.9086752271018,154.40834512745744,179.3243031054351,969.2991002728776,374.78941391508096
Sde-AMat_051 ,Matnog,102.19097244796137,137.24807778071064,142.58878787352108,87.61106316179483,101.62544360562462,150.47578403032168,197.16489267496382,204.6932328594426,112.21216873922366,145.28744487411842,334.06101420747973,286.9290009161848,1235.453216641893,431.64527970661277,443.5674291467533,518.9199741056419,734.5985857446908,619.3913520914059,317.24486856559247,271.0135271744936,644.3717076155657,190.72967113409487,781.1309575175279,572.7218884081872,465.4561185316615,456.40924055172246,136.62771247942328,1057.4400625961266,228.24357208344347,93.97817864956738,117.40111644379702,176.0705577071023,144.86574286573068,202.71359239537944,863.0936828702895,372.40003900370374
Sde-CMat_139 ,Matnog,116.94815333509973,129.96564455370506,144.8126325313161,91.6238990853915,117.36132922875402,142.48641719385043,196.96908386449888,240.80331648640146,128.66373766376446,149.6203192953751,321.88006859252715,284.8930656678923,1349.399115420197,453.1175356644233,485.90812176419723,567.4831010047083,758.6347041194596,659.4181539745625,381.4356129785996,326.79923214873077,659.071422784519,199.76231736681473,880.4112049635445,575.790070490322,475.3142839545747,438.3586011831525,134.71799893110037,1107.2304534922891,330.6964106355104,123.5610600233342,101.93520765020293,231.98270750512864,170.23422651452907,159.37425925211386,982.0424144837381,367.3780571768543
Sde-AMat_052 ,Matnog,97.48163693275774,122.05139609988085,137.963673256151,87.15167013574673,107.71865655980857,146.3932028015645,179.5853471293524,226.31285289846002,109.6211129814417,138.63335641139903,303.62507500028715,271.3816958050414,1267.5990416962295,402.47941437570444,448.11562864436,504.1778463218411,729.4108818984538,603.7851087730551,309.77132306603204,276.76218004071654,624.6494616727049,210.85385345326281,821.3873697431925,530.6887853523571,434.9055622440463,433.05359957012257,122.8252904830679,1046.7363305157464,292.45909494534436,103.44459735529935,99.09291852221325,233.55354304527242,137.3628368746438,165.115331894891,887.1288310014503,380.47379076956145
Sde-CMat_117 ,Matnog,109.3986786498813,124.61324291025417,143.10066403832653,84.97607443086552,86.04369649718684,159.13945532120567,181.65788213080648,214.75875699882417,122.06980307778822,137.14899188780066,321.96786467534304,254.83239581036395,1291.1414307836922,399.50921519456847,428.69381283732105,534.6272477528431,752.0402448075769,649.1400188959311,347.2867979266704,295.36122945540774,684.3406193645457,222.26103751870238,838.6345793377473,583.8926725048364,479.123214788889,467.91974538526375,135.03050479058436,1084.927041232566,264.8147027300599,96.13144476725616,97.87396482435976,198.82271323168783,131.6823663403722,167.05246036981913,930.0349520985758,361.2175203574155
Sde-AMat_076 ,Matnog,105.84196163379629,124.53061057366575,133.96724358827424,93.93418004379448,87.28785446927883,131.16426195332323,178.88559081206066,179.08363744655733,103.10703397659155,113.48658920669877,327.48231844728656,259.55656399353495,1318.6543530604715,444.93346635003763,456.65186984648386,562.0057027070545,736.1621639852187,661.2332353110891,295.15401527143416,238.9043901369123,668.7854967290259,185.01841111246196,814.6328675423366,598.6089926215942,490.8708195736329,483.31249611525664,122.38874307406694,1109.2863655755355,232.58544793421635,80.25846487841642,122.44237192753162,215.49945716070854,142.5371413246386,163.6295288007638,948.861310552496,369.9329595584719
Sde-CMat_097 ,Matnog,125.98365298009894,159.58293944607613,151.06011127895417,103.73531107973794,125.38881478768349,178.07701816172127,228.9415395285006,252.20917104350113,135.77371194163473,159.8541889161807,389.123803162464,338.0660490930433,1693.2026792705708,557.270553792267,583.6369129685424,754.571018759593,920.100128364609,872.7638971068866,451.98747190647885,350.70128126924493,860.086153486527,228.28687035929147,1021.5875046296767,780.3037863724874,645.5891578352986,536.9101782931293,168.440178527126,1401.550986509053,350.8847057814858,118.15157227713905,137.8075206867898,283.6086473336802,179.42572037575883,221.6088124971793,1199.2405198185058,493.96216193040516
Sde-AMat_054 ,Matnog,122.79559372717733,147.58902318112956,159.42989913124828,87.25932594754558,107.30146031946623,186.00652179109204,211.45886598603514,239.59413761045994,130.96012391296824,159.6666384338632,374.05714225883986,305.17134663439487,1427.5139727454757,464.33685382916786,501.8268642933337,607.4097005379155,839.9275380743807,736.5052073395409,339.00929733712326,275.8528990208549,715.3269478160039,225.75654388079218,854.5254336760493,624.7974265646507,503.19276098087886,491.46096043662493,145.34541437640897,1192.9026929509382,240.47308398147197,83.04001460139567,139.27750024235772,231.98744417972267,147.02727993797603,177.51384041431803,1026.5252919023965,401.0038864684606
Sde-CMat_136 ,Matnog,97.75670218414696,116.08535172673595,131.78855292645866,91.51134949261757,105.99425861587982,147.05165801190412,179.44645824384503,238.87187706393988,115.32138649378963,137.40802785638107,292.0528823087353,264.90670673446533,1292.437740091278,396.1588807524703,447.03152500757705,534.2628257975376,700.2502775507197,637.8268476125006,340.2798166042765,263.2105947758182,669.1115944055147,192.96518534429993,814.642671968692,591.9293809812197,490.3916550264797,419.03007672959455,139.50155683719098,1080.7193999446527,296.66749010169616,109.51307900776061,96.64137224791462,222.530398594529,145.45412849761263,153.66272551598186,944.8492669537984,348.0956605212997
Sde-AMat_053 ,Matnog,111.27735864388589,135.7438997917033,136.74285134031686,95.93306535913464,114.80097594589515,154.07283369692396,203.1345043937637,236.74058222757245,131.38148164962212,131.31793074984088,332.22506219051263,303.6427355499387,1465.6913475619383,478.9147010145543,520.8617801267914,624.1077885737767,809.1992096042234,720.1291767650093,365.6599756370528,305.0852718693743,702.5838748073002,211.9396974565171,915.3316355034441,629.4914740482274,509.2144529589081,460.97306216959134,151.91187373964556,1193.6140804246613,325.0582207476223,108.53960231012437,110.3971530721694,263.64636598536697,153.46189824239764,154.6336670330559,1059.894975171078,405.8166504998164
Sde-CMat_143 ,Matnog,128.15073445852744,142.94969636949213,153.7176714651246,95.67363390370406,120.13386187357838,161.55776397873925,220.85991900544107,224.27952439215218,135.0633715744206,144.07366199222537,377.45887022016046,298.71724624576,1504.689591205183,462.1170612448863,478.53581464426475,639.8449124933402,803.8130833049,755.7521092900371,421.53215267758634,342.78846647267756,812.107667761295,210.94037869097033,931.793575783011,723.7870503958261,615.7600468989199,528.3966085737966,138.58751483813393,1259.3210702846038,307.8061107302614,111.52209851863428,119.99439922163019,247.65279502079102,163.7762590638826,198.55948091229493,1096.394515802601,408.4457898191632
Sde-AMat_070 ,Matnog,106.69288369900775,109.54875132487821,126.57126493280371,119.53786414094913,118.40103198916809,164.77626644732544,186.991604946666,235.66941420653214,111.72805972060017,145.01435775570636,314.4295933566845,297.3904778572441,1346.213283991244,420.0924855181891,511.44435990974614,528.7271570268072,848.7132454569152,642.8018755098727,343.84740331164346,322.7361386550939,653.3590523364317,308.7301356041551,859.9857674951663,488.82309574107694,373.88517267102213,450.5491910360509,149.192981397417,1137.0968890061258,272.78015297568857,90.78195785402535,111.47355786234696,232.2215019175443,136.9980310645376,147.0236062060783,957.9842519036782,388.49781572739886
Sde-CMat_140 ,Matnog,102.6432272579151,128.51505625042535,137.26531785014018,81.99350652265095,91.88050488678212,160.89554951862408,175.47279725507312,219.08225881385286,113.54892090376728,142.10859325811373,315.37239580668756,261.73858903136545,1261.9805186440637,433.62757662401964,467.89527074148765,525.3474001359197,736.3322324351216,642.7382123719501,305.0533453723955,262.4635361054941,627.3699091644419,169.91687793003373,789.4418350477507,578.2415341416508,469.1442243752874,444.1418079781389,134.84579552214444,1062.3337889049985,242.42357680079311,84.76234996836756,117.1400010674833,210.59964259836707,128.33918454630293,148.663587454225,936.4284646671363,325.55359888935334
Sde-AMat_078 ,Matnog,116.85687115172135,128.52744100514096,153.36437272851217,79.51043203114921,100.69143352683983,161.27362519175296,199.1673233777569,188.39258560285754,115.78472262582831,131.13278448389636,353.41926503098273,271.9492616335996,1349.1755484476769,412.2247725564901,452.8966895361899,553.8300346963949,723.9178225920466,674.4535901405967,277.9935987697558,217.24724835912193,651.8360303141887,172.2892518089563,839.6377000853463,624.6446447074048,487.2773943164305,459.47628907920813,152.22796094676553,1095.283851680997,244.6469504510531,89.36317141306039,101.56374576240287,215.3833751659817,117.62263973015567,138.8470462706715,976.1287743790007,373.3018627456337
Sde-CMat_110 ,Matnog,146.44331567599798,152.4175110117273,155.07007514027325,103.8371793571551,136.92574326838613,180.93670658492712,240.22054840204655,257.2315527582299,153.29344761763303,163.25594772264802,381.4470351035514,331.3409633538389,1674.159056372318,536.7146349097254,588.3685579726791,744.8575926606375,947.3345342520562,865.53681926804245,475.9464673458141,387.33263702631615,855.3633550560196,268.29852664418434,1018.3669709958391,740.0360177087937,607.8910911684837,543.4021531566561,168.7251228470735,1407.9250445417895,337.8315187090305,124.968075996272,125.92396817667397,254.4090137637421,173.72758343133086,215.0260112753803,1221.2034793338128,452.95970875833984
Sde-AMat_049 ,Matnog,123.17520985494603,131.43668410900364,135.3968930885048,96.53484485060305,123.8723699717172,168.33208269922872,205.7942093649139,250.80929365820958,133.67086795887877,143.51325970017547,331.7713532977945,304.1257874630825,1536.7501091642355,478.266843662573,535.5453197758151,621.6099269963119,854.2536201722412,735.4613717075425,376.99377102679034,309.26915244045915,742.8540111549778,248.91100650843055,967.3146326660009,653.3107954909364,516.1220547740235,482.9631194830926,180.14920358069864,1239.3070279943142,331.5886155249604,114.93175789850258,114.29796644599577,269.67423116124746,150.46017777554962,168.0977066366166,1109.0989222481464,427.65134658959056
Sde-CMat_146 ,Matnog,115.93643047243607,131.55494349970277,140.5068552443261,86.79510051846245,129.31529411763324,150.81665254586437,219.22885645765254,240.48969897939497,124.76600934248877,150.75062106820658,327.3584712272619,293.6205897165251,1411.35090064953,453.19658252702,495.1493426455598,569.244694846443,768.2137220728683,667.0362348374485,379.1539118723293,314.6535863617162,707.4590546038689,206.89610782167958,893.9373695246275,629.9720007952733,513.2246840536412,477.09282394172527,147.07097141842775,1164.4443605358438,293.8911131578498,99.82125187053117,110.0345010180442,238.60403160049478,140.1069745340681,165.93885175717583,1030.0405378029984,381.32681925121653
Sde-AMat_066 ,Matnog,108.95029248813422,118.0721714616954,131.883168039936,84.24627945761162,89.65977537586186,142.5231680794389,192.50410699681188,183.70122805523107,109.69529523347843,125.57947762472979,332.39997927885014,252.60632309255442,1282.5239571186187,384.3084936027955,416.8945659075565,546.4610354678273,708.0766955525793,649.2702462078561,319.6339199074467,258.3772140771125,666.6361821875558,202.08709291651965,807.2307370571874,610.4617702138357,483.16859451774184,434.8247481606814,157.76647688644124,1066.4396525388813,244.94300727412076,96.30525774333402,107.6301361055072,196.9840859035318,135.17565523806422,170.50581102636943,907.0979417522675,375.43490058863733
Sde-CMat_108 ,Matnog,129.41513669169458,130.97323373380533,151.07620052149176,98.04744817367761,130.66830308261447,187.72855452237414,227.3971899082748,243.65106736456136,133.51781100317663,148.86087339677277,363.7153046361673,312.48477187939886,1583.604923416207,500.1626035162666,559.7140787384307,657.6932369779774,876.8072547841402,793.3807747187034,415.7536068950454,339.39787651163937,801.0608088035513,225.30563888791147,978.08706539416,714.2056087410405,591.9044701222401,525.2842541322174,154.58981262622086,1319.7595419086804,330.24669488412735,111.32432335859929,129.15471535426025,276.24288765425246,164.740959235674,203.9255842375105,1123.4291752663225,460.1766980428716
Sde-AMat_062 ,Matnog,120.1177710426313,133.05959024685146,137.57586638378842,96.70381039493739,110.73731232123167,171.80148497449025,187.74402688581068,264.75262892498347,120.88567413539951,158.35216358979756,335.38863681885533,298.9349086810204,1391.1897865350293,432.04465679632,490.73044945265,555.7376870622056,790.8387309438632,663.7264828672198,359.33432517642956,322.0822800875733,690.4339668980373,220.76536619091783,902.59881342648,612.174552614767,491.49178045950066,479.6203171557268,154.6780815372366,1152.6669912136808,286.1482465279315,103.58660865908283,104.00640916409922,222.8016062500672,142.3606015835842,152.92675749050582,1007.7209196192863,383.4699840311363
Sde-CMat_133 ,Matnog,134.1374790300235,127.4995286165404,156.48202413124005,102.24842154581168,140.39796389691693,186.09399920924372,219.6615612256273,285.17719299340894,137.94088043361188,159.61243132049583,356.2029929316709,312.2286791455903,1671.8459249857983,520.4074484513552,606.392690225748,653.6643085396203,937.2121185615666,781.7134976850854,424.9430675677507,374.87838109030764,742.6069751739475,271.12306638233497,1071.9476256576347,705.6161646972098,497.2037934315867,500.0949814490143,253.6780094646755,1304.3087897255082,342.52035758011544,117.93656820664245,128.15101937339386,274.99268098458543,174.66811379688056,162.03328097647102,1208.5925804169947,463.35559449521065
Sde-AMat_073 ,Matnog,113.03504850744304,112.16292287560981,140.65998491372733,84.24101533012295,97.42293749035699,139.7150685917951,186.14920564332257,220.47574388798418,116.50592695468332,135.34437546366672,300.8527721776384,255.2040441273806,1339.0227813961533,424.78469479731723,467.24006748459624,534.7596494142766,740.6813289296078,634.054637711081,295.88535764179005,247.4631709972213,646.9206656951377,207.14029501960744,857.8580146306265,584.0246343975912,456.848088814444,443.83326074936076,162.4954991687154,1084.4505825856015,288.4470680330102,97.41500351711753,94.51012181242804,230.71634302320228,129.23542865654136,151.1826292712229,973.2263338538368,365.82533237528816
Sde-CMat_119 ,Matnog,116.35398349197159,143.89010823937832,145.2804223532544,91.75364322466984,87.33106528011669,171.3748033099674,176.53754639039252,226.9266630420057,123.18460526039769,161.1680114485502,350.0668866813455,266.7892809776472,1407.113966090537,454.6953933370889,483.8916284088102,624.098103137159,787.3512774127696,750.2022159877762,403.63605411336835,329.9867388036222,738.5516670637809,188.99803637434974,886.7878852098962,670.6145489420059,558.9596562691174,490.12172470524104,138.3812239937196,1190.31180081088,283.1737364014537,104.63632422844358,119.55115908162493,218.69161100654972,164.14623325181722,180.31001640019895,1025.8635919394742,381.3556484917461
Sde-AMat_090 ,Matnog,113.66620899502192,125.90665742783422,136.7773465354918,82.09557546871815,102.74764668536214,135.16485232341282,244.6512408307998,189.19659012387092,112.15441378171434,129.13860607161598,331.0653447854971,252.12067054355148,1236.4396277951666,435.631116571957,485.48382873839364,682.4858809827865,735.9157206446945,774.051215060425,397.8241493740169,268.4756214557293,615.2836616088632,200.38952288320866,579.7698219476845,517.0353996801766,426.86115286033004,283.342961831929,114.92961976048632,1071.0317223656823,213.43809915385305,73.98916439459218,122.34200953490995,197.80811118859623,151.43541764465144,174.55388246945412,899.104702840965,337.34962015910145
Sde-CMat_106 ,Matnog,126.124155688948,133.17192226520575,171.82582928448218,89.57819161224452,103.68092165451657,163.90235121492316,221.11883703667124,236.2450621156345,129.002298108212,157.08325797799077,373.37955155849124,293.8357994394318,1436.8113400941718,479.4984598896329,502.2305470822139,615.1325538990194,842.680276799214,724.9301076854307,370.8164903492833,326.5755723064571,709.5403068360529,229.95046903776912,905.2917593672439,589.6089002133194,502.87832280591493,481.7394137734216,122.15099626450049,1179.807515628079,326.06746520045516,107.27541942313724,121.03801724668992,279.7420739739555,156.9412339476149,194.19484205601344,1017.3493309110789,419.54915182801886
Sde-AMat_061 ,Matnog,123.86338651340837,139.1187368448981,147.54239952993177,96.15590143106137,124.39367407525192,173.38813924467266,243.14904502516555,229.58991135295994,123.90723351774102,169.9435974758979,373.301441097138,332.75415878159964,1351.1332688957702,410.77062253586246,447.0574759833236,532.0032913266703,771.1595359831844,639.3426399301082,338.335116524268,282.7367932016631,717.8650973189948,233.889849872734,882.7731843667203,624.8874756090091,496.20560211271277,509.3691307848954,153.44725738259396,1147.6482919370071,242.78997597314415,105.06233927645039,112.4182737512456,196.8915849136524,139.07583590433677,182.0669429612085,952.7659154161898,398.40303120879986
Sde-CMat_104 ,Matnog,122.60114507532136,139.63385416971778,156.34915865808165,92.01391444868541,107.65179398356536,172.95546431347577,219.70389421368935,224.68077666881075,129.41515379467737,150.55155497974772,363.2760535021541,300.33757505746763,1464.999743028131,485.0166438227044,510.404123081358,629.6571028282378,835.9221615790611,746.88324190623,397.6153014440088,333.2709521564248,755.002433669826,213.19155132546877,919.5898748510068,687.3227083582792,557.1496281303973,507.0191533239055,170.805778504827,1228.0969990492,276.18939190845117,106.9623124015651,123.19118735627973,216.18868072949624,151.5375921236707,204.77696580953625,1052.4057104923936,412.59564389616384
Sde-AMat_077 ,Matnog,116.539765741999,114.530163266495,136.95211824203375,96.61705588973408,92.0020015043695,157.8654858677476,209.6907541292653,195.55535541145377,119.85645934671192,119.88282109401662,348.01793881495536,288.8682653893467,1236.5869961477883,564.4604090090376,619.7008230987594,546.0734044225646,909.1074677467457,648.6526878757614,238.96990372128448,321.14201489903195,469.16485232659966,219.41909969665375,744.3654802946265,377.9439161833404,287.01957643932576,420.39126855423643,127.55800340319678,1061.9400718320408,216.6868546588833,81.61797617780032,114.81069282436192,188.24606780543928,131.43871916634762,163.66519081649585,888.0157982327344,349.2703046172262
Sde-CMat_111 ,Matnog,122.9770129674648,119.51612392112624,138.569154796044,88.94843721465827,96.61958150877075,153.5574499090812,190.90793780136542,208.29906112080775,123.40570895371901,122.41327247851842,336.2039572661958,270.52058963668554,1365.513653280032,428.28825375683607,454.273397674352,580.6788905240572,764.0695150813701,691.3483094768729,354.82444828045607,285.1266793834804,726.6120433852511,211.90235781269647,853.7939789163952,634.9185060950421,530.3792718316676,479.53069195541593,134.75472274844392,1152.1821490633372,274.80533790659894,99.55527417113572,121.77164305490025,228.50416045717867,152.95227981681086,185.35103466331125,983.3437001039767,382.1876812412457
75 ,Matnog,116.72474852767942,114.1465579481484,133.2432503332533,92.36581069562484,105.62605103159923,136.44958962404394,190.85113208409325,231.45002119690983,121.17275369405452,135.766160391314,312.562607073111,286.1711232511065,1316.5452450008772,456.53269030326834,481.5331951735934,546.2777659042878,757.8318892707802,632.4652526778447,304.96220782523193,253.68203235666894,669.8600214774427,210.34216473234756,832.237979741516,582.5874544589851,468.4302196389661,485.32541141304375,134.20266157796573,1124.5986886286548,238.48263047628845,86.7767758908454,111.93032323946004,210.88089795012235,124.66988573685308,162.3425064465866,942.8204051875257,373.7250264853692
Sde-CMat_099 ,Matnog,123.65343677108206,141.81676469825422,148.50193164255475,103.37089795430823,124.4401124586843,178.31437804265812,214.05019626800166,254.18839618379516,132.94972115461545,151.8830879072782,354.38204034047783,315.6308567796406,1594.0965426561588,484.01531085581377,544.8304708039741,666.2881228647932,885.886787075922,789.1233507117945,406.8386054980033,324.43170527229614,799.3432627833989,261.46412020583256,986.0010972149068,695.2155691914631,557.4127411240614,517.4368101268502,168.86359509382135,1314.5100081553771,334.44547320416814,118.84298292806368,114.44688715404187,262.3096016307635,174.18439881542201,186.49915686321484,1141.477135022581,452.6343609927995
Sde-CMat_112 ,Matnog,113.48725981307328,114.7717283087608,137.98901430396558,88.05461520130558,103.50853942404947,141.34959414847998,192.8277789043114,235.52616426749708,118.53908259008927,138.23864636754078,317.18802342062037,273.6049129177508,1339.023315715309,438.4426243076738,467.2231672893051,553.3327970880906,743.3023981499454,642.5103435371993,358.39922843009856,293.3594648919479,700.0484002061929,207.08525162357637,854.3829619646215,614.3614120360184,503.6931848171565,479.95781409207217,149.89048637268476,1131.1650493381148,244.95801002955574,91.57105310899274,105.11786592530295,202.10885458544345,120.04565237025449,185.53965551288502,951.1455794963302,387.8881906970231
Sde-AMat_060 ,Matnog,122.91709484644515,137.39783434745254,154.85411314114322,85.7048456032679,114.28592840070036,175.98016425296345,200.69771762010652,227.6972986754564,130.29313368938514,158.5342623442958,353.30438625673753,292.7298100787311,1481.9624831915044,489.7906030373388,531.8151458961752,618.4083809623944,858.5847749359466,744.2087350013098,361.1427592842061,305.64587356749973,717.4519360305608,226.83630843630388,917.319179929516,627.1195518735564,502.60428419384766,508.63666676165803,150.86913555847016,1221.596354323297,273.4193433844977,92.91213210496238,116.82511840015417,236.15102797838935,138.0088934364739,184.82659328205452,1045.9992940219797,436.0155604577089
Sde-CMat_102 ,Matnog,118.10673061265389,129.63465916663648,149.82675894382152,91.7441054473256,96.35805402585714,157.9808016903953,197.09083300308515,225.89992035138036,126.24743852090623,148.07521148017986,340.01246411749383,268.0037444462297,1424.8023381305984,451.45858687176377,496.2026748169037,596.129725502428,786.4036127293034,709.6069664740477,335.8365409946482,288.1662866905149,734.9879201615768,198.51906497676757,883.146936066864,657.1406897402184,554.8452051631067,510.66538073154123,131.5196101904197,1206.6414985932026,285.83373936230834,100.27834421329442,115.56876884457145,228.52065144491888,155.2153160761205,202.10773121887246,1019.0662325174454,405.77540469126524
Sde-AMat_056 ,Matnog,100.80578399025525,109.4266019014572,140.6982830882097,85.26517864661984,100.21272653241202,137.97720493708374,218.59940102173198,186.3932932469674,101.46153803215282,115.36606131518928,371.2567667162041,287.4284297035524,1316.9446569175564,461.9419032320081,446.20744623456255,593.2468651323156,776.9958328887999,679.2506292906692,367.1846076294729,291.1962098180709,687.6332086303352,223.42545236610792,817.7941416978051,586.2519829163994,476.2070496971355,451.46292426683283,139.7076935703972,1099.4164332730434,266.86343547382046,100.27030399320623,99.5691731091505,210.1450082458299,138.3540024547537,163.60142776886144,968.1550668353754,348.8411843708967
Sde-CMat_115 ,Matnog,116.04721141681947,126.16657824519143,142.00797559549252,89.42540230231006,115.87703460932197,164.76293240859732,202.27745288830383,240.01741254636093,122.22085152382961,154.1508113043846,327.9886849980346,281.6131759662534,1408.1127686677441,460.89737864002876,515.3955268921238,605.6399202173682,792.9161552371727,715.2209271261713,401.0654251790972,330.75783490124616,707.5927585958254,205.08279110303238,878.8441093644594,627.1518937401369,514.3616861160637,468.1151246514473,139.8912578406527,1185.223594676321,295.1197955597862,111.01682036772628,110.48515814809703,220.13870122638608,154.80332148532858,181.2095443678396,1014.139541691502,393.99310479399264
Sde-AMat_055 ,Matnog,131.96645584530182,133.77107771450449,136.29089665689344,98.64195697055084,108.27144799484302,170.6217422787905,199.01426259032286,236.45077960922436,137.685056366913,147.74953056196148,359.11624267236925,313.48348999730433,1484.1514478391514,486.0340694276998,519.1601015892594,646.8956856206416,868.394514009393,752.5384661557507,400.60017347381404,337.1876076148706,770.4595965708,252.09540883818153,956.545510216132,657.4229719923165,535.108200016978,527.398243765838,147.67169227797183,1262.9774044228861,308.2869108718209,126.12913097334044,118.32560050508954,241.1576594877509,144.64426013485632,202.99591782348736,1058.1149440462177,426.0928688385196
Sde-CMat_114 ,Matnog,147.1897699816465,153.11609503096008,176.6392225277274,114.11188427052632,150.12005488841262,202.76852863341492,304.64030508757367,285.80118147719406,157.123484332292,175.03790350632624,414.74233918779015,381.8995061398875,1812.1030435960313,592.0703191874848,654.7583416048399,784.4683562075974,1015.5946952525156,903.7368201927871,482.0228028343057,383.20611567296254,928.8991655120377,280.3915711963538,1076.9135046136992,820.9141629853634,674.0753634608226,578.4450182102358,201.20428617939515,1526.5117879678492,349.30314328880576,128.7257574150954,140.23917002948926,276.43219545394857,180.178305463255,253.47827637539282,1292.0761173720725,520.0367643732604
Sde-AMat_058 ,Matnog,115.49171182699646,133.16947642767093,136.61856344000256,95.10020896659476,102.0131443525294,173.98621689562083,189.87635355051452,224.1731731890549,116.4037414259954,140.47010772577207,332.6510547865585,273.3390799100084,1396.717957982126,448.54160440027186,508.6320317997776,574.5959432295446,819.235203615494,704.4632664515589,330.1604688216929,276.369493731924,708.1622678574452,228.126397461495,864.9696047884224,621.3960592890818,496.1142351964515,491.2843999423958,156.83208461459665,1186.5299618921426,251.1942625976158,96.90534172871985,118.7167268132422,211.76442307727237,130.56017829265556,167.60046063853758,1024.785136187079,371.96819252862207
Sde-CMat_141 ,Matnog,100.88820274487004,115.98392032281886,139.18199934305443,79.31851127460725,99.46823072770526,136.00703432411137,184.96952764628557,216.28334287133626,110.87137252329835,136.46088741467278,303.2311254022087,256.8151147730211,1243.6703664922834,430.85855206204275,456.2803112134031,541.7853668724729,724.870822687222,630.2823997514924,341.58788815322487,302.1146663325864,622.3307978527578,185.52128889626118,775.8085222200449,554.1629945387999,456.36081808831926,418.90218080727385,129.23433730046355,1044.1888710598528,252.6523972279108,97.61344003793735,101.0498418962147,189.75769999617935,137.0362549630206,172.93398107647906,882.3919993982096,361.2785226591253
Sde-AMat_057 ,Matnog,77.76298206145393,92.62772773856649,83.11506018412067,97.61656035868093,92.57276089741521,112.19222171278184,137.6556495093827,160.5245603794011,82.73564942647153,91.69730340468038,246.84696426614204,278.6020047430025,1390.0167652477073,524.629296107118,523.6754749857969,627.1730401883359,821.0401487299936,666.4084577155139,427.0603585867108,420.40476084958885,577.3710030690925,221.2260313331367,965.3090343174097,506.6179962504688,424.81765604061235,337.29690485155663,162.34074182521158,1028.2738033752928,475.9378711368637,168.15095290529874,170.1049151112336,391.7688338306276,213.06306406967866,199.48003838331795,974.2223825122168,416.1853696058524
Sde-CMat_130 ,Matnog,108.09588949492945,114.74275635707899,142.03034939906334,84.0521998284399,96.77671181585994,140.0865062202637,199.23278030409557,210.11011910817146,109.94299183363168,139.90049664776032,306.48376974647454,252.96358761839616,1243.334898033772,392.8457390185619,438.2400803400004,511.36912338575945,670.9579555568291,605.853660701031,305.1271452342449,248.50898114522946,633.613536460996,167.7848501127559,786.377700957142,568.9372828960062,475.7268748780649,433.1134012243098,115.8089902030064,1047.0820615240812,266.9445917524646,102.28967408785707,91.69532696168329,198.38123969176107,136.20131836296594,153.31590579913745,900.4480813027757,342.9204160865899
Sde-AMat_059 ,Matnog,120.37199222514349,124.49568299736337,141.65857040098206,93.60331885339323,111.75122780506713,156.8177817044037,191.09315770756942,232.23494130240175,127.58298404054516,144.4491115966104,324.85426621894624,288.26695474386236,1396.2648811013369,422.9806147937397,470.54701918989997,627.1029302786744,791.2621908912937,722.8222059307601,429.6096115165605,347.26543516716436,726.4902083842906,247.89640089862138,877.6558802470873,609.7694070279682,495.4530472293414,459.28283942725307,140.43989868324454,1174.3769937362747,292.61326761391047,113.1629268813775,92.63516052579612,209.32450413654405,147.2834117236561,171.47284723620243,999.0537080397079,397.2158798253666
Sde-CMat_129 ,Matnog,93.5047820138093,140.35842217081242,140.14993141246987,81.17899383584393,89.96169115823689,151.07441740086242,179.50297094736345,206.43769846135174,110.19345927236336,140.24291050021031,320.5048532936904,255.0741817348435,1244.0484305500852,399.65697908251275,418.1031165106163,536.8934293426396,714.3206051772132,647.0484326352162,338.63300939043137,270.4853359289742,661.126805413311,194.0254713986028,778.5488824345201,570.7040207541908,481.16465339989384,427.00299543751464,122.56725512811313,1046.9630441210616,261.4977674353837,99.24571731314148,112.43351959269077,200.39778204034593,149.08061725455792,168.4901202796176,912.9785616536678,331.0925902834584
Sde-CMat_120 ,Matnog,92.8209114991875,136.0882968894093,136.13665462089924,84.33198519357879,84.8108956281562,138.17322808771607,186.31966905901263,197.59627221648185,117.98771021636111,125.00493429725084,315.68875425596013,249.9662650610678,1215.313847723332,408.2469976862659,428.7842054281034,535.9249716099913,697.9144259144741,627.5617497136437,345.04884600218566,295.03109483212097,636.9708470983661,178.28705833727807,777.308313979569,565.1339830562307,470.7291698038799,437.6477460473092,121.49650565448367,1039.7993374572327,248.80151105176193,95.11908227737482,94.50846843267531,190.6513128138382,126.57363771560014,173.80175854487206,872.3987411108409,342.963801721829
93 ,Matnog,118.58476522901243,165.8421419039805,153.15246552324905,100.87255937097066,117.50136002876724,186.84900270004118,236.39254735767366,243.264057885418,142.00734866692636,152.0172841692023,378.06253594394934,321.9952750486876,1529.6278505629173,498.688090299989,546.0719966624273,619.1842268341305,878.4096132435824,749.3932380882148,355.3105021335704,295.0022984740966,765.7777076046874,235.8428040984291,952.7313500916666,671.2198188214425,544.2454754206415,536.95828126591,157.83333322783878,1277.6860050828216,294.49669451788395,103.33728359120902,137.33988961609052,254.2131988148724,164.37297038835186,205.4291006839343,1075.1343937281886,454.50054213966575
Sde-CMat_142 ,Matnog,96.27891804403494,134.83644413139942,133.4101766063219,89.85377540092571,114.40559075543472,144.20937607277835,196.46522236630068,236.65919767889855,115.06317855899859,144.02199951483112,317.14072240291057,282.13747516060323,1327.4129095949384,445.2319178152101,481.0044420926797,588.306498801951,743.9685606328402,683.5840901041582,374.63164728575714,295.7419861969044,664.7140516246741,193.9085174952611,811.14928683288,629.1169223490973,481.90507208324755,417.46117599174426,179.29684580705822,1111.1333840552988,240.14068727219038,104.78758187380777,106.97992350441271,177.57116205062687,140.31330691082016,174.54591573935494,935.178827015737,392.2651409182443
Sde-CMat_200 ,Matnog,147.29227045765163,205.36036856728225,186.0531327397633,125.58266771752386,174.08346732854903,234.07759741344321,297.66142678476155,331.69820064252684,186.95796222306237,189.96938866696394,462.6413336659944,423.26252899798493,2180.8248141179793,686.4900270949462,775.1519337140687,913.8619255808014,1207.9532361827341,1058.3096257572734,545.3355040444461,456.9844356387206,1105.0429598097805,341.2765002417982,1345.1188180532752,948.1544918373219,788.1277755194839,757.2585958014937,195.94922126918493,1839.8515306164302,424.64788046720537,156.21255008686097,150.80608806427557,316.02747796443265,219.45903425352526,250.07408937410932,1610.466404411343,570.449566652618
Sde-AMat_018 ,Matnog,141.63479245104293,228.00357610645062,181.49937842386677,124.12954756161,155.30151362977756,238.86810359051708,290.75270630370755,330.2086037183768,186.3664438429032,209.18863788344248,480.58628828838846,420.6929021109103,2145.5387932539206,738.7045521505875,808.7675719333522,923.4371414865063,1230.0332179026143,1076.0619833279586,502.8082026338571,423.7358437244128,1076.6126942760288,307.82146220861534,1310.138692764182,949.2371636198247,783.8613819013156,778.1623691601902,202.8347306278931,1845.4340735849114,369.2091269609271,140.51800505856878,182.483851889311,315.68833253937345,206.0413461590659,327.5935174377695,1511.2634148805757,634.3306037394148
Sde-AMat_018 ,Matnog,133.91542942954706,171.83456574374088,160.40080534691836,107.0390198924205,142.38579977416984,201.84804059205027,258.89173257174514,276.9927884958921,158.37271127217596,163.32922902815037,400.49777813921764,350.996425137821,1784.9465942552592,578.3598530904613,636.5998432275176,722.1974956575592,978.6139784024854,854.4989719451394,469.0380266873999,399.4752404997837,923.1685098312441,245.1153975707158,1130.071936857119,839.5800990038114,691.328751055451,655.5105264068685,188.83252828429747,1513.1742558182848,324.77246733707295,123.59755534431119,145.614426573228,262.0819474607321,184.50694105111592,242.13605081515632,1287.9130155984953,497.0542224762201
Sde-AMat_040 ,Matnog,114.63762362789102,207.12569194998486,172.07280316566585,123.37150456750543,149.459599253611,213.6466674728393,279.6196989734629,309.1574308899917,171.28462581825607,218.7960948913394,439.6961699039918,395.1225258987521,1927.2570899723396,634.3281392396368,694.8981342963731,800.5669667233404,1092.551229388192,933.8821631936654,493.6908402462111,422.31837547851256,963.2847755722341,298.24889361907105,1203.3125611316664,823.1108599060334,685.6031478284283,669.6760762752092,171.92532329182924,1614.0182726674223,397.64383075713647,132.3536253752046,129.7210705455747,328.34776284451846,187.1275960766076,226.36528352883505,1379.724353645992,547.661287707101
Sde-CMat_167 ,Matnog,122.81287634747427,198.1875486411041,166.73817156446214,111.56418348202082,150.83083893146645,207.31339476177124,261.097303635254,299.691634114034,172.06002879442974,190.63245792256896,413.6441393963295,372.54088597453307,2018.8391748201439,661.459950480458,739.7611187192592,855.096134096167,1105.0547911177844,980.2323450457651,504.1844245243997,418.1002799720302,992.1342906209624,289.79233552233575,1252.9086412874003,884.2186699595355,717.9512335064339,687.5089623347175,202.36290730230186,1687.9903273886998,396.2490126980255,148.16680799706813,151.3721504373908,303.08395439904115,206.2464141409494,257.4286263849458,1441.9914636668555,576.8545077613243
Sde-AMat_037 ,Matnog,99.29235652204052,189.3568925721216,157.39752926869588,104.94617942893393,120.99225589619364,187.83239381429928,208.99290554497293,250.74591356933416,144.59767976205563,187.2641963099727,402.05071476730393,349.75981808356715,1613.154930534944,559.9653064080399,585.2465748267222,728.9621338969056,956.6964408227565,848.6780033400655,427.41940264728277,357.2467404982304,817.0543539282805,250.35664108876753,987.4592320922467,712.9840060669312,580.4356864377052,566.1188649577047,162.36550818865427,1376.0835888498523,290.0647963149786,107.13537513449964,133.0391385203994,232.90678283598817,171.3557407067531,253.85167527585855,1118.076544129265,495.1212243775861
Sde-CMat_193 ,Matnog,84.41874992920707,156.59535555453104,141.05514670273476,94.04661764066799,120.07551561663188,172.44795486064777,224.60862008271187,240.55959238558748,130.4766708569773,161.75943300401374,322.9807056291289,308.21304004420386,1398.6374107469383,446.0852766702012,508.9954417088034,563.5052977065789,793.5602767628179,664.2552114580661,365.8314543250895,308.90977131848706,704.0203233294052,224.65160480043326,886.9452550004481,595.1150362894639,495.3612490849582,479.9288237354473,130.24139038201318,1175.559908059551,308.8491650305049,114.62164235557793,108.56931221892307,230.94933985105914,165.27268597684255,187.30335257821739,991.2195023681536,407.4180508142588
Sde-CMat_157 ,Matnog,83.28772848919581,143.656850284976,143.668616571783,81.66609734094067,95.40001981938997,157.30713756120537,180.17855168426675,205.58382697600516,111.93923409421741,150.06578930592408,319.79746038544454,252.1012374319888,1268.2053473294297,407.7419191169949,446.42223660150484,554.7649086845527,729.580330684874,667.5985032708209,353.6059100737006,297.8224575078414,656.6807908772497,188.22476418505616,779.8292286936928,581.7794141125655,485.24112831157476,428.52612222365167,122.4599094336182,1073.4434841904347,259.9315211671143,95.0512202164707,96.02865192201759,197.0635320702692,127.18068222949584,181.78675914378366,901.1517684437845,367.1354074016832
Sde-AMat_030 ,Matnog,94.46309608206795,184.90264321728884,148.90383602463027,98.06526436052677,125.8568829919524,175.31799055570423,214.02782168991487,233.02136995745693,135.20422409651263,176.25390124317815,369.2482350483073,313.23059526888494,1446.500143305489,314.61310174809944,312.6714645562815,459.2901126259633,590.9322353276389,579.4965590901468,416.0190486793243,328.96364189776347,901.2057663171325,153.21624924716707,1060.1922710137299,900.8244732266992,749.8408091564236,628.0796701836161,171.41101807071794,1193.4175733480465,289.2597686262125,117.35293860832797,103.42829628472074,216.83316048141708,143.08653009102568,204.40023772207317,992.8409081019979,453.6626933035602
Sde-CMat_191 ,Matnog,91.11282989392878,161.91112821594444,164.72112854728138,86.63544789178388,121.56434589681301,177.7485863586543,221.73935440595565,253.29750476577934,129.92251115815148,170.60715110056205,347.30020458531266,300.8850247470119,1462.423351851963,476.84061598585544,536.4616028841207,595.9253881386913,828.5963278009685,706.1528693643112,359.99467509706307,316.6144236154759,706.8206308474307,212.14044962656232,921.6447681767418,621.4547484943773,508.4219622927789,509.52472268187336,138.3779878217992,1214.4118847418777,299.0037596670149,114.26304442382062,112.81207882673743,227.92624646801883,161.31044428185675,188.76595055054287,1043.231596390418,419.21996805745067
Sde-AMat_003 ,Matnog,86.72682261192321,179.5567697438334,148.4532040809157,95.3440376911425,108.879897118706,168.09614903774565,218.91150238525609,226.21871358738204,126.13142294606843,180.22451334410644,369.92244813171317,312.0883838537571,1471.362481019718,470.9774797398703,501.6739503885466,848.4429575472061,842.6943459382234,954.5373724160884,534.5134277578161,356.5566129250165,748.5139965272595,247.1178968756614,716.148653988465,633.6400326944629,517.1308879641209,282.9603905500556,150.34091494653057,1223.2611497089981,297.58918561542214,106.82164097616192,120.881215678864,246.32542799737539,154.69145844822847,200.33432512617506,1037.5067443292744,433.8959344147972
Sde-CMat_198 ,Matnog,90.47895198431513,155.89007666134495,159.1721031202704,92.02597103437705,133.1545190655202,183.44667631647079,227.78579385677241,272.883629513388,132.44766252844934,165.91053603891467,341.284528487258,327.7965649094115,1546.5771842941979,488.8933692872097,550.1928167895778,605.6937243300775,867.136359453852,716.3869255334018,376.41266239668397,323.2443620646152,562.4386496132357,246.31465515880302,989.892266584521,480.35859337666676,355.4617379617109,320.3000787162565,187.1080466866402,1059.807691004991,487.5928504644939,114.65450196568843,122.50766925152084,449.05617289890375,159.18660720311868,195.702617662718,1121.9921060079566,424.6678052379765
Sde-AMat_023 ,Matnog,126.39833798662067,200.48183804330006,191.96072600823845,109.21747803579788,134.2888528023082,231.30915540107787,236.3339034995402,309.2790803417845,185.09997515569796,192.0504112056259,454.8478440788414,401.78102922564665,1875.907900492964,632.3211093923086,663.3042851363617,796.3532441909496,1109.0135449956822,940.375406250339,463.0098265664457,397.97759158872253,920.5430460506235,300.4721646083212,1176.0468367002268,797.7822983184134,636.4453954757236,659.0770063816595,196.5659678732814,1550.2034632635873,342.17237058032606,122.82707888425892,174.69155411035186,310.3172017778745,207.28924873039125,229.98037113416888,1337.0552881770482,539.086896775659
Sde-CMat_180 ,Matnog,100.38321900686392,181.46588052890274,160.36543485792072,103.4745157859654,155.51511302796263,197.94292084944587,267.33743392027986,278.9890671190002,153.1796429713818,170.27650322225904,386.19303219800594,350.0941566411099,1703.227741510797,534.369206231843,621.8838268265623,677.9072362618649,937.4809852657547,805.7052002946797,418.0224820632139,352.45061477313385,845.5870682905755,251.899677909302,1072.1562500254147,732.5302155643068,609.8985403795947,588.9298557657272,152.48728992873447,1430.1052192370325,362.43803234513064,131.23108166166276,123.00086266124333,280.54802114377867,170.12843969119325,216.4017115282595,1222.6922000861953,480.54024872142577
Sde-AMat_007 ,Matnog,98.09632555039968,176.00960624821022,163.8599049469088,94.73799992241761,113.40540104615827,179.65152793672533,212.90636771148954,262.2086894968395,150.4455499406014,162.15568673558755,377.8839995802415,327.5257529270331,1532.6056007328207,508.35461316617346,534.7474904744948,636.8759386495066,903.4709314832659,747.6236173589022,384.9243707335767,341.1877266034198,790.4530023247682,259.3741444863193,970.4427600548165,679.1819204462086,549.332731930849,569.023710586826,160.46168252517478,1295.2149071731108,272.03580607273017,98.17319535642108,130.2692028059202,231.02611130571358,154.97974604560426,239.35368003899575,1052.3780003311358,480.25269500846105
Sde-CMat_166 ,Matnog,84.68440933400902,162.42108740739303,161.864486098032,92.48707411546764,91.53598772444634,155.2096118363808,198.49166527307892,231.49688025617104,133.73457366249758,139.8898416969581,345.858288775692,280.214972078028,1330.7200291757279,427.7399038734287,465.8812708582735,553.7247675257086,762.8482666582195,645.8209663442339,331.94308496169936,317.7831523721954,684.3078704479512,203.70448987432738,867.3822698046637,617.2640454590645,508.323817411392,492.7282540815375,137.61686969394398,1129.7646229011646,260.8837963166936,89.33243753984334,109.49335569339351,208.06809748695264,145.95270126931533,186.30765133297675,932.5900260098217,398.26292227779635
Sde-CMat_168 ,Matnog,82.35168183953502,165.315252883332,150.97001511585006,89.91569284285141,112.41494069784495,168.71410901240594,199.44282899831222,227.4416744934182,125.27647214593009,169.85247925290935,339.6783236480214,285.0091068045721,1445.0862410536058,481.17175379983587,522.7355760636538,619.7220257455516,850.9714175245723,739.905413162642,389.60010543756283,318.6832776362764,731.2945933011471,241.26153328610013,896.9801829684753,623.9168642258037,506.42612741722763,482.83165560618534,149.33213458291542,1212.5190775406588,301.41332177758824,112.8828704617754,115.1694173338129,231.59037055663592,154.21361543638096,193.79971314449875,1030.704311847937,414.4032998663138
Sde-AMat_039 ,Matnog,98.33241319753114,193.84773886132896,167.02705330122424,102.5386062897775,127.15372163208598,181.47407765311826,233.63340818001612,258.19269413476826,138.0441469988496,195.04549959683766,406.3925084643417,342.5013597365856,1687.3212066443602,572.6614732682651,600.3195897034345,737.2749092669436,976.9539704732563,855.2423462508682,436.83015735752497,360.4863616286891,860.4014769296309,268.43627600771487,1028.9564919388429,730.4485258228947,606.8639308619025,592.4320675784609,155.99748001887724,1426.3018362094365,310.96089714148934,111.56705998528406,130.91234476259277,251.20027937317235,174.5743446339123,228.5474178826793,1216.3161164799635,471.1664158821595
Sde-CMat_179 ,Matnog,83.337564362597,199.24746212659772,151.31100171236722,100.63681350107426,144.73409843533761,193.54725971464956,243.57127807937454,259.12827820562154,142.0355477311578,164.6708923913999,373.62904087199917,337.12404968623935,1677.2964871533386,553.9548654937513,617.1509124895143,702.3349709848143,947.9881568055583,831.7639116031243,442.5893363265319,366.8273126826982,827.5970854111316,247.14766333358264,1023.0622608959291,710.4363097322662,597.6715024369576,549.9105333922602,156.09276390098947,1395.5980271740284,348.2564204916254,116.6718029046006,115.59386946737277,279.3841904264627,159.3922544720727,216.1426735768761,1210.962715589101,466.3350000001716
Sde-AMat_013 ,Matnog,104.5505204654668,219.04445674914945,178.05172457847743,112.90762139421763,157.76332030510136,226.13634519961627,266.96087957146455,293.9310001480279,173.82496737408002,202.0546863225399,449.10746029519476,409.72900658807396,2112.178680874121,706.5830430718246,784.7995147286026,953.1662840787068,1206.5012479218121,1085.8557313847407,513.0426788462048,426.97295915661914,1033.0492517768166,323.70750523627055,1240.6323911852737,909.8483532756487,729.1382998384121,713.6576469375286,207.92298511073736,1792.9793571688467,347.1611865117413,125.60759143304205,159.5409143405227,288.43402912839525,199.16730070219856,251.94241673821026,1544.3782705032665,567.9607965717702
Sde-CMat_194 ,Matnog,96.29052965479002,175.2694925858177,150.82843940454336,98.71056952591243,110.97994073781979,177.1780949628085,221.3950430499518,254.46961428763944,139.54616551471418,165.56270388520477,363.27292881964104,313.5297944207695,1539.706837386848,504.7407940324223,550.6685316721304,655.0075500023187,884.5733183725869,766.3122345451688,396.7696274444906,339.6956777254606,769.2616190883566,241.69991048479912,961.1570959742689,668.9180231911008,546.0164618930826,528.2402975765481,153.027102668939,1287.857201379633,303.7116397469152,112.54987936026419,126.59790721291576,245.02963556770024,169.1207734207717,194.25174619807154,1101.8700852295653,438.0186384573148
Sde-CMat_153 ,Matnog,76.04818208905458,149.70322577927305,135.22131533578573,90.18803337660712,107.56531465756048,143.71418273239422,190.0358915491492,222.81792354810688,120.74911337119622,145.46802178850172,310.80222584029224,270.1491989919644,1265.1204003439393,414.0817568193267,457.758843832099,527.445867249645,708.7713896822656,624.9066987434605,335.70037735940963,274.7314399799193,606.28379645406994,186.8665679609116,808.073798532436,533.5556995143901,431.56963636230256,396.79220985978293,131.75243973832136,1032.7261788018836,298.99195104485665,104.3622689460133,99.85905324486116,229.81247647595194,143.7033067295252,149.38938830331966,904.8332417298781,360.290216189241
Sde-AMat_045 ,Matnog,88.58577467347678,163.06745113927548,149.59758070784432,93.23464524612086,119.30987077396408,177.39722658669163,213.4016470976735,235.3100622333435,137.18752449056728,148.09789327958043,357.2456203912652,301.19068517299803,1569.744044497908,503.8075159862644,560.6370307188245,643.9438457089408,890.6323445159625,771.9670377551171,357.80157663823957,304.0167550242749,785.5358090185576,241.05197059771143,961.6707022874357,699.3831821229976,560.2585962794324,558.80443356874855,165.17221821810708,1319.8238391255177,265.6535922908065,94.16841589004251,130.32344385581584,239.70171098940867,153.2933452415988,198.388991101447,1112.1210687992022,457.62340535839076
Sde-CMat_174 ,Matnog,92.04264421777549,131.8485671570609,127.70210780633187,86.45818630829584,104.0180930874048,159.74243262953027,183.20775242311666,217.60807813847353,115.55750807013798,144.63328081523974,300.5845368881274,267.0915264342544,1273.425093194323,431.2544046936216,479.58331441205286,537.3444002967929,745.3524933613625,647.776918833822,347.1543509322763,289.8918816735646,639.8811763245112,191.48280803092996,799.2500012636847,555.84841931595,460.3261017255161,432.7021559401918,124.46416951673267,1080.6853799989756,271.94243944077584,100.414511093218,94.27181005268746,202.61162055676863,135.83595478679422,177.365098997097,898.8259080505525,374.6758968052389
Sde-AMat_041 ,Matnog,109.2198949317385,157.90907998877074,147.2368593716261,93.64383902879032,120.48198493505166,185.6637891382162,224.7703243750162,225.32849728636188,140.0684292403538,160.4032459244201,373.8612524806629,330.30069486218156,1648.8496053945523,549.6224209522843,602.6316133740828,720.0883588959482,957.6811461369647,835.634465513253,387.1634059800719,328.38174130333437,821.6123732622885,262.20447274453585,996.7639329684037,696.4975593684806,575.6231631816513,581.7262725505528,144.91448005634226,1402.830683755905,291.52702910028773,103.81616752702821,132.48469050180836,258.0721989816802,158.2706496750424,229.37120503727138,1169.5435932275548,479.65199014941044
Sde-CMat_156 ,Matnog,95.49722665470446,134.3612969473725,166.68825498111738,78.8410290126277,90.33557888766745,142.40702551952978,183.9287132561961,195.5925024641027,112.08101335574194,152.20435455695738,334.08050796097046,258.4547668784231,1211.0409713271513,392.2931726296801,397.1079320807883,449.058829035406,630.6121940353676,550.1499334029679,280.4985001233518,255.16116003187085,445.60449969084686,117.022286116107,825.1274181368353,462.22769117633993,342.8236810555682,296.3392897804137,158.251876665776,808.1911828519351,376.0877304903206,85.12728885739277,97.96891178741335,351.7964016702843,122.56049908938847,138.68197100636402,843.5803029688695,367.4612219138778
Sde-AMat_021 ,Matnog,145.72504890244505,241.66119676555442,187.09339442454933,126.24512791113968,160.49782957591663,266.9090456318969,311.7373014949606,308.2290105116811,180.59165119309918,227.80664225263496,524.0618609012967,439.9250693685574,2278.3392191397334,793.5094893484576,873.3309401000345,991.4548215440582,1345.4882934194743,1172.7969879558568,470.0012235253118,398.3394610118861,1089.4540264192383,337.5303812640426,1322.983244999346,925.983927099175,769.5540896763789,795.0060269606515,186.29168329211578,1931.5547432915382,376.32666361406007,127.6597750869472,199.28020649086056,347.9704385265508,236.65099549820204,305.4997047048657,1640.1148720821536,638.6089817699799
Sde-CMat_151 ,Matnog,92.02586075935395,131.78883891532695,145.0072847624215,81.62301102630315,102.36247977481786,166.06942226614146,170.02651008807422,225.49543689176951,116.0804601326597,148.17349585553418,313.3444054695249,267.5258563764632,1333.3982758641396,444.4986818582255,480.75736487139744,551.3029054954454,773.4630311883951,673.6360208921803,339.59040088061965,287.2007160659771,569.3352488832656,194.70853568544456,840.4504476483133,577.330711930311,397.43183864028805,348.47489182380133,228.66677922286823,1002.6855047533599,291.47571260336616,101.49228258838214,111.3136111713208,238.8056441632819,147.64103725252002,137.96023181337438,926.4825195438606,406.9400106661423
Sde-AMat_009 ,Matnog,88.30206468577053,144.00201663508045,160.45146002081134,92.41645999609595,119.26407708379755,154.19159418133012,201.00859860359208,226.9077181098298,105.14993187149479,175.6070699583875,349.0872738521702,309.6712896301496,1443.9821951621873,331.2742646060662,336.03467436252754,611.6007522007311,664.2052693633196,705.7396203378694,474.3468776146102,335.5228063196897,864.1424183881844,226.15275200644814,920.4532826769047,789.840100780411,649.3371464800778,475.8188025291246,166.37911227903572,1183.5960128583445,303.6410264217271,114.55833697854548,98.78628582596878,236.20796287077198,136.218754348144,170.42558888899288,1027.5949539126882,416.5365546890333
Sde-CMat_169 ,Matnog,96.14597028861894,156.30172441316827,155.08455592359937,91.45500335186698,118.30773990255251,173.6317689061826,200.20690552668262,231.7191342856476,122.3312421442699,173.48795079918378,349.15579205735656,299.20395355558065,1462.9127745733647,469.88169784389345,505.9653983465667,610.185205083809,815.1307897929324,731.8468446345861,388.0281141386666,320.62969142468694,731.7491337741645,206.82549980396522,910.7325313887769,661.174607018668,537.3238000581773,492.7600738877796,152.23795439971585,1204.302817932118,299.9023247713327,106.60821521951283,112.87901981878643,238.0849191063767,159.90866302749205,203.87310800105547,1020.3985682768572,442.5250804565093
Sde-AMat_034 ,Matnog,84.34165887152088,157.66279874700942,144.5315213624004,87.33859436474803,100.38675381348875,166.06777510212513,180.75223393861552,218.55240434994076,118.1249506501061,165.07101006421448,337.48194986797444,277.5930516361135,1256.3991375440728,424.4527707008755,458.07170944411087,528.7152527561976,768.548912680826,655.2283901546696,291.0266834810856,241.49127092042065,624.7334775092817,209.8990347294622,770.9428924260538,534.4466299395666,426.02349676965014,440.4538449917768,128.5150986111748,1060.9410906595003,218.93523814646642,88.94687071932316,122.19295654746233,189.01698813863274,138.1204749964682,185.83013284405746,870.5967153110215,386.14322959934185
130 ,Matnog,77.07785707062696,141.16462558534278,140.16095424232807,93.83580552608903,99.07024545386973,174.79452282151175,183.32534709431212,225.33000014920339,112.46839357259441,137.40819833605275,318.33652949520257,265.1144278173106,1196.9154216502225,374.7907347174554,450.85875621512554,486.66350431045265,682.3778527338427,609.6042565889528,311.88100807574034,266.8349181828345,688.3435640455208,158.57846028947304,754.5440210121938,624.6904551755295,537.2357727187292,508.4650190467876,105.94879608867683,1119.120988214992,183.16594212964364,80.3578569054699,109.23723972899536,122.26282134487981,131.43663326291497,219.03652692601287,869.0054563343663,328.06436634387774
Sde-CMat_182 ,Matnog,106.65853862195,178.8544594010728,156.67333809918014,104.8038848357254,138.74021346159884,195.7506802275281,242.4017151508834,263.21602839530874,136.05874686244908,198.65557847138348,386.17120155042636,344.055528621137,1712.3112725941683,563.256111065242,622.0462161926637,735.5193730187261,971.5385792736386,864.8847696367649,460.0731785352847,372.0032500239212,859.9932862179797,261.31396388222345,1057.3725001653913,743.8230415858063,618.1702901581731,552.1843389147867,170.26392590105527,1431.0498182779,373.0517429497012,139.96046023702561,130.1347872738492,290.2896247383978,179.62189409492927,246.55278158692505,1199.9837563740687,512.3424034939522
Sde-AMat_019 ,Matnog,139.00843393136262,206.3312867940778,174.27563776271202,118.43386949741193,145.99323630596726,209.6274825129806,288.90241135388607,302.273581372984,171.29338096318838,220.6974670689494,455.89809844922587,396.3858222477817,2106.547355928791,711.7791292471634,785.3223329749703,930.2296303025023,1153.4713263493377,1051.2759961683992,482.672405365834,391.85242204284,1043.5839196243924,285.64851694696404,1269.9491477583028,918.5546530599034,771.0713005449043,736.9564329126181,177.47733050564491,1800.1582974698254,381.91947429551163,137.16501438048974,160.46819718813427,325.0610674733133,190.76625059850082,280.6055372566443,1510.4296013931732,596.182683603474
Sde-CMat_158 ,Matnog,114.35514731366492,169.45499259523157,171.46409219851247,99.79816874762783,103.68900729879716,215.46162796660565,229.95811040554764,241.8680964203836,140.84102153314566,175.5476410477794,402.5184167076085,327.34402072658975,1626.4770540913787,510.2430464555592,551.395841408765,689.5461574064494,947.6991158143496,833.7314647544615,435.0510715367221,362.7643006945971,846.0294809472128,262.5095017668695,1008.9014157095279,727.0595552247146,604.4171634530575,563.826334508384,158.03134675639492,1356.7006157957367,326.78339740845155,113.85717035782159,130.56117601247342,266.3594286490346,175.23358355580706,223.26865314288975,1154.8792900459557,471.5990576572855
135 ,Matnog,90.47198159170607,195.63984147982228,236.52820914766176,142.33537983368717,130.52135450450248,242.29287127897516,255.01533586735522,324.5441825496492,144.7912287097875,141.17163879391646,478.9540591330238,434.36350691781195,1936.7908514225614,693.2190368554589,754.7973706379746,381.79951864722136,1137.2482386062466,504.32040392339866,512.4397536520368,680.1424447218759,923.5721968659733,256.8915090177369,1631.6478761440073,843.1476762904587,683.9462626109525,1149.5223495985801,199.63291507286564,1643.1931847778096,336.2465010747322,119.34850386762275,169.47965700416663,297.11218520264345,217.28598136624,251.88146451606949,1401.7135705700364,535.3378536904428
Sde-CMat_184 ,Matnog,112.67177605296722,163.20186309622815,161.1285156315914,101.44170680469652,136.41603534496957,202.25586985084018,238.23257997857894,274.3275110416926,146.960527842717,169.98801395760228,371.06369828082074,332.67867395985877,1727.4685350902719,571.4635875129927,642.5175400075004,712.6969967809392,978.2810373442235,846.909137241493,448.28167195999663,367.3974201333482,857.3246956952773,258.84997870560085,1077.73317728692,739.0576090483337,611.570250092244,586.8810317954141,166.25802262751097,1445.8240443077054,359.8504273750415,131.04442424231533,132.03642164270414,277.5056891543127,188.1116134671382,228.97150233705938,1228.66122246063,498.8093881657002
Sde-AMat_008 ,Matnog,94.64013088716644,143.07856322122475,136.77435888385656,92.70468918911277,95.88514043505381,163.48077022527752,193.6302649001442,197.12689881852754,105.97400393101131,131.12159966603514,343.0770296452533,298.5395739349308,1293.3406086352118,426.49877110890964,437.67559782863157,553.0282459361096,749.1487675948482,661.1358316486861,333.62617881314407,263.5399034879538,655.4035260801164,200.7660177576374,794.7878453094007,573.6056782510176,466.89356313105236,429.01330791947464,133.43663620250624,1063.6611052943506,261.1749562240032,91.29780113650047,111.12615720706806,220.63931182896687,144.59191094141474,167.4420674293052,916.414530118663,376.9991840106422
Sde-CMat_192 ,Matnog,103.14460298653538,154.98355083404815,155.42996109029306,86.33259856589514,115.39026768168101,183.54775642728512,207.4355701369705,229.53071085926604,130.04375028220312,157.04865531818479,359.7334581528524,295.2052826936537,1445.06942892505,463.56616080893997,510.06285672831535,610.8932749477112,828.1453304588815,741.3695362671236,365.49590810978987,317.8370392011604,717.2791112832228,205.41014845902822,895.5400083980672,646.2316883982089,535.7666758618064,475.16435026656836,145.55614844660454,1194.914460852324,311.2995853052974,116.81401846632116,122.85876842521233,244.45792540427067,167.17887952672132,204.13910936261078,1020.0478154106406,425.037009454765
Sde-AMat_010 ,Matnog,102.18617178708672,161.3353442839479,154.1977519853322,100.63639910852336,117.32528003090384,177.8037768542052,215.22221579627882,261.2350044699408,128.5737144271721,169.83948841668123,363.2089148223375,319.7413494888642,1520.0553227979728,495.5203938847723,531.880435415799,599.8222432538242,850.8730081181915,718.817176772599,379.80524164472763,319.3985057837466,761.2113368692297,225.08143594432661,991.0569307545405,683.3915204228173,548.5292364474659,535.8998155092144,165.7830373500558,1251.9038786799008,324.2686410636867,117.07747080459167,112.68444128738443,260.3874096895624,151.01684174703826,194.80573714149168,1056.6644379774737,463.45340676313936
Sde-CMat_165 ,Matnog,87.29885273255312,119.46535540335535,143.3285919267332,74.6995359523069,75.29463572851655,150.84357247851165,182.43667738229067,193.31417512774377,106.04002635467417,131.40579851931955,291.34204447434297,233.4722634329397,1123.7278555160055,343.73633791908003,395.51197102252155,463.7627806107127,635.4890828150944,556.9018086101175,267.92469121281084,232.20072664548235,540.6157429300871,167.08689955436358,714.0187241537086,488.8343217504782,387.69694116275923,374.2028336958579,120.00001487504078,919.953268222908,236.40733568620496,84.97925058012682,89.64812280137261,188.65649276036055,109.99823138437273,141.4708505752687,796.8811229252515,327.1142897910302
Sde-AMat_001 ,Matnog,118.01866229118174,242.56588571777777,169.22709431828582,108.38566866011394,165.5347640734115,277.96965793715685,274.0412646194912,282.95958122065775,174.7966282092707,169.16203985457258,486.3187028654461,417.1847627585649,2115.899125945101,697.6604754306209,786.1865970347369,958.7144135008506,1255.3904607719228,1148.49055196658,524.3718189843921,417.21963054602315,1040.9034865808887,326.98578574788246,1207.0859777639869,896.0170454730257,731.128224595529,698.9286838564077,194.52510546672374,1796.749745823889,341.22067272926176,131.5209272771447,163.89570308583438,285.35846450457706,204.04140589458797,265.156371735171,1549.3309064547861,566.707446634408
Sde-CMat_195 ,Matnog,111.82920954044164,169.99424715119034,157.98359670927863,97.32671601199749,128.80344580833233,192.16407127847805,242.22589604850265,246.98782893612392,143.26395259729506,157.0652217945462,382.63588284059296,335.6667559189322,1563.2541682997073,545.156653533239,583.2881859318771,666.7222762708999,933.738385217942,793.913574489497,420.52754425256154,362.7102911217712,785.9508217154621,241.67845262093596,972.9615287646731,688.87248382234,562.439975955977,541.0012833866108,162.26490925951913,1322.1336055515458,306.43083297933646,121.64625188755308,141.30440611633443,242.24320823967375,176.76793764809273,222.86211631912676,1103.1010035433249,460.1993383571513
Sde-AMat_017 ,Matnog,127.2041137410658,195.3013324234374,176.60576272256796,117.46498976026861,141.2332301907026,226.97066031454375,263.6267951031533,310.5413289659204,169.69031232716264,200.1171481186458,430.6007950896747,401.9684502465585,1911.651604877259,620.1305338433918,686.6353646057347,818.8592799915319,1110.6372513690553,951.7128101862716,466.2360521480079,398.9144159491356,956.2964018618077,317.0679682938029,1166.580267686819,806.8244343140891,664.4176041029918,659.3621823303488,177.83441113353175,1611.7107855622517,350.261631960225,123.95633315809275,169.50360899296533,306.3210159168974,192.1857931149959,243.8461996087083,1364.379731300667,547.3008560117917
Sde-CMat_152 ,Matnog,88.35879078178927,135.232941328694,139.44634567549622,78.38908943730628,91.35693580046343,144.95385511182508,189.21596375583644,223.8161284869569,114.66195703218223,140.07230966872075,306.6740524014544,252.51635054498945,1245.4845780971236,383.05748439706804,428.19678852832385,495.6061469325517,681.767211872799,584.9732166843282,296.76675981062976,260.1884840649178,696.8556393475624,183.19801084209405,793.788221205228,629.3807451200028,524.5087899549443,521.6053091946054,122.80237716514283,1107.0611869371494,188.01644641650375,82.04040584864279,100.67401533012385,131.4103896844158,122.75393264641261,221.28881022961826,883.1833583548548,362.63661665117326
145 ,Matnog,79.92104917454472,140.93659097001742,138.88221295029106,85.29849618580627,98.18504438232934,143.1437923075255,184.17119594116772,207.42477687393082,98.8458030988671,142.91848869792875,310.70194678710976,265.8902700156213,1319.1180338632703,422.29944973229607,455.9123160356605,533.2176952172724,866.7295184593922,631.7101381204832,296.0558666998173,298.47030908827435,670.3776600620354,348.61390893613236,830.1414184964874,443.0364084016572,351.1186785845492,472.24186913107354,128.79473343673652,1101.261382168761,258.6593393740308,99.19201643700973,96.01164332418239,201.70781783808,139.19729432215985,173.0766655219876,929.8498635696517,389.27122249588393
Sde-CMat_178 ,Matnog,100.55986306081569,177.25544718651105,157.08104029990375,97.5568916850573,121.81632757327726,193.6488265881826,224.16277081185888,257.5826872207059,137.8936191487119,171.8496696418704,369.3499206754754,321.56249542272496,1647.6059867748265,528.5154947305235,588.0104018352397,680.9341980079574,923.2827252496876,807.711075036761,416.457923025232,356.6129591745791,820.9389544034564,239.69168464058163,1048.6505704882634,729.2638129524115,599.8700564170211,565.1665464850252,163.33245982195314,1369.8298314902768,355.4340960988973,133.5793902901569,125.67207840491058,270.3371833977708,184.1601980482211,203.29619864722025,1182.501684878673,465.1115109109749
Sde-AMat_016 ,Matnog,114.3277594694307,201.17608527069015,177.76041252621457,104.9876164645145,125.87964365456399,217.65756681820181,249.1401392002502,284.61610500266846,154.265296917356,189.12618328547217,439.64962113251045,370.1141875318481,1873.3574530723015,625.9810685377794,670.8150432667712,793.8123080621135,1093.542965699734,934.9106747980792,428.9956366156186,377.66062162779156,945.6009686062085,292.88689812077615,1139.9393007583737,817.7531567855243,673.3298798819268,686.0843236237366,168.48591609935838,1585.7591409050744,319.8113433339881,107.01775924494962,164.16986785549298,280.2730515983477,199.0240780554957,246.54504626069857,1354.077647148763,519.868717335531
148 ,Matnog,103.8861704012618,149.81243322134517,146.6252606243548,90.11745761754494,86.72488644950766,168.4992114421905,196.94673839558752,229.9938537338118,126.03819473492945,155.9909770249869,339.3210323812097,277.05342395222266,1349.091541138762,435.6518116268656,470.2143881085096,587.7922658263548,784.0762758542118,699.1635785897319,359.64994578207575,296.67615804086785,722.9247113888,213.12545040351227,840.8111715105836,635.8222098719422,525.6919865237057,484.9551370219825,140.9937691460159,1162.998180689153,248.14507463822454,98.56831564128503,108.19088605330857,184.77126054906378,134.93420632056203,226.20704493470126,928.0123957912201,421.08338807651864
Sde-AMat_020 ,Matnog,130.54094265547494,189.52348855516567,181.10034048684167,117.90258822371115,159.52899028693818,235.03613751806338,273.3500641314174,309.48646590319584,179.02868730616888,164.1568152334834,455.4002229325102,403.1929889341951,1967.1530240968368,627.372033048653,713.1015616643257,837.4801630451493,1101.6569069527272,987.8915022952672,491.1764646528679,393.2209400849477,990.7106633923147,292.90536768785904,1189.0690691457078,870.1440826236767,709.1047543723286,688.7844238484566,187.61272365391403,1674.772831387714,328.0717650869243,118.13185740472375,156.43177299883814,280.08795254519634,172.8538844140044,253.821213887965,1411.0552000589666,556.3794448844782
Sde-CMat_187 ,Matnog,95.00518640032239,149.91841480285206,152.90104968328373,95.68262865416062,130.57881915502213,179.2130298711843,219.01646836201607,238.89573481709547,120.26980035956657,163.56284142570405,348.333431667605,300.93180333371214,1493.2886001974632,468.62058103239565,546.7649065617234,625.82557228346775,818.6151497864794,749.5113593979612,379.66238242982405,299.1664125225958,736.831366748756,209.00946257432932,913.9592839770767,674.2657712704167,537.810886584764,487.795439702187,166.34617981186113,1253.4143482473821,287.0877305714058,114.57456811160176,106.64884529407722,202.99561629838215,156.06189552879334,203.19538914660424,1054.0617211942479,439.2663288896154
Sde-AMat_022 ,Matnog,110.20641572512916,184.55628087033506,164.30706542963995,117.22176273973184,128.00553189803952,246.26254287426664,226.59490135843743,278.9642576526606,144.18521941645056,158.30406634448786,408.73856315000415,370.5365609457317,1853.539518882346,609.6428624849962,704.5169579701328,750.806014321176,1083.4741159378198,911.5521627552698,407.9228377453879,361.75969731202787,904.8523955603202,276.8799064183605,1144.4525435324788,786.5249396989836,641.4637405380682,681.8757673726207,175.7075054799878,1578.579758488731,324.224963703229,114.47987630762913,149.81435389377765,276.2856618204428,186.0675078029477,254.66769805572122,1318.627612054537,534.9281005352492
Sde-CMat_177 ,Matnog,110.46439322831587,161.55938014566044,160.1665743112463,98.67888852784066,138.1980130696531,189.78763965917275,240.02740793828102,243.7065318437116,136.99187826218022,162.55023129783606,381.0290761431468,314.1557868640494,1662.8564261613958,522.8821589466215,591.0720410888422,679.0391309786573,920.5897018890936,817.0857065207115,413.19903229181216,339.9373747666473,817.1211450796327,244.78955121338421,1042.7823125741106,714.425472634655,587.5604179018528,554.9697704306425,159.45286713712622,1371.5710937548151,357.1614839642708,126.11611762978619,128.36945598840882,274.80926470337556,175.75443091213947,223.2094234274395,1166.3573013290395,496.50314544442693
Sde-CMat_196 ,Matnog,105.96024834082826,152.27498837238502,156.38274996456613,98.88153287894559,126.54386667918757,177.3026831183894,222.8568489401212,244.03258938693006,134.2915759118568,144.2659545468022,359.95593817939715,308.19579475010687,1582.859492196995,498.23684463196815,545.5696749061938,665.8200768253388,870.6777030158116,788.2855022643763,443.34828516172263,358.9599393809984,834.9269707772352,236.78249448388277,991.3624709481843,729.0334119615164,611.4883027587365,553.1032002466538,150.5919653215601,1339.6683322677295,329.95941093051124,120.62666762470063,111.44401127472047,253.3937777282821,159.51396821607824,215.87613019887127,1134.4641324089228,448.6102796971999
Sde-AMat_038 ,Matnog,92.8331931354836,169.05140226156067,158.2729240023384,121.12694369297027,161.15474947019095,223.4924260416223,231.70715191735013,340.71961502754726,147.67720718448734,165.0752037888792,393.9974419669752,412.5346452907076,1889.8320263245673,629.2961660248853,736.1787753544245,784.675028651798,1059.5688464850975,905.5818480083454,442.26277522038856,369.7076913653407,909.9625712449716,275.0175939997475,1172.1546096097945,782.6535851247407,649.5013873873482,643.0464313473485,163.0342674925732,1608.478206270791,398.62662893616374,142.01028934640607,130.6889579016146,309.93834726643627,179.36846569160366,259.7609006920788,1330.4358750716324,559.4256285627607
Sde-CMat_201 ,Matnog,115.487064533003,199.66211892094105,176.21680187456582,110.15252531580933,156.21382364185956,221.30345150686188,244.08159175947708,290.52727661801396,164.22048577214724,175.26677431860838,423.56669404240233,379.4865907649571,1912.3061743022138,609.3994711123484,669.3467735879586,797.847142345932,1086.2678556807111,948.3859470714441,484.5832236695365,417.7877638210698,965.0537534731887,295.24658032947656,1173.0003460588791,846.5401328614021,696.4326769044084,658.1571724945419,184.17809901950898,1594.5408753615382,375.82349308333545,137.3405057343246,156.39439573159262,304.54433779252867,210.43030620138813,248.79845295517808,1365.0879982626836,547.2282781042018
Sde-AMat_027 ,Matnog,121.78190209747916,198.80801641535987,168.7861614568268,119.24305240545463,164.5093935652612,210.2349471792452,260.8053342106522,309.7555253762716,156.09874159864327,187.13394660683565,420.63175609091854,388.3256225418302,1992.5824660008452,659.50305590317,744.9243816964645,858.4612740388583,1123.5255631539007,1001.5313764938969,470.32080628120207,366.052721900835,966.9445721077503,306.79246315678944,1207.3460140990405,831.1190081538325,674.7413015393456,650.8708755444817,190.30291598659244,1675.089011734463,396.94723882294477,146.53254156329947,124.48591723548505,276.04729466096916,195.6382880423973,264.39175030654786,1398.1045304467941,594.5187840558442
Sde-CMat_175 ,Matnog,100.83039547636419,168.99356427757834,160.64117418825097,99.62478177009974,125.95586123340983,185.74133553695043,241.14511651943113,260.2552252759779,142.07300267021182,159.86386077184545,368.1564028731403,321.0446731800731,1579.6779198741747,514.3950769952021,575.2459062543686,668.8367697368469,904.2002360173325,790.109784391163,418.84223718264144,353.3769659913475,807.4999661619561,244.5902024133633,977.4233228055488,708.649455065232,583.5506471449158,539.0978297572714,161.8907510545308,1341.181468724218,316.68669450647894,116.69356713242607,128.7189398460462,247.81730893430338,171.0492053474672,214.17305672341237,1133.4550847207136,446.2262399002998
Sde-AMat_005 ,Matnog,122.78609566335273,206.01246281099108,172.41914768940248,126.17916175629009,146.38876950042987,218.41601996284518,249.41130048933232,312.22253081191946,167.61303300376136,199.43922943493334,428.5830330227505,403.88117707315854,1959.4975260570145,686.8285939904731,744.896985796157,830.2210287661954,1139.5448270023298,965.7652029841258,485.3751874789336,418.8572948929026,949.0344801829699,292.6613593507178,1228.8255184059453,828.9731343831596,668.3395068130344,699.5771300189067,198.96760619761702,1655.3242116412725,349.72723318895237,125.07737714027265,156.6119869302475,291.87361349435116,187.4288520245749,257.4694234973157,1387.1444044580794,572.4048895151404
Sde-CMat_190 ,Matnog,97.83537799426132,180.4753931753856,160.9318471187726,102.55285654578326,135.26217791138066,218.5461325314405,225.93050184924127,266.00179308703923,138.9360899984234,168.81535151152576,383.24476146370216,335.9272185074916,1669.9976658847668,504.73542518647344,579.0315070189015,640.7296977695431,933.0573699850187,792.3071258476728,420.27873646597914,357.24291757519836,866.5125192196358,254.90910938803268,1078.1728286041575,752.8073004089424,625.2461795339175,621.2625018293313,159.65060562728846,1406.9168213442115,331.4759950724185,114.78007584750944,133.02892980716663,262.8601187658754,175.01411828695424,219.871723252923,1196.899909899675,473.0998706067882
Sde-AMat_015 ,Matnog,139.98254343888743,208.28471027408608,184.6409535885796,115.74498788785631,154.69759580384562,243.48919189526663,255.60195219262317,316.7045849244687,185.66503144364583,192.83277156386046,469.0662982297705,410.4130815371508,1965.8277872170647,654.338035276454,719.8888569416947,821.7175083537225,1152.513537795457,986.4637376123056,464.88267311333516,412.96727832960323,957.9670913219514,297.00381061185067,1205.0525631913158,819.0446259440081,677.9964118946057,707.9657344143429,170.1986762727609,1651.921693441702,341.4307267056672,110.27736142454621,166.68675452608693,325.12554456154317,196.44079341480986,249.63779172080487,1402.355634279215,564.2297401146453
Sde-AMat_015 ,Matnog,98.81007573825654,153.3788975548136,147.52508864803298,94.79695979539643,130.7608864743965,181.2039300634509,211.38240957877744,272.82165286980063,128.84548271980665,159.3075284359468,336.6016905148428,313.52196649714995,1548.7787456308051,494.7959532482253,561.9402029551721,623.9229218453589,883.0865829989323,737.0414982616174,407.62931434244274,347.19670379339726,769.9672764247841,256.897401503577,982.4379393381754,670.9967569414622,530.5525902685707,529.5935122078914,171.96604909775058,1289.037618453899,312.90557687174595,116.62346267801352,122.20343483306847,230.11434666332755,166.1387555274506,209.67263195097732,1081.4548648577895,467.3260268812449
Sde-AMat_043 ,Matnog,83.53966972809984,158.5066552439045,136.38643601480317,95.43623269728326,102.10024519270264,163.58549511215838,204.10266329494573,225.28596354404772,119.13115593764715,135.1327356932435,337.4623041423441,286.8790891341681,1362.2207267710066,444.156489748208,480.9868138257118,565.5382680433926,873.7221131731816,676.6869237766089,361.97804707364514,324.5342109658702,723.4109864944685,314.76208727489717,850.9594902598831,547.5734334583902,431.3098722652776,504.17030409599687,144.3652533470572,1172.235221600874,239.0311848836675,93.33163605894855,114.53420340356857,195.54424246405205,148.6795616795059,198.52524156058843,951.6791063618294,410.5420843655859
Sde-CMat_181 ,Matnog,96.95495986616673,165.40801651044603,149.7198717714185,97.04710645171244,109.42734340648136,171.79527467415977,205.84813413711092,236.3834073628054,135.00784382297942,156.01202099546688,345.66148882594655,297.2968468061846,1455.1036734131387,471.68604862567213,509.8879737729553,596.248659072924,830.8181890360189,715.1524512046434,383.00436193631003,328.2255906675163,712.1788870937977,223.46355399608245,938.4112115440436,638.5360073300486,508.57938295750847,475.71899162736827,163.44519286916938,1181.7106252335427,328.5928523687634,115.66850167219233,112.13539582379872,250.41737446129827,162.89699188017556,186.09256215657842,1012.123399192381,443.01670755524566
Sde-CMat_155 ,Matnog,88.68665135565782,144.27970674301358,156.34049380758657,79.954964486891,94.80655064145093,169.0900333792622,190.5079406892007,201.88093178554527,113.00096783346594,145.8271022466331,343.78850249031024,268.9872685843886,1266.3506143345173,407.2465764282493,423.04256863831074,534.0788802104049,745.742389062235,663.858621852364,327.1371259279662,282.31031909246605,651.5859714935859,190.20173429871775,786.6247583200009,595.8468258279221,482.8836194457212,431.917713560222,134.62935741586972,1044.9610386805145,256.5527388708995,91.55873189510645,119.69242844457628,214.41853560958765,140.38487219155775,170.5136226962527,893.0760210750482,373.2786476952707
Sde-CMat_150 ,Matnog,104.3227313335881,159.24813076384916,158.92339615503437,98.51742862889795,117.73503966963277,186.0368993188717,223.52003760479738,254.67002232163094,138.1766513527521,157.1082379042232,364.8369162188086,306.7301713895129,1604.5855261737158,495.8496114997872,548.3427339767802,683.114361285561,887.8380580776261,813.7991352787983,426.26730551719544,325.23179672475135,835.6862817122226,249.7219143162251,980.6010398613495,726.8470348659955,598.5687212046416,538.7615505300004,152.71993629284268,1345.7820711522836,328.55075410048914,113.1516934146811,107.82835995228712,233.16202558652236,167.73011021045085,198.14560488310107,1156.1460975466423,448.50716648389243
Sde-AMat_035 ,Matnog,91.15014626082615,148.67160866453287,147.57383827565786,93.30060896735881,132.6978753902639,158.65651086167247,234.30594087485275,234.19671381063398,114.9870449128944,158.0846374732536,339.56942219234054,317.9244036886285,1348.9701158009875,424.8677395981485,475.93580277307365,544.3025173645719,753.3217807728447,646.5998106648116,321.19315206755266,245.93757146479263,665.882811843916,220.46570062685464,843.4789340524396,584.6918073443137,460.30508921115586,430.74679951856865,158.99357760327914,1111.5454384106886,285.5789697823704,112.62395744800484,101.40120636979626,218.52808817074296,135.45327307968608,163.77443868015553,961.2725513706557,387.70417904216606
Sde-CMat_170 ,Matnog,115.81068227313924,154.52113924851835,159.7517654670833,97.27253256341179,115.27032495312913,169.62857571567943,209.85943489888652,245.5034863999491,141.56094136703106,160.19679061544898,353.9284850529694,292.0988183695545,1484.5273388978894,483.4857703229952,532.4074763410823,643.0917946960994,835.9001872938298,765.3924447919904,389.22826208189196,309.2073275021147,724.5167855053738,217.64092594521358,911.9350627216884,629.7874684384328,520.229833628609,466.0452402398827,137.4238626652591,1223.015094736627,335.20552447959443,117.61274843098424,107.32479478857616,265.7948598287031,149.69724488433314,184.8380297295175,1053.7967028506825,430.7382498171714
Sde-AMat_014 ,Matnog,119.27629854015424,213.3257231278029,179.86623525056058,119.42264019732606,142.434100328573,218.0354735340101,251.70530443542498,302.47933197342593,182.4071476502223,182.5932029391018,447.1222105480559,399.5504914958934,1984.9781562039666,686.510407841061,726.9377148794591,886.9833765589578,1156.1738729043009,1029.539314343503,494.9908338805983,409.00692013637126,995.4885626616159,299.8432742891027,1203.1990146625785,862.3742491513993,713.7622930876636,684.0630365101157,180.9027375565112,1685.247044525876,367.18417486732733,130.0463472129841,142.16613042243935,290.5907126644107,183.82348244500753,263.61825771983223,1413.2865478444562,571.691608402152
Sde-CMat_189 ,Matnog,101.93387928701624,126.94325115499447,149.29840134368484,82.169705371262,86.44281035979797,152.9622483264744,183.1124070140797,210.61122524547454,116.359459297214,132.0771808588069,324.2851402331596,254.01677091627238,1249.6277555805368,404.40407730764775,429.7719228068418,518.2675886706596,708.8964090551807,621.0299930625655,343.7167148432703,297.845142276385,644.9436601916946,180.65516621500197,811.3060072122971,565.0573919889555,473.56568629875414,465.6554437309736,115.59268461580955,1049.1252683451153,248.38480259758242,89.73737073599828,95.0965831667994,195.47926912081996,128.433383678894,171.44073925948874,887.4605200382099,362.1730611146555
Sde-AMat_011 ,Matnog,102.16472718751811,164.40709036245977,160.33783082703837,97.88528527148499,106.66007982764685,189.04406167983694,217.60611337039686,243.51364668710048,140.02124631087244,136.41917283552925,380.09256143797387,329.9250791974596,1541.2603027250136,537.6371737594417,570.3806812484801,647.2765477335324,924.6183625805514,772.3320981436742,337.77793944098823,293.4817195837076,802.7879495374601,243.7581587418357,949.6305502438091,725.2452018564204,571.0297252431697,600.6674714465233,179.51059952273025,1344.4720165838335,225.60381596464612,99.66880294254534,126.56747114962032,166.57443636404713,147.05785389434328,262.5864433892389,1069.8964600174588,471.397541666787
Sde-CMat_173 ,Matnog,96.9492960359177,152.32380838611536,143.36314522289194,96.57207330155026,115.7814244754745,171.93988673931946,201.5614175507059,244.75357502271544,133.81178469451038,137.33253702629975,336.5312333932915,302.53790884373484,1451.5094068364353,475.3245157337038,529.6560171108132,593.5425354635335,837.1555006719182,702.710009723506,384.0733000190978,339.16026510598203,722.4668607500275,228.9562683352434,925.9747118242269,618.5859527802098,509.74520352819394,513.9380488039001,136.2547007812943,1219.0267185940963,295.6451176732671,102.19167970656912,111.39807823997693,232.84144143904015,148.58938909158354,169.23345236238012,1059.3427481812766,392.19437085200485
Sde-AMat_042 ,Matnog,91.65542264879913,146.1805273949988,151.3893772075174,91.00266099142378,99.62127787922618,160.4636365589725,196.29582334397742,225.10882538008144,123.94422817158531,145.01320257038668,338.3645113506586,291.63363074021487,1373.7488233559002,426.64315472938273,456.1262739525208,574.934184767648,755.1769024122559,676.6873892197565,354.92629103660386,265.04317892064296,710.6807280791354,217.14749030776284,859.24349335171,623.032183030893,499.3611564821698,477.7547350313652,145.26606176079116,1142.3392050557313,249.25636489367736,88.67605687422058,113.3985293735769,216.01057559758496,132.92008993906828,174.43343812185216,968.6584676536771,405.5761255069757
Sde-CMat_188 ,Matnog,100.44544522406183,151.31513470185325,154.15337761852643,92.96481264569941,124.57339538577247,156.66499111345837,221.3901518477505,243.18609899120463,126.44554828423182,152.5403207078378,350.3055998915519,307.45778291064613,1449.628312945315,471.35889150847675,510.77149860603015,585.467463146587,827.4686549613587,679.5394174749247,389.61992262460103,355.6407896642341,851.9154583553993,237.27215568835737,951.398649946572,733.5526104427753,630.8249132810862,642.9536887785075,138.27475815650524,1334.447973777779,243.45068555305,115.87459943387086,103.62793855500534,131.65733103116563,151.08183131005535,302.44325116664453,1028.8480650210893,420.7879068821252
Sde-AMat_047 ,Matnog,109.14576706414225,100.36168028291476,146.01895109313722,87.16997205597812,104.29240990048118,160.1532204925333,199.84612358757425,207.40741256466706,131.19002177010262,103.1646725126872,327.0386268782634,283.6747409361644,1283.9171217901958,510.91250155696906,568.5698029542634,529.8331650370048,798.1245962652824,638.355286044895,258.4257594066234,267.394071001135,540.570837497446,155.52786410804353,817.7056789776198,508.8886923530919,404.2028077579867,430.1811675447451,143.76555770962665,1073.1659307774635,276.63747547953443,104.50565115939891,96.62948000610373,200.28161411594942,138.3619718997962,174.06930935245313,905.2338555008313,378.68335232217447
178 ,Matnog,103.29963133883875,158.84313599586224,156.9566983842996,91.66313060511304,121.77608844945703,183.5191595813908,220.00678194148932,240.40063145850925,132.05977397303846,156.12129066161984,366.09533367472744,306.65723116130823,1592.4648585816049,526.3453525569312,568.1630386715595,659.9664925857147,887.9631176067223,791.2064865045345,402.2750561974854,329.0854046748351,804.4306354783114,218.6422283377343,1002.1257395656542,722.7806010822441,594.9693799946767,563.2724789409206,154.672474251109,1332.8214266925106,315.9892107744186,121.25499007974865,117.87986346802414,242.05977952117556,164.15896617608183,202.52597527764183,1145.1330342134272,447.3437908517789
Sde-CMat_183 ,Matnog,90.68812890191307,149.94057803746787,142.06262221868917,86.7674554899474,113.629103551555,169.859844644813,196.15500883548705,236.9126434339248,120.85182880986947,144.9516756947984,315.1710456615582,277.1781101599656,1300.1917248657217,412.9530851531806,474.8393443192551,522.2369456239188,749.3939272574338,641.0990232199078,328.45488589407523,267.09245653892964,636.7176332191843,207.5222836624779,817.7491202632077,559.8233993659429,439.3580317705026,436.0866099540892,153.505598617412,1080.9621128948877,246.66994489659672,97.02588084959604,99.02082158940114,192.2952928651403,132.49199618754332,164.70793078671102,914.5234716505094,385.6713011944239
Sde-AMat_048 ,Matnog,100.55179285388208,156.5937144544761,160.6689839416743,100.76888362942202,118.56321763704794,178.73460883133407,208.88588733059493,280.44046454778953,142.76395574773068,160.88159172599583,359.2779786375029,335.14067693507457,1596.87931325732,553.5965934990298,584.025927834116,655.0241561855564,913.9576321188198,767.0661833519518,384.46682538654755,333.291339550385,780.7508340579855,230.56696244249736,1011.7614912922115,704.850168253339,564.0191868094205,562.3428313913942,167.39409025362892,1323.1552642513045,312.4599403562158,110.04417209720846,125.79127927706301,260.51435514729314,158.398918384691,193.08917388670451,1130.691505306487,466.2072146134591
Sde-CMat_161 ,Matnog,87.94540002666426,124.85075233081297,137.26686947767115,87.05345184770098,113.08750593805672,146.80275475565847,183.90152128321282,217.8438270609934,111.79586107513104,131.40070840752722,307.8814149606306,268.0484095625266,1209.003945515154,418.9279037918697,460.4300574285741,512.2250694007956,714.1192800518692,620.1339564042595,323.4942568099161,279.53513169038337,732.5164646721875,176.41338295650917,757.34990088846,644.222119661604,565.6445734838796,543.4488082872573,105.60856177928937,1166.3692774382564,183.09136775186866,100.3378601500452,92.38875787264385,76.59739782192345,131.30647139817597,272.1149504547665,866.8662982793599,342.3251518384968
Sde-AMat_044 ,Matnog,91.42410662970683,159.92047884786362,144.85963417132467,102.08007146274926,118.37358705598137,186.2416990542397,213.97190289007574,245.41395292323952,137.02306909604678,137.55238227820706,360.3857543714651,326.0790959620227,1499.6265008843036,452.328157649908,500.12400178861645,583.874849080657,817.4665101944789,710.7682564530087,358.3728757174571,283.95924663847455,779.1964334214063,224.99345344807253,982.030018506914,715.4290674212572,566.9916575190944,532.3951032632062,179.2051752879921,1246.7850811904752,311.646941865647,122.21069538256465,113.18921281646071,234.35905724014603,152.9641510035603,208.8092769009318,1036.256055687787,463.3756814534076
Sde-CMat_148 ,Matnog,102.60829224317108,141.9357830980264,158.48782093839267,92.45357445491226,112.38655993320555,168.92706136368443,206.73007621500074,248.0066553757177,138.45942601794937,141.463941923375,347.6015392660108,302.6634645222975,1492.0769343511245,497.405419787139,531.3201972760776,650.3621306306586,854.8827900661294,762.594434059966,398.3601746815186,329.9888154654488,813.1795729516083,225.56919647859718,925.183875087115,709.6211738328348,603.7486762766109,551.8743684907735,139.60155178868908,1307.3003437429556,277.0267246426777,113.52295167502483,119.2871929020043,193.32974372185967,157.31954964088223,240.65901073321567,1065.3600371779157,426.75794880887696
Sde-CMat_162 ,Matnog,89.1258458740224,136.6232130830263,134.87385311986907,85.4208658235796,86.6685624727329,156.37652874373447,182.3840753005865,218.46913456234495,113.18055175638612,138.40146789774306,311.5780897540294,257.9511680028218,1337.5855202260077,429.7932197436809,464.191212389248,820.5047736237492,755.5921399230474,925.8064122807208,535.4154362865904,371.02752818680443,733.1154312335882,206.95262756604473,591.094403116152,577.776800969795,536.3092584013816,254.69116847525353,73.01521124813664,1163.766174011502,277.82075130911295,94.67193958090226,109.74735671532146,233.87562453844993,150.1642631887161,204.45793590604399,964.487168617022,373.09837840038915
Sde-CMat_159 ,Matnog,73.13756340766352,133.54608840639995,137.4654722106246,73.5812325068016,98.44314734342868,146.05560025339662,171.96423669181914,196.69186359676905,103.39136034239031,123.29294884834249,304.54569411108076,254.4035837216921,1166.8831497095587,389.39388186843667,402.288829206641,479.3079584424299,670.2121135963524,584.201091521002,313.97582831234,265.1878126261461,685.3786328887194,165.8761753442007,737.74872259804,616.5175462228467,527.5950305114803,498.1609573770408,113.08263625194634,1057.1404363564568,199.2079200007871,88.53218486657825,96.57231540255214,117.98506343109717,132.14607362596897,230.68023218258202,831.8384858687713,335.11925438603197
Sde-CMat_163 ,Matnog,85.3172969347365,134.21983268131427,133.6413204702797,78.4641559726478,93.61043291861226,133.8435215842739,182.66379313788488,203.28505479055758,115.08552419361874,127.138529591505,304.21507614713965,250.9370076094995,1214.5494173288173,408.15917387755724,434.8510993369799,513.6418575261366,665.6233081955364,603.6007948527736,304.6560836177246,252.46625608981887,700.2969250092777,152.73882191047576,765.6668036587521,641.9931745129771,554.2957266601376,509.1232234675216,114.40765451769387,1109.4938563104754,214.8540126599687,96.38173684163407,86.31870525650847,123.94573468159355,133.48966004634963,220.70817588301986,876.6221769842011,338.62149656111626
sde_xray_049b-1 ,Matnog,95.54216125737368,149.102615948212,161.22896943914884,94.68097120329934,104.73029570100529,169.04317378211402,213.22726861949437,245.50831054740283,140.5659724409147,138.29238545082663,347.56485988465516,305.3103485047469,1486.1060006783534,490.21190138544154,522.712036487022,651.381497589738,838.105046664796,755.1476156223761,400.5195028607721,331.272971807179,728.3621115864623,217.93026563091243,917.0312678646294,668.5765341516931,529.1847778243532,465.3130084397492,173.03173558269592,1213.360571801161,303.0590237643484,109.26954594583974,113.87164090154334,240.09247551724746,151.2261132377606,168.14955640310214,1057.122635846816,429.03427833730257
sde_xray_049b-2 ,Matnog,81.2176093270419,140.05343815647655,139.50283893243895,83.43828044399044,87.5112206851213,150.55587215196888,182.74166013728234,219.83105590798584,112.55641897732885,135.10510208174972,312.0352518575105,256.5048998396912,1329.1238252827236,436.48738574847727,462.57470530232195,419.3459365473093,758.5600356611533,520.6352110296228,300.7706355545368,331.0170697511082,664.1867443491552,208.71771097137398,969.9752991222044,589.7901578232379,469.50126031034256,582.1794664639161,152.65222407996532,1087.5015025797986,272.7022865535968,94.61041158482512,109.01205335191159,218.4758856048193,148.09411093034728,157.3316625102843,958.9324922117199,370.19133436913387
sde_xray_049b-3 ,Matnog,72.68407720986764,134.51600725344917,133.9269792334614,78.00085816483048,92.00017099386281,136.7686620954157,184.27836223987342,192.50224808217175,102.14513979020245,128.10105853477563,301.05306213033276,249.7414216623666,1159.047659466909,384.0275813069942,402.31726707832223,479.33261188787264,654.7000596518837,571.2781559055973,314.9454243665876,265.2386595755604,708.5563494163678,166.38810253311385,738.3066667342576,636.7794472629356,549.4937399894196,521.1996997055544,110.96839973979075,1082.7816179211025,193.55241911430613,91.0985771702281,93.0078360989546,101.10371007876034,131.17194411187933,245.7881901963558,827.716003669598,331.5243515826402
sde_xray_049b-4 ,Matnog,86.03496759736709,129.38809548764522,136.48647044809974,80.33726578668208,94.12502548631794,137.2454785482203,170.61060733658968,202.8831998106546,113.17919041025164,132.11474086403078,302.89868882913646,252.3801344447895,1214.6240474580436,407.6768443406616,432.7091682871071,402.5297296429669,691.9065935217917,496.9050215120089,274.0832755462471,292.4389371005851,717.4017842016842,176.8154495069929,883.2483602265957,642.503865447711,548.827288848687,637.8610867694626,124.15508989264211,1124.9806130291313,212.91383559787744,103.894321930941,85.21329621625961,109.74773554497595,133.82448432648638,233.8478973289261,876.7394594625704,338.8913007844255
Sde-CMat_186 ,Matnog,118.8933762845517,157.5907563058506,167.82041962729087,97.71043198481928,129.7351557113954,192.14681888399815,238.48188013257945,250.80892332423107,147.93199346794458,158.04401542614642,379.473604794286,323.9749986910101,1589.6174416390506,502.7600665663295,543.5793446081079,641.3973613785607,908.6077302935573,775.4374551221651,425.5393163245905,346.817096295569,833.5154621261441,264.8343488686653,1006.8676920773106,703.802216504211,582.5794555892012,569.7557963083482,150.1337628772757,1333.1980127660631,326.8190596890578,121.15591435043518,121.65368640649581,249.02110142885488,175.09366067907771,243.0512107060773,1091.8290231080368,497.79116199467626
Sde-CMat_160 ,Matnog,84.3081982944126,133.94486472310163,146.96307615812893,84.23244833251611,90.06135811156744,138.84504929114323,174.87603800921386,217.076395472769,118.19947936035926,129.03922193662672,312.7038909614813,264.48615896558744,1223.1487915983485,420.3277496186161,424.1693614090721,522.1736704202635,703.5356533608372,618.6099081665682,314.8006634992372,247.56212356071356,611.4006157414628,184.7429050217897,774.8841541731513,539.7886639879443,433.49556511947145,415.2668988099581,131.26645023097106,1005.4433254984091,248.7279097601232,85.4854397689454,96.32421889374444,209.90460789806397,120.43964086196871,141.59014776109953,876.5761685843963,346.57377677233467
194 ,Matnog,87.69850395035256,130.79208262830744,147.54483450205905,89.27445442796053,102.23706917561755,145.02776681328996,194.35966399705987,235.3946833889202,115.69206848016853,135.21236216134236,312.8367524170554,274.61432108573655,1275.2298620759827,439.1834864984907,475.0724778123439,544.4529566102474,730.0400033123186,637.2494051052304,339.10373518180245,291.17131598431877,578.1840668569483,179.44306093591373,793.9080640267423,511.7650628016334,415.2970670525015,376.7121479174916,133.02033561546133,1017.5471707300061,297.5230158387919,86.62984241033801,104.13049428366323,257.23964711259043,135.2822072589001,140.213634205237,932.2487715458411,343.04232872343897
Sde-CMat_176 ,Matnog,88.94502599437475,137.36381821575142,143.43511737876466,87.97131707124774,99.4789042803548,152.6603092304283,188.7183638150776,230.71142768005663,114.85261885847444,132.81884551357916,317.74041002107367,267.81763814842367,1281.8677103090045,418.56091473583626,451.58777831904393,540.4427293946048,728.2346981990491,647.7131883115705,343.15181035665546,276.6564885757065,692.3340082885212,192.98226569405296,804.6406230500918,615.0386402572117,511.72265885129616,461.5605432614015,133.36373228880467,1107.4826652548293,251.87881006555514,102.80341650237114,103.94375028850935,172.2370583717685,146.90799216938467,205.07749593265973,898.3461089006842,383.5333033900056
Sde-CMat_172 ,Matnog,88.65748981924764,143.63962387308035,135.01573224435737,87.54178145868407,112.21709367012674,156.63565658702998,200.50866153670265,234.12189493904663,123.73764721154996,136.13682619629418,310.12156430335506,270.04842433385903,1366.8395453041442,430.80911700052275,492.2175313540143,552.9368034816005,760.5329336100115,656.7949932644738,359.6041177397166,303.8298276787354,690.149632291259,209.4599591005641,873.0882131568436,598.3039523059831,492.86009056247394,481.0504232824663,129.2495230544779,1150.889983924024,286.99871401279825,105.51364568741815,107.2801914310838,224.44827247639904,150.98377636633685,182.59931342214853,959.7189145189543,407.1240205642011
Sde-CTlk_033 ,Taluksangay,166.65415113260752,202.52627703883266,192.28387901425845,139.3847506441433,167.69122814703215,280.5205006981486,298.13989953417837,349.1768088355955,201.81683527607402,187.01079285209715,485.23283509119614,426.47628161843886,2370.3592738140014,766.3890791237895,871.4230853168168,943.5103989514317,1333.1780814810488,1148.6219338708145,551.9685637798225,469.4862907255546,1234.8153785131442,340.44787642304345,1479.0990678237213,1084.5730747812986,910.2915558308997,910.6090046803843,209.5709185096064,2049.577286696796,414.4961811522032,145.86921614545682,194.9137185859423,345.8654126111627,249.81605306042684,331.6325187602837,1689.7597411126117,680.6002771286243
Sde-CTlk_036 ,Taluksangay,146.48985857338388,200.6115776502692,196.98682233819596,122.96813282655803,174.56969283426602,239.4522988597103,228.67073126939528,400.58831616124303,200.01493817637726,163.69894573273828,481.14638508038274,426.58578190521075,2255.8665242243433,762.8738983509463,832.7633023892504,972.8371502848768,1270.477875656558,1135.9269347430052,542.2447777207356,461.8479717514844,1098.6637897265252,312.2816632568906,1342.2576011180713,989.3987070527281,812.1971542652929,752.1078505702226,222.39499361993302,1882.567853509456,404.37404297591826,138.84723682814138,171.20771121757338,335.04234068248724,231.10174744923503,290.39605351271587,1598.2760211978434,657.6037395352996
Sde-CTlk_038 ,Taluksangay,154.7018334260457,187.15988525584214,187.90934034435332,113.97612878603134,119.89069830274573,216.89830631853727,278.8075717962122,285.72666548659754,185.0334222750041,184.01445322593548,452.8832597883256,352.88867609063345,1862.9423661908172,604.5274969699641,660.7671828852428,780.4325759384021,1066.0440482056733,929.4437132298544,444.17931521699654,374.91869955797097,932.2608534444637,286.26419798458903,1156.0190593312943,799.0524274276374,667.6128696209802,644.5116558573941,160.13687846951422,1552.002985637753,386.50089997862904,131.7762892907521,148.74436228714683,329.9097505546634,183.9837954098404,213.68563116653397,1353.0070370651772,509.9398986598815
Sde-CTlk_090 ,Taluksangay,169.13347889356618,213.53763616760864,216.2351695750023,132.61035279192944,164.49900670824732,241.0448211212388,321.41007123089656,330.36343107566915,214.3016695732966,188.7147065557955,509.87014077972833,422.2484056195002,2385.9809975579315,788.4225286401005,854.3673337036302,1057.7346208989334,1311.1897823560555,1225.5688465158373,604.0237057839369,472.1866382450482,1232.0311768669005,334.2540490181084,1434.6840659953118,1070.3207580247893,911.8122579212454,831.4983075506289,191.8549347148515,2038.667460061854,440.3607230536803,164.38718822101063,190.32528007639962,366.994015652422,227.7508281620288,330.41706642031994,1706.4147400948748,679.8202057742625
Sde-CTlk_057 ,Taluksangay,162.28462459099444,200.03897483822993,195.66086481698383,125.01825068992925,151.12419783902905,233.571341894163,285.0943639486582,333.2569821957974,204.50459400463353,185.33390309236466,459.66494900017125,391.4219964125675,2090.8033859904185,707.9428034115257,791.0781496966592,877.1767193722198,1203.6266799376167,1036.192278119756,489.38346038230594,425.3028537480556,1019.1072563788417,308.9381787391128,1289.6490671923932,891.6809274876804,731.7055776236027,727.1415026576673,193.37060189325555,1763.2856362262185,408.11120447495676,151.23065916106418,167.23789403723643,321.5661215479017,216.89163306997347,261.2051855622511,1516.1704247573887,574.8475112584206
Sde-ASac_017 ,Taluksangay,90.40990154638814,111.7618958193713,131.4585391774152,70.71740465444128,84.0621995756119,126.38672808174914,162.8439152562969,172.43110676787873,107.07151757293626,103.09396677332772,287.362709653845,229.63284406704543,1070.646933613229,365.72509343315505,382.69671321998567,466.6146770809186,626.5322639413871,563.6111139349365,241.52903987057124,189.95915189455866,524.3073111087905,157.08164412082021,640.180820354765,489.3540999926843,376.50115649757305,355.20044455159405,129.41882711584134,889.4623084701285,189.87955245431237,75.77927741731241,91.05916276932271,157.93019091323225,117.9688833754054,129.3388637210022,767.636175698156,303.0291960667156
Sde-CTlk_029 ,Taluksangay,156.030253430064,201.36308664263672,182.52000136930198,117.56803410468343,161.24219574494137,241.04953176013427,275.40677812243473,280.97589635486526,194.82974167749643,155.87754654330428,464.60161525282075,387.7077837379719,2004.2431270575382,630.7518077064861,685.9760647079822,822.9425322622778,1128.7079263602698,1005.4667946309963,511.1548201438094,419.291979885962,1023.8193353436973,300.4845830498463,1238.732488124958,904.0221058064011,741.4418864687171,697.9376558926734,197.68054184023765,1665.172441830437,386.10410951679853,136.70080250463033,149.90023334621597,305.57466073612864,206.30386686671676,298.47792559477483,1377.6677502510174,626.5866545131327
Sde-CTlk_069 ,Taluksangay,199.81282851313628,195.11145309071426,198.13699633965382,132.9276516549511,162.46073980839185,231.38901909105368,319.5171580116004,304.9203422164713,209.19452347291502,156.97151735576105,544.7125237026224,429.5467083835354,2422.8652067967837,819.1129887188213,863.3289953257506,1034.173729031409,1322.1889269129622,1202.2022096019164,525.4894386200831,426.071591015219,1210.0000809471046,316.2674006170887,1468.7656206890738,1088.1120223126154,906.2912333155881,876.8789959345871,206.29328919778263,2037.3512408894471,426.8443172938001,144.28828106828368,177.37705059226224,363.51135053288243,234.0821067294337,291.35182424457213,1751.2314490367085,671.7260648024687
Sde-CTlk_096 ,Taluksangay,146.77427459459642,189.27139828693083,172.36125274347484,110.40632159310441,156.3731349571594,245.9897784979896,270.0692420022132,251.00724166599258,169.1188414939329,159.757892978876,462.2858953090501,355.12674106197636,1904.4331214745507,580.0037805164034,673.4095846790199,782.1681875977828,1108.481996301487,979.1324495510963,423.8908048533726,332.8953414218348,984.6460529937902,317.7592331557968,1154.320569929532,831.9406360195179,687.7515231045365,673.9201936755494,178.29589316103167,1625.6843688770648,346.9591038941619,144.9058290856856,155.17739567269447,276.64734839374466,192.27985842581117,257.4593164545614,1375.2187157807773,529.2317541082451
Sde-CTlk_028 ,Taluksangay,166.5032296056749,227.5731865851731,197.86300834034137,141.42210729079807,211.75478797514825,268.2808284908186,375.4534184737835,352.5969902000073,220.65526323859604,189.37638365255575,519.4378572415761,452.53372925187574,2591.756072453349,853.9433359285674,992.0896833929985,1085.1139959760267,1436.1350015003811,1279.987496165279,586.8752565547896,495.0396032169143,1268.779199359467,359.66497776042905,1549.1070733871175,1115.2506105170667,935.6017274851303,886.8521320637391,212.10825617568506,2206.0326591954095,499.927828667989,171.97356769367195,184.545292947314,411.231772088697,240.49522124100508,308.0762409346264,1876.2187036114124,715.6127071293247
Sde-CTlk_008 ,Taluksangay,177.54510759984348,203.8788365148281,221.35090998514104,127.72579181547474,159.74096694915178,278.1113325335737,299.7543286886279,328.13161860134727,208.14786675306095,210.30494052173376,540.3660881085063,438.4990406996348,2292.5368726245606,752.6336346735841,824.7701319872403,1006.4448859879113,1289.9175448426656,1211.1550630551399,532.4766371243437,433.90493761386256,1148.2876408560749,294.9973465877957,1359.62015491478,1064.2683583519524,871.765535016503,789.969193918573,214.6782724480754,1940.2961464000591,395.10395079016854,146.2842225688062,203.7816131344778,351.0962582735535,240.36542936764016,281.3259726371706,1674.523375722274,619.1860484305506
Sde-CTlk_014 ,Taluksangay,141.12666735561533,219.78194083447806,191.6581348573026,115.43750047679477,187.14381773473042,255.56195875875187,276.7351201375062,340.46644013845554,182.79421995706673,179.72591374337202,496.0766388557417,430.2141501896584,2234.6656517610954,717.1037856923223,798.0372702395923,955.8740563666796,1252.1971013338316,1125.340761188228,537.5566174380982,431.87825941810263,1111.6385367128514,333.1313823363989,1323.0104081889492,974.2590879017192,799.615323357932,748.3020272490246,212.7387330187899,1867.153723131518,409.84336301354205,153.4954726846689,183.9011710264238,341.9546678193034,225.50859890735873,306.5978889238476,1598.4772128272082,636.2237421701585
Sde-ASac_006 ,Taluksangay,72.5092783183642,115.07727762738395,120.63699289894457,61.96169069675229,75.52964227771767,110.21881530287833,155.07322703435946,143.81132548794616,92.90475370792392,101.72496519871606,265.73554716390504,200.09483892457095,943.2843133227648,305.85808674305144,315.5258637459693,404.84186585806566,537.2423780027037,489.70760282422617,235.31264053977216,185.49601892151216,479.72405272639816,140.91472125924247,586.2228931038773,431.0278486699554,346.53080183465653,320.4459144340585,100.67520497143275,780.3017800003792,188.9181087858969,73.39796819694662,72.52528460344024,150.46617655170886,99.51150407570974,125.87235805370463,666.5917410700494,276.70882002813005
Sde-CTlk_099 ,Taluksangay,138.45895753186213,209.91574636613143,179.19849451292828,122.1286036414484,143.4047000954292,245.22673200988913,280.12465858545903,278.7341584436684,180.8667647145821,173.77872501560717,464.4546626279254,383.48116165058224,2033.795920505489,648.6222331489495,718.6930710234656,842.5779530649255,1143.6781479082,1018.8737713049884,491.42119796770055,405.7733327457091,1056.0824032164771,293.31102542674734,1248.4352212362041,905.8397333663169,779.3156098686844,742.4810725192661,168.90567088573465,1732.3138096947127,382.6667870090241,139.76756426524713,139.2794464686373,308.4744963347859,198.8379171541736,269.39853880888063,1468.516745521773,565.4229324886019
Sde-CTlk_052 ,Taluksangay,138.78574302240128,191.35829868957865,183.4972819684259,109.61184871413312,149.77111870457537,237.19837824953615,267.80347378277224,277.5281538515507,172.9916437700388,178.07131679863548,449.2678861121725,353.3854844537053,1919.4217992267488,616.4689126124771,698.5266407032018,804.7179578854259,1097.2692286655085,979.2648945801133,476.6175507680766,398.90121509937774,948.809429404114,281.10514409707974,1152.1323657502032,831.2840811034697,685.4966691310472,654.8673671103181,175.9881714285363,1606.1100093734367,353.3331486003544,124.59840855628957,156.9740813427811,293.63897544816854,205.13894538114894,258.72497451713105,1372.13511684927,548.0259643174672
Sde-CTlk_041 ,Taluksangay,159.50196469385574,220.6637719843699,196.48819459562958,124.68596494048552,159.9966321615865,250.5811273572893,276.7271848946178,300.09551205341273,192.99398264661,195.93483999557097,494.369125153766,396.0283799196214,2124.2009214606533,688.0257399125776,750.1837658377979,929.6072235564061,1198.339939413525,1122.8712820874975,543.9111779231607,431.19803770217925,1073.4771259589093,298.59720076499383,1262.8155112989741,947.7373355402013,790.2639309232643,713.3654161869355,189.88158986918683,1783.3734745901597,394.1658864570092,140.5700497593994,167.1022803906639,324.24923741621967,217.80303115944008,293.2071483231778,1497.395713975798,626.8058978184554
Sde-CTlk_034 ,Taluksangay,137.6977746728319,230.26921516505416,147.72305228829384,107.00074917424642,156.06437017951922,221.18575527483688,226.2651530874562,288.1907559595207,183.15231778063853,165.13283314668226,446.41335614998115,373.0070811064583,1957.4129702746964,636.7793158975957,675.1055435937184,825.3787210706367,1126.254367850185,1004.3712712474905,449.0374370291302,356.889854313288,974.8543890152264,304.7465818482794,1208.8588238007942,859.4825470195656,688.6668034470372,663.4668598946296,202.15203260457187,1614.649215356828,383.12867490831326,143.01233278413434,161.04760692726853,326.11274763486324,193.16768748463085,235.93904168568628,1399.1873559137282,558.2445699920778
Sde-CTlk_023 ,Taluksangay,153.8093412184384,219.89112407734876,196.53107796022996,122.16062981059004,157.7340938949154,261.0883383541479,240.18040479447936,382.33251189677816,207.98154548411262,183.97214233848015,486.32964090018197,425.3907338147601,2321.6539254064633,761.3861633257399,834.0560030369664,962.8599856449536,1285.4263031016483,1131.242002178831,518.8631334970813,430.74700891920304,1188.4351600476189,321.7018998039799,1389.3917553526649,1038.2099423245236,880.7571532249736,869.3965707487232,182.87516531090296,1978.527524447858,392.65773000465674,135.6783669280037,167.02530120445834,321.92095240546234,231.69351211609276,335.9317346456122,1653.8875311921906,667.8197604130625
Sde-CTlk_100 ,Taluksangay,145.65441249152045,234.9411665959161,199.38055313079062,119.17309885859308,166.02417859302903,248.6159195705094,294.9379547626416,315.83741970832085,200.34380227249358,192.12529277700526,514.9640890937251,421.5765632827328,2177.6218581646767,702.0694040470145,740.0799323117064,907.433969180816,1205.70534322912,1086.6306744445696,536.8726569140582,424.0073487080265,1144.7120661846104,310.34763231655245,1330.6743235046508,1009.5478768440304,844.2325564216591,807.9389571349805,189.21868391741856,1842.0058024975326,374.83903329407974,140.12830866388134,174.6242631327042,309.4690666082153,225.85482306304638,305.8323424385327,1547.914933562158,629.7717214856825
Sde-CTlk_022 ,Taluksangay,152.5416576393806,216.76715401665453,198.6318983347085,130.74869443619698,171.42501711570574,272.1743815275053,335.6099023103609,351.01324428041175,204.54601139804706,169.01906260543512,518.2600282020021,430.1053569241495,2318.25434586414,733.8682055549824,837.5123631154826,990.7295970618017,1288.1779639827564,1160.4854529466709,588.1095329972555,472.6185806197637,1174.012847565494,344.77680892845746,1386.9791564208022,1005.291364313894,849.1209631761836,787.9199375440945,199.22385513798315,1958.1421583940323,438.02719985454075,162.75821161406876,165.42249657857894,350.8615266785599,223.66537817516596,292.5693633230244,1662.1440862962668,656.6574086088115
Sde-CTlk_022 ,Taluksangay,121.72642654814153,176.92841342331084,169.19452248902735,103.07038545479494,131.32629537529795,192.05889504495752,230.31799435782258,279.36115059616304,161.07625850751592,156.05049843957562,397.9976957924505,327.99134253051557,1787.8695532673655,610.5197967480252,668.8589743094205,768.2808589997086,1019.6758469896304,906.1302278779249,424.7168224890085,346.3125464609101,861.9005011324452,258.28166660612993,1081.9722939430378,755.2191131862061,616.6258238288111,596.7928537566784,173.02244128043017,1490.696858060421,344.25928327497576,127.37339688741909,131.02162945468226,282.57388895090816,176.2166506259837,241.16901585618348,1256.903129172479,530.9989572863961
Sde-CTlk_084 ,Taluksangay,127.24272920218273,165.17715532270194,168.67236703532683,104.55514549193646,123.4345639195926,198.02342712078286,234.0596279496317,239.69498072813286,159.32851953244278,148.24083988644963,397.8042679730825,325.219778674422,1691.8553905499432,548.6832359415129,596.1909119019258,1062.2647765247089,966.576828328147,1212.2212154259016,665.3891136150637,461.39444313000774,845.4933760957799,252.59644010850607,701.8166139412774,742.3843724451706,609.9160727069338,232.99034179553445,165.40760091894202,1408.747351532421,318.3512010414914,117.72411054754242,127.91609632290222,258.6826948985959,177.3475403780949,220.83215669754702,1192.4978957481896,499.37353793972704
Sde-CTlk_058 ,Taluksangay,141.17152157570592,198.10459345386212,191.38895921669572,121.07179690204492,149.30177318739388,231.94986484574633,292.5428676924119,296.9990522760637,182.37793031504663,177.61006580858532,469.81813529851104,378.9850877682789,1962.184989823462,609.2121176007254,675.3260228728418,833.469317520669,1078.9956317231315,997.9536926847105,515.9574748587424,397.47131372526746,996.8932114537843,288.3704846057584,1198.7205510947244,890.6796046317444,724.334639347201,636.7969061115245,203.88103349806758,1624.6011734191286,396.71656119261,147.09696691737057,164.34655637511838,313.0064177888367,216.0272912571234,249.37951187274783,1389.7164718296929,572.4792161651025
Sde-CTlk_030 ,Taluksangay,141.0876021692197,199.6364044669709,179.8094706600851,127.49263029622539,154.86644590104083,240.7645977563354,257.25747975260117,348.3128562883087,185.51116915142876,169.60721714198954,467.52121771378467,413.0308262754731,2051.086963006342,679.9016065983739,751.4744331817551,865.447015579348,1180.5798591926255,1024.0489677256894,516.3545443011129,434.31277047778593,1033.0224793632567,314.1099844556997,1269.1947117731775,904.4231845850095,739.5296304800032,714.4908840692091,204.0111762869867,1736.603743162409,397.27479170594233,154.4541779135806,160.3005511742241,311.35431401450023,222.91981652253355,273.4072950836537,1467.3621078516985,583.8285280636773
Sde-CTlk_075 ,Taluksangay,147.78872254813623,199.03936221403546,213.4980352667443,132.09587676475755,180.80192563067465,256.31006962290814,290.2068946639276,346.3698272693076,213.27173499001222,176.74965084392667,476.2842574096377,415.9816340447377,2333.6473843183167,736.0285396306314,849.7653853748634,967.7929090363082,1272.850875458779,1159.602169804705,508.51716256684983,394.51461053775944,1162.8935605197107,326.35189534586755,1388.822130323466,1028.698615712226,850.8374653482356,811.6776259942676,208.45444065828883,1975.8095288354748,402.3142895461208,141.55247777559393,169.6304305898267,333.04553036658496,226.6174475051734,288.1821229588852,1679.3630366856119,654.6206753998838
Sde-CTlk_050 ,Taluksangay,147.55535834692688,212.8360738396806,184.82582799695498,120.48760204290728,157.03978620059948,234.22970615427928,294.1106998215638,288.4279495542171,178.3303222912189,184.32916409385683,492.3788079079865,397.04080478371486,1983.612274070001,652.0199371802829,706.5529808549959,834.7512461589561,1109.434718395499,1002.1557225440815,504.00130730609226,420.9336179604214,999.1728677929608,265.2596755275856,1225.5927681328571,902.6485697779896,747.6536474789712,698.8762200974932,182.99173844018227,1666.3451804772171,375.7094222640148,141.34450436094048,171.00358473227976,318.4752399311601,210.79097911734746,259.2374455645054,1417.0971543689482,566.6285957614652
Sde-CTlk_012 ,Taluksangay,124.38151608920839,187.60995254863212,174.33953327664955,110.91332805289908,147.44549551084975,195.65644434983477,264.4276095687816,275.30931639797444,163.08141982607953,160.08106480383623,429.8888932983149,333.5101057764367,1817.1787278942845,604.026206176727,676.1088819899499,782.0736675297347,1038.7460055819083,933.1604463585081,447.685078341193,352.30624057793807,880.8381058739228,279.887989402904,1104.4802142430121,743.9779460170577,613.8104548333791,591.663257572109,164.1529382010569,1519.389559362371,372.6201619251031,137.36592200283877,137.428017289816,299.32323754471514,186.70235244645423,241.9464961357366,1283.2297574919814,534.237858670312
Sde-CTlk_044 ,Taluksangay,157.5400556724543,221.25678012040675,202.2424405474776,123.86572556219905,181.35816969268302,258.84384496220883,309.1028404447458,328.6829232390542,200.11811906096858,196.1269777985936,516.4655648462345,424.12997694066615,2377.4461337003727,785.7093837225376,872.9419042278242,1018.6556784674447,1340.0877710781674,1195.0564081589162,590.5869217529627,494.51972510006124,1139.172608292896,346.36757569431944,1428.5672832636374,991.1608632359782,813.5633530909315,785.1958620758008,220.76989613715452,1961.7439329145125,447.1185181336151,155.97980661691412,181.96286264128167,377.5051366974494,233.63201193620705,343.65770287396447,1637.5780436731557,740.3545367999377
Sde-CTlk_061 ,Taluksangay,138.9973646282907,201.07626501268123,184.6936376981622,124.92767191827438,135.96981873651222,224.9963033198768,277.99792219570634,289.23984494025024,188.05773041502442,179.07563231579,457.8679009689366,375.16299056683346,2013.3405240595268,644.8513578517532,699.0125739824498,903.6671504875729,1121.1396712363182,1062.4505887442858,558.4389427849386,426.23192774375786,1052.1345923593806,301.14227354026536,1210.3592263853075,920.4804198080479,766.0793961825628,662.5799739643812,193.45790634616108,1702.6739161825585,389.1772540007444,146.0653691798299,154.28238768793392,305.458138713392,207.46868722149375,242.30259024577086,1479.6361704608603,533.7458470632721
Sde-CTlk_024 ,Taluksangay,116.57206002957999,183.40376574108288,167.96265406943894,107.23802876540579,127.29314926986446,204.74052959678016,250.6282645083152,262.4178986115276,156.2661973877268,168.31409519258926,413.5792269586204,332.8093791570484,1737.6798497936866,585.2414183792874,636.7834375963072,728.8509569190192,1008.6857134586619,877.25839421548994,441.4476710109705,377.775829337201,754.5196254588809,257.66482603731527,1070.6174103875762,658.9855654528785,523.8794711971543,480.953804455272,183.56738364415392,1335.8880561153917,424.2448937335133,122.1301170221335,130.68274656361498,379.69205239300175,176.3930264990371,170.02480268622577,1234.0284936908708,503.6592023712561
Sde-CTlk_015 ,Taluksangay,133.98169822050323,207.6310125836215,194.67935762093532,127.22548083984593,168.4879840596949,235.17004337240738,320.1349380950633,305.0494030622089,183.29663202975115,175.39593881743673,479.39938918569766,398.36492496570276,2220.4389814064357,681.1258359296395,790.7219521190113,922.2283910782892,1190.77221379745,1079.1899005145895,521.752735019185,399.8376134268635,1092.4426783287074,330.8100296497825,1347.8831065678357,958.70370340491,776.2160461017859,734.8735551875574,216.817892621896,1843.2335786726815,432.1874070987723,152.4805587127746,159.78690363233764,338.99299184232416,226.1461133675527,265.4195369414428,1580.0308186169154,640.4108440865208
Sde-CTlk_085 ,Taluksangay,127.20922709225931,222.617895555254,184.5394537569948,108.62533389320373,182.34039112056328,249.55168564804362,305.2256023409898,287.87832961767026,182.35560626095372,161.2892465867455,487.72824941318504,415.61436778933665,1955.740021911954,636.2741447967377,705.2430931269089,825.785000852171,1107.4572303192977,998.8932137579471,467.4620652780287,362.0383193460189,963.7049850586849,277.34160592650005,1152.6616664404394,842.7549766288004,699.6852183289925,643.6349068073918,177.61290799330996,1627.4257714415025,370.1217536017171,140.3943905697091,161.21960713104966,306.1559249313332,205.85540152313231,302.2437972522182,1350.009819965655,605.7968136245767
Sde-CTlk_060 ,Taluksangay,138.50926315640407,195.03034830920552,186.37663530265806,108.92462960676065,131.47994182996132,245.45102968408997,246.22624363477172,275.06593072834374,173.26280517145048,172.2920515237136,457.96361707503576,362.26756711982927,1871.3062147479684,633.7138176984072,693.5938095160668,780.4852436938061,1112.5383047393022,965.9527574102783,428.90999121667693,369.0269282090942,948.8482040611977,271.21863357123897,1129.3941967154824,825.44808160487,691.4794655888272,699.0258535227508,162.69464355992173,1604.5314599352953,308.2326626223929,117.36820107205364,177.26124729700538,284.27351240256286,213.92053433927288,264.02416578222545,1338.9448141698822,532.3617286714831
Sde-CTlk_053 ,Taluksangay,134.97581214616048,218.27954055240724,198.0493931390097,130.76860756313036,168.90137216804956,220.9002279578045,278.6575343510381,346.18000242222485,211.68034356081722,172.22873750117893,471.81396541916814,417.4957662912044,2403.0630845753053,813.9514360453823,885.7061891097803,993.5226676684584,1310.0666259266739,1143.7984564657972,518.386500229327,427.6381642439785,1168.4101633246821,332.8426347971214,1482.7719810668666,1047.293806609306,846.3024281210355,863.9577304706522,230.1231366188328,2011.0796543383606,425.22815756157297,152.4419856404395,177.30802686198373,341.20920147856486,237.17292780815012,264.0045140300636,1759.9839586675923,643.2474592579517
Sde-ASac_002 ,Taluksangay,78.93790894926784,85.05209803179461,117.67888137877586,66.59720051270926,79.66967323599361,103.05046377663712,150.97920260916732,180.1340055939991,92.59579683842512,103.64873087742077,235.12982577295463,206.1303423406656,1019.5161693893041,334.149644841125,370.9728600163225,423.19617931319993,564.9279662720637,487.60611866227646,233.02290085646092,187.43214955972735,479.453902352927,158.57224030888892,641.7794364825115,401.32761813616804,328.1542429423853,331.87291055379916,90.12989641267752,833.3787798929008,232.4792739717673,78.85537657769446,67.3264391653828,184.1777754438358,102.25213888599103,94.095609119714,747.2276086149119,272.35975170858126
Sde-CTlk_074 ,Taluksangay,186.66919582600232,227.0536222312043,203.62836857540253,123.42160206973492,184.40335704975655,260.1906903233857,322.47789369197073,360.19319347090664,252.35824815943704,179.585767536211,514.7401698292547,432.4221042838582,2514.029711014174,794.1096665194046,882.1661166386522,1052.33893907064,1338.2470456081417,1227.7452103258884,574.813916785215,461.3683268950741,1273.4761951459047,335.7338832379003,1508.9124640698178,1116.1716483758264,956.0978628050008,884.6618474601977,200.25536293133288,2108.127412835944,473.6378180483903,168.50747766541383,178.3056538302696,389.51447096640726,247.7051472593171,344.07254959970294,1790.5795063332457,723.4527103342692
Sde-CTlk_064 ,Taluksangay,167.17688121438923,222.5302282246841,198.30623876444236,141.88313965263805,184.9082945800431,263.6468404149195,348.86111421527045,335.2020678338664,204.24400305712774,223.290909504216,523.1615367589632,442.90421509595046,2467.6311394518025,796.566100934185,918.6982251026286,754.0518625113858,1345.643258585469,922.2030339005615,510.1035814861526,587.3161967521754,1208.6654488252282,340.39563374408897,1787.8903884824733,1071.7228651100804,886.6012197365003,1129.073864943428,223.7725745130756,2078.7914008595594,479.93947553799944,172.5597466373892,159.70132697707913,356.44069293515,240.11162576510122,311.63957035185695,1762.043435248794,705.6003236051483
Sde-CTlk_013 ,Taluksangay,141.15213549305588,205.15783799918538,191.6072218731851,126.72364497354071,177.0677726349152,235.0674479295252,371.56339015491017,289.04438463469586,204.4071071752888,167.06487603682586,496.2101593006132,425.3832456707833,2289.1963235093663,741.9468951081875,827.0253841503597,969.944529336977,1248.3657302515037,1113.8531840684616,561.1160030067313,460.00764531881424,1145.7257956087226,330.3812264239753,1389.3983459975796,992.3463903462138,838.948338631891,771.2779987324222,200.77683078047122,1917.8039448845054,467.8717332801907,169.1554807619606,159.4820576531731,365.33138348114846,222.50806862439848,293.0669639659341,1651.0964824697796,638.2671462585554
Sde-CTlk_005 ,Taluksangay,142.72305775227767,226.80895372524432,199.9181016306677,130.28763524080094,202.90664503125566,268.91133452980364,347.10546110421546,335.49816700470956,203.8190284308607,191.78873743932414,512.4451407909436,432.51093029855326,2425.881773736084,747.0597064635731,877.8631971055627,969.2770748937581,1309.9996863824967,1150.9076143809284,586.9088731872778,496.9218015332392,1181.822623980896,346.8052691157387,1530.907668569532,1042.4264203885089,856.6666401627941,828.0729261714876,226.39601861386592,2008.0698014813156,515.5498375583492,190.4180564080258,166.51320612278778,383.94429013095106,250.68661810228332,302.90474441026856,1733.4347888422683,692.5909053352419
Sde-CTlk_062 ,Taluksangay,163.5845205331177,214.33739411180682,212.6525276990847,123.1701954916448,172.15190572564103,250.6851340750783,321.0026110385085,340.9049788291159,206.00544619698772,210.08178524967366,510.4874370329009,432.11489193685514,2300.9540046598604,794.008711726515,869.4668374114334,978.8366215521362,1311.5970992956334,1140.2092185394395,543.5931954412233,466.05531665672476,1107.6154524767205,324.13801180669947,1395.7776382686322,967.1306345316594,802.1168666720642,793.4498126043071,204.95438008942386,1925.5309403961937,448.1193090667819,166.98475282264573,176.8563271310645,387.07845216059235,229.06330600253287,272.3871208152104,1693.996996152691,606.9897023929564
Sde-ASac_008 ,Taluksangay,84.15078248536967,116.30112991372869,138.63814588092268,71.2344374710013,83.75284465742045,164.30876348402717,155.15659133926607,173.77628684271048,112.08261239371609,105.18280178132731,295.07044967012536,237.90074562314842,1111.8717550360293,364.4451848860951,402.3474232086743,458.903502247575,670.0895168189471,583.8783860292998,276.47688202714164,229.77120077435728,553.7854580212268,168.6043748144751,697.9558866463196,479.12491198166686,390.464150164903,403.6330998534312,102.08116381311498,937.0898317425496,205.21897183252824,74.22012417862163,93.85567529185428,181.33583119880072,107.50899217349213,131.47569112410096,804.8408351201185,307.113099062886
Sde-CTlk_065 ,Taluksangay,152.2021954906696,195.68563494096853,205.6010970041259,118.68556175323101,136.85665469775296,241.76778007807408,312.16941986238817,298.86194473644514,201.71616055698163,187.714028618135,472.4743056504978,402.7450489360484,2175.360711562248,692.802508864431,759.0847822490252,908.7790295718315,1202.92164758857,1051.7116715905931,492.7569466022878,405.0304418608064,1071.1078032827554,329.41421429448053,1318.766071171457,937.8777372792257,760.4484814084121,751.1723338488979,209.32491653016376,1791.4410020113364,399.94558560804234,141.70281326032293,151.98357691109254,331.03940409715574,220.0441630972292,258.12491966441365,1560.6614614374062,614.9184177559574
Sde-CTlk_097 ,Taluksangay,144.65387985982267,185.4236253701507,192.97227423503097,115.86048724090539,121.61241981475416,226.98290783530382,275.24576794924565,318.68430068933424,200.6021796804063,182.06607059759924,438.1142592729435,371.8482308940706,1966.8779054633692,671.0033616221382,745.4438207830622,841.2568617534421,1142.0754245162664,978.9999635640545,452.7158090037943,381.7299352377411,956.6540562711267,303.0302551114163,1188.805846874602,841.9245463378294,673.7421681507623,669.5443514889512,203.848185145441,1653.2718118831067,360.2461707108209,130.5156791613943,168.90136642028708,303.33718030055275,212.4597368911108,275.49415634682714,1367.7435810686227,599.1673767898998
Sde-ASac_014 ,Taluksangay,68.25271678005865,100.59993120097052,111.73243892554214,64.06927668968959,73.08290895229882,107.88167766430452,147.49392001178526,157.98708441211545,91.36741799714434,96.22812372300521,246.19227155792282,208.55943052646867,919.8925674150433,340.13444472556733,349.3366335414882,395.48865648947503,679.0171719849011,468.038756036868,225.9362821594619,261.2061977250349,466.40777856335114,265.34247081733815,575.2342416789876,312.7509157927599,238.93571132095354,336.45804811233165,108.51853835101157,791.2340775589106,165.72651161102738,70.45191884540823,81.16412124479628,124.65271006376078,105.00184016311333,125.60394784384778,665.7521414685497,254.14088145758853
Sde-CTlk_049 ,Taluksangay,149.06421307892788,221.84309493407721,200.88709934911205,125.12454975491413,144.58879981858902,242.8117221362264,296.56814560591295,310.12709403367194,184.97349191257106,214.9105636790337,509.30005370355104,418.652097456886,2189.1681408736654,737.2570052208729,772.8853400024224,923.9437054571722,1260.678791034687,1091.093636396313,513.533320218036,431.8339103605112,1101.449071603113,333.57765742089197,1344.6954127832669,939.7746186255991,784.786046664497,791.4688292643242,188.67710395540868,1830.954849316285,390.6565267072342,131.36475504202056,194.2173625198325,347.2507903925488,230.17513466360782,271.57701888827035,1580.6810029137475,608.8280858806447
Sde-CTlk_021 ,Taluksangay,123.32641171350929,196.73271965966921,172.81878555715522,109.06850248504372,136.15321482396223,222.9624162765779,274.3077996819084,260.9460763638725,165.1559897236852,164.93728549657894,442.6638108696147,355.8208327102279,1724.7325072608826,540.5740717406356,604.6462640821987,720.955373494088,962.8863999164647,882.1499508211118,425.51773147690335,338.041579627418,883.4633278751529,238.44984445633432,1056.5568834603087,796.8329516586272,660.2389414171888,586.613928027702,169.91751607615385,1451.349324950544,338.58354848125754,130.12566391073685,142.57637825390293,273.37018982853624,183.16659323525673,236.93850698018667,1221.4943631137928,503.2598537093534
Sde-CTlk_063 ,Taluksangay,133.64503078532323,208.25502003534032,185.21823416175857,117.95896564933074,166.90694949923446,229.38622920271393,311.553158711158,310.35952897059565,167.15065663014903,199.719557544573,463.8330378639495,401.0329076464923,2069.0580776856536,659.5885983175876,741.6602893380499,899.9754243653766,1126.667526776169,1042.6303122552501,537.1989125134561,412.38120096145263,1043.9379578953724,298.6518447061896,1214.9721946797797,915.1879292309314,760.253694748069,671.4235424635036,190.92075776166934,1737.445968028635,392.4980839716418,145.04018893124072,146.59719146112582,306.35461923347907,209.16559498292258,290.8013771839641,1453.8415108966485,615.223639770125
Sde-CTlk_016 ,Taluksangay,131.21190735360108,204.0519061872739,177.19527388011792,127.0746010412781,148.0218039139505,234.95680416725548,300.4039239649509,334.5386293865179,175.99347368411136,198.322034104635,459.0831761568376,390.4663299873755,2145.270491556792,732.3595943179962,827.1038310399728,884.1382610115343,1210.6168884690692,1033.9654240466311,510.32547381924803,448.3871583553659,1059.812205469351,297.3662593033044,1322.9202105046395,936.5139505445768,782.5031777849147,768.2209539472938,186.94526231696818,1826.0664176593054,419.03202749323344,145.16693982446554,155.1542011471491,323.12914963209363,221.8133640162603,285.66086483319685,1528.9296246492183,616.3410338257221
Sde-CTlk_068 ,Taluksangay,145.1854132439275,233.84950597153286,191.60044205953704,123.38635132890506,149.42013450084295,268.36635519872823,300.67874428166687,306.78836898736887,190.20318126469388,205.73483822836133,508.93435555869087,412.4495930736021,2163.145238180553,695.9672661980089,758.1882761048869,912.2496095212593,1223.6596494942537,1113.9325758469943,482.6070276809487,374.6047066823374,1122.5130996627345,304.9611111255991,1275.1826823261872,1007.7134893669727,834.5336837156665,774.31188715269,202.4429970346218,1836.3278308939775,360.20501572022835,126.92004321812188,197.75793409681435,321.81808589704855,231.36428504678508,326.773637438824,1526.2625686071847,637.2215578293315
Sde-CTlk_042 ,Taluksangay,121.80153975582574,222.90259351925448,185.13831896355222,123.41249432962611,168.3823662172795,228.45376950989453,327.9849660941489,312.47303561990753,183.59662959575266,196.61083105182686,469.7686673541883,407.3652638657474,2138.78999644791,676.8182131878617,770.7644253682184,894.7399572344244,1202.4114172397274,1036.89479996043,527.0896410822832,454.3675794185694,1057.331762091847,346.4993925328586,1312.5378816251364,904.7078201465102,750.6197455971231,698.1175799791895,206.6540044369818,1776.5988589012575,463.1189012528423,164.92979309075713,146.06520133816946,336.055653921549,240.75448192920518,247.83745663163992,1553.0833622543157,586.137077029734
Sde-ASac_009 ,Taluksangay,75.21949882005329,111.02216096797972,123.09307197929543,72.43765991920222,68.47659345060909,114.77295706585242,175.99025957779597,168.10374339439917,88.2972401519436,123.84310795538848,266.46557264369073,215.11617394294183,1051.3927883964632,373.19983420727834,391.75801452566355,451.2132376662391,657.0500063937905,524.7008535955797,255.250416047085,229.36476778967167,531.139690491654,203.67028633853303,649.0397555500358,440.97706213848585,342.712400638334,377.7253500256503,120.6995717680888,895.7493544760833,185.39391750068282,73.12591870116918,86.8663822838847,145.64451570179344,118.08510987402263,156.64002821003314,726.6398251944976,324.7564666038229
Sde-CTlk_019 ,Taluksangay,125.30810686495906,219.62403602757146,187.55579194682306,120.52747550517262,142.3001573334689,263.19447195321175,273.4480744064036,294.2747095409322,175.13976688450856,206.1488846272276,462.2847542225462,369.78052367869503,1970.9296957117065,602.20742133363,692.4170699609593,821.083709245105,1121.0692856393487,1009.6547059457356,479.32838489791106,368.04041056994,994.5925083752891,306.5337887646482,1195.052607995966,848.4238576313671,704.7862637555869,656.5190543703129,179.05671185881334,1640.4698127481558,396.2117674087429,151.87762408007958,153.44453769737137,323.845034271347,198.19565533202282,244.93459624936594,1402.9815779597536,568.0031883968609
Sde-CTlk_076 ,Taluksangay,139.76147415496874,211.76522087342389,222.27224763289732,136.9518909613519,171.8348684989458,280.87932340882617,302.3043002912794,360.21246433498106,211.62685513445595,206.65875093254576,498.2539783122058,442.35969303979317,2422.53012605026,789.3170602541541,882.3608289177165,991.3905570910487,1346.2694059252071,1183.0344778400417,585.8174747911162,485.6583851069495,1255.0501204660952,337.98550525194133,1487.8246877270185,1062.4580849501972,934.0943064478287,892.7787822371452,172.59591760725414,2072.174940568484,468.6229230898228,157.7708621667513,188.09523811997485,389.0762031456563,247.2275462594935,340.0867000148785,1727.83531694689,694.728968584073
Sde-CTlk_051 ,Taluksangay,140.3752194031411,233.39646439901355,188.25308335719234,123.82273600288441,155.88725587526386,264.84421395140953,307.61276801486963,315.52245163110024,193.2033828450475,217.0256072939781,494.42073462779655,403.3065129159459,2226.081893338286,743.1927460575083,833.7240866826505,967.689140722133,1276.6286262289439,1152.4852166456974,535.1633605104519,436.01500447319467,1089.392011429568,317.63403132088996,1298.4802364207321,957.2350122390268,792.2273144713199,736.6331884502896,203.30806283246625,1869.8455235439799,402.3513577665794,134.87869286974134,167.30452980445568,329.13079275888174,221.71244437297605,296.3210227797717,1582.9744451322044,643.1090147204903
Sde-CTlk_037 ,Taluksangay,130.18261694750186,216.02547462528585,186.90119412547904,118.60020792498642,194.04514839639768,227.1663950035304,364.77104995124,298.28864866094045,166.93544550304466,240.8298035052971,471.9985030676475,420.95961373776703,2208.81390976628,709.4213932565399,808.75072311436,924.1149235446478,1204.9263522171138,1059.115865700675,548.9200066382715,439.8939482264447,1091.632783301001,336.7001513462832,1303.959658961967,940.7090973346701,774.043312342042,732.3674219467235,205.21109100389754,1846.5667857929457,409.32856195639454,140.014039232357,144.34105384903495,312.58572024844636,210.4974770960688,283.3911702929364,1580.617074990752,628.2036606938548
Sde-CTlk_070 ,Taluksangay,112.81715230797134,199.15617088287772,160.8039598807505,113.58504850287291,126.66486627830147,197.54429532446647,254.99034800817458,293.2718564111633,160.64602071865957,189.48859736630592,401.64934322462176,329.9183067973343,1784.9570959171483,583.0622651260928,661.193728131665,728.6626359402613,961.1319641505426,859.9779689323965,431.05667250369754,338.39773316423083,878.0404170670959,236.12379467620352,1107.9358122138487,788.4269507432126,647.9113529240632,615.9897852440412,171.13930136952789,1492.8212278614508,352.1222385672482,123.75972570367956,141.090405454269,289.2771352378374,183.10400603209098,217.1454453896971,1288.2348240806798,496.8558682017956
Sde-CTlk_083 ,Taluksangay,110.86428798219922,215.8692745382955,181.58207196573682,110.5818797077532,146.0065369502681,212.20738962375933,281.2326891659822,264.17101471412417,156.33266034853372,203.45694701385844,447.73709078075046,374.23857638851183,1709.6203838251492,557.4216526590978,608.3735672527282,749.0261304421896,981.2117255254598,898.9191095822637,432.41609091244504,338.2764433557855,898.9614691676168,252.98846749020012,1014.7528488334291,775.3164103878104,660.695021570346,596.3373920793497,146.37553917236292,1477.7707619899,306.1935218941775,121.31688720306009,155.00806629737036,264.9795449547192,180.18720206354834,274.2326126211103,1201.3963631973631,508.32719483867874
Sde-ASac_007 ,Taluksangay,69.31664273160955,122.16500766852185,114.24965063968467,63.64364220375831,70.97580418382026,114.1206442323211,160.83708590203938,141.5523624023619,87.5638100268918,127.74628023586439,274.1402420339634,213.4631786545399,947.3468637145319,324.0066298300699,329.2630147493945,415.02661518978516,550.1146947751532,495.30413590121583,223.66582224436974,179.0091305949783,494.1567266964702,134.9371104912211,586.3291213035304,433.91706152943567,366.1825536842108,344.2030534767522,81.55776240340359,808.8233745047493,180.94104390380858,69.90032778435312,84.30566308712595,156.13909442493875,98.91586348427636,124.06625900703214,688.3422440803485,259.0253706095408
Sde-ASac_036 ,Taluksangay,61.94252162888109,101.79136128454124,117.73872612445741,56.30002530248102,70.87033494015672,115.36508716578862,155.676447943194,142.72904191593386,80.18051808732844,112.03015075027795,254.29727689247872,198.41101739596016,908.7503016044012,302.9091711802236,313.2837047947755,353.42700647154845,538.069614496944,434.3617898667538,220.07483403771997,204.72120384996765,453.9536119357792,142.33940098851753,586.0659942206594,391.612590793529,322.5220216707226,339.6461920352561,87.0366092589204,746.390007236485,176.06528830127183,59.715981723571986,89.76607787137617,170.6253914334264,107.07572786117306,103.89774316167801,663.7654666518062,245.1174332151838
Sde-CTlk_081 ,Taluksangay,135.54970372730443,195.25752549461438,187.9076399372042,116.16305475274832,148.8057940473085,235.78629405735185,271.9096294935139,301.67447209508794,169.09110751574133,189.13749621925845,426.8931359489865,370.46617249722,2101.313045759372,655.2813387539812,752.2717803482528,846.2137146355936,1141.7088996582097,1006.1003271173754,466.85128853668164,384.09164481697604,1019.6204698631742,298.81401177469917,1309.5323575558414,891.7896196486253,736.083384426581,723.5036485660319,186.73472399800198,1732.3701884924972,439.5820970168029,155.75887038075865,143.9448970238613,355.8748326125494,209.94125254089533,234.4161059028156,1525.5984400662514,575.7583914169295
Sde-CTlk_094 ,Taluksangay,108.28107274340654,221.03179351869267,176.75182631319547,114.7712099013076,143.84179123724783,218.07044113982982,272.86512986004647,294.90114511421433,165.98131520693798,203.99402310871756,446.2870830352701,374.289032139936,1893.2184875934,608.5982115676401,677.7326779592378,804.6021967378042,1060.2068377993087,953.8072510107376,442.5468048819357,348.9419440211366,959.0304860868656,279.6290805641644,1125.5964447549086,813.385054964474,697.0537544214865,646.4200545043755,146.9960179005203,1599.9869968481773,375.23734458211896,130.72133352475404,143.7726552173603,316.89394586359623,197.7403700735892,241.07260093899094,1366.439097185751,526.78070189539994
Sde-ASac_064 ,Taluksangay,55.38808525486324,107.24915857968307,120.18499250813304,56.8981554615789,70.30864757289817,100.58671480916153,151.97802525311877,141.35065675432853,78.95935922663001,110.42871593856373,246.83823813042014,189.83432983939338,825.3356131619186,282.1107542572775,291.5086627587764,481.4347032992637,526.5876064052073,553.8129169853676,291.09590165620676,187.08682745447365,470.43912451615876,164.94121435087106,386.1000420351699,363.06646912115133,317.91904752608,215.48072471172438,61.013451298955374,748.9700173844611,130.18054648064745,56.5932339153718,71.45283920104218,95.9849966436944,83.76824681279894,152.9552448822857,594.9279219581562,230.41336033392264
Sde-CTlk_039 ,Taluksangay,153.75693618201421,194.97198822887364,206.5709504845247,129.09091567550362,170.64565566861063,271.53730885248535,302.6766216916827,347.8283686663438,199.11580249806894,188.98624403445342,504.1332339866218,430.1956695001241,2342.777394697605,752.0396562091723,841.4539615049418,998.2194210833657,1318.1370856340018,1182.446247416947,601.6407157099658,488.4537768272859,1194.557663533498,351.7063244004008,1429.2580172917137,1030.9202155411883,863.1479230664986,807.9413094027377,205.51879719714194,1979.4976457721214,468.41202309856436,169.87361183844902,175.69056518561266,381.02072239080366,233.48515122713903,304.9408189656481,1682.936584218505,659.8839300939597
Sde-CTlk_043 ,Taluksangay,142.8271580847634,193.30419731728543,182.53946706726188,125.83753973218802,186.99303182314037,218.32799433059424,316.34450376957716,344.7869360582706,191.79187392955419,178.15307507449882,448.7531470348703,416.505084932081,2206.565415864737,715.7547822321623,825.5938796596605,917.3614113199335,1174.6757852640235,1045.9334714912225,540.0138726448516,448.3227190018481,1063.6278142283418,299.32072693991654,1345.7971265853707,947.9790312989469,782.8434179133397,726.8984849237271,201.28456454783114,1838.5412987698185,443.9596658988293,157.88557845506352,142.81528430304633,320.55266865289065,217.63574363989486,233.26967119891523,1626.9375805788766,579.6574211444982
Sde-CTlk_018 ,Taluksangay,168.36340322798895,206.97744654075234,194.35685153554527,128.9393215409869,164.311631529755,255.28087872302538,320.1761134828768,341.0407691029658,203.8122552619258,198.00439752389337,488.0000261770894,418.7910442963173,2353.5153742671937,804.5181015249377,893.9768478535728,1000.1158809582068,1346.4546789511558,1168.8991735696325,567.0200317433591,478.6133937528389,1163.366553220712,346.71131976906963,1409.7567748990464,1015.1245633719046,836.6559244999163,822.3070803173226,215.99380098190338,1994.386670670171,419.3286257689189,142.450748766056,199.61750864851504,361.60194196386715,235.56297608089858,319.4857752330294,1677.8791805726808,675.6434911874752
Sde-CTlk_077 ,Taluksangay,165.41239691090266,219.74911469455338,196.254516784124,123.2151371542474,175.4469077233908,253.3407937371516,318.0099672055736,336.8717719056021,200.48365848003672,214.05800349720633,502.22607070945645,424.94083797777074,2296.6850606779526,783.3526236874234,846.7900981329021,994.4855658524411,1322.8852831426957,1178.5527419239243,565.0193382987525,452.9445310435816,1133.9322278237971,342.80326870158353,1352.872918446799,987.6498208858291,814.156955878662,749.940462514965,221.56393118465868,1912.4169811629704,431.61341513609113,144.7357378443898,186.225375503689,365.7758501339446,233.9462235087585,268.2370823175647,1690.776031771,605.9331890432808
Sde-CTlk_025 ,Taluksangay,151.26344957434364,215.68640810058014,198.63502424398874,148.90051652361728,180.57920487143582,247.84591177443295,329.50889127659366,367.5425536741563,206.36497362161538,181.11072782654261,483.3336248248098,452.8037791749756,2412.109869195931,776.6021988478336,893.7009186646113,1035.6261224657671,1333.0082619831355,1180.141197684421,627.3676187500356,516.6259311124055,1212.2725471923752,375.0429166472684,1476.9449117903516,1032.1746282356683,863.2207042918744,809.6497661940004,221.04643804105984,2049.6886534213727,483.34189832851223,180.24629934276035,163.58031827395976,363.6253911109067,246.95119349881674,325.3666987535908,1701.153628616537,710.9613261480824
Sde-CTlk_020 ,Taluksangay,165.30507252773583,221.6373250416093,204.31167293419637,122.83281538485545,212.1757374800663,270.56835893784773,334.7848796431822,353.72429754679,214.8322975590495,161.8900502129764,503.91501767613556,415.78564051174254,2392.8923343180427,729.4775086040762,873.5508689116222,986.6576241764617,1289.0885075508234,1172.6744700395332,605.5822793070236,502.0350436813051,1209.7337421888503,336.4446060943761,1449.6278497252458,1068.3344505394555,890.7467313813956,843.1202680942085,209.91346241287158,2038.3328183423066,421.46565145749406,159.80648755717013,189.8888806301201,323.32444159081126,236.13983531932942,298.5791412302776,1762.0640330451813,631.3881273147289
Sde-CTlk_003 ,Taluksangay,149.63674248452486,202.82492275894006,186.07108138173967,120.13076579382152,159.56027163216416,216.3086773173005,326.432191609115,298.0901400667422,184.07766122851518,198.04760904784985,466.0276929877558,390.07032007485526,2001.742761427634,634.241062256308,717.935768193959,837.927335250462,1112.853500510871,973.921809236296,503.76642471904574,423.0011269606737,1022.6131416204074,311.5101921382507,1241.0238811122088,883.5733943147508,732.6276071035337,704.8563938514353,188.02438201903504,1702.2471006837077,385.20289861842934,152.23881084996015,153.2961488296755,309.36479238756334,200.9481655577876,282.5238742319662,1410.3656082799596,591.3775219678289
Sde-ASac_010 ,Taluksangay,77.42538974147692,98.90774179370392,124.01433874068756,67.79798045502534,76.86805436499614,101.68681671466759,175.03379957267225,169.58652576063818,99.17861611541876,78.0409058974843,256.2954651194983,209.4036945704884,989.5422513219941,356.9716428582669,369.0864925337827,527.6608851838934,580.5484440766734,592.7150177581132,316.3300715079741,224.78446984560566,495.980551875575,153.37260477793933,526.0032266718524,433.0934405041596,352.5444648153336,242.91933662909582,103.09366570745277,835.769094499653,201.7999911537164,80.24711370192699,84.39687192716313,169.02645598556447,108.99910130363459,122.30937800140256,718.6485875143429,270.89423588005707
Sde-CTlk_078 ,Taluksangay,157.34582471136625,202.64358874955798,194.7824828961783,120.0220006014314,183.3187452859636,249.90833229238274,306.16081448706007,317.7969422910328,186.99670026179606,183.00408098209178,467.45022779227514,394.4979764273703,2307.200552550558,730.8355799546844,848.282025970237,957.0917290400226,1262.6465214019402,1136.3364722218944,531.082392227082,431.99781451826806,1154.329300010829,327.29859626591747,1368.8680117395577,1013.7271340731144,846.1849005573488,802.075599651311,204.79871029925923,1955.3529732052473,405.6950631262353,140.95579879965928,182.7085893653881,348.1635233140313,226.53444854114352,309.4003812408772,1653.8539699885991,653.4202337158607
Sde-CTlk_031 ,Taluksangay,155.61770018979206,207.22850498444944,206.11025919744998,122.18424000704833,184.15372756458126,260.399028197457,322.6131548528361,336.3705592921295,186.49540887638494,212.18220860922816,496.0568799874164,434.8237450020985,2181.9171859074763,697.3683521505833,793.5988315664343,894.8733945198393,1219.0313122003881,1069.2110840380396,503.38512298751937,416.80417343639925,1108.2726788925233,315.36854817746183,1316.1500333910608,977.8893362337528,811.697713155119,782.0862678542884,197.63977221460263,1859.9994420688677,380.3286131820746,139.41643844841252,196.7286232909689,328.624168568838,223.1762092324359,319.44634111067825,1538.8912241278786,643.0259841272044
Sde-CTlk_045 ,Taluksangay,173.68946974557784,200.79431861646387,190.98162502809006,126.24469427179895,178.50751758693528,245.29089652396402,300.85073786796664,323.0142115164904,190.04645246912662,206.17316960528595,473.61413648044754,410.4548144257782,2216.91124080204,723.9445408728283,819.2424892123333,909.3611280888192,1253.8332913336965,1086.6173724785556,508.66101181301485,431.5838792466767,1082.2086840564714,331.2943205494021,1363.2406480135814,933.3978513904187,768.7060609295401,777.9267988088594,192.74072058742576,1861.246578097598,417.08789150490793,151.17453472595818,163.34612355440183,350.81932116154854,195.28416655161783,271.6517284610755,1587.8005398781834,629.3365258108018
Sde-CTlk_080 ,Taluksangay,172.6744805177939,183.54658298734412,202.23584397574044,126.75256815086622,179.5189199858611,232.04486795102792,337.16567278032625,317.10158202180264,183.1759873267782,207.16319369738437,497.4400380030643,415.4051881675287,2314.9116224528416,712.8815960662823,810.3161748619486,999.7849384027749,1237.1852736140572,1153.3288690197128,583.4522089898109,445.483571490577,1226.7109926359344,346.2602059727481,1372.5218722449415,1023.0739120654969,896.8149358626059,816.3919906957991,160.25444240098307,1997.2551726677539,444.94973938205635,155.10058839295226,152.98267973087675,361.2067176556383,220.70516630337403,314.0468326257249,1682.3239223436162,632.5900506822408
Sde-CTlk_009 ,Taluksangay,154.4237832733352,208.3404739398708,203.17569921823824,140.1184823449426,153.56917566243555,234.11290245607998,373.45406070385684,338.84222284494,201.65336965739004,192.21486701015093,507.0390219051981,420.4948581194543,2324.9118278204382,753.5973568645394,861.256887850849,1003.7206089678642,1276.7755772224655,1134.0981977707268,569.9521514030806,450.775661381457,1165.625680208977,361.73338691485196,1404.600227433685,988.891426193336,821.0322310453167,793.1148923388339,208.77907731963933,1978.1432975460827,432.4844876306662,163.0936008064385,164.1307561195037,345.9846834211163,228.8728635165165,281.105309379759,1681.851476719205,643.2233702882693
Sde-CTlk_001 ,Taluksangay,156.0639150063845,203.31068066385498,177.814376696852,117.75733056561701,154.45495208056613,224.95284794107408,335.8511171914276,281.81984075158726,183.04928919184582,179.05676185458623,492.64253769665487,397.3885473059962,2056.292702386321,659.7363461334916,730.3259620857663,933.5059568131313,1140.767984802256,1076.4711590163854,540.2807696150307,422.691007049878,1044.5772620028113,303.0977267245829,1199.8245051538538,921.4772233864494,766.5288144966502,647.2734231674895,196.45106842987676,1732.6029785639669,399.3749689384775,147.330679510956,158.67014344939005,325.8643190056865,199.73731117748133,265.68046953240633,1486.234861737636,570.0713944488091
Sde-CTlk_006 ,Taluksangay,160.19816404511664,216.5596874342268,187.1367607940781,121.71837558187342,171.28181220158785,279.05307238946494,299.4741328857136,295.46316084962285,189.6531238862627,193.80673144248624,516.849653348631,416.42661497110146,2246.6381520105388,744.5354139003599,820.6388606842172,980.2401805926188,1301.314393465042,1185.3704831152368,604.6367586974927,493.3186987850349,1170.2641759440514,327.6963106079926,1334.711034960096,999.673680662845,858.946276149469,798.0207283118904,175.92219538261796,1933.7402993937785,405.0003156458154,141.54095273202753,181.95697094162128,335.6080731351528,226.69942379335674,304.09309629361866,1652.3988074719398,594.2825965427896
Sde-ASac_016 ,Taluksangay,71.1050869786403,98.53248386928038,140.64113120922346,74.37101103716417,87.16868883521192,95.37979990904782,158.0724257194151,170.3762010398459,83.67764810419806,116.96510723912495,265.0876781880478,224.50560757907584,991.7155894862701,404.03291738570016,412.2519516364962,466.1301351996029,625.3263888487835,527.3792101981363,256.80976196476644,235.12607089723164,434.2342213300675,149.58916419156174,595.697175267308,377.9727600504565,301.8377685018229,297.0828461413584,102.25576182298964,820.1153181775414,208.49456910432934,78.9582868491964,75.77787873779513,159.02265243341904,108.1063553217848,115.13396213107585,717.6987615328454,274.10861706659284
Sde-CTlk_040 ,Taluksangay,152.89090353909225,201.4236825894115,202.02206870102083,130.09556226255378,182.62378100962096,240.2887355111138,327.12034363900386,327.21973121553964,192.82124006654456,201.70413348360017,500.6061140108158,428.5763672635368,2108.993799024855,682.77084215356615,766.147566856601,908.8786459145906,1208.5549619270942,1072.3267738122786,561.1720026061616,467.99083353746363,1098.2309768525745,333.59028416481203,1282.9526778144584,929.4834599688637,793.5868155976634,725.457483703387,175.97476202572375,1816.307090259918,427.4073858738168,165.6842404432297,152.40775443119696,319.5585602210649,220.9850876864998,270.8138912437099,1548.6505761608719,560.3481530109741
Sde-ASac_020 ,Taluksangay,73.41487745029681,100.6714316856575,121.16441549270974,68.13925609881574,72.83391618284713,100.13004532047314,156.47982083994088,168.5516456022785,89.41421286669194,101.94626885791358,247.70773408783586,203.98931605231192,970.2461577274553,330.2422884257557,344.4473192777235,355.0774024993001,550.522406205088,423.18425554149576,205.39575424942456,199.6340690419599,488.5297275042737,148.36888987385458,660.8569668485459,417.87552873696745,345.9266883341035,400.2298748573998,86.52154555369447,815.8319801427068,189.45695886773333,64.01171082083339,74.65862408248627,162.32963888794305,86.0926418972028,121.96452500772499,689.317276243741,280.9288821267048
Sde-CTlk_092 ,Taluksangay,137.4207460935211,181.16004021508166,181.99182309447315,113.81445247810137,134.88279061307264,203.43455029893522,270.76317808071684,289.2137082620048,167.00582919293566,182.0921628359112,445.59407894275256,356.0340131711716,1841.9810753547715,591.3393966914432,655.5503500912802,796.6586550738591,1011.8255843932097,940.4896486943065,434.0942113226229,323.01273045680415,911.935076865941,262.071644909727,1113.3514039714553,816.1376781608664,661.3105988633479,599.3766357112695,177.5832518741844,1535.1967010516958,373.1626705279617,137.02661073926478,152.43327885012485,311.1705906146818,191.52012522001434,223.51351523621554,1313.941005671339,528.1238119693243
Sde-CTlk_089 ,Taluksangay,145.79924313510682,213.1906446561152,206.00747640813915,120.46923061300753,157.59844846958364,246.95961983451872,302.9996770979137,303.1377355041929,177.97758314091132,199.97578617175128,518.2029569084298,424.44131018325714,2281.188784968574,768.2980575724306,814.8071366035646,1018.5459295827656,1311.6253121949196,1189.8736086152219,560.4352572485515,452.5644153519033,1175.9155564869445,344.1577900785627,1342.3292078154896,1016.195127510775,853.6098078432325,798.0821244077893,194.39463689988975,1945.7351066425515,390.6550440452675,144.45701885695973,168.287729583146,327.3240544329733,215.00738026563187,356.5117553322611,1582.376785463892,698.8883885853018
Sde-CTlk_004 ,Taluksangay,127.2206986012103,199.07323172028933,189.49648659539838,119.11748868650645,162.6913333407775,218.5992154557056,295.25384502004374,310.23980210284105,177.46802833471162,183.57751622410078,462.287455060431,379.3624762813133,2110.694326297347,673.5024342386373,758.7046576889652,904.2818440880586,1156.9050781148685,1057.08575335011,525.8656800477571,421.14575908305187,1046.3425767892656,309.01976141051256,1279.7997528305123,911.5452208504247,755.4211946089478,698.3675638563764,188.4230885378965,1763.854247181419,416.7672684763645,145.58059725969648,149.78070313214576,331.6642828343747,197.0811851062653,271.8830532101808,1496.246540601227,614.7347079643464
Sde-ASac_049 ,Taluksangay,65.56688846544421,114.4831317318844,108.53287365236395,73.63126521559981,81.97201955673654,98.79436861000733,158.90517372839062,151.17334342297255,78.614794126551,103.40561966667964,249.6269478395712,205.46216426975062,940.3876121052213,314.2697552262069,349.00740657928736,617.4765570603796,564.3968021639384,690.8159963906236,379.16252288099366,238.04307934878096,522.6506624538899,172.01636825782018,396.7954528920914,406.3209828960596,358.98867322000564,170.16956160809124,58.203384461386726,863.3354143106432,181.43336806500068,88.98046835823013,72.02743889963054,112.52020075950827,118.0308568997531,146.01100220750487,692.2137629346877,248.18060340332806
Sde-CTlk_026 ,Taluksangay,121.67463958068667,188.20935121467792,178.97797365611785,114.01869514049,131.4424441909842,205.998070246204,268.4911545884705,264.09521986544934,161.8876762156403,163.97773300314284,433.3691919596616,345.5460800476834,1840.5232473314325,577.3383698913922,635.9464923486015,748.5738683980693,1021.5536138399493,899.0593360350862,430.278747563716,332.5576324454004,951.4536114793459,288.0635940161306,1145.9292212109087,824.0563107223011,672.8210342290139,668.7947976182904,177.74893074010302,1552.4295377706069,340.24572236106076,127.7992217824896,145.97439628386883,277.5975280877157,191.03106742624354,244.24732598650894,1306.5511102728588,533.9809074011916
Sde-CTlk_048 ,Taluksangay,153.42972091929775,204.2737225659972,205.7676441743211,120.90666622022961,158.681998208902,226.29183051246017,285.5682995713985,316.629856504938,188.10838342558688,192.1335380192901,470.4415802935153,396.6387928066038,2089.2891198291563,687.8461255584783,759.4950434507456,936.2939249966328,1181.1304931250231,1085.287634603712,553.7077628073225,445.59515343634524,1074.6690514592156,314.87883881564676,1246.9493743100597,900.2681665842683,770.861201145472,747.8129582081604,147.96806855277936,1805.1455498577948,366.57259025193076,139.46209913166354,172.1988331900075,316.3270811201598,200.24534721438596,278.8980736074738,1527.1704973391968,563.2997361641845
Sde-CTlk_098 ,Taluksangay,142.22538249763997,195.14417812648165,171.47426528561067,115.60513697807725,157.33528147297415,169.44067003305318,345.9084042391858,268.9359630498867,169.14929790838625,180.97784173000295,439.7935807557563,373.37539564107595,1891.2480157249024,612.8676799649415,660.875649958485,772.6848245996359,1016.4153033954035,869.3260725700801,460.148294255841,379.47565683222683,953.9403297101134,293.37383131358195,1167.050400137869,810.0054582430231,678.625004886712,658.359852103574,161.89535079488851,1572.4148411960534,384.96627312137366,135.1387024744947,137.95307748085938,310.17744905980845,196.26312808729512,231.72801499594306,1355.672973581199,535.5762417662776
Sde-CTlk_079 ,Taluksangay,139.74236619644023,211.8877159943917,190.57277501062418,135.3609105753209,149.95134798260398,233.26683369748469,280.0303623246951,337.27441281929464,197.19504305681724,188.1391882661876,464.50759523530945,411.5228806456939,2327.252341878194,769.8682130513572,849.7774548432136,1014.2419702552493,1287.5116949151375,1160.3866446084253,581.8930881954519,484.6990371493326,1173.8686776502088,336.28142902522893,1420.3631762010727,1019.2653312777247,859.6989477404283,805.8408772508936,195.28692235705412,1974.1622044134974,459.633191222914,162.97569048177093,158.3469020796114,353.16727796249745,228.2564605338478,281.9617456669609,1695.3853969992604,631.8670137877112
Sde-CTlk_017 ,Taluksangay,163.73695016220378,232.07353081685122,196.9534073738507,138.30676846004314,178.95760210935444,263.26808245317164,337.3751233775988,342.537571051498,213.30958982197683,203.25933791587542,515.8881351502571,448.2226114491994,2327.70586265993,738.8982814249875,824.2173816770247,996.6970307290226,1271.6351314249855,1175.7439111589056,601.5783692099061,464.3652917057863,1238.1714558381,331.8405001054723,1407.928478587758,1064.662737545205,922.1444869127017,819.600364525352,185.29394507549338,2006.5585030015172,453.57543789703817,173.0769477118485,179.14992989270186,354.83956044082817,250.41920842141886,330.4894855837474,1661.3420954845874,666.4310474878929
Sde-CTlk_087 ,Taluksangay,107.92581612649494,186.47853080159123,181.4085120285705,109.15676019088328,129.47501099640814,218.28557132172065,260.3976515431927,256.9089217612343,141.30502773125238,179.5399511191868,434.82291506696146,331.5895216665931,1857.5715137115824,588.56578125896,653.1674025072132,787.6721931735434,1050.6039456906394,960.5293674553891,441.33894315989164,330.64223751149825,946.2675129848006,284.37167379055194,1119.5321597747918,828.0709000870397,677.6309498715061,620.5399295776621,181.37650173051668,1554.541431623107,369.45255087407355,133.3836135072445,141.8208615070787,295.6949099231164,195.44951113870815,241.97055927837573,1320.8557936870552,536.7525429971992
Sde-CTlk_032 ,Taluksangay,143.52252467456108,197.73457242083387,178.22149956859863,117.82456960910149,157.70905856928445,219.28820640392405,307.19862545740665,266.4302684862214,174.72353764633428,170.1159253465119,483.88312606501376,385.8084048784448,2120.2676020626095,721.4384043237856,777.4429482219322,946.1553048307026,1208.1832594703048,1113.3073515024546,487.73210226690026,369.1391222620002,1021.0875822087938,310.46546992799387,1235.6823054725514,934.6732793852673,734.1424218629584,648.6610738344718,254.89379543496145,1746.3944553032716,380.36459909672203,146.9277877082481,149.87464278669702,298.1535386270135,198.6305535057485,253.27957540662447,1515.2464466199021,605.0516479446112
Sde-CTlk_072 ,Taluksangay,126.83527347173576,195.85777940995857,169.07182004594975,109.73824766857722,137.1129828302557,196.88999117867826,276.4240042102168,262.5301996494308,158.7476780135382,173.6716852313007,439.6852011153548,348.0033629438083,1871.2210297156507,581.4133252460766,631.7686609720681,794.0204042309305,995.0112048853522,938.3571961446506,445.35709252945554,314.28253642264303,989.9919320008067,266.2668627749988,1136.2368766483332,874.5564844292276,729.9890598675092,664.916813061604,167.3488372028918,1589.6584083916423,345.06356824504087,130.97507098085495,146.97223387143578,273.9348078177727,192.0617951976915,269.2638052285528,1322.241993730535,549.0838960637618
Sde-CTlk_035 ,Taluksangay,145.74129337373813,222.76910783043957,192.07326203592208,121.17236387398738,157.83573979758202,242.99430267825218,326.9802621202845,324.46635947638697,196.88232585991565,192.50062291683628,490.978118547884,384.02148564043915,2146.6637252700875,678.6191785903196,764.3071643981497,875.1374483361571,1205.1615141972134,1038.917021342826,540.4198760986128,450.2008174133072,1088.8514499462265,340.3305541082228,1338.2632136121092,936.9293254941325,766.5346593195965,763.3469342059611,203.38426568650792,1799.5554301987866,410.3087764446308,153.78353106964997,175.1732173757162,342.42956625583565,210.3819229715567,271.5018138429282,1533.7063895966824,612.9669623485104
Sde-CTlk_082 ,Taluksangay,147.3641264468731,211.3468294866285,199.40774722492597,143.72827760983571,166.89582827296795,259.0364964608656,310.18681106264006,364.52212851768,199.0009744933426,199.82717205457823,472.71811445016573,438.13700250904395,2407.435674240118,813.3595678415543,939.8352736965398,1012.9844040659905,1369.4918818751428,1168.7835458717109,562.2529941649132,492.4358670266515,1156.3838347882422,359.8028457924701,1480.2853764308725,988.0075381758783,817.5374724867359,842.4688202293842,207.24323393433096,2047.423838401285,457.6345317207173,156.84527728819236,184.87921242865548,381.6096379965921,223.22099453010685,290.8357560114646,1744.198267372193,663.4342371932657
Sde-CTlk_047 ,Taluksangay,137.8464073643198,203.98649895483285,190.3826618415132,120.68706875560447,160.04227334666928,248.32548610732653,282.09663444559203,302.97347148570617,161.435054196076,190.39925541138544,465.35843246985434,390.10038070820946,2132.730895431789,730.2703364796491,813.1699234253871,891.9924262830543,1239.7385272182598,1070.1480957893868,503.6065970885311,437.3132836460493,1042.980101965517,307.09214290502456,1293.4526187743602,905.1407383287366,752.2828538588395,762.8623436093106,181.0475346158849,1808.1550904430876,383.58688825481244,140.25132853648842,170.00911355939112,326.66627033290393,202.3292040265072,308.6987792106734,1498.31225763225,634.4915790124329
Sde-CTlk_056 ,Taluksangay,140.61087486439308,226.7246883488871,199.3362522390747,123.11194368707692,159.40073739556544,237.12414343832637,313.9292490566147,307.20175814265775,196.19706452852446,190.28048526793282,497.164619028235,425.79262410300163,2153.408041246324,719.0965059153882,778.0377113382101,928.632731634913,1202.5342380259326,1078.447287638464,504.38845896590465,407.469795882161,1060.4610614531257,302.9755795361238,1280.7559679950587,930.1023505234303,775.5411666663736,724.3186052781538,194.50253576858594,1795.8337689876116,402.62618477317136,137.67681300582177,167.86567270496363,347.7253263442998,211.00471485786764,262.92428101459177,1564.5395416156412,588.8743954770066
Sde-CTlk_071 ,Taluksangay,123.10475175382143,217.09314661658485,180.62723434665102,123.0092932003513,135.68215215053164,244.1308257021223,304.3523680271438,268.6265861018228,168.69047928416117,182.9284758312111,492.45544528405804,390.86110145130834,2036.9185377850265,663.8169972532038,727.4679674687334,846.9672234415802,1152.392136989601,1016.2231921920794,474.0472193284546,387.113989420429,1020.4779899899064,294.94371654002043,1253.4629680893051,888.1477872848415,740.5376408283106,717.7931331475384,188.21598651559876,1704.8158896484774,380.34874281718095,136.86406800676352,169.2566816229125,325.15049745262576,214.43794134751434,287.81542017800217,1418.6115572819008,618.3408315371792
Sde-CTlk_011 ,Taluksangay,158.59236385576705,232.28391926855375,209.15398122287797,138.7664240729724,206.05352919125164,298.4022782119801,357.82311615217094,369.1056807951078,214.03200285751663,204.82786777242978,536.1862930689668,497.5764961480898,2654.306670492805,836.6978382335764,960.7607702926312,1114.4291254270863,1463.4138844989548,1302.480817222181,622.6571349505602,500.7650439698841,1331.4872709332074,397.3348171690471,1589.072140266039,1133.754294884637,959.8036597762274,905.0468232551507,220.69395858645524,2238.67394558035,517.5689117820061,175.2504374966293,193.04074704175787,421.38684929775604,268.2294525866985,349.45640928775384,1903.7082161733185,750.6220828676975
Sde-ASac_013 ,Taluksangay,75.61162975536831,111.89964232337829,119.19253605440235,73.94849988972055,93.62220550003083,151.8961730227592,152.64391127097076,178.58888361888287,106.06463943088148,99.07104277542452,269.3295383778207,233.60608950395536,1042.8987515740248,316.2876168477356,369.21709511837344,410.30719832078256,600.3819682761467,529.0219997043317,239.74084851174192,195.849491436077,608.1399300300629,154.0176222447289,660.1647281749307,536.7233843674785,459.900379501398,454.88929829737685,88.3171023202756,965.6037413003327,158.16887911738513,79.29119010962074,88.41727423580755,101.64968098739891,109.43584037823258,213.8077783343019,731.8546796344273,311.15057353514544
Sde-CTlk_095 ,Taluksangay,144.07018600074755,202.88355599530485,206.69244205284812,123.3408405799555,161.55041846073937,276.2704608280263,278.20465407472966,323.8049147442021,188.43061616045838,193.5251223531457,487.7333027148546,423.5322920866601,2234.0159740609392,736.2282623272894,833.44378189992506,928.3349547101304,1309.861582237333,1122.2440531447025,487.35382695737604,420.11417657912943,1087.0260776083712,347.1548070154869,1353.6241829903747,919.1664701875771,761.4673809486789,784.7729811920389,193.21119992539232,1881.0222909016818,406.34749053888584,137.56769690814048,207.5661493197049,365.87241544184485,239.76571613139356,300.26349064654875,1587.3754841183134,647.0065196982173
Sde-ASac_025 ,Taluksangay,79.08806541029058,108.95805842437721,128.3560614738938,71.62597307708988,86.81813884534726,129.04541453740228,170.59672051047755,173.7824153025398,91.02198481517748,110.12634628007963,277.59188186661726,233.17334424097453,1122.8420801264306,355.03077973078615,371.8455425174813,472.7755894744356,493.3296722719301,562.8173389458519,294.9354647441539,264.7649988998547,583.6908666202855,32.267703825497115,690.3535255229743,611.9288547027343,552.646441260821,381.7200396413711,71.70133369254721,929.8162920175254,251.44783875022665,78.76094851485738,91.47794416519217,222.6840961577858,118.83943505962152,132.15399155364173,811.101977555831,311.8289066530073
Sde-CTlk_091 ,Taluksangay,144.7419896180787,200.2784767647787,193.31217943404397,113.81222355902733,135.515560749384,248.74891579024015,240.0444954295974,283.6457237651574,167.90376871172364,177.95692716848646,464.54110332251554,374.8908177537162,2026.6380509783808,652.0744541503601,712.2105625850406,885.0276257938167,1148.7933759044095,1075.0020402012733,471.4370730598623,348.72398014907145,1018.1825239361557,290.3363455696857,1207.1900628020467,885.7490858476798,737.2296610699818,688.2686810790175,174.61141661117122,1698.746952958592,376.79883083183756,138.56016820139894,162.1403354136163,324.1817021687063,198.51778232098,267.20825926112417,1445.7993857789709,580.955105454802
Sde-CTlk_010 ,Taluksangay,117.63642364820517,185.0301231821457,162.61974051685732,106.02775633663104,118.04955825944461,227.665307447336,272.9681477471867,257.6452252047377,145.45537102492983,162.59899494194298,445.78927685924657,322.02919537333884,1810.974498938696,564.134846386234,644.9250909106032,774.3791349271362,1027.2346728769285,943.4368660793418,430.76037625733403,332.90289064915015,899.0535783879402,271.9562248781962,1075.199312750171,797.4715757484778,645.1131096691184,586.7101213725907,182.4438358028026,1504.5228817015345,345.34980198610214,119.44146373889579,144.22310731879958,293.55685652397904,182.93316878576178,212.6641534066332,1301.1691942124246,509.81202097742863
Sde-CTlk_002 ,Taluksangay,134.90519920352406,211.75393334153205,190.34094151837115,133.8912017469781,154.86304140885258,229.63829232621464,317.90385506445176,325.6342935113292,174.4231637111095,207.98056408102175,480.97000849929293,403.64107792033496,2240.326750995488,743.2483748409342,838.4053718252168,954.9015993920264,1252.4051063954707,1104.8080020011848,526.1892227373723,435.303132674232,1116.5873803246927,332.56992794322235,1356.9591610025855,969.5473436368384,806.2048950465384,771.602762219654,196.00314147801296,1904.7302116515555,446.113972052087,155.1600559559387,157.49642869919296,342.8115677357461,229.78698112001476,301.4107589556814,1596.4046380334814,643.9577426140708
Sde-CTlk_027 ,Taluksangay,144.5317309356323,222.95662947407507,183.60426363744932,127.96916573850905,149.09034144504457,263.7097638086235,292.37547572205847,293.5128811491755,178.9268230597358,192.30104446123005,502.6356948382894,396.8193321655208,2242.182574328667,722.265361996725,817.8889930987763,937.8322935316421,1237.4137767623447,1123.7155831285156,532.8163902287165,433.9096082630689,1117.637092116761,299.6689097478915,1363.048134603382,1004.0496433209316,829.63576860039,794.1586600070855,203.6453818415976,1892.0247953656947,406.6312300180595,134.32551026670265,169.86428469013163,348.09034145485873,213.88557828745732,306.29286194647096,1583.5677881718516,658.7019691557327
Sde-CTlk_059 ,Taluksangay,137.47904551639863,211.60279179937584,188.35095278572396,125.70134724373483,134.80002274217162,252.0515808701465,266.1011140632448,291.67329789231644,178.06321512847623,194.61345042799582,471.2241653818064,379.14241381180244,2023.292912149808,663.9472860610019,724.0154016885068,851.3643494387113,1149.528128374704,1036.21256479787,531.0346015058624,437.1742669120519,1036.9116426556122,280.67726576978066,1257.64756511314,901.0003926509077,768.8774481122202,721.1397523681592,165.9957737612918,1707.8008887616993,406.0059222671635,137.84638749568285,157.3822071131612,339.2973686862456,197.6365842065684,250.05650929277968,1475.2578155466963,548.0369853577769
Sde-ASac_015 ,Taluksangay,91.33898348832223,119.65649432604985,126.49748107250987,72.67525582892708,71.42018648540486,151.22916108508963,196.41254946178975,140.8859171901152,100.09519252736368,106.06666020842741,342.9987786681026,250.61479579571915,1040.1348239449394,360.7001664631304,367.2099446009054,239.53829255402985,646.2546204328446,335.4778033849631,257.8170581070422,347.91480386152006,328.52872899697826,159.30672972768602,850.4231940563475,295.37878599046337,196.44883625259783,401.85294818502945,143.3063720159016,671.8252937038989,305.9597571909744,57.536808399840844,103.15415756022634,329.47869683783824,119.92745468257053,138.5625440147518,748.6826636884349,292.40916922073416
Sde-CTlk_054 ,Taluksangay,133.49646197546997,225.5817013492229,178.9332564463074,122.48101495844159,145.40218445033764,254.4457928821972,282.97099058645574,303.7438753348652,195.7799807995141,182.74970732871225,491.5369417597929,402.2544373741202,2062.6098394058554,675.4470321672603,745.0177796886327,882.0761044195677,1176.3826254170874,1056.3903109837054,519.6558383595435,432.5663964066672,1053.3054963320185,292.5974765544124,1255.3748955886604,918.4785113027959,778.7605517801283,727.7385753385893,174.80706049324806,1753.4739174324604,390.3544509810154,139.92187685333562,170.1169860209143,322.1832899131328,219.3564885369019,271.7350517766155,1494.250707037186,568.4402212873047
Sde-CTlk_073 ,Taluksangay,164.03841956276585,217.73388032129955,197.30337473051492,135.56900506181347,154.26556168665775,269.58602538234436,307.29558336782185,325.06718070515825,193.51769191226418,203.51431089635932,515.5548727573138,419.7408103263966,2368.164396588636,771.4243750018338,856.7198649339001,1014.7652575031577,1323.0467296896584,1213.09473028651,523.508767048805,404.69886684916725,1173.2790438115906,330.3740797210943,1389.9487750497283,1019.9908650973103,862.5165392368774,793.1408608864883,203.78516802319044,1979.9353885412017,439.0931085765754,143.0833068694251,160.21216032576953,381.22650997143455,206.57268396581378,284.2425048858106,1721.4724715536897,646.755180235837
Sde-CTlk_055 ,Taluksangay,136.01211923755176,214.41704093518317,192.58075728774148,122.9309836684796,124.17299203905011,226.4805359153188,264.98643900445177,301.55872053556993,176.37773654078342,188.33086654290105,479.4341436549759,382.1520386472902,2062.695562262509,712.7687760611431,750.1541757403006,928.1972137358417,1207.0237719474874,1089.033021275962,506.8883763055136,412.60485350054955,1023.4735818413881,310.7766516674154,1252.8039567114283,890.2873256031953,735.0397249255922,682.5376224251381,197.32810614304265,1725.5999735723835,417.02213426657596,159.76855670390856,155.72087173516604,328.31417480663265,218.12974690997558,264.0235909479303,1476.8389108314454,585.863904510288
Sde-CTlk_007 ,Taluksangay,156.46168182459243,231.46285429953983,192.19455196742706,121.58193858513684,165.164318848261,243.28158129182322,309.6688112015965,332.84109371966076,201.95785085254792,198.69966251536516,502.60074727685196,425.2478961189814,2027.1871223554872,661.7434889964615,714.3298845069271,871.9121219092782,1167.141722479584,1025.6079011167815,528.1965586741455,419.8208818393387,1026.1745152791311,327.18467971145907,1211.6574878908477,870.4474562956742,718.8151557141028,674.487134637044,188.87654396764032,1691.1776704072813,390.74804950669943,149.51536270982302,169.58324699438901,311.17264694146894,231.92736781201572,294.6262826511579,1415.1040996701975,612.1068246412225
Sde-CTlk_066 ,Taluksangay,135.42029170622845,225.6497032870418,194.98046368949375,123.04602415754847,166.89172755723996,246.74660384185634,304.9085985940377,319.5635632969597,189.1747211723596,183.16641614935853,490.6627228966655,412.1839156683943,2229.511229081764,722.4930457067388,806.4795767576634,944.2448326152705,1241.123743731897,1118.6978141239617,505.73710053461576,403.1187512763577,1089.9565633539025,319.97625499291354,1341.6978694321645,950.7142165777315,788.1034173492967,746.2914960671933,193.49801749757026,1855.6804765573113,438.8915151091555,152.5465626115844,178.07219883319812,374.6466803229545,222.94584818210902,264.3129186945656,1607.0593161240347,622.5122183917437
Sde-CTlk_088 ,Taluksangay,119.75509681479114,213.92274551307068,185.05980871588517,126.97148664491571,142.7528842900556,208.3546201721479,265.730604336817,320.4274455610349,184.28369271327296,164.72030295892486,455.15363931314454,392.0409925525774,2104.437419749668,738.7804644738314,799.6160166833204,891.8319886999008,1200.970126291083,1023.3474329622858,488.15681499826474,444.28054982121375,1007.31180751456,298.2532393719974,1324.4680328533,914.4427874231608,731.1803786339182,744.8492827767238,232.26519110921467,1765.7379924534812,379.54165282283594,153.50451649707264,144.062913235468,283.5774361633872,210.3211334162357,249.41180534377276,1526.7654413266926,577.7045951403277
Sde-CTlk_046 ,Taluksangay,117.11090426774953,208.7864245898186,187.8435416587166,116.60958798186364,157.97699791694362,230.9950549167016,278.48627427361663,316.08030439332975,168.92580764871306,180.80828737104392,432.0393657653895,370.8729828020369,1966.7717184078401,620.0039058423099,719.9065145583903,801.2713635249671,1095.6098808892925,965.7687902704508,443.0998224054712,358.0080895650264,963.9897968162372,290.40981932737753,1202.179251857908,844.4710625791091,689.3836212181792,670.6908520137204,190.7382627968491,1646.380432503375,370.2138553893547,137.60618257389456,142.36372653808291,294.80602781659695,186.2697870220772,263.42938072022264,1379.3290802356414,587.4780666893103
