PC1,PC2,PC3,PC4,PC5,PC6,PC7,PC8,PC9,PC10,PC11,PC12,PC13,PC14,PC15,PC16,PC17,PC18,PC19,PC20,PC21,PC22,PC23,PC24,PC25,PC26,PC27,PC28,PC29,PC30,PC31,PC32,PC33,PC34,PC35,PC36,PC37,sample_id,spatial,temporal,group
-1.7563101767459597,-0.5264142235377719,-0.3147993269032118,0.006931936585965569,-1.0112246862103247,0.5426197054482003,0.6848671030838588,3.3625457859717467,0.4099089772927806,-0.036882935736178596,0.988885100757482,-0.4435061362787028,0.16629570967986362,-0.6849032872120684,0.22057725635510253,-0.17956837978777174,0.42878731363427114,-0.010318752545980452,0.7981643389863466,0.48393718185574225,-0.0914827260145859,-0.4073080969355603,-0.3543976287523775,0.08384067284030765,0.08616052220256801,-0.22566297451681436,-0.15668283836274832,0.07824905965520576,0.06072587553326493,-0.05774175012570662,-0.0670621614234214,-0.0342496455711945,-0.013910617012468669,0.010681674202365283,-0.017393345217159496,0.004277293237359518,-1.8588320914836052e-4,Sde-CMat_107 ,Matnog,Contemporary,CMat
0.30042797887476197,1.488812924681736,-1.3475931865917685,1.302669075518262,-0.6088584637769645,2.1068269627046945,-1.6273663637708287,-2.373187611101748,-0.2576791684938913,0.18301891870145565,0.7295910078137677,-0.6130414351795999,0.07249779653934875,-2.0851898620470886,-2.1335003214458266,1.5968355349662662,-1.3495428145225654,-0.601744872737814,-0.6341019857380892,-0.01891557572668375,-0.3145064550755673,0.6163188864559458,0.22430022679094583,0.24120347259083402,0.04573901828374535,-0.04614998113599806,-0.102397273277722,-0.07190281908913153,-0.025890966103874615,-0.10585310359425915,0.011639544111182629,-0.022352915988863575,-0.04827156941325315,0.021646825511392895,-0.035916006036117554,0.02817859931890932,0.002777748041731284,Sde-AMat_083 ,Matnog,Historical,AMat
-0.8662653217030624,1.9789947806076014,-0.5435120317282169,0.2322713047959426,-0.7175169094345724,-0.8009479805876241,0.20933224267223025,0.8256755560132686,-0.3558705987111506,-0.187198402507605,1.1971307838610201,-0.3796682644217838,0.6586984011795434,1.5540570396774016,-0.27200970349387077,-0.25025497725915996,0.5862797390073622,0.2131531515677043,-0.6093499150156435,-0.165476346206542,-0.296740242101456,-0.19785231399281533,-0.6120538463562363,0.17536549522703418,-0.11126019332530032,0.07381121947456085,0.009377460163177408,-0.0028327149621300424,-0.017767138951929995,-0.008712129086669712,-0.04543807632930817,0.02249497938560065,-0.059306148309797316,-5.705958885589918e-4,-0.0010165903093057032,-0.0072091023848947005,-1.454389296761326e-4,Sde-CMat_118 ,Matnog,Contemporary,CMat
0.25283448612144904,2.3620614393153696,0.31673005298185314,1.5625341415011416,2.683573887797216,0.6684909489365886,2.4246657182176414,0.6808444356120759,-1.695542880222363,0.6198001802616002,-0.03131533581554734,1.4427089078817499,0.02368949940276004,0.6030756181165376,0.35530101677332276,-0.3901857597163166,-0.17956424208847205,-0.7077337533874941,-0.8655594851626692,0.2173763559416308,0.14862931685305908,-0.12667113941481495,-0.4863373659822298,0.10183183950891261,-0.11271814561250101,0.03154954951831847,-0.06575145764784598,-0.015182182156891455,-0.11037659920605593,0.01547867108932978,0.03506983039621215,-0.026642880286776364,0.036482451000714886,0.012579515047714264,7.575219988643457e-4,0.001763777622099449,7.79426188261073e-4,Sde-AMat_093 ,Matnog,Historical,AMat
1.003548125850465,2.582127526509863,0.12674727151324852,3.551445716876976,0.8203801604784545,-1.2213178471832715,2.3958321732969363,3.063949681811403,0.37186568583942436,-0.2335797234209015,1.3427371410628348,0.4469047013666375,-0.06356430970106221,2.6000030878953613,0.9880722505195081,-0.6985962773463981,0.5396856427312722,0.2526229846305529,0.7591773974586795,-0.26637995804139636,-0.47654560301406157,-0.15817424262350238,-0.07247182764458951,-0.0953438157749437,0.22010458067129698,0.16408206130183764,-0.2326711170865479,-0.022252649930137057,0.04875717163635031,-0.0368946619279269,0.0152269881142624,0.03274505030950317,0.02181740887257953,0.011698955702142447,0.015315330263999059,0.0027534117361975832,-1.2160760294919276e-4,Sde-CMat_128 ,Matnog,Contemporary,CMat
-0.06190301114692821,2.9350431749838455,0.17206235142138163,1.3111249159200218,-0.4642526132115973,-0.9455289245550201,1.9967129187438746,0.9981692883367517,-1.7326781250989285,1.3015512921675907,1.6331447108094381,0.8605409412935683,-0.14545192395552486,-1.2406835931754105,0.060796863975415734,-0.18312756983905687,-0.5870700532486501,0.2837216174739182,0.6832922498028463,-0.5307947417489339,-0.09487628156095827,0.7190609493038232,-0.10607295457965484,0.0917859764039201,0.05395020171120578,-0.21642308974411,-0.14986372772558956,-0.08045814940968969,0.03695841858487568,-0.1859553354072474,-0.03975497199238079,0.0416295919432263,-0.008838863752809083,-0.00770076240019137,0.021256262786093383,-0.0024295465115892895,-0.003332630323963757,Sde-AMat_091 ,Matnog,Historical,AMat
0.5267416253595841,0.6854278509420717,-0.7180820296562939,0.13250337683344737,0.1741197515212421,-0.419726495856346,0.7721988358666301,1.5743537397576555,-0.5034365725058251,0.4617151133904555,1.3943430013605906,-0.2381313191357582,0.7406472425614421,0.6559978043821396,0.7945323020207574,-0.13110236684341778,0.18667050229709112,-0.17782922936512255,0.10512796573478712,-0.4566203262753026,0.3239667723140956,-0.04768196692848675,-0.40514182338411125,0.26650802599010387,-0.17185716487250674,0.23704346235362064,-0.16214175956302948,0.06866849080692858,-8.233099766767145e-4,-0.021438399431533008,0.01787189959343072,-0.0153157289363364,-0.015705369118203062,0.008038336694996337,-0.01753479664361412,0.005288351134908333,-0.0019624084841437595,Sde-CMat_132 ,Matnog,Contemporary,CMat
0.15832328638562482,0.7849791939343482,2.2429108326778597,0.45112822532596586,-0.10155585006426056,0.9081191318238643,2.6637201227735257,0.37904826613153036,0.3277712542734257,1.7355784678726016,-0.6204081145812634,-0.23882729808422132,0.19505639613903109,1.5621109089905072,0.7973585713411027,0.0043877555069142885,-0.2641240183537554,0.54854716457908,0.35317887519553215,-0.5542418775646017,-0.9987474781770985,0.05182234586593009,-0.3625543233582866,-0.37276868157630233,-0.2880123322529385,-0.3174922004753571,-0.1171575946330385,-0.012966845722530157,-0.13920300156829651,-0.04987339401222735,0.0021342969351506756,-0.015188173605037903,0.01683071775723073,-0.026988055498190926,0.0011992892841946516,0.012113903004061512,0.005564547945699147,Sde-AMat_094 ,Matnog,Historical,AMat
2.510612547614126,0.5062937767849617,-0.3052880978818282,-0.5316740387925747,-1.9016543669074017,0.08060949611242069,1.135200772711987,-0.00860429396134156,0.9089054362428328,-0.5167601269891124,0.35004573191913535,2.1781680681255695,-0.5094705138679472,-0.2827225881565772,0.9949251954626821,1.0385619994365438,-0.9282524246189535,-0.20055436729711962,-0.9239360489835305,-0.6903892008411106,-0.38820581775864177,-0.8999485124411797,-0.03519984027973316,0.1845161087694666,-0.2571794406378203,-0.03176726432383466,-0.03916122888976738,-0.10350325435533596,-0.08203134488253767,0.1475470747239596,-0.03130936164288636,0.002661322961615429,0.04714746386711803,0.005712682464955108,1.4991241738579575e-4,0.021395168489426897,0.009259026716640585,Sde-CMat_123 ,Matnog,Contemporary,CMat
0.636719663817858,-15.191216900198228,-0.6625429663088611,3.4637124678894917,4.622145416896876,-0.8419675527783359,1.684239838898181,1.828846988361421,3.419776391867421,1.7490624307045015,-3.73939409443429,4.145495811915943,-1.9682199994299596,0.21497001239766053,-0.2599372356690546,-0.34146029367277303,-0.46742567377624455,0.6677020233158071,0.4312519246063825,0.4931925479996212,-0.19338891423970211,0.5770939515153576,1.006141462833608,0.5071455009025044,-0.8494057135404232,0.22735002162891943,-0.06587478249447336,0.19220399979727054,-0.18610004936091618,-0.016261342012582194,-0.10227311528668462,0.13484248722404135,-0.06259080950683485,-0.032923852462617045,-7.929224859866563e-4,0.011203689295284968,-0.0067924829006696915,Sde-AMat_088 ,Matnog,Historical,AMat
-0.8135909412254275,1.225523669124264,-0.09748885220656724,1.3002667502745586,0.6141366607026524,0.8144342533655238,1.854562166393009,1.1621752469659186,-0.14075885232179094,-0.4410721153457901,1.1813451479896588,0.36443946284275475,-0.3771635849158916,-0.629080649752386,0.3105646476362448,-0.40320394019143596,0.012267996001970786,2.3078475810796792,0.19428262647359157,0.05841832240357144,0.01578392803268968,-0.3593400552555948,-0.5055805941966555,0.43299705439592867,-0.06689765722413875,0.08510404118492497,-0.16668305710026904,-0.07600508195185922,0.16630358127519637,-0.023461930441019917,-0.08059777119351433,-0.07898149868893796,-0.019543200020218178,0.0060902797319259605,0.002996188679643252,-0.0012089660919007985,5.518983785182544e-4,Sde-CMat_101 ,Matnog,Contemporary,CMat
-0.6297569629797359,1.2338456861008378,1.702327291470523,-1.8812028404679444,-0.7410779991436693,-2.2938973094933592,2.355661719373537,1.7728031949079166,-0.38274409910360535,-0.42878555367306315,1.8842228555039369,0.20396180962112534,0.7948117995866455,-1.3191726386908884,-0.25198205168314713,0.9380554544873309,-0.5293072953906717,0.6302323967628003,-0.2232060750750373,-0.8100857063459568,-0.5317345885735357,0.45314775644513317,-0.07043298495608796,-0.2119671482599225,-0.2255396267376454,-0.07790433221353822,-0.08759734769441783,0.03995223904831859,-0.14797625133975928,-0.005153048167811696,-0.027874187941599744,0.05515543170833302,-0.014824064657691554,-0.010338916206316169,-0.02177037602516996,0.021551938970681556,-0.00869039319222945,Sde-AMat_095 ,Matnog,Historical,AMat
1.5949328053336493,0.4525645975232195,-2.7238396795966766,0.7764965266386046,-0.6180479054964373,1.0361905509328067,-0.4496160773460564,0.31892212312362606,1.875929050761551,0.7030684378232591,1.625091022143053,-0.46154638680580007,0.13656581532170725,0.447375312504896,0.9528823215452196,-0.3300799873300363,0.986002713486899,-0.44642563916058386,-0.34022871735135096,0.029089786322624215,0.11376086056351356,-0.5903393630393271,-0.6605341326241881,0.17130802006929943,-0.1032395442107249,-0.09461482043831142,-0.25206049266950536,0.04039169320838545,-0.08760933431822718,-0.020316063981517227,-0.09542124914988197,-0.06380225500158898,0.055188030659057294,-0.0012772882635313971,0.008925703507660905,0.008649501674253502,0.00312735896521095,Sde-CMat_122 ,Matnog,Contemporary,CMat
-0.26535156290860856,1.4787719426596873,1.0139527346022117,-2.1335083523484366,-1.190817579539919,-2.3554327571830096,1.3610649335323202,0.5772613832939771,1.5250595685336659,0.2968331929473928,1.998405308993225,0.33466654820653413,1.5315542469472503,-0.5478498685228023,0.37958958924433345,0.3403611684868643,-0.5256960335598179,0.6739207130965933,0.22983425808271718,0.1383948282685696,0.27717417042920434,0.38232315649345766,-0.07398630795155231,-0.06104673059003895,-0.15242831840003246,0.012916123522943294,-0.02784573652808255,0.06825725610569415,-0.2720851642619031,-0.024429212906498583,-0.015943334976395447,-0.014209721809332701,0.0334935198073003,-0.008835474975517258,-0.020383256968975652,0.016972906920514664,-5.018439049695238e-4,Sde-AMat_087 ,Matnog,Historical,AMat
-0.45176931120106883,0.7875384565451091,-0.5254610778496397,1.3642206342107512,-0.6750255305649133,-0.12706746920525963,-1.0049730167463589,-1.0014585645229048,1.0825489108315607,0.980483994014204,1.0940590237139938,0.030542052257071406,2.31230831174075,0.4353152325652402,0.8457856827084029,-0.8406803594936929,-0.31304707414686345,-0.040222811930934126,0.047034474041404414,-0.1641385212006508,-0.06756998676142005,0.11259866262889273,-0.36664185718456477,-0.03358735116561016,-0.3782505038141388,-0.05600684232056822,0.07826600865030156,-0.08099323025261791,0.02704170604801222,-0.007910533021792567,-9.84175701731102e-4,0.07080045052449194,-0.018845362910094463,-0.00792623996780362,-0.009436890863008904,0.0033425329337238136,-1.276701412571087e-4,Sde-CMat_105 ,Matnog,Contemporary,CMat
-0.5248075182841117,1.7802417694866397,0.2363390051622013,0.7023238120905,0.8663957017977948,-0.457885892468339,1.8177685735603408,1.0314343718620962,-0.22398775890613673,-0.18979837269048702,0.8228337390165286,1.5338066404176074,-0.5673348023046973,-0.9202378485632561,-0.7472000528830572,0.46857629908711246,-0.9297800143644691,-0.134810394928964,-0.11662960240389461,0.3705013585301881,-0.24605235305770515,0.11304345833254371,-0.4165944821212538,0.24915059311930196,-0.17273606440481015,-0.16454803546013094,0.06571165905121334,-0.19214749531607606,-0.04003583370663512,-0.03518781417747695,4.426556820885005e-4,-0.021249518217191777,0.012991761554398979,0.02761148501208098,-0.038272321116616256,0.012175731838731645,-0.004277088292042113,Sde-AMat_092 ,Matnog,Historical,AMat
0.26821425305553626,1.1026318837787952,-0.6425229016381329,1.0243060289348052,1.5289970918358213,-1.9053999280304845,-0.6377754337527286,2.116964227669704,0.3834480586645718,0.14542755699182613,-0.24338687322851982,-0.4818929588370237,0.2406264444766114,0.2106311967011147,0.7255123810583428,-1.9296658046044615,-0.3841577034860046,0.1054386307277758,-0.16513298204263735,0.6914392890223585,-0.14206178198808753,-0.49975080203358496,-0.8528913927130161,-0.011759701585996988,-0.24415638747064056,-0.21176507496412167,0.11914171348751032,-0.14769915957404495,-0.056640613363544756,0.030442305706029193,-0.01122864888063599,0.021048210497340115,-0.012654542565371699,-1.9336009421106989e-4,-0.013326078425321266,-0.01453397295595634,-8.978584767639798e-4,Sde-CMat_138 ,Matnog,Contemporary,CMat
3.8306570139156975,3.5746478510146593,2.1227898723630347,0.21100114762663613,1.6010125508868926,1.9460546243218342,-0.42338499318374456,1.7403345645340278,0.6444904636691534,-0.7852930021067461,-0.7874006971760126,-1.2553182306540276,0.7053408103123737,0.3588518923523775,-0.25661810936456375,1.1642682818898116,0.39667148362407045,1.0790541953128614,-0.5900128380800658,0.05296841352447732,-0.1893827889445282,0.05373933962751786,-0.37879791450650463,0.3984377590589451,-0.49051538797688976,-0.34752159835627083,-0.1002256590111748,-0.054350569107861194,-0.08818762763027663,-0.030364683746788287,-0.01998228959312594,0.05647535070113488,0.015937341987435013,0.01614095747037521,0.00933426970929272,-0.008957291608319148,-0.004057694327657079,Sde-AMat_086 ,Matnog,Historical,AMat
1.124357750563986,2.1840442759907375,-0.532386541624795,0.3105459301894752,0.7086231353655259,1.591658261777466,0.7321577256600309,-0.6378228199579554,0.3202454899079255,0.04113579981819259,0.455856726630362,-0.33935104240729164,0.0830466271361119,-0.06887448036143022,0.7143768847661838,-1.0387374845166606,0.013910571156826593,-1.0247448140910944,0.13629064283336945,-0.09385188737471654,0.29088843523576563,0.8957262449145982,-0.9966883111518376,0.7563851443691774,-0.16645247578598282,0.3205242560135699,0.08594300101398217,-0.08805784308161635,-0.044443046801189774,0.011144969214438857,0.028034554161276128,-0.03076151775054871,-0.05441501472842305,0.0073993840205467416,0.015065815911770987,-0.0024694233079069236,0.002084878886074617,Sde-CMat_126 ,Matnog,Contemporary,CMat
0.4344353771072076,1.5074577132608544,-0.6320761301806489,-0.6054506970388374,0.2532681925069208,-1.5476531446260549,1.5513253111154859,2.0289786720527627,-0.2090451253007424,0.32847390791551706,0.2084491442486152,0.5234888900555866,0.1482420388740763,0.225635969693192,1.0309769882268187,-0.04955262831156156,-0.5744001940064872,0.56510354199082,-0.8078090038658252,-0.12518187792894617,-0.013026015576279101,-0.29947885205064434,-0.11220016310564908,0.036907463345732576,-0.275435933555893,0.03424489612909949,-0.010666794719482418,-0.09119423191790475,-0.14246634526236282,-0.07310591336563939,0.05312280223434006,-0.09046002247937242,0.025003060975694602,0.009053335901344304,-0.015959292937545767,0.008383140686348224,-0.00824341408478154,Sde-AMat_084 ,Matnog,Historical,AMat
-0.14708573553644122,1.7415156311191429,-1.066136368754963,-0.24067931171079263,-0.5657140374943386,-1.5861587777014123,0.31794876834848534,0.9780353745683028,1.8703928043539102,-0.4479291608674442,1.8906749656050699,0.19478153651437158,1.4466020282525174,0.9798388451959641,1.1174397082992853,-0.2485016130117392,-0.07438926884770934,0.20102675346687113,-0.4176371210321615,-0.03638659948036845,0.23942177007467103,0.04556934734963452,-0.2967214533930584,0.5143985347007407,0.050958314225355544,0.2063170455858213,0.03340151897377793,0.11826092549002926,-0.1309785961332041,0.09361767513970465,0.03615881125571859,0.02007805809385904,-0.00692090488636999,0.005493330212672289,-0.014355884502520023,0.014785250454264307,0.0020415944427963077,Sde-CMat_137 ,Matnog,Contemporary,CMat
-0.14665928288135788,0.7110155220582266,2.007927803649255,1.0988478788508784,0.10138159929545265,-0.2787179978515178,0.42380942904007146,0.8394231854144022,2.207011123918085,2.527647163959916,1.6186277391520596,0.5727991108808662,2.8361499609641436,-2.644602638653407,0.3198148101586331,-1.5398884116136577,0.7600494581450392,-0.6957366507830104,0.340454530080443,-0.1636122556849491,-0.2044574046861488,-0.960461235580879,-0.31396091356972,0.17902224689490584,0.4196120148013405,-0.06695963260412977,-0.20726061007368524,0.023545153817961833,0.030036636377054508,0.027933863045858626,0.023617371697133033,0.001808410308753874,0.006543810111409784,0.0011404141033519639,-0.004285699106309926,-5.263928681453722e-4,0.001061832553744045,Sde-AMat_082 ,Matnog,Historical,AMat
-1.7007976686271242,0.1536545644061522,-1.5853798547358444,-1.725681798929377,-2.727108994953901,0.09683288705744586,0.06140557008398609,-1.507160318211157,1.4659315984786774,-0.05729124200419383,0.09541930677229711,-0.5469436571128699,1.2153263938962262,1.1585205927422928,0.4919682346500323,-0.20066407029228678,0.1261803145430552,0.06322608654944853,0.48964937463431407,0.23500208681441104,0.03559912749809412,-0.11997563841695695,0.08273136295162961,-0.573813708830803,-0.04844612253187062,0.036542436173038984,0.03612305999092994,-0.12185001429510048,-0.09664178244939946,0.01484077698534332,-0.04218363448500084,0.002939946586195986,-0.030108888855912147,-0.0304301240265288,-0.00690857568686728,-0.004065736394121811,0.0037601934639189968,Sde-CMat_098 ,Matnog,Contemporary,CMat
-2.0315366884261365,-0.5039006291422039,0.05929220989140343,-0.06435017118996998,-3.597499464149669,-0.745540245198799,0.30778731568943085,-1.0951388684429992,-0.028267249161923805,-1.0437836932599533,-2.115174677659909,0.4317198130402468,-1.031607329093184,0.07303200477457342,-1.428857747042289,-1.2262494308096092,1.4421425169977444,0.5517029360891454,-2.2379648527207814,-1.0749342888555382,-0.21850188869202322,-0.1252288436999233,-1.1019519025144013,0.6774593184382529,-0.769917851718567,-0.16055188413966337,-0.19879937144855706,-0.05467646038992782,-0.2096150824241815,0.11974974835963557,-0.09163184200926847,-0.037949253887426725,0.03963479681230136,0.014788931126975314,-0.06036351459979561,0.0017282655712312805,0.0024964100487426277,Sde-AMat_096 ,Matnog,Historical,AMat
0.053635193996558736,-0.1766428076829103,0.5044702658229776,-0.2167121614221897,1.9858218870510276,0.15900850784140752,-0.039534207899892634,0.8389492246189397,1.8753740865148685,0.2551681252481838,0.2625493431050478,-1.248760190863888,0.27664185929445895,1.6733110286635213,-1.0147433590807964,-0.833658160069911,-0.11779591077769241,0.2399396261426942,-0.07684976511188449,-0.28639543155124136,-0.07904206460632449,-0.37787953344846525,0.1314343201745615,0.2706878000841176,-0.06530561536185676,-0.26582705634527093,-0.11670602387680253,0.09285810415058161,-0.09744109426816022,0.04745500687015281,-0.08968723192284551,-0.07000365212267344,0.006801037860918918,0.01305483669224574,0.02272967072533913,-0.015233231647125539,-0.001073399256276847,Sde-CMat_127 ,Matnog,Contemporary,CMat
-1.0666306883453314,-0.8140006109940688,0.04719011669458779,1.0982625757621254,1.9840871425064803,0.7754157696542558,-1.289624864710037,0.698725402973262,-1.2992690064796177,-0.1520277652255082,1.4010395963487086,-1.8413588089692612,0.4535207639759262,0.3506946783378233,-0.49047776861616144,-1.458162876285128,-0.8166602845222168,-0.4129294021398959,-0.7786711387470954,0.4297135242585729,0.3368031437833895,-0.26596365912546344,0.35096915976471843,0.019035012917353794,0.1551582029904275,-0.20433212819129024,-0.04368381543670383,0.16849407720855714,-0.05106596049422113,-0.001112954655634045,-0.01720584441765333,0.020469800909456912,-0.020653784779517154,0.0450036400059458,-0.0028799459527378167,-5.108447858620095e-4,-0.0014330558511391597,Sde-CMat_103 ,Matnog,Contemporary,CMat
4.882869312538867,-1.4808369282474965,2.0330233855334323,-3.802953069033603,0.08493287827999223,0.056686716375286605,-0.02441396683864863,1.7635002269716036,0.21582776370362836,0.3893397867233277,0.1341279337009851,2.6689610156165005,0.8725974874238775,0.8556972572633497,-1.3842717853382347,-1.0084962936878012,-1.331099081228101,0.4904933616554719,0.5904736825121611,-0.5141158071071097,0.6145021230412542,-0.48840779225167297,0.32101739352267894,0.2845535959210122,-0.09178250004773672,0.10144924504470566,-0.09507208040093595,-0.07643907051142992,-0.04663359740399082,-0.06787238095662766,0.13363748007133236,0.06557847691289004,0.03343714046033165,-0.0165977760069474,-0.014598426231593705,0.03135328516710723,-0.008638754391194345,Sde-AMat_085 ,Matnog,Historical,AMat
-1.5797104852845472,-2.363209173912972,-1.864680326029127,-0.24639634598856583,1.0215523770692285,-0.8827847587862019,-0.3619632520424006,2.6684045377029846,-1.0156671895517404,-1.5392591244640896,1.269802705567918,0.26139095504463444,-0.14614060795557401,-1.473021959687622,-1.053111857921446,0.2671206782946495,-0.37676399843718683,-0.014072804749105857,-0.3137681535832435,-0.3838302845778252,-6.312851344752841e-4,-0.736612575055967,0.03386925526736838,0.7206620029390796,-0.12526620732353994,0.014657671619613722,-0.005785520846266893,0.022294120523704917,0.10886367311074008,0.055926514907459444,0.03131911256299497,0.004021315328225069,-0.053023798731951795,-0.01910620767665349,-0.01886255971154387,-0.01344780936244688,-7.415052614733359e-4,Sde-CMat_125 ,Matnog,Contemporary,CMat
-0.13925461444184906,2.112847280066987,0.7375860733059649,2.1766767030344876,1.5119475939022293,1.5701539569171867,0.4199126201774133,0.13183929016139526,-1.6823093301209502,1.4318683627473785,-2.0487120322416916,2.4099366334235373,-0.5467742795783552,-0.4721262598987884,-0.8616395322380179,-1.8345641265082222,-2.27536533883997,-1.359991144590761,-0.20444959879599756,0.13134844059891446,-0.44927443496206326,-0.39082190473643513,0.7690072257856535,-0.18715836089819346,-0.0938917050263436,-0.16880505690431427,0.019106507561321998,-0.2517406082591001,0.09341919096981974,0.08641045331475843,-0.08735721348902356,0.0017925515785620365,-0.00743573365220097,0.03591820992163145,0.024969559252952918,0.012365033368208126,-0.0024711415556923936,Sde-AMat_074 ,Matnog,Historical,AMat
-0.5365763102706036,-0.8698931656082048,-0.15854434960591188,-1.0581835508523154,0.5040831451446327,1.2213040723724673,1.0954498157368597,0.6535676728101378,0.3727009455978176,-0.8251377468921987,0.16360799298906717,-1.2074936057851053,-0.37037195203392004,1.7621239293471669,-1.3645253993831619,0.08894937868035677,0.2027328277212534,0.008747851290266964,-0.019158999127288284,0.5866941102079724,-0.18132109162633572,-0.07748706475501345,0.1650919417179434,0.101009608498176,0.1536400503924147,-0.09242876771317969,0.0216853672775456,0.09299434597354234,-0.006566304089690443,0.04372260435573894,0.032311909037534545,0.06365011292007644,-0.0197659117692705,7.544586675450418e-4,-0.007546492725648123,0.012126412217863043,-9.001417998307014e-4,Sde-CMat_144 ,Matnog,Contemporary,CMat
-1.0435124966607878,1.2197629986201046,-0.5252474189089086,-0.2008321753061685,-0.7947355826499,-1.7138961446967471,2.633149876469642,0.6945425706857149,-0.5470624158175971,1.1093751285360236,-0.38924475778253376,0.5152664148469038,-0.8855804758548188,0.7153917077957129,-0.1494202258162321,0.6404426243156275,1.2968022261051582,0.29644642994444464,-0.3105288546956808,0.9171297975786831,-0.03804849853194978,-0.05428972354291646,0.12835126623135523,-0.15170120979148327,0.10302758854964192,-0.0825267120952016,0.01759846330001652,-0.18076921509363916,-0.048517020596967435,0.03582381481749154,0.07762392311902679,-0.009171755484724355,0.010313254060013047,0.016149125938172703,0.0066450750186894695,3.265637911123174e-4,-0.006800412002283536,Sde-AMat_089 ,Matnog,Historical,AMat
-1.2579423398771077,0.0025011292368567464,-3.041522999087574,0.4149454842677579,-0.22709545601623038,1.267111737844429,-0.35697528903438297,0.5422618841142833,-0.13110418127354462,1.768335895037374,0.5441889840979326,-0.22994935896777685,0.3040504685843006,1.6643369156085093,4.342786695251704e-4,0.08036907826368497,-0.5017137922451999,-0.033270235670701837,-0.31937563028047894,0.05539638984202646,-0.2699331997453176,-0.29435639301454974,-0.4212159182303452,-0.031499623056982506,-0.05686032876285468,0.19455462528912093,0.1684844567115976,-0.06179117170595942,0.06877015645658006,8.732565016602764e-4,0.03189114604680981,0.04284919614066744,-0.04981957083418509,-0.0018911967278596791,-0.010639582145800495,0.010660898473844091,-0.0011550913325913612,Sde-CMat_124 ,Matnog,Contemporary,CMat
3.710919404829686,0.9709804830467285,-2.8274507221257212,1.3230906196801049,1.8190385809687626,0.28728125772939694,-0.6751863081806153,1.112159558263633,-0.2602523190886036,2.5051586091014806,-1.9072896731286317,-0.7312387106169872,0.6794740319232692,-0.7622382106096404,0.29495898199861514,0.9611678393675588,-0.4367307672918671,-0.31957647507073417,-0.584368218122828,0.1591890188863423,-0.5535135302402714,-0.33623617686396745,-0.29203030688758613,0.20688643627794615,-0.01123675137071509,-0.0434802944559796,0.015010113056562302,0.0059769838459964785,-0.03423566447422711,0.09283431623189325,0.04034310126497383,0.08052347799563922,-0.01430873085745026,0.02464360669007196,-0.034128439620258515,-0.011330202467048455,-0.0034848074843160898,Sde-AMat_063 ,Matnog,Historical,AMat
1.609093752893949,-0.38133910979451086,-3.3079532946180006,0.3459540049352724,-0.9896074783863138,1.4747555134417114,0.12141715192488475,0.2817792843661966,-0.19961607525428493,-0.7650000761048643,1.0117887314726797,-1.4740395146358067,0.6403376314423589,1.5479984369382147,0.43779855214595087,0.07204832146387986,0.20744196180626115,-0.1437320492506173,-0.10246366119164338,0.1609496029881855,0.2969533491980473,0.5311224139676952,-0.05588455864974264,-0.1861506451515593,-0.11154499498609159,0.513801953772719,-0.21972058471841574,-0.0632905211267656,0.026999753541398577,-0.019015578183951925,0.03508676254566014,-0.00989103226888398,-0.0559156699392996,0.016000973783683717,-0.006211193542422684,-0.0011032816754975195,0.014670826160860493,Sde-CMat_134 ,Matnog,Contemporary,CMat
-0.9047258166707122,1.130054355831596,-2.003601536612836,0.6034230335293963,-1.6540381005817653,0.4938509857984861,0.5428002547699621,-0.4986314476304963,-0.403180133800256,1.2383648123180089,-0.8221843679122647,-0.19729684702690772,0.3051238130467051,0.403658035682957,-0.6341401567463618,-0.43320083039070323,-0.5354791578751079,1.191104435698672,0.10596343860778817,0.9375802166168918,0.22177488607509926,-0.18965315064796082,0.08475484489502196,-0.40857123323145444,-0.19062380043879262,-0.008367495977950362,-0.05053738349292517,-0.21116448402302668,0.021650055882414778,0.002488599541462384,0.002470525559746744,-0.002047419232754399,-0.005891675285271097,0.01779764880184499,0.0070530460325776085,-0.0017049813994404809,0.0020582595942775423,Sde-AMat_075 ,Matnog,Historical,AMat
-2.4063205347849745,-0.5412677253075252,-0.7766955453480253,0.35375725713379225,-0.6455703837970196,-0.43546880724843584,-1.3568097799836234,0.40036520784302954,0.0689597038530818,-0.23098543065079596,0.6205237903072984,-1.320361577292703,-0.6341556953323614,0.7769776821774944,-0.9330127981405049,0.4572882734778788,0.14995329505308566,0.8376157061223347,-0.034271868703446645,0.016830798248301027,-0.13625087861677881,0.3911893335986207,0.24497499121149335,0.010631385808213843,0.05908364506939049,-0.03531540150360279,-0.15383089227087712,-0.04277509185892834,0.09845693544814617,0.037825381323944925,-0.019534222211160763,0.03543541565494972,0.014512668032182484,0.008499920694903977,0.004284134419880848,6.930110663142205e-4,-0.0026670081236584023,Sde-CMat_135 ,Matnog,Contemporary,CMat
-0.6640184979809687,2.195285940168516,2.3037815600899556,0.9385675534605944,1.5997460850320768,0.795518314700367,-0.39221823799823663,0.09613131274270593,0.013709378146466427,0.8604314415110733,-0.8170193691392591,-0.8169552275113672,1.9521119201975476,1.5780532290053377,-0.1540441137445002,-1.0093517277438715,-1.2240091094861016,0.18133850578374985,-0.47919078789074154,0.09153447576070674,0.22655076950760641,0.05367346593761316,-0.02692532558994883,0.05378289173886703,0.42112693708239973,0.21753941744381217,-0.03315113504260375,0.07571975311545745,-0.12241706836095816,0.0718535337792712,0.01941189797505685,0.08309671243807033,-0.012923806618765145,0.02953781457894596,0.018873047463499347,0.008790117264926957,5.136864304622829e-4,Sde-AMat_064 ,Matnog,Historical,AMat
-4.02299362338682,0.28095519236415567,-2.0969222036444126,2.7002847726150176,-2.1144628977377455,0.0017506390684093704,0.5513913185441605,-1.9684887635814894,0.8138828210690717,0.5504715630447269,-1.5262829657921455,0.08716089342877721,-0.02719164820140865,2.58166775695345,1.6665212698335878,-0.028459213373496228,0.23665721380105204,-0.23314815681859044,0.9006987830613322,-0.6203420388185334,0.5323037578860855,-0.657929012411436,0.1421997630394591,-0.20789348297689886,0.15836708311237707,-0.08119274688322184,-0.02810327392148117,-0.029033966552256218,-0.05312999713897419,0.013614313706941937,-3.59456326811989e-4,0.08384199964657386,0.06889732813645942,-0.050383146820872714,-0.005745579211463897,-0.006222834716947226,0.004158800914136738,Sde-CMat_145 ,Matnog,Contemporary,CMat
-0.898330497865655,-0.6743641323735614,-1.5140600512899682,-2.24285783574502,-3.599093094682107,-1.045814045072463,1.8171187452723696,-1.5998954046427174,-0.16288393017275307,1.1670712951325777,-0.6718383059287591,0.3950146995077476,0.6304638995494593,-0.5607919350950198,0.013438736654173078,-0.534719176090648,-1.4129682961996344,-0.23806946252227876,-0.05643400664402146,-0.4666579218186289,0.32003751356321436,0.009090043591258031,-0.1612972913779499,0.1312413560426178,0.11489401795612163,0.18162961067152164,-0.07757921155348121,0.04758111902736113,-0.06969308839432167,0.01826693934801787,0.08566428678559597,-0.0035383217967107764,-0.049220787639918426,-0.011524967809870543,0.01884102457370231,0.0035502730368220884,6.283035588888021e-4,Sde-AMat_065 ,Matnog,Historical,AMat
-0.7399511150828245,-1.852748816983704,-1.0951363409279027,0.57242174074259,0.2555571506482801,1.6356445591911704,0.5211469582281025,1.1375182093665632,0.5752105595783359,0.24996050181707205,0.6110550122667114,0.510609130803394,0.16389353282604754,-0.15756389481724148,0.8889172279988058,-0.07732062337242157,2.4018230676717476,-0.32393355281565933,-0.7569252852571972,0.37922456357233736,0.11961631142709553,0.06406904078599894,0.2512921231384139,0.3282022394976494,-0.10165085123148468,-0.10411354318827812,-0.2113145797198657,-0.19367463152747905,0.10697559123178413,0.19994467793532042,-0.11526234977055126,3.2201892652440085e-4,0.010389453897986381,-0.013090885091483876,0.03017121834967922,-0.0077696848393680115,0.0017499827478125978,Sde-CMat_121 ,Matnog,Contemporary,CMat
-0.19711796778400725,0.49777991650097647,0.1617748596768384,-0.954206368664306,0.20909603141669728,-1.501673364220195,-0.08489698277710528,2.084509965886136,-0.42823303428935544,1.2846305600694148,-0.9416506409453899,0.7634260731290031,1.7553020396617156,-2.033783668530797,-0.07174440802841199,-0.28074216075587966,-0.31628704747083963,0.6310150229591269,0.06671051465243165,0.31764565819435137,0.04932906349029332,-0.19119783342606084,0.4830413882120064,-0.6142959953904864,0.06856943423427274,0.004221188534719006,-0.26059705580853815,-0.028093068059566583,-0.07094285330739568,-0.004227376361088699,0.08091709812621786,-0.03725110549951465,0.020326249619628988,-0.005347666431917381,0.00402253897144393,0.023349143735252726,0.006751607561912728,Sde-AMat_067 ,Matnog,Historical,AMat
-0.16229277902683717,0.4214496322985513,-2.455032193972837,0.5155546027298519,0.04930700782245893,1.4320268505473301,1.159222351568623,-0.015758969191119087,-0.3542966532138321,0.23157892477852474,-0.29051052545388184,-0.5091313777454339,-0.4353872849849738,1.1691522268332137,0.7374133323016897,1.0804913221893047,-0.20227039224800866,0.3399073218210869,-0.261539608580102,0.3253058958772871,0.12073847854925976,-0.1254900467095597,-0.01846616285072225,-0.024546255002929243,0.09958663421636173,0.14574772951395373,0.05801191642104383,-0.11437088081314198,0.07896371953487363,-0.04797614706061007,0.02777490014600913,-0.005893017148979747,-0.023121022144731013,-0.010849133505442705,-0.006797805414838147,0.015144856174414797,8.325225519958591e-4,Sde-CMat_116 ,Matnog,Contemporary,CMat
10.334820212802176,0.5016988550126722,0.6808216813655007,-3.483072765784037,0.3865435545301318,0.8684427635308227,-1.1850562864461605,1.0078355093235636,-0.222121814252632,-1.0865321451719736,0.7350760783493532,2.9944872011223636,2.1922954820537472,0.2395310437749303,0.3314641177059403,0.10638680250168818,0.9132115088798175,-0.5675166834218733,0.704765188730855,-0.5243800196387279,0.44618706363451727,-0.9940554357973062,0.5652909163615044,-0.030951872829913053,0.13551053878180008,-0.075541177118476,0.3026187837739602,-0.03216081766556183,-0.24046240917888026,-0.02323466052572969,0.0759339600274765,0.11444686577471729,0.032596442880619116,0.06418624054410052,0.03370978167061134,-0.022836285139577,0.003046266311225639,Sde-AMat_080 ,Matnog,Historical,AMat
0.4897369274550943,1.848144178598921,-1.5289162883831227,-0.7010996552551,2.2856002196626735,-2.344619866205304,-2.6046692466295305,3.305901185096111,-1.4581472661155133,-0.9795789813443855,-0.21334304279376165,2.109597935302357e-4,1.0217827442627847,-0.37638583666047765,-0.7588416586563435,0.9799304589478883,0.11213139657071641,1.2038043030417995,0.14302914085755292,-0.010548581189897314,-0.05349794641747678,0.09839867527859768,0.48907372015149625,-0.00975895141001333,-0.20192474863045198,0.11798216861387557,-0.09810807458756464,-0.08157933138455492,0.13298797940870744,-0.00651986828109981,-0.008517511031672446,-0.005508365961135824,-0.023738917425354267,-0.010359334547904187,0.014661206870970384,0.009747421994175455,0.0011348446090047367,Sde-CMat_109 ,Matnog,Contemporary,CMat
1.4788624642178563,1.5496051249838447,2.5882730303029535,-0.0837743844091352,2.6107818463923573,0.7438429224298574,-0.4268088961087613,0.6627109114902169,-0.13945970218937223,0.7938089644951215,-0.6958386549929916,-0.5863404693165698,0.7319769278156337,-0.10512891640675096,-0.1195044362078022,0.810606185183654,-0.1167431966913078,-0.6917241853109312,-0.31980511104194925,-0.13051890862918614,0.2607551280286491,-0.004973773985184501,-0.2809120380315216,-0.06323560884370166,0.03160787505713656,-0.2851030360497045,0.010472201519207396,-0.07890641799319323,-0.008054368557657725,-0.014241925955673416,-0.0947351016787938,0.009659246118972568,0.008191800033188413,0.01625389473345038,0.00901407482859941,-0.001965980270539013,-0.002603054972670593,Sde-AMat_068 ,Matnog,Historical,AMat
1.0258318236854398,0.11669864087136603,-1.3291836181796433,1.54693693618517,-0.35708369668345546,1.3404589973766405,-1.4479368036128997,0.03891712123190787,-0.37126481330414396,-0.6865910575594945,0.3128776660156755,-1.009388158274059,0.29547312722676156,0.6670616208511726,-0.44909238217198666,0.6697297063620073,0.08916824043137161,-0.7251948060023228,-0.3234132505735792,0.5063222921168172,0.818597778842707,0.08316533692735502,0.10032339741223613,0.11887979292546885,0.037341207434061045,-0.14208808424168487,-0.030350440490576284,-0.035731272482478746,-0.03545996532340923,-0.1083690987458012,-0.042812469132087076,-0.03114048066503834,0.003366746354358311,0.013024344864877193,0.0029653806505862564,-0.0023800656589278027,-0.0033356290291672087,Sde-CMat_131 ,Matnog,Contemporary,CMat
1.1843420783440133,0.9169113094856304,2.452527012693648,-0.7423415988436136,2.7838677277285995,0.9012576814403879,-0.8965310694088943,1.0127671959765323,-1.0715430031316537,-0.03174364831470647,-0.20982989691122222,0.19118451076798296,1.2382480902051256,1.0946663282359004,-0.1926864654382286,0.370209802244021,-0.291353156438307,-0.3882436179209481,-0.1513994244184762,-0.1497750775488666,0.21245455245146017,-0.08558976589343104,-0.3145720440479366,-0.049170931015143846,0.3063668288767783,-0.11752485707667229,0.0068763921682099115,-0.04556379521522112,-0.021940966689414865,-0.005621176365734247,-0.07729810131587528,0.032439799455052876,-0.004922662611784102,0.020806767417025144,-0.007337250805102083,0.009542356110479659,-0.0053863052566415544,Sde-AMat_051 ,Matnog,Historical,AMat
-2.064298066586008,-0.21054905057363282,-2.892838470550405,-0.2826984858920624,0.740765646018801,-1.4171497832670645,-3.5014662401179746,1.5836633741180974,0.8233316803663066,-0.7472877427913596,0.9432128661242453,-1.7446274788207037,0.09719101881969677,1.0643335952668012,-0.3580010495125882,-0.14658222654284317,-0.4922952338215205,-1.0482271383458368,-1.051831738298574,0.32326088342078746,0.5012104723488371,-0.2501426469303288,0.0269735507899957,-0.17195767170694595,-0.13834230824616905,-0.24643244607072096,0.07682694706425953,-0.12595785689484132,-0.06623225095539714,-0.02895729879392064,-0.04298613724258835,0.016072140088556258,0.004389879414157121,-0.010333402805757112,0.0027408379709899476,-0.005403221127629018,1.114967452249785e-4,Sde-CMat_139 ,Matnog,Contemporary,CMat
-1.4819787151408264,0.9399381473759145,-1.4242316691992591,-1.2999084332774264,0.9658306078858926,-1.8089127483792058,-0.037532496741504766,0.3735301497915492,-0.5116225528489589,-0.15018540002428457,-0.06815045518381929,-0.37007006103992085,-0.13916870560931865,-0.8519607988559381,-1.7648068079832078,-0.3801065382313334,-0.4198596722368939,-0.3342888403323749,-0.45100230731818425,-0.022562796687034332,0.2505873306936563,0.43175838050797694,-0.12690978916149512,0.12129323038271253,0.011180332610002279,0.2917679236401652,-0.2138388626423495,-0.01559343947388808,0.014852128705739013,0.054467808649303395,0.06201447929915263,0.020282426085889534,-0.020982090533959278,-0.006105750087043404,0.002551805941218395,-0.014501592372851146,-0.006035023103942801,Sde-AMat_052 ,Matnog,Historical,AMat
0.7497502646088501,0.6272311191820465,-0.616477338497531,0.3756824527265456,-1.516159021783015,-0.0017151308263290547,0.49451107080245577,1.1033290730615122,1.3099098798833402,1.845169940935224,0.7929393397859402,-1.3500909355484596,-1.4864807200672852,-0.4690233500649063,-0.287213429568056,-0.28783599893486583,0.5745587385656303,-0.8461745108504185,0.5891520247483734,0.04002113677785751,-0.04601255467738057,0.09535493562443192,0.06467786761473993,0.18742621461293085,-0.03633941953786691,-0.052425006973908214,0.173782872423025,-0.215340132355721,0.013140576953785968,0.07060741541618305,-0.015584646678812934,-0.05111457113879895,-0.03789499286775143,-0.005651809355340989,0.010928535211117044,-0.028072428333049213,0.004431409623570894,Sde-CMat_117 ,Matnog,Contemporary,CMat
-0.0978707343233753,-1.2562660498555782,-0.7373265283882758,-1.474525031916114,-2.6088447384012756,4.03204627312011,1.4173712403905554,0.5473853810070411,-0.5618063623842345,1.276177781323733,0.4912912947936807,1.56894490519705,2.140538882408123,-0.9470272799284672,0.10857597528796781,0.677807190908668,-1.3516587511432898,1.132986710525723,-1.147087930533107,-0.3052721064726616,0.6659996611077256,-0.3026898785993524,0.33605812952583386,-0.1765501675294938,0.4881407041310696,-0.0425579952089195,-0.044127645832817704,-0.1211866026044642,-0.07158390115842934,0.1590576915937095,-0.04781536968608001,0.005425345638301185,-0.04592883082042858,-0.024948598073706564,-0.005894567224464108,0.01127588698808859,-0.00233913903106003,Sde-AMat_076 ,Matnog,Historical,AMat
0.24792014707858792,-1.595891064185072,-2.300823413918043,0.010820908534797242,0.4956052870681482,1.0056757926737039,0.7269649045688392,0.5290582566906114,-0.4874873701570023,0.10312293902454056,-0.39182815044473557,0.8912140801905195,1.1331713526068834,-0.01581401651928806,-0.1702357887112016,0.9685220369684705,0.1989122621536887,-0.16279115737181768,-0.30363804919569254,0.25151343552382643,0.5910594639482034,0.2693069569165881,-0.47622627787896077,0.12825466317209,0.0796647926787307,-0.06916146502802685,0.09927593983772877,-0.11479179200315451,0.16333421552459504,-0.06716286855910494,-0.004673629840854326,0.047424123727012824,-0.03168476290678472,0.010649034939176147,-0.005289613871667538,0.018766083337398834,0.001161958091293131,Sde-CMat_097 ,Matnog,Contemporary,CMat
0.1417178629698413,1.6871322424618165,2.865899387467917,2.0507486666597368,-0.7597427406487729,1.1647670581788725,0.09250266316565386,0.12194985650123838,0.8257600766860315,0.8280623731029655,-1.9799041246751996,-0.8749760291914407,1.1537196140916888,0.5239314180511638,-1.3910129616536504,0.7367223474610564,-0.4321917640049865,0.24304911698547962,0.34395729157218147,0.18651229995597032,-0.08199654413066804,0.4433257922046709,0.051083175029580666,-0.06601613074578935,0.185017702071251,0.03433509340885773,-0.06960056270921738,-0.12948512158803255,0.0028950414949480857,-0.006305419425061913,0.013510136290344199,-0.03336279088891921,-0.01682801373781574,-0.013114740953418151,-0.006381545810961741,-0.006818868587933652,-0.005464141860952099,Sde-AMat_054 ,Matnog,Historical,AMat
-0.041214788394744455,-0.7791411846227256,-3.9672994245637336,-1.3092007312052165,-0.9134364085773733,-1.8366655589023502,-1.1713196523726583,0.6130371397039396,1.1858096352178105,0.08607772975891899,-0.36377553095672327,-1.6120482720095508,1.089995147018488,-0.22037636521403073,-0.13443949831792942,-0.8318646645702791,-0.5410626089183691,0.21621016552705255,0.5998296346428561,0.03261211913143474,0.4215007872791044,-0.2192300506409513,0.26067690440261687,0.43365214472697866,0.07637592089592068,-0.06043915245147186,-0.1549815285915586,0.12052907662500002,-0.07552001015947739,-0.02621881781881582,-0.01883037121231195,-0.07711242876753373,-0.06275125936323034,0.003597838039575846,-0.002659419528695193,-0.014397333413823236,0.021615639095850143,Sde-CMat_136 ,Matnog,Contemporary,CMat
-2.136746653100459,-0.5430359171652759,-2.7959256354568214,-0.5584683214470587,-1.3689954658147026,-0.4962444909813172,-0.6962959895970934,0.5128862844440484,-0.06102382092304024,-0.08672635141706717,-0.7843241600918988,-0.21071433343893012,0.6133378631874495,-1.0414502004511832,0.8681661304607381,0.7696371793046284,-0.38872067817938627,-0.03355817908166841,-0.2277818625124652,0.4832739690620339,0.21653137488579635,-0.10913148316122528,-0.2835797619652274,0.01312613499201515,0.016245183011836667,0.11928059838638812,-0.05991153172698767,-0.11067404618538737,0.07584076602441898,0.009135497113210034,0.03287413908344228,0.002669166815921846,-0.02689504850304937,-2.032565448181651e-4,-0.02256989327560255,0.0030514678596565616,-8.916791155625117e-4,Sde-AMat_053 ,Matnog,Historical,AMat
2.158549203340132,-1.078421735201306,-2.73017618957785,0.6289480855988218,-0.448771759487647,1.919287292432085,-2.18905955287224,0.52624222707957935,-0.03687992318587996,1.5082999143497142,-0.11089754437812507,-0.3551804848606888,-0.47441692195166085,-0.035531217475310226,-0.19199838461935825,0.6341789794488054,-0.3235675586773077,-0.43669764691327073,-0.37921518617061245,-0.1409048997044166,0.46450291464021354,-0.31726195148438474,0.7262899948846501,0.23825468276855,0.48396194333759396,0.21641066027208392,-0.13011115443330667,0.04977668517134152,0.031924809492674185,0.12062206814102254,-0.0691937155265598,-0.04022677150403452,0.020901647071661103,0.007666297799387627,0.003252699530432318,-8.076966603710463e-4,0.00355807741995648,Sde-CMat_143 ,Matnog,Contemporary,CMat
-4.947724749901855,0.23805077962244534,1.8850971977988704,-3.40805505887404,1.185029339182609,-4.0266309964954425,-0.38514486282803334,1.1711234648535414,1.1090198673362628,5.018631496599918,-0.8374373600578795,0.41067013215556614,2.0768391597429483,-2.7317581565099824,-0.8008361745078157,-0.5405196770479251,0.5454333303957422,1.549865867804448,-1.0250690779164862,-0.6740073214872461,-0.24267982368206717,-0.985002784979633,0.9417106101970129,0.6227863323663075,-4.5058082550073896e-4,0.2638739436381847,-0.03221689436190052,-0.08452284928514661,0.034925918913249664,-0.10424596932809381,0.020796268436540324,0.01907205929698659,0.02931232370236457,0.015204096734051866,0.009594724379036862,0.018933063401376318,0.006138672832705304,Sde-AMat_070 ,Matnog,Historical,AMat
-0.49212040276991376,0.5358519525903411,0.35387688145364377,0.05412886615726783,-2.610876712406674,1.459090354821152,-0.48116397208691714,-0.3241494718466277,2.46394299928797,-0.42616348438994367,-1.2838198757861652,-1.052187406501465,1.7369615395839695,0.5536364889333534,-0.09652931692545125,0.24658313288127665,0.610025486537446,-0.16387648275198827,0.7097155823172121,-0.5651983704466423,-0.3088062044040894,0.549454686197558,-0.12524446772936385,0.35360597954506146,0.17286046032639943,0.02191810883755111,-0.02436496160785469,-0.04386297010746159,0.03727992731657709,-0.02539730291284426,0.020950558700789726,0.05222918475096855,-0.024882061499675756,-0.01703390857184265,0.008360739059914463,8.869937517502948e-4,0.005505143572807268,Sde-CMat_140 ,Matnog,Contemporary,CMat
0.9632883271440402,2.2673363810597262,-1.4916434777367376,2.4893644456714554,-4.314068327400139,1.70089959397439,0.901561444253693,-0.6753094711479765,-1.4502928574905247,0.9379930374230802,-1.9747195900662562,1.1379996733572273,0.3864966418540528,0.0027651239184557875,0.3768320533975115,-0.9553155469328594,-0.15361394852737878,-0.9201683994654589,-0.1653203025571398,-0.12025736421252631,-0.27837135501425464,0.2692161673296708,-0.007653091136402664,-0.608170293013066,-0.05346859449314217,0.21126688367705465,-0.2870217880914657,-0.14635624200305886,0.006115904799455108,-0.011214471828588764,0.03943798301423599,0.026102483490959623,0.010601170878490588,-0.02222395233339496,0.05131960496455682,-8.089542227795826e-4,0.006151357645259421,Sde-AMat_078 ,Matnog,Historical,AMat
-0.43707458467330135,-1.6334158964175223,-1.1109459280386758,0.3417454031621287,-0.8779200947097406,-0.6300232084932669,-1.931523793662618,1.1431348599775737,0.03555597745987764,1.5981435588778323,-0.32830376046211324,-0.952761440399832,-0.2360648989052551,0.38117718630462755,-0.030836323503387112,0.8332695065439063,0.9409225836155408,-0.7523043313142986,-0.2700490924500263,-0.31894575392326596,0.05622515865087222,-0.502805862947915,-0.0892744129261667,-0.24263938401126858,0.20239797967086068,-0.011524440679895958,0.008673823750206009,-0.09349618248792782,0.0687391588805392,0.06201693589066161,-0.008990623087336476,-0.007977097705923735,-0.006607055834110175,-0.00930413503622332,0.004732205344577453,-0.009110557112209827,-0.002875054429738686,Sde-CMat_110 ,Matnog,Contemporary,CMat
-2.3622161820842495,-0.21537744795485433,-3.1927568965582407,-1.0479293906628373,-1.6867649841537447,-1.3917294971404106,0.3455465078187155,0.5021729611438113,-0.5484424215808985,1.281585504807133,-1.5691228598089533,-1.1054334873701694,0.4267811576770499,-0.41455913465000227,0.18594459464105417,0.5676762276114108,0.4916483365630412,-0.20904558770833112,0.4157250530684967,-0.07550288654374183,0.07298250990033212,-0.08303031115955278,0.08824075837982444,0.023918200421101078,0.25639192725737847,0.042278524141568484,-8.89403311440714e-4,0.040479176411555594,0.005118128378177037,-0.08318907720930341,0.059977395368808036,-0.04347287566208879,-0.04187421424682987,0.010142834581159745,-0.006690916317889219,-0.002413981817173726,3.94603960620654e-6,Sde-AMat_049 ,Matnog,Historical,AMat
-0.3870770435932635,0.2044500804356983,-2.3595044850624554,-0.27813287337875453,-1.5718025293893838,-1.1988278373541712,-2.3062492177312794,-0.6010944844892351,-0.26905950543461754,0.42661416018430887,-1.4996213564891372,-0.23842156275551335,0.1255330170450967,0.767898391321298,-0.7631756738678154,1.6138938728298462,0.6508624444847352,0.17370156692192987,-0.05920940743206269,-0.2859477137142024,-0.10822598507916033,0.13667775414095562,-0.10713313245990048,0.25305759693017343,0.2181971592063769,-0.13202885056971597,0.010010684078199305,-0.08373421450967843,0.036667360878460564,-0.07011486487843206,0.02290570144191509,0.031739546340296146,0.0019501648211695986,-0.029354408448817426,0.001153913030579572,-0.004085330945560763,0.00161892732828814,Sde-CMat_146 ,Matnog,Contemporary,CMat
1.1986620980586733,-0.16466718472518022,-2.06968355025928,0.48845666056526016,-0.9039541761747316,1.8520129812582313,1.5424123812877044,1.212017484613108,-1.8571120817706759,2.417961826872768,0.0761072165853759,0.003650288334708291,0.13489591353657965,0.38963952782933003,0.6111105624261259,-0.11000895081798448,0.22419807620938156,0.20365139744002816,0.2382597704430546,-0.13891006619036297,0.20101784866071942,0.16845528039270813,0.4500467102737237,-0.1219336462145254,-0.44912416368923413,0.23250976248225003,-0.20727655533495662,-0.07565302648797347,0.026906328353291317,0.02206933937677019,0.05198057811810719,-0.08478140052908523,-0.019787104031255703,0.00436640944044405,0.010924052083828309,-0.01636405850849435,-0.0070780340954496,Sde-AMat_066 ,Matnog,Historical,AMat
-0.11980482174324154,-0.5497727754967073,-1.918344350362551,-0.19807431430557063,-0.2761931378121254,0.5320412615978903,-0.2944090792456838,1.1123654620978312,-0.7750784198452494,0.5656932071783151,-1.3669802579652062,0.12826911096324892,0.09951374780248279,-0.33745563630591874,-1.4488553337387782,-0.16151849820765368,0.9932049506999628,0.5086402671205248,-0.2335774780442312,0.06942085943588641,-0.1692636512312976,0.10044621640636585,-0.30027856805394565,0.49117749194505395,0.04269120494011376,-0.01738639248413659,-0.01507622006194509,0.011156910692055906,0.06626237416234429,-0.025215591136530727,0.038193930542696285,-0.010105930836744274,-0.017417699280518433,-0.010877941538259113,-0.006368104847024835,-0.0011030966213643645,-0.0014199019567045128,Sde-CMat_108 ,Matnog,Contemporary,CMat
-0.6435615509878719,1.471495991836987,-1.4418218874393087,-0.7374806796123495,-0.43969335419088335,-2.4305545325784887,-0.8255149597045567,0.6960097927755979,2.221845850636737,1.4912280411611734,-1.291836188100097,-0.833686056996725,1.1621781892749359,-0.1681915470366465,-0.4306498903425411,0.0930237198836447,1.0653032070674204,-0.6951296215603281,-0.08040081332911929,0.43868792620674746,0.7275568767540262,0.898667921534358,0.06711311548878032,-0.18658006203183913,-0.046892737164854946,0.2522430987544479,0.05455380360984071,-0.14315442566178707,-0.06459664015967151,-0.015175924017604868,0.1016490606926766,-0.0645237657083982,0.02774497299895563,0.022870560669914084,-0.011781431175681227,0.007512671749001343,-0.0019420882860548651,Sde-AMat_062 ,Matnog,Historical,AMat
-4.3137341668653955,1.061508312105051,-3.103728256297173,-0.46881865904545644,-1.3391858221747732,-2.2699217005776515,0.9242756659396901,1.5011170694374965,0.7376400518712152,1.9087305546896325,-2.5768058374774085,-0.6036544311920558,-0.12730179416942405,2.9840535038390983,0.35409032613654773,-0.2469631044192767,1.0582414075653546,0.9541015452338919,-0.10806854685713725,-0.4220955436297326,0.35359396115562225,-0.17009937521569707,0.4829915265769685,0.03185616999890019,-0.09833269462241896,0.008933700981050065,0.014353463528720557,0.039290424843031996,-0.06597322191715545,0.028625964672519086,-0.01793802665783063,0.008442308377124794,-1.391479186200222e-4,0.02741488516803893,-0.0064367119283466525,0.002651019397815876,-4.926848597844271e-4,Sde-CMat_133 ,Matnog,Contemporary,CMat
-1.7325444302029076,0.9637600399598356,-2.976534107199624,-0.3047478730228093,-4.178031117238204,-0.9921011898672266,1.0281008176816193,0.760546664173609,-0.2645648871370969,0.8102258464792476,-0.13704519473877544,-0.27242704858778455,0.012838606277063866,0.6769633666199949,-0.36582009013917227,-0.08941092589185234,-0.041159053694912455,-0.42511159003405224,0.7208475373450421,-0.3823731335871937,0.3782341737678607,-0.34735149252418596,-0.15088777053696545,0.049910743061011814,0.11139640446455976,0.1301010403727951,-0.16367058060099832,-0.007681039207654385,-0.011523497304468097,-0.05904457925631929,-0.008989505424008016,3.5018381546940305e-4,-0.048522488214882815,-0.025714938078903002,-0.0021374897679373333,-0.012738595665508638,0.0022082827862155018,Sde-AMat_073 ,Matnog,Historical,AMat
1.375256983841562,-0.8786073282974183,-1.6236428231395816,0.9651792777227369,-0.6022780879420827,1.925697184327385,0.5897732267801208,1.1267640456290025,3.1891245601720635,0.3698126675844302,1.3989534754185027,-1.3449957630549827,0.8133867640649561,0.7404081984068707,-0.3089193692729314,-0.2879260636518649,1.1539147267903305,-0.6210977992459683,-0.48589442824539686,0.09215364787959743,0.5149415390202889,0.2481251454896687,0.13987891170603706,-0.09931577648123306,-0.3738169356460024,-0.25458555340429145,0.07299954012273621,-0.10868948511682441,-0.06131921967488143,-0.02923590893616082,-0.05167138349042252,0.012896195396800652,0.021825738012177385,0.018946368415823454,0.035365077082410414,5.32205554754086e-4,-1.7943080904561832e-5,Sde-CMat_119 ,Matnog,Contemporary,CMat
-1.770288462081816,-5.309773431654647,4.32578675039904,4.641020641117665,-1.0043192493182402,0.988339224599939,-2.834726248379607,1.1596537865597376,-1.5752540372902586,0.2810856832665512,0.36580231563742766,0.3464896530003013,1.4201534526993087,1.6590314178800276,-0.7365994845773486,1.0835833595643671,0.5490125399422112,3.3367633527616998,-0.1073142299955148,0.09477195909956555,0.7455413006986493,-0.12308242802156881,-0.2770692709701668,0.1394456023223448,0.3170897369143012,-0.2514419588597475,-0.4954546715942458,-0.036598073930235266,0.07400345167212098,-0.006808189590110985,-0.0010451852082790881,0.021804256975825956,0.06038112682514764,-0.0018191203437460937,0.0069982953532014775,-0.02579467948138696,-0.003772911827870242,Sde-AMat_090 ,Matnog,Historical,AMat
-1.4376056970850013,1.255134274689422,0.5003438683040927,2.1031059548616837,0.3156957546426658,0.5384450298333009,-1.0592641947758892,1.4522226544333365,0.24341058519303538,0.19392276965721153,1.2324951734925331,0.49871777020918034,-1.0654343645899547,0.19234364482637697,-2.805384375245938,-0.19935978225915757,-0.8215962425751597,-0.9608102180847712,0.09752266373766359,-0.046818303730695586,0.2695865748076138,0.6340368235143722,-0.29912297212448186,0.1608546090616018,-0.13409999147777665,0.16514406492803912,-0.08402717964470008,-0.07910523672471444,0.022344136333552776,0.03215376261861183,-0.028849983282696997,-0.09052298850167703,0.001962748748742499,0.0217962129392182,0.008343683481613138,-0.018935205999773688,-0.0031246504842254584,Sde-CMat_106 ,Matnog,Contemporary,CMat
2.2484625832718326,3.493919664410761,1.2758857099207508,0.7421918662888577,2.4150619435472294,-1.858519894117497,-2.924224935090199,0.22233460361493756,-1.8676300092558955,3.0434720222364056,-1.5266392173431824,0.25394728882184386,1.7172528748492806,0.2676034579798857,-0.3971516572670928,0.19854009943753337,0.12604921295976404,-0.8027565455929482,0.21354896923822592,0.5657488531921414,-0.3943434173718823,0.3790894527569531,-0.3820890117316172,-0.2218097687533974,-0.2917628827580106,-0.02042954114989083,-0.03513314493749701,0.06664432985018715,-0.21383606026960245,0.10221711758816104,-0.031219881088880727,-0.0583913192670864,-0.0032216601191717106,-0.009559829912177667,0.003366495922635639,-0.005533989451382402,-0.0043689048489825725,Sde-AMat_061 ,Matnog,Historical,AMat
0.7985224402176754,-0.043108470847490143,-0.23259010294678442,0.47220056275834493,-0.20302326812087382,1.2140281839749407,-0.3904588210543678,1.0784387555506751,0.1009107713103992,1.0859900461820264,-0.553445342729194,0.34335739640087826,-0.18766791619141815,1.3902945126738473,0.28117865766200234,0.11638556792948337,0.718266339653034,-0.6117178556799558,0.5854093379312508,-0.3358099705358956,-0.2895174769985248,0.04704292233630711,-0.296545245800713,-0.09239710516692552,0.22638065866877827,-0.062301343051198936,0.08929381919534214,-0.07820383505562375,-0.019079583386360437,0.005852516266812387,-0.07035276073146267,-0.10058278592841603,-0.01668181294664635,-0.009536321365754477,0.008668071195830225,7.433302309018146e-4,-1.8363114488945326e-6,Sde-CMat_104 ,Matnog,Contemporary,CMat
-10.242212654813006,-0.09097337424633967,10.81799116159043,-2.6361186007308848,-1.1311378070787967,1.2024766094012178,-3.0808496294505283,2.5852761423628823,-0.6944021840141154,-0.9758827793721999,-0.2833574877109159,2.286347014012861,1.6444277404001562,-0.2441783818951795,1.049133094852932,-0.5407519492830944,1.942037822587697,-1.1870885657663324,-0.33271682378859957,0.429781883871321,-0.49231224930233436,0.28289974840082854,0.4641866149162549,-0.025631601249787365,0.013073511115347956,0.7244178440310156,-0.010458321083876829,-0.1786305570625825,-0.14336013363034436,-0.16658615287086026,-0.059559919481620094,0.0993428851001232,0.029898801259488076,-0.0016946382403033211,-0.013398587712393904,-0.06735368499101888,0.009207077051296982,Sde-AMat_077 ,Matnog,Historical,AMat
0.7729352717782852,-0.9516216542707138,-1.688045219982615,-0.2183332548032826,-1.2141398115127462,2.4663030962310653,-0.11856322792178009,2.0984928992440293,-0.2713706598204625,1.602787986534301,-0.08505953797186805,-1.2440245722577656,0.055944994294213374,-0.5445867065484893,-0.5687048119204121,0.36230566611684234,-0.45008539792926333,0.2549781067222036,0.09330493017955124,-0.12211952101320453,0.4151573048033683,-0.0428188604275938,-0.08912453650738895,0.11093904939661113,-0.033845167428396335,-0.020167014942479636,-0.10260986486535471,-0.037880448615936015,0.044532917586776466,-0.0714475395845702,0.02010264271590959,-0.02563533479676292,-0.01996354569067638,-0.0036201385492988765,-0.008058679667116611,-0.0026550591537138494,-0.003048984311832343,Sde-CMat_111 ,Matnog,Contemporary,CMat
-0.49423639488321786,0.5888029537048345,0.5304077202269785,-1.8659213041718676,-2.5424752768301055,-1.0711567386231509,-0.5181052917157744,1.7682947554482336,-0.38178854215028096,0.7272653419043927,-1.1121388234826752,0.50227099390287,1.6463290584205648,-0.6617083274991574,-0.6482488970888223,2.0111234290895257,-0.5058035885563884,-0.21822879609102516,0.03599279673499822,-0.1864751148701247,-0.26454351641077734,0.21762637430238846,-0.21588851355259187,0.38513287690469006,0.10084035667016303,-0.20447781326895956,-0.09358420189496577,0.06945067382521945,-0.07004964648198587,-0.005158055315458016,-0.023516692059240916,0.08567346730385454,0.005657542895100452,0.011147911380721173,-0.028074702518609898,0.00400001514957383,-0.0034612786188289277,Sde-AMat_081 ,Matnog,Historical,AMat
-0.9590396130022312,-0.5700300824497461,-2.406962273335687,-0.57379591883135594,-0.4848230910921803,-1.1964520228393158,0.35705485404403686,0.6033071540942357,-0.07659351629584618,1.582731842076073,-0.3390345076874411,-0.7219757027811633,0.3656318620287173,-0.2556595524690708,-0.34100882721173115,-0.5524662758493218,-0.039069347293642816,0.17489978728199748,-0.47235779814423295,0.5354298970912464,0.7741463592355995,-0.3883863183736147,-0.2671177882014888,-0.10215586084611242,0.09946286144585607,0.028883180624264548,-0.1296628126463134,0.07126965544972963,-0.017523837400039446,0.08267649626052818,0.053815014351448476,0.0033842414767177456,-0.014948384160322962,0.011223181586659069,0.00315566105257104,-0.011414633284151368,-0.0011933472915805878,Sde-CMat_099 ,Matnog,Contemporary,CMat
1.028182382862136,0.05113057524408343,-1.0949049267956135,-1.4275786761135116,-1.8755896862331598,-1.1329866616420414,0.3941873535461896,1.5508483541943483,-0.11738355910472817,1.0319757860572427,-1.0603375336691534,0.9829511680440882,-0.3562326854451973,0.19608988120899828,-0.6957071771532334,1.7610383946533066,0.6498482392834622,-0.374377775675766,0.8010089327128119,-0.5074973087544021,-0.09993608239969592,0.5915677811917901,0.2822556272743363,0.18276836870006624,0.13668632753523144,-0.31000634707111807,0.035877606575679434,-0.009449102617374196,-0.08181227788542082,-0.17219736125848759,6.433222193528393e-5,-0.14445401140340144,0.007232430512464938,0.01897718129741743,0.008932667771381164,4.508103597630183e-4,-0.0028468097463867207,Sde-CMat_112 ,Matnog,Contemporary,CMat
-0.8598427119928961,0.7674460722318115,0.7036299871844435,0.6303582598372709,-1.8094745726896353,0.08282871592668882,1.498902777262432,0.1862804903107317,-0.4841131059389912,0.25855251517994965,-1.2809172752689983,0.300149456118987,-0.6211944576873134,0.24884252656452416,-1.540688254263529,0.6664276978255423,1.1187660577857725,-0.9567285212401332,-0.48607448366423955,0.06893140217486192,-0.46910835801441547,-0.054314633548672754,0.030217067827896363,-0.10160862906678528,0.0973617946522722,-0.14875188481672308,0.0035137314131793228,-0.10115851590666873,0.02740804410521029,-0.06467802587853028,0.02463539714536558,-0.020294609121611854,-0.027986752384711638,0.00978828308723762,-0.001493598274621008,-0.004780818630849129,-0.003622780394783708,Sde-AMat_060 ,Matnog,Historical,AMat
1.144561057909591,-0.25181533906353837,-1.219930039335828,-0.34869475177789494,-1.7611853954359091,1.3776430290813464,0.6426878801841238,1.4223185033288976,0.23018564620880105,-0.045995180531504636,1.0324496352553265,-0.3886815867541995,0.2572461766917075,0.06745617618136322,-1.4165498876976408,-0.12642812928449865,0.05059669086220891,-0.00432322465116899,0.2838889282186419,0.175040963068463,0.5166231325935389,-0.4215539225321572,0.6250762852233301,-0.02020869857513812,0.12067926087550719,0.39047607934828393,-0.202505714043377,-0.032734484260373745,0.052923916177201956,0.10153625184196312,-0.014780701183368394,-0.05324055427915067,-0.04423561987266229,0.012447364926195413,-9.81367033824925e-4,-0.01758728663403928,-0.004438139318030876,Sde-CMat_102 ,Matnog,Contemporary,CMat
-1.310468625507112,-2.7970955011085286,-0.49190090579230705,-0.8022745067152497,-0.7164878525281254,2.9817266176639206,-2.597317167396671,-1.3902069253227025,-1.5821816716192578,3.256650658399349,-0.7954484798783642,2.361002706214625,-0.4147349535416969,0.5973174480076182,1.081840014446013,-0.4293738123432996,-1.2986712019935134,-1.6287670549298843,0.9352593090790744,0.7203412048777306,0.8890359957904561,0.8102503752079544,0.5177114143588325,1.1548658419135664,-0.19622069133745956,-0.5400773242380603,0.01939108035585617,-0.09535136322368247,-0.04951929686851939,0.10840606432320939,-0.13168402592512643,-0.012673474480124462,0.05999673074370326,-0.04436437999949446,-0.053078458087231696,-0.007007992743203411,0.0012189569340140941,Sde-AMat_056 ,Matnog,Historical,AMat
-0.48278617766361726,-1.2785279890582677,-1.6309476916603183,-0.5957670410631869,-0.30662327315776267,-0.6220094309789383,-1.1879458361450512,0.7687031859106165,0.6201423601023104,-0.0686510795723196,-0.40284385402868395,-0.70428178955311,0.07915760033679872,0.8813046323844498,-1.1796026493960945,-0.1605715533762378,1.3125424150931286,-0.3084184439863607,-0.21211999556722758,0.22424115066430161,-0.08948528964236985,0.31890635922399063,0.1125898730219157,-0.026994465290959065,-0.10841401914171442,-0.32216416145617505,0.02902385311848669,-0.0782737117473164,-0.03148894656457532,0.012799007912963577,0.012038673025807172,0.04894591969903016,0.020837379755523595,0.0013447274691683847,0.008437033100251993,0.005253530753452612,-0.0014836984911614083,Sde-CMat_115 ,Matnog,Contemporary,CMat
-0.3722819604760863,-0.7862309738606647,-0.7742527088524781,-1.2073297458234797,0.23712319852917682,-0.17991760832885825,-0.5265023355020804,1.968865102025362,-0.3255664673811139,1.769770820696272,-0.1054636176705765,-0.9889192876498204,0.19724026897648522,-1.458358564706197,0.07962212601924173,0.6497378065396113,0.795662678824236,-2.328177894133231,0.5053490058179791,-0.33461869203802885,-0.5163969055051827,0.706495347203736,-0.09195460470021191,-0.2834523228881461,-0.34803001368156844,-0.13593047251925489,-0.1573296586037512,0.0987732752213514,0.03413585580928118,0.0658151088984832,0.023015697293908958,0.0965833863385376,0.023980477096908592,0.012481414841183947,-0.021539410689864664,0.017667492401227867,-4.3221967773546564e-4,Sde-AMat_055 ,Matnog,Historical,AMat
0.23859220287095315,-0.24128030940634929,0.13532446821277871,0.3915876341673065,0.5517209394785836,-1.361118595572345,-2.1094528544516824,1.36760204787906,-1.4329569428930824,1.4016761684064973,-1.2026079090933908,1.4562530665926248,0.46583570534429514,1.1184339190426293,-0.34038609736159114,0.16878658737591604,0.27668367622748985,0.2620585297346738,1.3517591590914584,0.2058576326909914,-0.2990242566954951,-0.21505151593380684,-0.6465608921520213,0.19655441220901243,0.5447808635628011,0.09047213624467156,0.034835892626806156,0.00403845550649164,0.005533949432598526,-0.06637521566711241,0.021292436426422805,-0.10189429451679718,-0.02006193808177498,-0.010440374224040446,-0.0104941757007985,0.019179155729707572,0.0027631226048627695,Sde-CMat_114 ,Matnog,Contemporary,CMat
-0.6315713738576155,-0.2514571788241921,0.2657645507525053,-1.0680769881013616,-2.8166800186801546,0.3976110227450702,0.739665158731547,-0.07938750349582936,0.9910643608426576,2.0722005937425503,-1.0187710520142943,-0.7371612900633951,1.5224243966976276,-0.30470604809864194,0.21725588808107482,-0.602518640142274,1.0611002696708758,0.13927832128124182,0.5004219864705794,-1.073958061494089,-0.17473305908982428,0.5214298876622042,0.30970873247887887,-0.05484179499768717,0.5073431135523337,0.1243812062115357,-0.0924077100945906,0.011413629112418838,0.018996015370524432,-0.028332668039521298,0.00984859181700443,-0.005887303326035509,-0.008285323980868438,-0.002777334076044037,-0.0030092880840071356,0.0038635854085840434,0.003257434245834138,Sde-AMat_058 ,Matnog,Historical,AMat
-0.6684832430715185,-1.2276458710929117,-0.40557016285189895,-0.97816727844958,-0.12927659497130403,-0.17469334093455594,-0.6063640579628983,1.0840884536844384,-0.08527851829326324,-0.7830300694534176,-0.03708361939195886,0.1040189084145033,-0.7934069253560643,1.4221786529211895,-0.9637926211479748,0.5618697997976668,0.41066295855219065,-0.6437428436188383,-0.04667857628927402,0.23554108911712718,-0.12851628568995901,0.46253623349901274,0.13352489700999515,0.12451925151388062,0.07363144348782427,0.049396193168663456,0.12455265921307476,-0.1106169839044476,-0.1108994184133487,0.049311565505934525,0.10402561661128416,-0.06592023501147125,0.0051176439398987585,1.0287011387670133e-4,-4.6795834804111197e-4,-0.0036743036763496905,-0.004883192583690408,Sde-CMat_141 ,Matnog,Contemporary,CMat
-13.705933945534163,-9.976540615350373,-11.504032033950589,-9.284279980842308,9.537164412947618,8.390267007763189,1.4837567187902894,1.543001484060395,-2.119406393156216,-0.8262875969086273,1.5184656254884743,-1.330419743825086,2.352763752582017,-0.572245521081287,0.12036174557239998,0.7523072438669642,-1.2150468061151316,-0.2808595875477009,0.8596618461296331,-1.2514449370184826,-1.3878445079305288,-0.13883457998073154,0.06257564958911077,-0.4154038896502038,0.19950808872443862,0.044128661462934926,0.04531976610702093,-0.25869018003334654,-0.086583315322441,0.04842714908283472,0.09166001223325643,-0.07723662876477902,0.10890158959563682,0.009346453473940771,0.0078117024380011,-0.016762307093759896,-2.748514227870513e-4,Sde-AMat_057 ,Matnog,Historical,AMat
0.9098119039460957,0.4870300504613277,-2.3794765483267226,0.20162344225546489,-2.0628348437297923,-0.3377425310682937,-1.7804075601106493,0.6678440090657456,-0.2714919371439779,-0.17979878080697148,0.893895292436274,-0.03557559310718423,0.6612333535508637,0.3812807051308134,-1.1125688563133598,-1.1112672633480614,-0.06500770722123853,-0.23282526116059135,0.1341246957766411,0.49468236101305424,0.09108347152587942,0.1766609916793691,0.09606359577749678,-0.3230543049801044,0.054647687795896974,0.0035267247550853126,-0.08118313629041997,-0.049414382689224524,-0.09966114317566971,0.0078025660226757445,0.019223552007544418,0.007686886784408523,-0.02147638171923582,0.004893573112089727,0.004043176332949141,-0.004404060571283354,3.161484843540779e-4,Sde-CMat_130 ,Matnog,Contemporary,CMat
-0.08823122711623183,-1.5693980163982013,-1.9886486445286506,-0.12611328221952212,-0.05769187754319602,-2.229628844832791,-0.8699782910879057,1.4362951469622565,0.6440006255547991,2.2194603147193765,0.025339972796754665,-0.8128687675978253,-1.464296567102061,-0.5717571889306218,-0.36410790723817693,0.09619922003150602,0.7573896091983544,-1.2050772383604964,-0.7069508465582911,0.4619172083262687,0.016821983039422297,-0.3261375921363126,-0.15604988452235935,-0.46619387168112186,-0.19787798021012368,-0.25384620846707867,-0.10019174789114677,-0.21567423877224637,-0.09384436656840728,0.12490266879284996,0.03130907997247505,-0.020480462446683747,0.016007838995253005,0.0011934924890267297,0.0053218931359253,0.019026207349623202,-0.0048283892290946215,Sde-AMat_059 ,Matnog,Historical,AMat
0.8345537591319035,-0.7008052041512288,-0.832384842541654,0.6517768799723661,0.12090848970330316,1.7078718482688027,-0.6759171666319248,-0.8241602664255556,1.6205279393329441,0.3065276705474753,0.9838731972976306,-2.0920030700288264,0.4899964656733298,0.737812921072208,-0.12569127816276213,-0.4547157010131363,-0.734815956277939,-0.05896999974765393,0.22175121883031143,-0.393183286202085,0.5311954808779474,0.26837650779144917,-0.12216341677783457,-0.040908554774368104,0.017919291648529012,-0.14596037139494888,0.15462256754324344,-0.13529202644079436,-0.04379879641025667,-0.09510896997186778,-0.03901739600429332,-0.045811943925734976,-0.027609627483193636,0.011936750397126083,0.009606227267804043,-0.00742352444076862,0.0032116412880172232,Sde-CMat_129 ,Matnog,Contemporary,CMat
1.1688992773020386,-0.4145506068006523,-0.08021367219425528,0.16010649473421823,-0.5725529062858564,0.5703588289404857,-0.7304298200409591,0.7506359218789052,0.6821796121809834,-0.30601992445661036,1.6833929118624018,-0.00619332653693342,-1.1728122541162187,-0.6308852560952293,1.346324538661885,0.5310329217999371,0.575175558759941,-0.5158148747267618,0.2605665082286547,-0.42175218995711367,-0.09059537915182864,0.29295781809232463,0.05458385843686771,0.09688092354907772,0.07370711047991436,-0.019793261260261916,-0.2492472118994042,-0.1355820549063619,0.002397963328507534,0.17416103377178183,-0.09253664894903232,-0.051123303144038644,0.015370037860266045,-0.031817162585545976,0.015015843583285055,-0.008619514532396556,-1.0744034449041944e-4,Sde-CMat_120 ,Matnog,Contemporary,CMat
-0.03656588046583355,1.8728155387038035,1.3497757360329656,0.49180217030775564,0.7787324402970961,0.3316348171974485,0.07315013217636211,0.7620891078064468,-0.9777700367460914,0.06099964421788941,-0.25438914933046625,-0.5517351411469147,1.0289067316155605,-0.6220712283825435,0.09580776503802298,0.446446255456021,-0.17917367296268774,0.9568198624352177,0.02314286843407112,0.12742515623859282,0.060697909517697116,0.14211310290799203,-0.23388876046187473,0.020645068426766496,0.33260573063849863,0.04885854093999042,-0.040143773706382585,-0.0763739909542102,0.06943496220681337,-0.007603509584678518,-0.04984617272733025,0.006502706289084861,-0.046641166343950886,-0.011435019971230066,0.006624752735033285,-0.002264336686374942,-0.001304465697187907,Sde-AMat_004 ,Matnog,Historical,AMat
0.32501417420154777,-1.0141609931339413,-1.04050350182864,-0.9506468741378098,0.9137461662027653,-2.116574483880749,0.4099733169412119,0.8551753062783419,-0.5162886814765949,-0.2556424475122069,-1.4125620713018787,0.45454911445346335,0.8666156921543098,2.03044341188541,1.5164899176157074,0.797724733236053,0.5961683997352324,0.2518943158068491,-0.14212573837164372,-0.21071772999083388,-0.02063151014566531,0.6425573521033685,0.2550115758994432,-0.00714492973773649,0.0468651793988657,-0.22721522294247773,0.04440452550256972,0.07967059827698325,-0.19334127067868517,0.05720082081553273,0.04401748624578695,-0.01760469177550344,0.00528752217786316,-0.010851289367989864,0.007360693219602875,-0.00229833663358963,-0.0013648083280814092,Sde-CMat_142 ,Matnog,Contemporary,CMat
-0.23666841946923897,-0.711291868725939,-1.2114858835471973,-0.6862813553776533,-1.119758805256009,-1.0999918939692157,-1.9557467168154912,-0.9975011420303092,0.8500000856021843,1.1022850685020336,-0.3816749931957927,-0.5987825879749578,4.639415210605911e-4,0.10951989152920397,0.4823419857497536,0.05851411234168806,-0.3661725065408695,-0.3687243269306176,-0.10676618745302656,0.24054465215838935,0.157441355245153,-0.22795517761720727,-0.34000520222270153,-0.4089205717832235,-0.09326859159717522,0.12643401166471296,0.2095498158825452,-0.0493909144055573,0.050864774198083135,-0.0045018514842522376,0.047282207975224526,0.012863681329953096,0.011645959746572515,-0.009696758538345968,0.010302153546539282,0.006994174322592556,-0.008191647603756874,Sde-CMat_200 ,Matnog,Contemporary,CMat
0.6754894543666518,0.3274287101041141,2.159650170210714,-0.6481944076203933,0.8324424871937331,-0.1724509231484589,0.9555891878148259,0.15496829633239642,-0.1917841415390369,-0.9143370713954057,0.11297245659393756,0.36246804072866734,1.2160220014061383,0.24478390195481622,-0.06330686300183423,1.425600791745939,0.5904957548039306,-0.3054404327160652,0.4189387248799404,-0.5439623901173999,0.010498786533841844,0.5244361887277623,-0.2419594519126424,-0.3170091810469776,-0.1924296776092411,0.018720396812371545,-0.03506977947373848,0.16085133922264558,0.07924383502625963,0.03951035776536062,-0.07619090470995742,-0.025853849795224634,-0.006161399436295677,0.0032588231120895916,0.010211252860098892,-0.014964566774611785,0.003742839680870141,Sde-AMat_018 ,Matnog,Historical,AMat
1.1721253054105687,-0.04848460544746463,-1.049827961015086,-1.0860695254861874,-0.32763206168046644,0.5472758852347414,-1.0324094657894307,0.5373766237613805,0.06302459445655992,0.36481205614990603,-0.8550475987879862,-0.3878773593525833,0.00442496904435577,0.8217981256308572,0.5410130791136818,0.9831678895057119,1.002516393435802,0.6065453951539005,0.13306857937217562,-0.12522781893112014,-0.14663625897654628,0.05206022649632284,-0.19814832618603012,-0.052666415055473204,0.21861560616031256,-0.07976065659217027,0.011957819198974057,0.0972294830174254,-0.037990905397221955,-0.0015513716908727136,-0.041467935257887674,-0.07491462654446905,0.005106260567941354,-0.019480002404714834,0.010601093150816985,0.013911544720372593,-0.001264372431581592,Sde-CMat_171 ,Matnog,Contemporary,CMat
-0.3588059795437217,0.9286037591952541,0.12650788554542042,0.09142692809977512,1.0007796617205122,-2.5890780534723707,-0.9550311507001711,-1.6908340445143692,1.069730146307521,0.022883956278604033,1.0805147554383645,0.799302786723317,0.8223855854340003,-0.7429502402658117,0.21880511030370353,0.9657412629511395,0.5695964896591009,-0.8485752335733415,-0.018688513870097543,0.7364585586282099,-0.3031229377985095,-0.36800573380519397,0.33204848541590437,0.6682352424832297,-0.06263667062835752,0.11440904014068502,-0.08750582471163215,0.1816786257776243,0.04493797478964864,0.1170569898451102,0.04859528169811919,-0.030466663505419152,0.0023698904943252348,-0.0037793472651473244,0.00778000133399287,-0.004086062122151693,0.003377806014788372,Sde-AMat_040 ,Matnog,Historical,AMat
-0.6321475163437463,-1.1635683665785024,-1.7515075883056026,-1.3521320649103747,-0.24726074728570935,-0.4730479554323846,0.9701954209923148,-0.6943160111274441,-0.2508639630334029,-0.8897977972565323,0.390329706950712,-0.5537680408888148,0.023313871710336734,0.8399242764441889,0.41495560681916516,0.9314400623780423,0.5226290689220696,-0.20615724742136793,-0.01964839128093456,0.16735210845720264,-0.44151866072634544,-0.19382180489050094,0.13256231702591403,-0.4294204292133709,-0.21730148109244357,-0.14117075884580998,-0.06440106465305494,0.05818548011912675,0.12146353216443792,-0.05434809576933044,-0.024095502623004413,0.04304547522046345,-0.015965136143188754,0.016059770161592497,-0.002007751364278045,0.010049247147454636,-4.227347111027786e-4,Sde-CMat_167 ,Matnog,Contemporary,CMat
0.7269796771340098,-0.26272067043793634,2.776006334659777,-0.43582779978871555,3.1262047233338364,-0.2963432214157492,1.5650100214972682,-0.5865994745309834,0.31105831612359647,-0.8010734176445353,0.21328875190707725,0.6638994135956454,0.7674515325784715,-0.06790552573339757,0.4902192809457815,1.3647568091580522,0.3504168844948247,-1.341371682236038,-0.6208995267115971,0.15478489839215193,0.258029770203422,-0.7509948419296305,0.23682593578458125,0.045707226683548534,-0.28816805293973174,-0.1099590697290636,-0.20024764601670536,-0.05135229556691632,0.09948969593304041,0.06796676663924568,-0.0666582668574784,-0.031140039959591755,0.02061430408059543,0.007700246154974853,0.0020078685695292696,0.006220518178092061,-0.0030551149309905887,Sde-AMat_037 ,Matnog,Historical,AMat
-0.4927517072027952,0.4644453972340691,-0.39921963178599323,-1.1467415177049964,2.583927686064386,-1.9277679368501388,-1.671583236230556,-1.4552070303139932,-0.3846190292441447,-1.1634488033980055,0.6352802318667686,-1.4690693666028334,0.35327082293610407,-0.46157542103341015,-0.08822933058958073,-0.26272875034215987,0.0022609738800189994,0.6711799921631647,0.2899933132838248,1.2228830899863543,-0.513967998799813,-0.6571495192209627,-0.14499565994323474,-0.029155551475776434,0.04940389688499964,-0.13561171413875278,-0.08347398207836038,0.003747238131151699,-0.0407023605629306,-0.005894051525655745,0.01297459299250106,0.024545837261560417,0.01091204012768938,-0.004052557375075993,-0.007725679521902681,0.007137823778145262,-0.0016941945808640272,Sde-CMat_193 ,Matnog,Contemporary,CMat
1.3651791032743543,-0.7871135564565642,-0.07793142364473121,0.4928000674594747,0.24411709537332305,-0.09289185218038887,0.919817426487639,-1.42308795384935,0.8940416399729776,-0.7521021170409765,0.7221922907388928,0.0653283540516767,-1.104233689940696,-0.08442446066503019,-0.2956906019426641,-0.4405953223333232,1.1647370175878964,-0.768380778781053,0.11818847397904868,-0.4100620691224496,-0.3590931739429791,0.091970207196738707,0.5950614414776129,0.2706250072472616,0.23270025358655355,0.21831123341012473,-0.14499972194113547,-0.19629367313941348,0.08191728889161518,0.05056058151346831,0.06197915216190911,-0.008853997289493569,0.023995354588545386,-0.03989940789843439,-5.985378543923e-4,-0.00983797656733134,3.8446348194812153e-4,Sde-CMat_157 ,Matnog,Contemporary,CMat
12.411742541322711,5.977904999057024,-9.102824507987323,0.9604081540665197,4.297707785137127,-0.6461758903358186,0.36181504858684893,-0.9754685037043439,-0.19478796219016845,1.6409466272841822,-0.2293685827789602,-0.19132480705388408,-0.7450611191432955,-0.8261959894364359,1.6661262222088113,1.50779209200264,0.3778676782662903,0.21004796578433568,-0.6680973529175205,-0.10231495178371446,-0.6226992214195772,-0.107824852937751,0.4206943336618203,0.09667454753453934,0.1516264905216051,0.26579910893822484,0.16800035923526338,0.12919653583058552,-0.28887180827101205,-0.1253972812124168,-0.09364795735697813,0.07194693418302611,0.10680428282228921,0.006988797236517635,-0.052521143235381845,-0.0750277729563833,-0.0028869546442636374,Sde-AMat_030 ,Matnog,Historical,AMat
-0.3959474823455104,1.1037070931424438,0.15300982093060259,0.04291207590784933,0.728471993504708,-1.2264567701826727,-0.7570522790688183,-1.8843545099138999,0.39717518102737265,-1.9559733761959868,0.1566199457215653,-0.6312418084154496,-0.6392564512856965,1.3360340059330447,-1.012815175618753,-0.749807072488412,-0.263050148806565,-0.15395330547200498,0.037097516381664045,0.6098963571038013,-0.41104614237451703,0.1795471929815944,0.2893923174724152,-0.478238565457605,0.0441793997739894,0.013051923436868368,-0.03596692352450836,-0.0587593111766201,-0.12516187893114555,0.14147940240631948,-0.04926564408190085,-0.013018156206113782,-8.934643863323654e-4,3.405711295890249e-4,-0.01645420911764952,0.0016883934648977235,-0.004260181759153562,Sde-CMat_191 ,Matnog,Contemporary,CMat
-0.14225286775454388,-5.593730934551568,0.9673564459307811,5.271066750392086,3.809764295994057,-1.8482719543262793,1.1861309486918772,-1.5623256590982104,1.0073226644651596,0.1784131518132476,0.37097087870333145,0.9130787284658426,0.5756451957828572,-0.057312365499531594,0.8904356378622397,1.2268051701068665,0.5322879069026619,-0.25469900873012796,0.2388480496819792,-0.09379954847239494,-0.18452878842218373,-0.167359993366472,0.0862531866981955,-0.29681524250620295,-0.022930495903636598,-0.10393892776514982,-0.22697557329070747,-0.08213490359495058,0.13822812065953338,-0.03325538955302712,0.0022855391745446743,0.019342145059399136,-0.047382724306344534,0.03344565541566776,0.002141323208923543,-0.011438627086784834,-0.0017809270766071042,Sde-AMat_003 ,Matnog,Historical,AMat
-9.59392592668695,3.2475830596993713,-4.06256226039232,3.2971966216892272,2.1455778902016656,-2.756088740690152,-0.5416596523793354,-2.609529311171867,0.5039335254228107,-2.1445677938622416,-1.5517057692610645,-0.3111682722956865,-0.34534937534126425,-0.8919010782294836,-1.557364493655545,0.12127903105108011,-0.5266775908922662,0.4167157764236237,2.6495810937473907,-1.8288486543968587,1.6185182435542627,-1.129999518204828,-0.6689371649637651,-0.12569537276383355,-0.17702854133781992,0.08567647352412665,0.14513323980536852,0.06923460665494463,-0.1545401589817846,-7.205841122446198e-4,-0.043160258243146885,0.06605306760633814,0.03557166004858065,0.008447995530548211,-0.00438659449999186,-0.02818227802677782,-0.008618256118431273,Sde-CMat_198 ,Matnog,Contemporary,CMat
-0.9174311028098423,2.0031722637452996,2.4469830670674546,1.1183550753696363,2.028217356365115,0.4477173811109026,0.26218506549813786,0.5235455928264616,2.0648477504970777,-0.39136345862624927,-1.329588257874829,-1.4914881509552844,0.07493175813708457,0.6223558947599769,0.18224198800262628,1.0929039325050705,-1.7498297872454165,-0.8547175182759491,0.07021443801452068,0.5666778283215873,-0.5325086554427922,-0.3090634675436067,0.0029440795655434615,-0.08280993183902356,-0.423799997611794,-0.14420589062375722,-0.0990161698077123,0.01890733711744032,0.0207964979734229,-0.0653434871451913,-0.08029818443862961,-0.05007221515930362,-0.02399964900277044,-0.003830155182842235,-0.009134668422906972,0.007828943411783461,5.678924606954724e-4,Sde-AMat_023 ,Matnog,Historical,AMat
-0.006124983459567833,0.6807884467214221,-1.005529342068279,-0.6677227377828857,0.5161807521114998,-2.034559014227575,-2.015189833351281,-2.1730038883341614,-0.9466064547508639,-1.138885022176622,-0.46972445783137023,-0.43501473843279176,-0.23186102137169431,-0.6333611461182176,0.08550275824444686,-0.09869701358032054,0.1340000702991653,0.46830387762100095,0.20639706091574148,0.015302185645149435,-0.5011218213516531,0.1356557986343992,0.1471257041473973,0.09979484457246285,-0.13773710123797228,0.0970179680353733,-0.05673078094512477,0.01684446791256697,0.06416689968164815,0.04808175994177647,0.009058949340663933,0.01273221455251239,-0.01082261876482656,-0.02571810595415462,0.011292571476879058,-4.891179104462737e-4,-8.357430900997177e-4,Sde-CMat_180 ,Matnog,Contemporary,CMat
1.1755949541752175,1.8517893794368527,2.8158142583531065,-0.2667412022712338,2.066838155567066,-0.9534303740236336,1.7747112794581925,0.42033515146506467,0.034393866732824845,-0.7496023188449353,-0.11175101919727791,-0.22046633483596728,-1.5154598756550555,-0.17653464662709667,-0.005177621262691307,1.9220719172814988,-0.6004294147821473,-0.24190605901357437,0.29150210898385653,0.09441817244175993,-0.11551772045267637,-0.08372667517394813,0.018510917350552616,0.13232052666659244,-0.10519000739554672,0.12174481520525114,-0.12242112432734087,-0.06106471183642012,0.04426704944718111,-0.002143281626463452,-5.127905304750411e-4,-0.032921480757611775,0.020534480448517394,-0.02451373048001344,-0.006123237695761376,1.3708886500647495e-4,-0.0023074413503598374,Sde-AMat_007 ,Matnog,Historical,AMat
1.8114192075905977,2.8764203258385734,1.3906930721161859,1.064739075041998,0.7954453114091742,-0.690528432517035,0.6629012123487154,0.917406825993611,1.74081031799752,-1.091818404241393,1.8653907972222947,0.26339188412375464,-1.5676370326565685,-0.3063153148618,1.0090166744315063,0.5840484749229058,-0.9583744471246414,1.0255341136929919,-0.45429089365180453,-0.168365247632501,0.11661756418900025,-0.06496087985196765,-0.48747569987593625,0.09996768785595203,-0.560716376340463,0.6990874423706308,-0.1501823284051221,-0.38071736986616533,0.04432542214966932,-0.060908573157209545,0.07293599174129448,-0.04619540484881243,0.12136698017449359,0.012993440571291304,-0.027841907690849828,0.01100407997216858,-0.004860369719004722,Sde-CMat_166 ,Matnog,Contemporary,CMat
-0.7666777965016496,-0.8258778435513439,0.1975517373593959,-0.2810011618560897,1.0076633813524292,-0.7264618417646852,1.1021773080971908,-2.1391758610938694,0.560927192200646,-0.6672753310807362,1.222334270649112,-0.8470413811643406,-0.381442701077429,0.7985202859561138,0.02075476126450674,-0.19731584221274062,0.244653412029002,-0.5074118171262326,-0.14536830741346968,-0.5870827277735884,-0.6812435434457773,-0.25031954083885805,0.2755105722464178,0.36256045653538677,0.05363959118475542,-0.20299749461275202,-0.1552060393240287,0.01673788973979404,0.10161048062501163,-0.10202548796303043,0.027538322723172106,0.07274898320614291,0.010846484304153246,-0.012494928926189041,0.01190549967137072,0.0017179530485592388,0.0017380021910278806,Sde-CMat_168 ,Matnog,Contemporary,CMat
0.22848019926709678,-0.6367135015794702,1.294992477705139,-0.07767842181368052,0.5978828753578386,-0.21906979131261795,0.32659669915069717,-2.7972356978300974,0.9777590545286126,0.02953186189892406,1.0310942195660406,0.705092766303965,0.632036951183057,0.948851341153298,-0.09254196385655306,0.9812829144956601,-0.2813195714547104,-0.8329899206561958,-0.40173485551966415,-0.0576250626647493,0.3467411831104595,-0.32932579273629936,0.24548396684451526,0.0605261649073138,-0.048935093948469635,-0.11961097588618938,-0.013707539454954286,-0.01850632699334191,0.025270734587952738,-0.04021750206759387,-0.0030265331584932993,-0.03681057532213992,0.024545839837977812,-0.002756250162278533,0.012962407435571626,0.002060769410963095,3.176102262323474e-4,Sde-AMat_039 ,Matnog,Historical,AMat
-0.7096630902299883,-0.9279889989616678,-0.4700849104239662,-0.7118997723961317,0.2469248364525502,-1.407597735632481,-0.421327896801504,-3.8113897588271652,-0.00560805426434896,-1.3754279628514234,-0.260854777336815,0.2458851375893787,-0.509319753919227,-0.883810945555118,1.2260049380044549,0.5667715773137613,0.9995729989313015,0.28004921273711236,-0.07270178573913921,-0.3861744094311895,-0.029164632133470404,-0.10157777079479861,-0.15076379579719762,0.3271261209520101,0.520531687333401,0.017182364859756258,-0.04228866575409444,-0.0278530597574252,0.051517054480898196,-0.06013794568782645,0.007772154581283183,-0.08523448198313123,0.01523021257703323,-0.037904932219196594,0.007479274771477654,0.010886249158028298,3.069358134519688e-4,Sde-CMat_179 ,Matnog,Contemporary,CMat
-0.6995756418935714,-1.9776792407180168,1.1138144147194116,-0.7948919419030206,-1.1490374891411408,0.07616637077727978,1.0813086001596126,-3.348346109507666,0.8753390887687617,-0.06773048096917185,-1.0197926940771835,0.3892894376202072,0.43870603057308544,0.8788168699784896,1.2378768759478789,1.2423155397381809,-0.016967401235216003,-0.35743684260925773,0.027952110218049702,0.28727310162519515,-0.6494090083375075,-0.9280815199169682,0.0057434628635570275,-0.2641047211339098,-0.4561263780284791,0.07580796889616152,-0.1691791317067514,-7.043910827770789e-4,0.14329742275956261,0.02965127602649512,-8.884987486659367e-4,0.006906061034255601,0.010162777094141056,0.0036675769544324923,4.827691423621888e-4,0.001143173229520232,-0.007339631883238352,Sde-AMat_013 ,Matnog,Historical,AMat
-0.4342503490962952,0.15227149247708943,0.23119421991892464,-0.1216860084956107,0.8291014880744647,-0.5121654515514654,0.24596939954550792,-0.8814553330091485,1.0564763225822902,-0.48467413304989926,1.0186460613681576,-0.9048628763639139,0.35474657846211266,0.06296724884752303,0.6901586257546597,0.6796912727701097,-0.12007522668240989,0.3617542380990181,0.09024808657725128,0.43156757360446324,-0.10894662146489811,0.15583213647283034,0.11599139806650882,-0.182812126449429,-0.11445148193342655,0.0351038608849711,0.06384170129799072,-0.02103582403340283,-0.07681422635252523,0.07677981251130463,0.04063487933699252,-0.03016454496174844,-0.011241878242668703,-0.0011690180799880307,-0.004613161812022442,0.004504004587085901,0.0018399030027864268,Sde-CMat_194 ,Matnog,Contemporary,CMat
-1.5830899359150616,0.7527839968112693,-1.6036132352748527,0.24367274923454876,1.3794677635480959,-1.9339429711190343,-1.0407213675262887,-1.096198495782571,0.5282383231125762,-1.896968788774254,0.8538600153984146,-0.8694408580283524,0.5954572264315751,-0.6377027992258045,1.1378373816807217,0.11408177495567975,-0.5632388793890835,0.41658708447363596,-0.43252878821794083,-0.18133262364504685,-0.11110376253684157,-0.266164428365594,0.653007730661869,0.22845729412585564,-0.17978222411008835,-0.16449115705901113,-0.059237013140682145,-0.14086510635775806,0.05823342172295966,-0.030147726104714726,-0.038272176963789435,0.012872046699631923,-0.025151780817976928,-0.02362800792943241,0.006319308310119836,-0.008780178138721317,-0.0018728696740110253,Sde-CMat_153 ,Matnog,Contemporary,CMat
0.20357015691937577,-0.09143982323416185,0.45465240716614813,-1.0887713122939813,-1.2806436168737894,0.5683805120639132,2.408407254147042,-1.5712318558498986,-0.5558457425749039,-0.3756213703244843,-0.8230341590652791,-0.1175994934717652,-0.30003101910032565,-0.11149322714227407,0.5771541343966597,0.9724368442194048,-0.10647351619275984,1.279195254419815,-0.12206971637189339,0.026486006864533184,-0.5941596259946922,-0.4056704007395361,0.5018997361099865,0.36454190090508526,-0.11850390811476447,0.16565272396549888,-0.15496067361153779,0.08983496352445881,-0.02218506351574866,0.043005021153853275,0.07097581591515896,-0.08142223102349079,-0.03315408651552768,-0.036623490680160783,0.00578170271707645,-0.007110294079788734,-0.004699536183092086,Sde-AMat_045 ,Matnog,Historical,AMat
-0.5557184341229428,-0.7988437612330835,-0.13242104248286304,-1.4608993739242757,0.5971835046379649,-1.302820923629055,-0.05024699860494356,-0.07577982079021948,-0.0343566115994089,-1.2021726635914798,0.05720784849476802,-0.6459474308075766,0.08894720660489647,-0.7647131536547591,-0.23787994304864127,-0.28832796420092954,1.8044802320941196,-0.5604702827811902,-0.09153256840446546,0.44261294749502617,-0.2520701031346794,-0.04773633224228248,-0.04325327553466258,0.41187432849765854,0.18729730110182272,-0.2963901389139841,-0.05845586490168917,-0.04264118945093509,-0.029027150240050235,-0.031034249210104198,0.047431331396518985,0.013918552237492002,8.754413575027972e-4,-0.032443161332237715,-0.0011526119681276375,-0.0023501277389021314,-4.365428730529369e-4,Sde-CMat_174 ,Matnog,Contemporary,CMat
-0.6013301623883758,-1.4602241365001773,1.159239544843949,-1.183947703862119,-1.0221711528771202,1.3250648166917134,1.5355114429780545,-1.4335680395490975,-1.4124202118163085,0.14967622470635375,-0.5223633981740342,0.24262982310878994,0.06413811289000731,-0.8608465961180958,-0.5996201793034055,1.19810129077531,0.6879216889796026,-0.49909842200968413,0.16290685189167456,0.5105926606240391,-0.6418883517340508,-0.627512757197327,-0.2936005609660093,-0.2196073495067388,-0.42844462127956845,-0.016436281725019684,-0.2175672917552782,0.06631281212239253,0.018467250020074745,-0.030679981578453672,0.05075367826349511,-0.01594478905083607,0.01262118315402209,-0.015594626192129937,-0.013952210413489886,0.002054641048730264,0.0025232107637074646,Sde-AMat_041 ,Matnog,Historical,AMat
-5.465227333700407,7.595942182708138,-4.844712447259786,6.871339477863864,1.5262027660259698,0.1772333152017201,0.8304146104989272,0.24357062869691123,0.36306468070272296,-3.3093454098655246,-0.049935323790459375,2.906483147404587,-0.6117184110126648,-0.20607762211420633,-1.198407566138092,-0.07781698509266075,-0.45480699023329646,-0.9798539675180304,0.44236865430054984,-1.5498701556565022,0.9974945346770479,-0.8745368799421135,0.04800557385653244,-0.016579498067962564,0.12698033593355545,0.3064322434754526,-0.011735295301113665,-0.1154805907235879,0.055232626997392564,-0.04286400870109027,-0.09013520482103941,0.0680228003333302,0.038968358575238136,-0.04417438905658826,-0.006596372597813192,0.03911724989353741,-0.008942447861388375,Sde-CMat_156 ,Matnog,Contemporary,CMat
-1.3016543576023851,-0.2665232106686257,3.6432567114807255,0.22079455781310525,-0.010289543894122203,1.8979135023980562,0.7571139943783735,-2.1285009854422703,-0.2585475872675443,-0.18108397183150285,-0.019369578857958713,0.22940427904489727,2.7489901565114745,0.3073934727518076,-0.7924291881237009,0.4944677191019101,0.24119892922268488,0.004803426527485743,-0.19457854329164603,0.5506383198254862,0.4839599675678824,-0.2609192958587837,0.09983488741618034,-0.28932477042763244,-0.16334315767550003,0.09581857244343442,0.11702805923442942,0.07598761047298033,0.017784324395504345,0.0545263604735228,-0.07893695848970275,-0.03366231396990189,5.677307400228911e-4,-0.0032908276691135836,-0.01985192644086142,-0.030276615777188324,-0.0027518152064939386,Sde-AMat_021 ,Matnog,Historical,AMat
-4.484636329380235,1.8022198207171531,-2.1256352095181,1.4484281261475753,1.3975250543059101,-1.2257323763951393,3.8627168843920354,0.9798593128013298,0.245748881030889,-0.9089174453296196,-2.3616955727453726,-0.4755190732028156,-0.0922056979226615,3.1773798558763287,1.5928492867048978,-0.7372974244241403,0.7527034070121813,-0.09175010831426429,0.05735542380653138,-0.001356036001577394,-0.25156952549179473,-0.14424907258092973,0.21401896825491062,0.3816986735127384,0.18501471618869736,-0.024091132659183386,-0.04502714889545011,0.05946212343699837,-0.03456702567894418,-0.05339871814480823,0.04897414139365158,-0.013055879285445512,0.021961658530612996,0.018557946234787813,0.039692061503634087,-0.003986677697508638,0.0016823149053287242,Sde-CMat_151 ,Matnog,Contemporary,CMat
7.237749515547052,-0.02050352622845567,-8.200363455765164,2.051061610935867,2.567662405376388,-1.6943993124323284,0.8845450182951685,-2.747044298243728,1.1658897968157595,4.33018621348214,-0.9525990745170748,1.696737570913575,-0.9389173390461437,0.5464822606143456,-0.5425585177544694,0.3991750958708718,-1.4177200314499454,-0.6334774358506663,0.15669263509278733,-0.2805508223099951,-0.5275506714518367,-0.09727242612051441,-0.24574239232829168,0.019022451500556883,-0.1030914339409036,0.19637045712165807,-0.15376927373110896,0.03477130414265241,-2.499583261098231e-4,-0.10279002554221871,0.013758654494406216,0.027970470683783076,0.017438174630012068,0.01707168410937297,-0.029745308974515234,-0.02241276749598618,0.007826460410257483,Sde-AMat_009 ,Matnog,Historical,AMat
0.6230050403986914,0.25729021126890034,-1.0026025677581347,0.06229482934297967,1.956862101392624,-0.41778753735279334,1.2380832743545884,-1.0337896860223175,-0.05443009317471921,-0.8648850943932571,-0.08330199176674714,0.4209019479185931,-0.035767463409104326,0.845009553770264,-0.9505355164173197,-0.14180924066700787,0.5511307086678204,-0.5518196338447875,-0.6526582907851735,0.3464180060052164,0.032821178839537946,-0.5834011947777132,0.3001252660771935,0.11641271480424871,0.30196107457206234,-0.02569550978385881,-0.16412184034706934,0.060631271114236274,-0.006279674983821732,0.09416950994206912,-0.016494911023109227,-8.062657436837224e-4,0.001172810099773451,0.0015859146572555485,0.008075899414203254,-0.0032471008030242675,-0.0024145646687335496,Sde-CMat_169 ,Matnog,Contemporary,CMat
0.25493011541140476,1.8651412713383904,4.079546767912788,0.48903556159907013,2.481179418354733,-0.5331112959346834,1.6384882273187953,-0.8060090416806881,-0.0024386111284195825,-1.140822325531437,-0.10502527258087821,-1.0645411465151717,1.6492598798945721,0.0012809431549378402,-0.604205241190134,0.12549504884844784,-0.4889157537838061,-0.13452065575372557,-0.43429396269892556,-0.36018384859127484,-0.3943260315841088,0.06029579639763585,0.8603000229938759,-0.09294287019127685,-0.09795441332520002,-0.08218693320987135,0.17255386545457715,0.024989321164874546,-0.18877802606274227,0.026680202450464752,0.048862095732814186,-0.008570329869085944,-0.05795114637733828,-0.008096263927606833,0.01316859436393707,-0.004499964544711959,7.522556047168763e-5,Sde-AMat_034 ,Matnog,Historical,AMat
6.43456358380096,0.5294908932229418,3.1529609837318393,-2.4343629383509033,0.5734820937015799,0.2286763350211668,-1.6182399291435634,-0.29036131663680453,2.6872037488099108,-0.8961960438756483,-0.5897307299439363,-0.5930898605280497,1.314666221661929,-0.6745536889156676,0.344547255234397,-1.4336405056733168,0.9678230314753513,1.9891188827548583,0.5883587751277913,-0.9638558987939444,0.2780982746533387,-0.2916510162514208,0.22601414306126574,0.14851216548423024,-0.3862560287847822,0.14976414567288734,-0.0909010471730338,-0.21485675101119622,0.041926253982015785,0.003925058297851946,-0.014827527182241458,-0.010535590950540533,0.05729120365431024,0.025257708936833594,0.018468619330802547,0.017231295198119587,0.0017419184864780682,Sde-CMat_164 ,Matnog,Contemporary,CMat
-0.4654660327851636,-0.9426347325325007,-1.1456037627690343,-0.5691237696194978,2.624207422196674,-1.297602921922293,0.5993988086451552,-1.4188023361357003,-0.7709011930871964,-0.5826842719013263,0.8315974107637814,0.31196868166035513,0.8186352024579134,0.5785480338059391,-0.8766626705977375,-0.2309652823359513,1.156202821274306,-0.9648130079993813,0.0853488776766407,-0.23339893950615676,-0.3368353513899946,0.15714478728636563,-0.15379373478745323,0.13734818179696068,-0.04111577571917171,-0.11221841911032036,-0.15789851813531006,0.18835855978178812,0.03029995431407679,-0.1112668430297655,0.03337183187972065,-0.02089833034935065,0.0016888385100089227,0.008324891221890098,0.009208555412999005,0.016640251335854627,0.0029858398208538633,Sde-CMat_182 ,Matnog,Contemporary,CMat
0.383577935414869,-0.662300037653277,0.03605747189580405,-0.2341735726443648,-1.5332024546649958,-0.1635896580225492,0.8025839822197945,-1.1292266717595312,-0.34683150502158416,-0.614969738917895,1.0370401482366178,1.2999146162648427,1.8387030290749717,0.19289933356782873,-0.739157630514847,1.5475281365529534,0.7510596910124478,-0.8616336191148816,0.37103521079445984,-0.04109890618227934,-0.36453603613357166,0.12258933909761259,-0.009066785399254117,-0.45957317965437755,-0.4630362013706691,-0.005747241939991654,-0.14133882078139517,0.12579521306632374,0.11676202813424989,-0.021629244310657353,-0.03860191783530059,0.006141291172163127,0.015872466386519738,0.03564699081690902,0.004027152124615944,-0.013336679063109888,-0.0036296311689246823,Sde-AMat_019 ,Matnog,Historical,AMat
0.707568292313559,0.5677462670390736,0.7491730810087361,1.384091548623067,1.449028318928714,1.238743620882409,1.0066742012093857,-0.43234526768281084,1.239331911027185,1.1787200274999603,0.7176729386852432,-0.3075077566220114,-0.6500950423497859,-0.1297329877064037,-0.6234553537641248,-1.0683445363963464,0.49949051260001986,-0.6384142254015442,0.6952111621004898,0.7495992864194275,-0.13470623889740635,-0.21381778196012288,-0.3140811961302519,0.09017567971541528,0.14266206710470328,0.01827198099222927,-0.021205304480790648,-0.06164096358339221,0.06596410984200991,-0.026579685132578457,0.04059426504085636,-0.02003086159071882,0.03897054178440664,-0.002103281708990047,0.009936143405956086,0.011568695451979706,8.610231345012918e-4,Sde-CMat_158 ,Matnog,Contemporary,CMat
-1.2096249084494854,7.929248804638729,1.6632764813724865,-8.392898986367475,4.089279912507462,3.503957663044316,-3.612827063695881,-0.6076470467842713,7.01216062231062,1.5250079399666379,0.33971001034948783,5.155855854604591,-4.168169876646054,1.3762756954569704,0.9970200036709812,-1.0601313980121625,-1.0881978296482027,1.7053772371645899,-1.3142760979020007,0.026556693180232873,-0.39845647225430125,0.8037442774096225,-0.1586767402891125,-0.8551318505456649,0.6899384177343261,-0.31966925986379496,-0.4900964239866631,0.19814587524547636,0.3105298820172346,-0.10109542601722553,0.14149412549026333,-0.012066601102497696,-0.12456786074574451,0.015683557095955713,-0.023912170949897078,-0.03871353724554238,-0.006547252606817184,Sde-AMat_002 ,Matnog,Historical,AMat
-1.0786302431099752,-0.8169277356678959,-0.9943395323860019,-1.3091712892864051,0.41654111121580156,-0.5556617658458818,0.19587924838999665,-0.352671323466442,-0.06952867730572809,-0.9569843249844345,0.012303567095633568,-0.7385785986053447,-0.3488475437672366,0.5120987197095417,-0.8034244615500292,-0.5077598839804317,0.6232374521393882,0.15404072031804358,0.0795556288019713,0.4243194432777746,-0.2758399842376506,-0.07006603078077338,-0.22372105138694065,0.09230773315673395,0.04546338120520778,-0.4063063418317085,0.03242960363633637,0.06641785987401655,-0.02472960527967725,-0.11169917801011547,-0.01691358365064444,0.00932227427027287,0.0013460519757677758,-0.0011277589736023962,0.006018419189418619,0.009565812043861179,-1.6422283318613795e-4,Sde-CMat_184 ,Matnog,Contemporary,CMat
-0.27781651451273354,0.10785656386196886,0.37812711388497317,0.13915855119852027,2.049718030880938,1.5746214274945058,0.07673007781998253,-0.8714780523555029,-0.3270157840471004,1.182121580351659,-0.848096156531122,0.893378563402824,1.6198858375315826,-1.3320910663722418,0.8055644253906291,-0.44847911723553585,-0.6950292335091985,-0.10133810464404913,-0.11690410011439961,0.8299936173852577,0.7522990977378609,0.03206654253792742,-0.5369733738327066,2.533927163384317e-4,0.6592358799101292,-0.12793871413337288,0.06678493725684148,-0.12939584885077185,-0.025063420914684935,0.02007465693426248,-0.0017177441226938809,0.02028981151417654,0.016373583761759826,-0.004575056429919319,-0.015701806859802474,0.009074739867066311,2.0229238807228838e-4,Sde-AMat_008 ,Matnog,Historical,AMat
0.029466984768098264,0.22745592243185342,-0.5031255616444272,0.7923879268284132,1.9160478826356062,0.9423502193653028,0.0035423793898221143,-0.30713472737612096,-0.3628352658705469,-1.2908871164215658,-0.22063623133228313,-1.3457069380992432,-0.39407252515951213,0.6689897708995386,-0.6802161921373143,-0.9604878961559018,0.1901554090886872,-0.4977233964478969,-0.06358362915052873,0.1685102440770813,-0.09863817549010286,0.13305545657120793,0.09589128329334318,-0.029558257625094442,-0.09570860151750789,0.37391137816373166,-0.11128492756249114,-6.995423497520767e-4,-0.0032737777182516026,0.03126065718501172,0.042743022428232386,-0.05309068606222174,-0.004699826749174048,0.009175197348383504,-0.004443144714909648,-0.008275018046591207,-0.0045520197608079314,Sde-CMat_192 ,Matnog,Contemporary,CMat
0.2070770498120268,2.0402901197274494,-1.20727745435768,-0.5555511464917421,1.556033291317885,-1.9321286861045297,1.0374089762040708,-0.19265305638386,0.029097300437939483,-0.40310519764701275,0.19843357962542832,0.91612391461534,0.42827466955651555,-0.19414560097237413,-0.1342003867629309,-0.018182134432845526,0.2788763741789836,-0.7367625857681505,0.04723419915038949,0.153994763924005,0.01222948509562479,0.8427193320786305,-0.15397521982695359,0.3401529896962596,0.2113249377053945,-0.08115343017068327,-0.08255224094180824,0.08553102519897178,0.0015479099998569527,0.011586232181316918,0.004930831625815576,0.04564870454367428,-0.013856187129678718,-0.008700774140090206,0.01055704915968548,0.0011712793621690397,0.004318008967338676,Sde-AMat_010 ,Matnog,Historical,AMat
0.016120292104182216,2.6310809356477995,0.03304561666412024,2.118881000393466,-1.339553448658925,-0.46339471335637017,0.8811429787133765,0.03917607851382929,0.4220325204799746,-0.496397619755602,0.3914193302529872,-0.06841525096404216,-0.8624963585420106,-0.48609208135607496,-0.568494852325546,-1.4131615462437443,0.44679512403856414,0.15402554438035285,1.407102918349557,0.28147840597760065,-0.8219963418487646,0.42672653605578637,0.018742292458630766,-0.7875501998852706,-0.02421320516181097,0.2373599267419389,-0.03764057783775948,-0.2784725206853324,-5.113968621655573e-4,0.13105727011401344,0.002502824077565931,0.0691579115799718,0.04470445685767963,0.03514730211622224,-0.011533336758206888,0.0015766522163708073,0.006243512636712822,Sde-CMat_165 ,Matnog,Contemporary,CMat
-0.5869971144863781,-2.226517158230501,2.639122176251448,0.18685652658544097,-0.3715819521982848,1.6201068617008465,0.5034830114203269,-3.7393332203177905,0.033054989213131776,0.17379911690114835,-2.4545065299940227,-1.2097528401456397,-0.02895118005458924,-0.6745017896451828,1.9951763495132253,-0.3420482251824792,1.0330350322694026,-0.2613717968441823,-0.23892832787812401,0.2982381658618009,0.2701220897296631,0.33338400768724563,-0.5433349137725489,-0.5055907817617707,-0.032294446979642594,-0.06798890603021035,0.02918878756821284,-0.02433932072283919,0.04040953352619577,0.017507154085994042,0.016315926517396172,-0.01805146206550885,0.04927339871245703,0.008532181166934738,-0.0087084700658742,1.9578067057191513e-4,-0.00922967084067669,Sde-AMat_001 ,Matnog,Historical,AMat
-0.6694627718148954,-0.10123757133356744,1.734355013512313,-0.34057466170517187,2.547357738989869,0.5677275019666044,-1.1697771754144768,0.25814363637164023,-0.6794763667318791,-0.6671270329786886,-0.3724929637750585,-0.6588087995833759,-0.046707901516386215,0.7960218659630904,0.3931806252529833,0.21694045900677256,0.27395266481438724,0.025820418899498307,-0.09348146797632845,0.033142136271088765,-0.6595273237067717,0.4903687035562132,-0.5596836343568422,0.09573819589231519,0.18523500118631808,-0.13211644349788723,0.07939903071636442,-0.00985127916220613,0.012881107246057205,-9.85507744687397e-4,0.001138124422262891,0.014234139017664625,-0.013162319063051804,-0.01094154892008854,0.0034075312511317483,0.01446261738626882,0.0019509674238436673,Sde-CMat_195 ,Matnog,Contemporary,CMat
-0.5032089223723117,0.6050377141716727,1.7355242957951473,-0.07936105163960448,1.3276617392957364,-0.7711357187586859,0.09103974093680409,-0.46250479941994566,1.1598008518357272,0.5766375500222479,-0.755370602170297,-0.41247468547158617,1.241204852320586,-0.3419401675124311,-0.6874770082525165,1.1692969378668752,-0.5577531623352586,0.02252187666593828,0.6145525126092025,0.32162658105990843,-0.7274461000548205,-0.048842011939776164,-0.19522199473445417,-0.3291750304231685,-0.08198684932806385,0.18495962030486793,0.14090208399926374,-0.07358111363738103,0.05689241332099102,0.061699631123807434,-0.006675547963454773,-0.049014616206021204,-0.04287292271961834,0.02631398854436809,-0.01275055544731029,-0.002155961971695539,-0.0020945108243532436,Sde-AMat_017 ,Matnog,Historical,AMat
5.556901285681721,0.7163897955250799,1.0099838908132222,-2.2741838558209064,-1.5135360950151773,-0.018673697875956824,0.9676517666404779,-0.30616691888433156,-0.0565941908763673,-0.44525381806424347,0.21771152154909165,-0.42510765963705643,-0.9364482898325134,0.8524948330292579,-0.6333955589994793,1.1123727351196793,0.4592586511831228,0.6385703309620977,1.3701127547571845,-0.07419771207547687,0.40037086361796587,0.0789248775600527,0.4925194686447128,-0.5681341436993772,-0.09478565173578907,0.2484695160892142,-0.015792797546674335,-0.13765415675526044,-0.09310481171328838,0.07734252262855036,0.06559317065349066,0.006866221146905907,0.03190861225035385,-8.964854873375618e-4,0.01563377003863367,0.003844409257973567,0.00497205100795074,Sde-CMat_152 ,Matnog,Contemporary,CMat
-4.716506059122301,-1.082030873707494,3.1862283812214223,-3.0042840290685295,0.43802011254687645,-2.1970837386092446,2.680026007358661,-3.4598914632875726,-1.2024515843869208,4.151999030417137,2.3276889032670143,-1.176026708555145,-2.1368342407300442,-0.2532309259564092,-1.720768143986389,-0.39284877205938473,-1.384192636233716,-0.48866768900567964,-0.4220199035283659,0.07630204256406185,0.6581812838515568,0.1320942113770197,0.05217037204302384,-0.2916184414527754,0.19887483978572154,0.5126079690359119,0.09461704849065236,-0.020814350286417194,-0.21663579801241342,-0.16587707470750077,-0.19179416279824163,0.00516414966699811,-0.05203524513458823,-0.03530659368216465,0.02504898220596029,0.01963243322527001,-0.0022056225175447063,Sde-AMat_012 ,Matnog,Historical,AMat
-0.47951221895874985,-0.2010683170063942,-1.9362476328920557,-0.5760123324176964,0.7520511282877879,-0.02517373101732388,0.4349218080201805,-1.4799715450057707,0.6874812298787424,-0.8389471656753953,0.9627065427513962,-1.1305376474022375,0.04987747245994584,0.6159202174307952,0.17006540116025345,-0.7739402288032637,0.29616094522699243,-0.27529276134853153,-0.09931099334695977,0.41204031498595806,-0.17166256191652118,0.29637218619679634,-0.38302846395868767,-0.23857633904158929,-0.1524809355771849,0.039205955033111604,-0.08228286569441771,0.028417394285905184,-0.007130887046153233,-0.013410529194660865,0.01596269745756496,0.014414579845585104,-0.009932749430568521,-0.012645584572571577,-0.004602864094488487,0.01121669689041711,-8.913737228377639e-4,Sde-CMat_178 ,Matnog,Contemporary,CMat
0.07604568346122387,0.14262431539294124,2.160259214544931,-0.14813449084338728,-0.2503255332731141,1.6515494116187668,1.1664063274986234,-1.9171445350626561,1.4605594478778225,0.1503182489849365,-0.002375748632441756,-0.23990776343426598,0.704491178005074,0.8038375160656602,-0.5826786003933646,0.890090417616219,-0.6547505314312518,0.2874993275178799,0.13355777084844464,0.5700549636574059,0.4470789386594859,0.030683773876657338,-0.26823944169191505,-0.0670092064462753,-0.2836946524398787,0.1877352684955776,0.13371537931403213,-0.12216191747018006,0.05942320068387762,0.00823579492467367,0.02725050998310278,0.02789891701627899,0.010232562411652645,-0.03683308918398334,-0.0018084129503817673,-0.008760868614987306,0.007889115878964192,Sde-AMat_016 ,Matnog,Historical,AMat
2.838118722204745,0.7239882617970564,1.6538666394375952,0.29049594224960285,1.1215682684605832,-0.7352324481102113,2.221286778973196,1.5820635674911476,0.1060505942220129,-0.14991493341569875,1.3158934455862152,0.01359610089746394,-0.5666270931098055,-0.312320634336746,-0.3135660786385529,0.3111089993826076,1.2160082107573196,-0.64975021664819,0.9878278920863867,-0.010360281961161512,0.06887197586916306,0.47101553869442647,-0.19433060910123715,-0.25047073944323545,0.04600596264186394,0.0390436580126664,0.08476142135494932,-0.14569134963056124,-0.015549515736584647,0.004082610860178161,0.06540639842900456,-0.046103977426227634,-0.0015357214708420727,-0.003120543608067165,0.002447703347287659,-0.006024091275398957,-0.005261497980381817,Sde-CMat_149 ,Matnog,Contemporary,CMat
0.9866684948964471,0.3870263637234364,1.451790077381614,-0.07006231393632278,-0.6543851624717053,-0.6518500580113717,-0.44989057687084943,-0.1740737356916212,0.24863339395882322,0.39066732684648703,-2.606576265514918,0.7392736032953208,-0.23300960074664037,-1.1272336186453733,0.6740130998050051,0.7223171944683977,-0.16787946753642025,0.3678729447915277,0.3555412094404079,-0.24774351721870838,-0.3958438140910154,0.16195755649664248,0.12897531472885077,-0.18418442668747606,-0.2072276511393749,-0.10276376285200879,0.09025063413344832,-0.11704505674077188,0.13852561146725123,-0.004949110748404143,0.002634253711231392,-0.024535731347135593,0.02016370550014627,0.011010777291306811,0.027336388834753887,0.002797854041475726,0.0034883022550262696,Sde-AMat_020 ,Matnog,Historical,AMat
0.7452926022780788,-0.3624578602134313,-1.1055019814548543,-0.7287108759871,0.5907988602965576,-1.5895555946842574,0.490489817241473,-1.258430011298076,-0.9964963216878534,-0.6484729142476199,-0.9278167852377417,0.7870101453427283,0.48837073766285954,1.121738009466757,-0.028592549081018184,-1.5345818244602678,0.8615721282132062,0.26787654122443455,-0.3457241577357345,0.0659398055078577,-0.014669018084399533,-0.3156242784876953,0.4947505878447001,-0.3264123789836962,-0.04743955373735325,-0.14544676627070177,-0.03906366173217344,-0.06805442028143459,-0.048368165632247634,-0.030827569912146514,-0.0076740743690018685,-0.027002651708753225,0.014642855075921868,-0.004075415052313876,0.0072488728362812,-2.6921292876667756e-4,-0.0023224917230232115,Sde-CMat_187 ,Matnog,Contemporary,CMat
-0.8091120835308989,-0.08975271412419866,1.7738634610661799,-2.5916841225050016,0.15893999995711253,1.0227461004424916,2.1350410941665863,-1.0741909958000837,1.0024444610716952,0.06434653722297798,-1.4160919725055297,0.40390444807245707,1.011489598024706,-1.426215318003251,0.14131632940835404,-1.389218410704152,0.6657032612200272,0.6711777805805639,0.23974457015140585,0.4365538991543051,0.40404387782278567,-0.10772650049492113,-0.4027271215104419,-0.4610259126065069,0.34347542208788306,0.06896262933014935,-0.09593213366202108,0.01725746843938292,0.031051422442755015,0.07075208597216626,-0.13672549716182913,-0.009804103214025587,0.050179464263250845,0.004922926672581207,-0.01966833929424206,-0.0019141857552283765,-0.0018768636431529722,Sde-AMat_022 ,Matnog,Historical,AMat
-0.5100035778765666,-0.18564050697025772,-1.6997836454416886,-0.2801474377999388,0.6979459830548004,0.07867579587521055,0.6186889310116209,-0.7708300821994961,-1.7277394426200345,-0.4995202832339026,0.1451335018630606,0.0829432957819716,-0.5479407971737099,0.1096359433775153,-0.9865025257809366,-0.7730774569475409,0.48806784870791814,0.36815710381020256,-0.5558884814135852,-0.19525510403264604,-0.17554702918118273,0.010033682669637436,0.37263386184836206,0.020470260104889466,-0.11469835584331096,-0.07905772280520867,0.09599476648273529,-0.12130404572439067,0.1086785235083277,0.003281774258725946,-0.05504464073944986,-0.003869129052043247,-0.0429302899031242,0.005520532725379759,-0.0057312824349483454,-0.008008515430817185,-0.001644020152244837,Sde-CMat_177 ,Matnog,Contemporary,CMat
1.0613462271610323,-1.3763065752354042,-2.1644187808115936,-1.0039171951695331,-0.2057695367485683,-0.2592301956340061,-0.39335279679846846,-0.4930776760593866,-0.0030824380693637633,0.35584897973353075,0.08806269275269465,0.33802397997397965,-1.450122105931245,-0.45475438634394616,0.052633247876798836,-0.349775241210906,0.3603578612558848,-0.07515624473330067,-0.02517457686477744,-0.3323994228793872,-0.01586874306398689,-0.015577395148415394,-0.13843844363585392,0.3218274967518937,0.33344819917578833,-0.09415280346108344,-0.1997579155816774,0.06541044935783889,0.05375174256201508,0.05558332223738742,-0.040086815948185583,-0.0035951555448920803,0.029482917803468046,-0.023640782393019987,0.0213407821041994,-0.004825699484835646,0.008302674193529192,Sde-CMat_196 ,Matnog,Contemporary,CMat
-1.3735326996467758,-1.0569654472465135,-0.6944482821261821,-4.405686774791596,1.7753294948239404,-3.0141382875654412,0.11887453055892766,-1.3702877814935421,0.27295662144676225,-1.9115497528864112,-2.637615770456022,1.3097563814319833,1.117170875260609,-2.265270501164765,-0.40717602422976146,-0.7006229508271165,-0.5348052921372536,-0.5341775972927122,0.9304108901294397,0.725260155966426,0.4754911047347453,0.6710631475514428,-0.20590508129801793,-0.008044394386297211,-0.3628510386838867,-0.06534733866049441,-0.2065125086996278,0.1046229545601838,0.1393857546208396,0.05188083313297503,-0.04191639873716736,0.07528868681703421,0.04119554316867072,0.02028471013474011,0.010744066787660274,-0.007787666041524772,0.0027861130026915768,Sde-AMat_038 ,Matnog,Historical,AMat
-0.21323398967127768,-0.6721411461149337,-0.46961594728000733,-0.8505590838098523,1.7150417029693013,0.30610581330207404,0.1546036219450234,-1.127359444125317,0.4061975268127008,-0.24674473583074957,-0.8816604220394156,-1.092937861631078,-0.4701372880224781,0.3268967856575098,0.053940984459793936,0.11180183781511041,-0.668214562100026,0.06288590438775987,-0.6489842128656288,0.07309557466831888,-0.052009224747189886,-0.3233135453242704,-0.06077624310314404,-0.010718011346568522,0.21782882370099169,0.32760256358436174,-0.09630257553427128,0.08918372717898614,0.08722115017029236,0.08238777522909947,0.043508465000760804,0.016058666836282567,0.004321263342357815,0.004289039651422773,0.0020067350427050504,0.011638528933763537,5.282548671817686e-4,Sde-CMat_201 ,Matnog,Contemporary,CMat
-0.8177993375061011,-0.9160987118175932,-0.4406033468272669,-1.515888278662369,0.1228043523556719,-2.8817875318925954,1.2157540348158724,-1.0030878144710105,-1.3539201554428846,-0.7400031782359623,0.020583746954138685,0.9407564753195972,0.6018467584622802,-0.17576409390195272,0.031836246595724975,-0.5159191750892571,0.300264453766751,-0.7243696356505677,-0.8261489596027543,0.2050646777169911,0.8889904118957266,0.09332782765081996,-0.4241413081999288,-0.3684402822134703,-0.09667667860799385,-0.1870661746504262,0.21193485078051244,-0.12318385462773684,0.06786118354214085,1.1414853715016658e-4,-0.001138476468252247,0.010437703293457917,-0.06297599269166927,0.010717879642249836,0.007190234685989882,-0.020061785665647563,0.004085364436424062,Sde-AMat_027 ,Matnog,Historical,AMat
0.17866478807918296,-0.08817568312082621,0.23125677250048843,-0.14106391348772393,0.7302796864532155,-0.7613070761323397,-0.7637732327502869,-0.5459249355660883,0.49489480467777786,-0.452331264117224,0.30657704659790747,-0.5116015164534259,-0.3206364504368347,0.5871318697021577,0.355222228701365,-0.025834971288337342,0.025548055322808016,0.8877907679599746,0.33787657673139243,-0.1858287587992264,-0.26071122942247715,0.0843310413316034,-0.40475227115633355,0.23419058485937833,-0.010592560521053136,0.10374573196250472,-0.08258632551862181,-0.02354494732429402,0.05550300884145007,0.009993714218825103,0.014189757421548953,-0.025727991416259716,0.007595526795871386,-0.01865294246432676,0.007485780732335228,0.0016920496247455352,2.5128331157447606e-4,Sde-CMat_175 ,Matnog,Contemporary,CMat
-0.9847952830430955,0.4791855437083517,1.64944424382573,-1.5327707400179527,0.9516946703854888,-1.4459219094143665,0.936318977687688,-0.17926915190798914,1.2532470203418613,-0.41469154475251124,-0.36429926656170436,1.1832179355579888,1.4137351261691018,-0.19507936340808849,0.5932275394015298,1.3377856509545192,0.5005115187425281,-0.4830239265943194,-0.36110116368567463,-0.21809066965536084,-0.3099354720664621,-0.21050234230703427,-0.19764258639110388,-0.24543126690386374,0.1226397918955682,-0.21195480142791348,0.1297815816816259,-0.0090492129251056,0.021209113089902667,0.06351968643682693,-0.11497146939157092,-0.06414974113839166,-0.053192203024030445,0.01570140820864268,-0.0025174551408767296,-0.004171749198413704,8.862872609440125e-4,Sde-AMat_005 ,Matnog,Historical,AMat
1.197562571610248,1.0387260113656274,-0.7431630431514314,-1.076262974236405,1.045550366897437,-0.04777584204849926,0.4181775461612243,-2.196140649185858,1.104360816098451,0.2347347999352097,-0.8103629767997327,-0.9191009052271735,-0.18010304726856474,-0.5037198215572976,-0.3468186552813088,-0.7713937021333441,0.5268561269814765,0.7956116163914975,-0.14503996605716898,-0.0010650061661557648,-0.040672607494471005,-0.05395331113787945,-0.22386505062022066,0.1581288043257536,0.01679801210641203,-0.057794339039804056,0.04211443629759377,-0.11127762241327435,0.09633753422620031,-0.062149784123808165,-0.04767223695169326,-0.0030431440097578354,0.022206537855484838,-0.011037199752152659,0.006438387390668832,0.004784556364832887,-3.295880772844323e-4,Sde-CMat_190 ,Matnog,Contemporary,CMat
-0.3888797151092021,1.7912831927811976,2.9758967552216378,0.7979855065288558,0.5033009685511034,-0.1838598745015534,-0.25869373011295704,-0.11035648030531206,1.3750157032496957,-0.3916211472348755,-1.6489844007380559,-0.4600169021830175,0.3505958288926994,-0.9099879915538083,-0.6129651434301296,1.3787623885234768,-0.06925932106497905,-0.2774639483019506,-0.720187998672928,0.3441553701964913,0.1571505790245566,-0.17049554643739318,-0.10406783115756278,0.002305382821022691,-0.28038575429452084,0.1575782934677568,-0.06973878615242501,0.019813392275489238,-0.023711282893227825,0.040584501877966035,-0.005247861806127014,-0.10679580071251416,-0.00986073821885095,-0.025792971990996224,0.006574222664852255,-6.013074994268219e-4,0.009871219487665934,Sde-AMat_015 ,Matnog,Historical,AMat
-0.8659819047924153,-0.23845926121979388,-0.8642313725002896,-2.2958491873000604,1.6489473754934363,-2.0934011262522167,1.1846180711674146,-0.4436038064702604,-0.2313885708374083,-0.3556291505692961,-1.0066607000882273,-0.7781392383676441,-0.589100129770019,0.881434170203514,-0.7349382219343069,0.22276178003219482,0.5115510109603104,0.5855296033260126,0.0033387551573661064,0.3332687247103275,0.01132429468176524,0.4784352996186943,0.004013111632862479,-0.08643810217735427,0.14676016271434414,-0.16570069843454047,0.08646233453106347,-0.16453369424677955,0.07111264786818158,0.007595181672956469,0.011111965567221337,0.08106750421376739,-0.008565938742073174,-0.0039051362728895972,-0.001894135021214945,0.005249910518649548,0.0010285273092555875,Sde-CMat_147 ,Matnog,Contemporary,CMat
-1.5119762045854566,-0.4714427673593197,4.152756347814536,-2.1190210366885287,2.066925608558759,-1.4489269167959997,1.6285746522052902,-1.0764173663568068,-0.3005196856106524,2.8827238680030747,1.3422082239331807,-1.2035656119450215,-1.4343126915173579,-0.8164709117028256,0.5079254981607213,0.6476080851091495,-0.30902535024771544,1.288220653316561,-0.22437406417004005,-0.023110196452474203,0.4797088307074194,0.3401814123327519,-0.17993512420290933,0.38325857467293606,0.16146251857171562,0.01270021983986157,-0.010988942543392426,0.03045253007584729,-0.09163402203640177,0.03329021700069076,-0.01379960396068616,0.06930085495008051,0.02616952889656885,-0.02867899445214331,0.013533648971155039,0.002335311679494685,-0.0028263894555054553,Sde-AMat_043 ,Matnog,Historical,AMat
-0.8691894307967182,1.3790558583523858,-1.1725741383366115,0.45332130459279935,2.138137856977867,-1.2049151786988153,1.0849877355217548,0.4610542794733496,0.06403651301343102,-0.8690596798513458,1.1925892201695532,-0.5996677931525335,-0.4869303163355111,-0.2078964075163662,0.8716739123348575,-0.12179544174519696,0.3029136995859198,-0.05726093176301056,-0.5484902255341567,0.16827266182938194,-0.10219149758308124,-0.13388571929694368,-0.19387293746617767,0.13565225022253757,0.13460246161449615,0.04989003677341487,0.08585085625136765,-0.12435224819868478,0.04380162260699597,-0.013714817115926427,0.05605166048292493,0.04904255472630032,-0.013215527604445772,-0.02108171979950321,-0.003973445774426174,0.0030441447485278863,0.0014743278074009188,Sde-CMat_181 ,Matnog,Contemporary,CMat
1.147533317618323,1.3258006198610235,0.8591065021354525,2.0403343075312317,1.836343066509247,1.9004123563987019,0.8135825181557259,-0.7557824787171655,0.6316366379270033,-0.17711112050398117,-0.40000768095307526,-0.34532984901648883,-0.48363995649775154,0.7238266337641932,-0.5476429350548859,-0.7581020535436214,-0.5577273199606851,-0.032429789730889766,0.07302899148809247,-0.19747360389863608,-0.6072155964700806,0.4818284121923686,-0.11048567616404083,0.5887017374797181,0.16136059527304722,0.4247800155015482,0.1747480912720977,-0.1623677272916702,0.052252711451852306,0.16289070595072674,0.1122877454082082,0.0708464498459336,-0.043565028658579114,-0.004582672860394061,0.008344764231581153,-0.01436967885700129,-0.0024203759707568714,Sde-CMat_155 ,Matnog,Contemporary,CMat
0.9584661885861604,-0.8806044898378865,-1.5139536647920593,0.06784364427242676,-1.0937858683624189,-0.8224047455796554,0.512011232374446,-0.9231884372461943,0.683937552267362,0.3824080691692058,0.43673187067561114,-0.4034201959239746,-0.7911576294566816,-0.2063936608653637,0.11636366456068517,-0.7495402186196373,0.007533158023897076,0.09390913894017006,0.13644776963936495,0.735571852335649,0.45343358824709173,-0.3658803506163722,0.044186545870218294,0.25902389489352845,0.12363790126273624,-0.2468791313299963,0.24931795349519909,-0.2612177888419986,0.10085316295695278,0.013627510519500159,0.04412155379375671,0.08621918559000163,-0.025685762434082167,-0.027921866312638148,-0.003463005186089977,-0.019193748727001355,0.002476685059461998,Sde-CMat_150 ,Matnog,Contemporary,CMat
-0.32162646377523096,1.9421407057313287,-0.568220115409089,0.23782868110325608,1.5465042652354635,-3.4104015040015145,-2.1609871647646686,-2.2294306898336043,-2.1588877359124363,0.3685019897160796,-1.520703606243498,0.7224825744020895,1.690137223815915,0.4363888176116113,0.5535349774866383,-0.7750900511883779,-1.0659509318308982,-0.1359679306768064,0.40100010119889257,-0.24199978959174395,-0.2511503306874116,0.28284786860352223,-0.28359520729142773,-0.056474633375553036,0.21529477956354537,-0.005229333694847634,-0.11824014042991576,-0.023620519550916003,-0.04060479722221686,-0.07816653241269578,-0.022801407035060294,0.002280921901696006,-0.037758930680230625,-0.00801002455436822,0.024649888711022597,-0.011786534430420296,0.001066016622743294,Sde-AMat_035 ,Matnog,Historical,AMat
-0.7872760351978317,0.527531406711561,-0.8840667469661936,1.6136151327797843,-0.45054864050892574,-1.7146771184861764,-0.299904304436351,0.8758744844861432,0.25646126242712525,-1.1367837291503382,0.9613935781460239,-0.2984738335731073,-0.41932000260238106,-0.8892904900072097,-0.5235441909132819,-0.3647550122982596,0.13390181810569146,-1.00582278410852,-0.35065177873515907,-0.4550730760024893,-0.2138308876225925,-0.037655205453858906,0.38117497918922794,-0.02978503592119718,0.3464629105491079,-0.025909021996399585,-0.16393763753391852,-0.020767520354699746,0.059468518414610774,0.018902323332987605,4.552515487478619e-4,0.04394400871237153,-0.013053241181503257,-0.014482966005248885,-0.007358119167123721,-0.00977117465015184,-9.687746751816527e-4,Sde-CMat_170 ,Matnog,Contemporary,CMat
0.10192783093140725,-0.41160537816134174,1.5845145234112936,-0.22568163535316726,-0.115228915965169,-1.0154385432670638,0.7799220149062845,-0.4098480486635802,0.8057601195686088,-0.8278586867726084,0.034492598892999146,0.7027741941650665,-0.2521142606932783,-1.0725673866334087,1.2794913876186744,1.0450451926980762,-0.2284163591699292,-1.321541671763087,-0.14401132799306304,-0.0424126015597535,-0.13202896261212974,-0.27854398086384574,-0.33507788407228106,0.09309267972894146,-0.08625541959139256,0.00747025254326287,0.18641466815425764,-0.057166740763816754,0.09598455606830132,0.03088871533366073,0.03247281343799341,-0.011536718450384238,-0.013873404487309811,-0.00968347126504837,-0.0042569840716353245,-0.003168646317649006,5.969945061838439e-4,Sde-AMat_014 ,Matnog,Historical,AMat
1.351668512739285,1.040579771994695,-0.10158382793929292,0.5103963850410286,-0.8531797287990148,0.5836686003083833,-0.048781129898267,0.9558995467614129,1.197057415641675,-0.027568575175697947,0.6831608639551261,0.38409127178947555,-1.858191569343169,-0.4755522532538387,-0.7054932510403855,-0.1616163812265462,0.5337495985727395,-0.625924226555401,0.010128844298834367,0.3339651754921858,0.08722042310749668,0.45295845364244985,0.15649644689572118,-0.17087784287444996,0.10519254861689716,-0.20752932281608144,0.046664945602218046,-0.19963064011114026,-0.09220807215996966,0.1254636328029725,-0.048516549158359186,-0.07875133554771932,0.014971136877922502,0.02717805344540362,0.03542976742671251,0.001590766929098139,-0.005762534376400026,Sde-CMat_189 ,Matnog,Contemporary,CMat
2.0427908864017086,0.6024860497369662,4.146800138109058,-2.287664483111017,0.1763677153474456,0.6019603079967765,2.259215605082999,0.7349017590569503,-1.269073845183361,-0.26562762177464505,-1.197895254050719,0.9447630998317033,-0.4439096903446372,0.20734092942759327,1.62604022354818,0.06992932752352443,-0.29079049219980796,-0.4431494159162866,1.1769038810310528,0.011199089250817626,0.21775813881186848,-0.024090839116627575,-0.3273394574703255,-0.28307329222656863,0.3047492010262622,0.08286457283911713,0.05250772674853253,-0.05130734967275681,-0.004988279049980433,0.0527759378860073,-0.05307480223685484,0.0828881538720183,-0.013062888812386032,-0.03910423556589668,0.004248254265820908,6.470843636119245e-4,6.113423372055387e-4,Sde-AMat_011 ,Matnog,Historical,AMat
-1.1073055093863315,-0.1426603099280576,-0.2975813866482886,-1.3869213522831911,-0.8086741979386352,-0.7246342138239777,-1.2198360692696202,-0.9154580231430381,1.6511623611209827,-3.907556615789377e-4,-0.54721210620957494,-0.760227998013207,-0.5113284461693889,-1.2415163146350683,0.8645098388258502,0.4943713922081945,0.19061771716334297,0.3108220823939396,-0.21182049133176503,0.09864211930135097,-0.1741722967797321,-0.0700668481619004,-0.00862069802496666,0.012011542742599423,0.1458757920128555,-0.032848216561605345,0.07619199858050466,-0.1984726767963318,0.06552652489651514,0.002938265047818455,0.03696010782991869,0.0216643681884868,0.018906219613218624,-0.012357148388854364,9.35968761354902e-5,0.01601254709901509,6.642028602308951e-4,Sde-CMat_173 ,Matnog,Contemporary,CMat
1.560458651275097,1.3183228774108462,-0.1115187311193988,0.635531443197898,-0.19664303186906806,-0.5120338111462033,1.5981987195103748,-0.4319186285427984,0.3591131325992003,0.5400917633938841,-0.6128473555422524,0.653339901366163,-0.03530165400514789,-0.7655971694505372,0.22565475085943745,0.8045169731406262,-1.0156257263791406,0.42733243385248404,0.3282779614262497,0.11089990481209239,-0.4004840550165887,-0.1690666080776529,0.0536643280764741,-0.18471203711663278,0.027257481944601474,-0.4548051648751058,-0.011147628098491345,-0.1312239726143546,-0.023567366504907095,-0.12772469320872504,0.02234145610385844,0.030814877415930742,0.02641258257419347,0.0094777697179412,0.007585167876111957,-0.005749596148643436,0.011577345266229463,Sde-AMat_042 ,Matnog,Historical,AMat
5.64531972570675,-1.2028398734368677,1.2668571818506478,-4.696038413910408,1.2616199953982012,-0.5857548972783054,-1.6248724210700145,-0.34263647633541006,-1.1219502759978837,0.48643194419617825,0.8915948675825001,0.30160224400416136,-1.9663904252610584,1.4988474248937742,-0.39487247518849855,0.4287439594818667,0.5512260022525001,-1.0343086518528157,0.8239861975225787,-0.9609467467691697,0.7973006756713323,-0.41819109983674957,-0.19624135563334086,-0.2706399893251166,-0.06250613404858343,0.2072002617417249,-0.19076856446824764,-0.09211509164228311,0.013309157892104684,0.03161485048785428,-0.09906942707522598,-0.03454195359816195,-0.011984561243811417,-0.05501009867540827,-0.014191169810536182,0.016409227352773358,-0.0046712589348008905,Sde-CMat_188 ,Matnog,Contemporary,CMat
-4.904831563386802,0.8330878934807062,2.6522625271021645,-2.136832086018974,-1.5481837763086348,0.7438261416218255,-2.139090802982828,3.535042671108122,-2.289446772324448,-3.6126546788967375,-1.8129984873893372,1.2894849498949679,-0.4084305247700934,-0.30193316104088447,1.2975622540090288,-2.113529556660325,0.5593329816534851,-1.4732325208886436,0.3823693630876493,0.9018242796136768,-0.5872293523832453,-0.3543832684472182,0.02318322469276683,0.27735048795011047,-0.41971778815010174,0.0663904879723983,-0.06654365952129646,-0.13324030773144113,0.04154425885753674,-0.19908994001197922,-0.004731788108030734,-0.02809650938380228,-0.02448881600059589,-0.011124452697415535,0.006869206999270153,-0.00903405310416222,-0.009257400230713071,Sde-AMat_047 ,Matnog,Historical,AMat
0.3705587784748886,-0.7104420402011404,-1.5784471633803658,-0.7928646864565037,-0.9103912593959632,0.7433605514214154,0.3771933082091649,-1.3716849878067616,-0.12081328471536729,-0.7720035709587979,-0.02490813872133323,-0.04421544414166983,-0.4820932943506612,0.6472264692346492,0.06600633207177535,-0.6353949825835982,0.4096944392606478,-0.5928977778819345,-0.10878536694063362,0.18176131720340022,-0.264005523729975,0.3438966888242424,-0.12062010441711116,0.025104590398402092,-0.007486436226449864,-0.29374151306012514,0.11743403681022546,0.0629490762068872,-0.09929110108116791,-0.01366077325867754,0.0211409291862842,0.030706392045131745,-0.013537180979176191,-0.02132287958136852,0.011301917784991563,-0.003336193314786348,-0.0014845323780063738,Sde-CMat_185 ,Matnog,Contemporary,CMat
-0.12771993058526177,1.9570113346761013,0.843894550842543,0.14360260104544342,0.37793586397387874,-2.9625615167548855,0.5356265073792776,-0.5622727910336932,-0.11979006557965984,-0.7615246436549021,-1.1381698091649148,-0.9339596742759629,-0.2012170882432965,0.12114360309978969,0.5386290896311431,-0.5620057181421091,0.7507943533807687,0.6291118196999013,-0.28019100367923444,-0.08781966534287033,-0.09704851421846804,0.41573547274717493,-0.09078351250654193,-0.25139276072474115,0.2913989266882798,-0.23418868880610705,-0.011654300679821785,-0.04893581457273334,-0.18176991998273626,-0.062394165602257204,-0.020521745570141706,-0.08615641824508208,-0.00249942642988694,-0.0034371108160212976,0.013320134066584692,-0.011737279227523057,-0.004477566665350833,Sde-CMat_183 ,Matnog,Contemporary,CMat
-0.8667575131531479,0.8380653763444477,-0.11254899014426324,-1.5279990626653293,-0.020984056936170472,-1.2196891860324521,0.8750891977392757,0.1278690441596123,1.1911912536489802,-1.3402565983183392,-0.9685203592748564,0.6123285610890736,0.23393288072084514,0.027888050954466174,0.19339825202699565,0.9156842397236485,-0.7758516149868077,-0.5608597199157633,0.4157508645925281,0.5686836144265879,-0.4020883020326342,0.2696333240117738,-0.08851066994323159,0.38958561212949877,0.1873523028376221,-0.075442144932294,0.12126127244865245,0.06622048715540722,-0.0615362016719703,0.07949435553850363,0.04922495202351693,0.049032532942750624,-0.033633750884743366,-0.0249694822373319,-0.016809319846040678,0.00416683849284378,0.0011778886453452128,Sde-AMat_048 ,Matnog,Historical,AMat
7.22024669310737,-2.757630813090192,3.1244696949732855,-5.806921083551602,0.543490069497847,-0.23330572135741937,-2.683835389427105,0.5158495116265819,-0.7350646137292587,-1.0916789882404865,-0.21110404699945395,-0.1968524058292335,-0.4646920030591846,0.9839849353650095,-0.09182221919520797,-0.8663270481446618,0.8572600123630626,-0.9994249846255512,0.6274411835614325,-1.305197726447405,0.6770675318331902,-0.6619396550714051,0.1200801886778958,0.2704691972858835,-0.11029333833054658,0.03363231723558458,0.03741688554913223,-0.036044566551213096,-0.06549239397703759,-0.010801064864844357,-0.03005428954708356,0.006638535969186274,-0.10132061807402777,0.02095907237279862,-0.031789899177273095,0.017581017570997403,-0.0010032900950244816,Sde-CMat_161 ,Matnog,Contemporary,CMat
1.9157605178831503,1.9104437654829955,-1.9689420573980025,-1.3081071547697272,2.3329931728622544,-1.160499229750231,1.2675309799675472,0.27186438789071476,-1.518160097380939,-0.07844556153984802,-1.0570215269194005,-0.219022315617215,0.06943334593778507,-1.522470528881336,2.0135742850673455,-0.7791827978443543,-0.5557345390824266,0.03482401658521284,0.7323782537424864,0.23739895115464626,-0.10012893377626689,0.18195415591099967,-0.14016786726264602,0.1681027044095047,-0.1328069581665049,-0.014000908387551783,-0.03513865200720559,0.027929089962269622,0.01629363603235017,-0.007202153934518061,0.015289733697099699,0.038610407898586,-0.04228684824015511,-0.038359503925781746,0.005912826634368867,-0.002004864497053428,0.0012687546515038632,Sde-AMat_044 ,Matnog,Historical,AMat
2.4419674721872764,-1.6756468074531754,0.2890697026052662,-1.9198669859679238,-0.1256622132961001,0.3520258686615838,-0.252561532224967,0.857844344432505,0.30491128315025734,-0.7217742946056196,-0.08066625858521763,-0.44166383906835777,-1.3120053590740237,0.34789862359693563,-0.16037575351182784,0.11534781284170405,-0.5756766079431654,-0.5710235707846918,0.8492319743787112,-0.19302415194400085,-0.25144443244663134,-0.2044674134674751,-0.13042234349437878,0.12761709981946495,-0.12429572634406415,-0.06010589988255741,0.182652928384354,-0.0817921707314428,-0.008325692798181041,-0.039210311663153585,0.03720718507087804,-0.052879356704880275,-0.02656491878060663,-0.024984251395659508,-0.001965102040680584,-3.94350257357029e-4,-2.2275770790433725e-4,Sde-CMat_148 ,Matnog,Contemporary,CMat
0.8656201123078203,-10.583967107381758,-0.10549883164749164,3.837299362161182,1.483651659375318,0.3656567874901401,0.2673998825674727,-0.06499219739376465,3.1889717454302944,-0.7861258978310613,0.8650341953332104,-0.005720478480611131,-1.074250923974278,-2.0547548715256654,-1.6479111994688227,0.868932321646778,1.0855649883613208,0.6109107660380223,0.7188878286695198,0.5987729709830608,0.3950285314430595,0.15249306267502372,-0.07634810084317462,-0.2681640797877015,0.3586286703773285,0.07841587035239318,-0.03565308394318451,0.03474172270369616,-0.1404712170884856,-0.10851202116410186,-0.10155548355146883,-0.07435875629458251,-0.0624530325969836,-0.009543733536487202,0.017461529410040387,-0.006208420508244274,-0.003205711320282942,Sde-CMat_162 ,Matnog,Contemporary,CMat
6.028537891125317,-1.620105933396954,1.3202152354001213,-3.6197446500611923,1.1715508721798125,2.0606968831796126,-0.5413156006239328,-1.4777409439967821,-0.425751574129906,-1.1834026074004165,-0.5673067802596872,-0.6556127909479652,-1.5022202544333958,1.2727545798624105,0.1562547403270251,-0.3075367012980844,-0.0538649375095378,-0.465481174721178,0.6951926264361026,-0.36980621323685614,0.7442562167746236,-0.31926020404545635,-0.15633194920040971,0.5179170704777526,0.3212424829594609,-0.03331282353060528,-0.07697991012334916,-0.12402861039568631,0.09520469832127114,0.02751540235351223,-0.08183068422325765,0.1048274482629948,-0.08295689804582676,0.03738874076347209,-0.02469884397748472,0.020817626683725547,-0.0016424291611146394,Sde-CMat_159 ,Matnog,Contemporary,CMat
5.871187418393095,-1.4760929004155354,-0.08876994847193938,-3.0262346205472164,-1.599356053723035,0.9689388028678652,-1.0461914151087475,-0.11181204314196728,-0.6056044544722059,-1.8744024201050873,1.2065107226008225,-0.5866312652327392,-0.6360582213801906,0.8657451511070458,1.0846213483256155,0.04909583940648327,0.2701544132119218,-0.7913918006760888,0.6705597537263235,0.0327790572233205,0.8069943501115726,-0.4720888297370235,-0.08474303677434505,0.1806595015449701,-0.06460674056357739,0.06315883500769257,-0.4178801398944961,-0.06382913898556389,0.08163021428006395,-0.08822609950084077,-0.07975465565573502,0.04267699290594791,-0.0700420818941551,0.035277565393297544,-0.023158742890157742,0.019381112096044,0.022315739241020805,Sde-CMat_163 ,Matnog,Contemporary,CMat
1.059031546001322,0.901369900998449,0.310859659397076,-0.03459604962573125,2.251088818809796,-0.7172072524816788,0.10087393875046369,1.1427315378067338,-1.6521015895674493,0.0481446432267947,0.33969885484690915,-0.514755766838418,-1.95613130563256,-0.23091013499708102,-1.2786449763208612,-0.3525141600421234,-0.02733060798156787,-0.1762144136053863,-0.2716190511906986,0.4724832727799813,-0.08446230614893978,-0.2828283917510547,-0.23906506926683513,0.20837719199092952,0.23301177391793543,-0.29308818514829293,0.07254797992971389,0.004812256811596223,-0.026634182922569208,-0.03556897315457449,0.015993425226744788,0.06482424138120386,0.01415057921152392,-0.022355125418336154,0.0050974778505350265,-0.010152239002594394,0.0011155090687887408,Sde-CMat_186 ,Matnog,Contemporary,CMat
-0.31239808146051573,1.4270952866886384,0.18262700773486293,0.8887632309451978,-1.27071405691911,-0.9781297147379239,0.33053495306408237,0.0475850553737491,1.3560322201811317,-0.8959470026554353,-0.1332462403377169,0.5347492527471873,-0.4107902170109492,-0.6584099675730146,0.9903019039850156,0.6728052136651531,-1.5036105752634186,-0.5415633194101065,0.13738238415299775,-0.21896655962382292,-0.149036644512821,0.17441032458832564,-0.11495988084485848,0.5676389380631438,0.1934248611718192,-0.4059622794720945,0.1088752713942042,-0.048028491705221804,-0.10404920401483789,0.02635998621942845,-0.06387562484728386,0.007472226968422824,-0.0019520791731876409,0.014990889423435606,0.0029033985385475717,-0.016354044988908866,-5.082861424928064e-4,Sde-CMat_160 ,Matnog,Contemporary,CMat
-3.5320777032456436,0.8769844674039124,-0.7176237083403563,1.1440677425399637,-0.7483858013242464,-1.3368793713494094,-1.6688236413550865,-0.407332574407908,2.268089792789481,-1.4699684806058764,-0.5508005131033458,0.9094799649280743,0.329657442873494,-0.2628701442476969,0.0072661958124572825,0.4200863079607344,-0.720156955278384,0.8610847914059264,0.3790387885102996,-0.34069317181395314,0.4792174798867964,-1.621760409159954e-5,-0.11635467913862053,0.42316246441563016,0.14753080082201792,-0.008441643343325025,0.08916504424816442,-0.15686026565477781,-0.01863038631173345,0.07585691098994987,-0.050159158886239674,-0.0951193361115033,0.011465170849275844,-0.0032356886456529252,0.015118313058293718,-0.006910107439649887,0.003467484946870263,Sde-CMat_154 ,Matnog,Contemporary,CMat
2.5010808828104234,-0.35195033081243643,-0.05766693600502517,-1.4266672817108943,1.3240637798388257,-0.6028117250896816,0.35286300305429935,0.9516001042055378,0.04245510634857983,-0.9546602640977236,0.5272452887592523,-0.42660786258122807,-0.4207736676796985,0.45579310460054145,0.04674804355325979,-0.6585720619584451,-0.426279739892351,0.41951992648369396,0.26686693424681435,-0.03667693311341338,0.6907800777647982,0.49724681307209423,-0.14065593376720825,0.17187114722998467,0.07876973831145395,-0.12328946459311638,0.17758064325231598,-0.12476120316209184,-0.05521521298164958,-0.0488768181948928,0.030043963928748002,0.003406738504127347,-0.014955864154822664,-0.00426390702144274,0.010055907323869137,-0.002330244165467294,-0.003109552802192779,Sde-CMat_176 ,Matnog,Contemporary,CMat
-0.035158682105032826,-0.15010477341170222,-1.4669018699183547,-1.4485432520185737,0.40397215398414293,-1.130482436236663,0.3648432376808206,-0.20875818139511762,-0.5155122130014321,-1.2583951762493426,0.5886744817814045,-1.1696401048306828,-0.9513870252169073,-0.5804706795787663,-0.3796309728392992,0.32534135322680563,0.4681878860675195,1.332733795314675,-0.41523760678358324,0.3010533083423757,-0.11999635304971408,0.3891539616631642,0.06415685051419362,0.018506805635532583,-0.15424886148919645,-0.15871871410814445,-0.1350588887593282,-0.019982959326959142,-0.04053246943133276,0.06144227121179632,0.028808265198225068,0.018190399318881605,-0.007452374810160913,-0.009563595589528632,0.011497920671024788,0.001874044695701895,-0.00552290001051824,Sde-CMat_172 ,Matnog,Contemporary,CMat
1.001081386600031,0.04436789520179468,0.3188758500893173,-1.8153582821616396,-0.5314727281362593,0.9299091393831196,0.7944941765244787,1.8094502269226858,0.745969186564466,0.44255762830513307,-0.23426758182519267,-0.5601850749119707,0.44292777659277754,-0.371696509063205,-0.7308074653335537,-0.2704680205621231,0.5706356141978434,1.3305446074143492,-0.2478693411474623,0.07632018505488758,0.20517882619428707,-0.28516030806569126,-0.6366873294323114,0.2632564346581334,-0.05569568981931386,-0.0662672018405404,0.28603524011030196,0.2045040461031057,-0.012923275670091534,0.039508853892645204,-0.025067525857810097,-0.006309675292713938,0.021127441540323665,-0.009759481357278766,5.389906843662444e-4,-0.009998857751570169,0.0017667968026244092,Sde-CTlk_033 ,Taluksangay,Contemporary,CTlk
-0.5843486102395155,-0.7747588888295162,0.12774026673816669,-1.556574595847572,-0.3327346380457659,-1.0707369943943144,1.4038191162010396,1.8762514828647168,1.8292458592971896,-1.8041010832295885,-2.791036212280734,-0.3397408354254572,-1.0098879365304587,0.26591754279816227,-0.030903763687724167,0.9891756918264819,-1.44691297060198,-0.3359665221459139,-0.6635795779993953,0.28979556261058165,1.6730994038021705,0.7247421154257617,0.3435831924084138,0.22592907667217416,-0.13580848312416138,0.2647792114495511,0.004614563552783737,0.06541379293436246,0.07740871038324575,-0.0625500900120163,0.073082993935227,-0.10869588907610009,0.012044972689934628,0.012452195539521116,0.004749138150733129,-9.685751316531638e-4,1.6437702813616164e-4,Sde-CTlk_036 ,Taluksangay,Contemporary,CTlk
-0.4066358198041016,1.9660478874120686,0.7638797088483845,2.6920607029571126,-1.6763860811317153,0.26549111875552994,-1.2404597197490732,1.3984018550986017,1.0194287003244824,0.5189634850256497,1.653567730542806,-0.846458473822404,-0.10856036632272781,-0.8124199553412652,-0.27501334272458117,0.04609390580413635,-0.29517972779472434,-0.6907966890125277,0.5842844105119683,-0.03739420993861939,-0.5314240619567316,0.309924864445807,0.25779780720011486,0.0443236247134783,0.05599697253602824,0.19498191749060764,0.024071731951827047,-0.036437081301744396,0.11890198129016097,-0.04621294482928051,0.061566426113915766,0.06983465663693196,0.00605305453091145,-0.025205825458201717,-0.01414110396500371,0.002125484291350794,-0.003585479931349181,Sde-CTlk_038 ,Taluksangay,Contemporary,CTlk
1.1242442592384831,-0.8430774077873641,-0.09894513735693541,0.8184547815730386,-1.2073751833816502,0.8118517108221206,-0.07820151693305474,1.7337431394023868,-0.04512827954765621,-0.26019764490150793,1.0024319543901183,0.7210106570287487,-0.8653813309603763,-0.16301982371269244,-0.5026844718918078,0.41858287556595836,-0.795230017176581,-0.09708585915091311,0.006177236848110462,-0.9480641409673578,-0.6911560630089788,0.06813098791908108,-0.3147257752990799,-0.3382534910413229,-0.11931198643732249,-0.1469179242522571,0.23998030797587197,0.12371264876137585,0.0418363950601528,-0.020776398905472348,0.023981036755710616,0.010786562142840246,-0.006041371705033181,-0.007618599770824132,0.022328273811088897,0.0023525696647096394,0.005148337560605887,Sde-CTlk_090 ,Taluksangay,Contemporary,CTlk
-1.0772676501720748,0.8057875149643239,0.9577070927762649,0.3699134874417121,-1.246898643694829,-0.5519147827766858,-1.2176189875021393,2.042333408171517,1.004447559153894,-0.6715703294576723,0.5480873293710476,-1.2300528227858372,-0.012293655887564628,0.2039209100292604,0.1330570112409906,0.015700637498320298,-0.4155082966724484,-0.29300561618995236,0.08869260126792182,-0.3314860165072592,-0.28347011263181376,-0.06716702481270616,0.10881779622010816,-0.33046508120384915,0.09915157287665798,0.13372456685397355,0.1904597266045335,0.028630410461751105,0.04027743622454504,0.013838225193658966,-0.0053324006754332616,0.059059359946275355,-0.014449267467084942,-0.01775216858595802,-0.024860210978621945,-0.003609285654138062,-3.8616502660356516e-4,Sde-CTlk_057 ,Taluksangay,Contemporary,CTlk
-0.36695674274237716,0.46871886108102484,1.3109928940043964,1.0362655748719378,-2.6861634547151425,1.170148175678276,0.30725337137629505,1.04392653402769,-1.3129322038236961,-0.7606333120856495,-1.3356004157037233,-0.8995952388363632,3.953116467233508e-5,0.5622393573125951,1.5156928380386403,-0.21332212542463072,-1.2409964357242016,0.04964120522624019,-0.4193875061172589,0.2958008702531395,0.09517455626584016,-0.46867086750878756,0.07021770837228518,0.10844480247700164,0.21764181798999827,0.025053192552671324,-0.24619004889530827,0.08798784239141631,-0.11153082211448806,0.09082767795414111,0.06751248671345832,0.10172728954636298,-6.600721819347897e-4,0.019061549180853204,0.0097763899574924,-9.604448301062272e-4,-0.0017365113770488499,Sde-ASac_017 ,Taluksangay,Historical,ASac
1.2112839849268815,1.0166886421615733,0.44404087740261894,0.8023328849789817,1.4974485381904132,0.23063449325149027,0.5763786640740093,2.279360129602836,-2.089041150255651,0.06641475489039099,-0.750184543691112,-0.5368084170024175,-1.9915767621666272,-1.245401456726721,0.5350288377714102,0.1448343850868335,0.6242722145328286,-0.07181024638920627,-0.9785805380255599,-0.011112137955605469,0.3038204757901882,-0.5778375059066432,-0.27167452604383374,0.04926773992756731,0.39106449648614466,0.04967660615854529,0.13591428710055484,-0.012242907751876825,0.07006918229892717,0.008990340838957885,0.0026947056773076673,0.008437276095806023,0.005534390516299991,-0.02029699143613511,-0.0018250725299358717,-0.0048274778936787605,0.009806989762575965,Sde-CTlk_029 ,Taluksangay,Contemporary,CTlk
0.13535199681694432,-0.45054406322885704,-0.49006495254814536,0.22786595541991103,-3.60562896154907,2.6912977302670713,-0.26128343172101254,2.184343791157382,-1.4028140997903558,0.950425146293996,-0.09700384215692379,1.2829368475950849,0.057642510313375694,-0.6169105909000928,0.561718778377941,0.6629577186746574,-0.6390810705881966,-0.4132769724048546,-0.8558728598260436,0.2925405885449913,0.9762559814445971,0.0077788476154376646,-0.19809842466801206,-0.04535518602342553,-0.13998005297827618,0.006610425342420095,0.15497362768582262,0.01746288336245052,0.13033214317601224,-0.012949611495341818,0.006174369663998005,0.01952257719901844,0.029641070311507797,-0.024790636040057924,0.009310097265255904,-0.007514807406156386,-0.005036145515604078,Sde-CTlk_069 ,Taluksangay,Contemporary,CTlk
0.5682612003417398,-0.09471299430648207,1.030722592334788,0.45671899519785125,-0.785640407766473,1.6217979968363239,-0.3761403199554668,-0.5222571149672038,-2.1127642391768533,1.6649242152921684,-0.8513259146864077,-2.096576153314462,0.022929498483235715,-0.8030616669784009,0.24410159390181982,-2.024399707479854,0.25345437387067665,-0.25944485464248024,-0.31849171256331094,-0.9487441890638046,-0.18648821585602202,0.10483497585441814,0.5013250883287594,-0.16598234555933067,-0.07531863030169259,0.09027083969481686,-0.009364968580304842,0.0827788333532881,-0.009045040030110089,-0.14912975320850216,0.03603746794405649,-0.018752999822493236,0.02984489913379253,-0.007283022087826232,-0.031669707235412535,0.008203651382911056,-0.007458141812815936,Sde-CTlk_096 ,Taluksangay,Contemporary,CTlk
-0.8576222716669915,-0.8859876379006544,-0.5384479459885447,-0.4700696417655164,-2.181387580016402,-0.4823889020084401,-1.2097267662291817,-0.14983801227204066,-1.3547292362572243,-0.3671460374833632,0.04624709011555806,0.5047437915563063,-0.028025788929534085,-0.619018002065258,0.22988318129950078,0.02168210967542777,0.6132560606853972,1.1078284774426272,-0.39550985609043815,-0.45171717384518967,-0.46694936762989186,0.18333772592971795,-0.490251969386932,0.36628992052601894,-0.1538794223907747,0.2959055256198726,0.2197560124736274,0.21879031616709088,0.12317454424582745,0.15951360536169792,0.0378158831176263,0.033729762570871284,-0.01854810747187063,0.012979409091089519,-0.0021698433847293975,-0.011168786618059465,-0.00250792793012412,Sde-CTlk_028 ,Taluksangay,Contemporary,CTlk
0.9763449445774706,0.7261087769063495,1.2078739487714174,2.2458192120593976,-0.7860826631190261,2.197347859435458,-0.7501329823243419,1.42873975710964,1.581312285023661,0.20820717649746526,-1.2533073208431786,-0.2269130951944813,1.170098406198565,1.1342104099061918,-0.4684724423529459,-0.6888857730652374,-0.8802211882058374,-0.5892594822121394,0.036235462115208186,-0.06051382189850409,-0.4624283689729137,-0.33782768177871136,-0.018898595797114604,-0.08801224642995945,-0.46491997118823,0.20646078842219537,0.05133217342858093,0.13937761804636187,0.0238781165013091,0.02768137463854174,0.030472416844175544,0.030654292884437398,-0.015414356519700795,-0.03492669269169883,0.0024904293902864457,-7.667367744449097e-4,0.011354394308344458,Sde-CTlk_008 ,Taluksangay,Contemporary,CTlk
-0.14475677601976936,-1.1022270838640007,0.14478402136954166,-0.6703156089983368,0.8519057370428227,0.5605437713112197,0.3213205810686552,-1.1205859116332468,-0.5379358438691385,-0.3972511982628129,-2.5040618618362993,-0.761340468045984,-0.29963586457175484,0.5152651672906791,-0.32037113622619984,0.1283509873920971,-0.8488893587786079,-0.27676183122900383,-0.07711783743491188,-0.4085137543774972,0.691187150180551,0.6892340858837964,0.21085747372205568,-0.30279914604399577,0.10434292609489239,0.13410693936823556,-0.165207702811508,0.08385152053584574,0.163381750729471,-0.016509430160434255,-0.03628319358252367,0.014777788529004151,0.04097815015654248,0.02231101720263159,-0.009546813796468984,0.013579372098407257,-0.0015763820877057362,Sde-CTlk_014 ,Taluksangay,Contemporary,CTlk
1.1498795645121558,0.6781972117761937,-0.09730111785503391,1.780169744063378,-1.6016214716893293,0.9701009004581752,0.4920540473097492,-0.9694910608232524,-2.271113696286994,-0.9568334215262564,0.6661173119464069,-0.5099367274762636,-1.524456028655417,-0.5230960443075459,1.254563792957893,-0.005859681046926743,-0.3747191221985826,-0.33197074731780774,-0.660335950040141,-0.13751773934860734,-0.017792276077060125,-0.09640304937317833,0.1327768250437678,0.014822987647467579,0.16081447054206272,-0.025122972273925608,-0.2526008821232998,-0.042069242847803764,-0.1150920088309086,0.059197876682511884,0.03275246761595061,0.032521291664608064,0.008171100429375652,0.001790218671655602,0.007140678623499869,-0.016544385974686004,-0.008852721845689904,Sde-ASac_006 ,Taluksangay,Historical,ASac
1.2331323567461006,-0.09015616568300189,0.19830124468951332,0.047482552554312905,-0.9369942867782434,0.8184267670133004,-0.3249589257100361,-0.590666152627269,0.051392603540341586,0.49506126239733583,0.6622355251271926,-0.13607327608069542,-0.3850981041890441,-1.6120511265868183,0.8742656244341382,-0.7983925018087783,0.7186973208997602,-0.5129725408366927,-0.08860786693987392,0.26742036241391776,0.16653110208122732,-0.392867580337445,-0.09063733301252597,-0.036270395659696544,0.3559932237365355,0.08522986095708511,0.031568986746004675,0.16070597071979628,-0.051716080610142,-0.011925060124973104,-0.0026170636391883864,-0.12017029335964563,0.031289024211881906,-0.008821538545832333,0.007767033460901585,0.0049096695825891845,8.074204227024488e-6,Sde-CTlk_099 ,Taluksangay,Contemporary,CTlk
-0.03955067249965909,0.0775713567650642,1.1493826348905083,1.049384046635141,-0.12517617567393027,1.1116202626225746,-0.014677259631785343,0.08450475376974537,-0.07262310045971185,-0.19289054040161083,-0.40841830933472334,-0.8536432831910157,-0.6401121738505527,0.33402264984848995,-0.6146502374790054,-0.5588515321827887,0.6964856432546378,0.5494112435301103,-0.5925402221252873,-0.04637655063897511,0.03605983339530475,-0.43285560429182873,0.5734833315584387,-0.016941429632276378,0.08082385275496536,0.026151936908034357,0.1175384330272171,-0.006706829774282419,-0.01928721057419799,-0.012003087265106563,0.015018626376182063,-0.007073030539356874,0.051617207202867194,-0.009921469462558443,-0.03554308059998813,0.004837178339582411,0.011770837738552283,Sde-CTlk_052 ,Taluksangay,Contemporary,CTlk
1.064647243681345,0.15692206697989075,0.9666567351847414,1.7971363418847732,0.6721402706808864,0.4904632921832352,0.5308540512467732,1.106980043827368,0.020366450897175897,-0.19376352321374,0.08911380853030558,-0.10955530462884637,-0.1693807539779878,-0.33007361776656435,-0.22489650316689633,-0.1048984476774084,0.4718005945986537,-0.49296261618712606,-1.1501342023096037,-0.4067182804021127,0.19583550110574402,-0.36071760644672785,0.1993602523460793,-0.12844831295436773,0.27402932884821013,0.03289925816790965,0.11420804441239288,0.006383691011687056,0.0522174526776918,0.020792172654239188,-0.014207287045174983,-0.01164089181984422,-0.003452738892115508,-0.001790634620930275,-0.0013611187599917953,-0.004040447784285828,0.001540235382445439,Sde-CTlk_041 ,Taluksangay,Contemporary,CTlk
-0.6261545591191792,0.14793956047619525,-0.4988861088489921,0.2510423532200972,-0.26776148832406477,0.30127856360277333,1.6144990408928273,-0.5894884055601657,-0.9303863026408711,-0.3896676405578167,-0.9052251480653625,-3.1650093630653853,0.5817440079647328,-1.2241196360114293,1.9256194359933445,1.6118963665300485,0.2608457773653993,-1.01931171789813,-1.1908335063383328,-1.0171683983534119,0.5692026945820949,0.8970565457712317,-0.22885841776448845,0.0754303742805051,-0.1347536936896733,0.09563776278974945,-0.05307294972932985,0.2065988462346507,0.13571470661174057,-0.0306211033025504,0.02914768773126585,0.08162820097579693,-0.0466767706725098,0.04327376760095581,0.00862096446942669,-0.0010147560170786633,-1.838359700932829e-4,Sde-CTlk_034 ,Taluksangay,Contemporary,CTlk
1.4767704218298088,-0.41873538516769726,0.8108255007500992,-1.805785481462168,-1.3735022051399446,0.15853554855803684,1.7822646799536779,0.7588413821824507,1.5473416848813677,-1.54978356318208,-1.2682015655552767,-1.0650869954715558,-0.8066155481920642,-0.7652869126453975,-0.8469884436142369,0.8314724484814847,-0.7317405506613397,-0.8484557384402416,0.04155269033587277,0.9110250468769977,1.6172042777514837,-0.08708393471191875,0.36843647561837745,-0.30731514409787214,0.29331903062622505,0.07680530946677629,-0.023497993157757545,0.13444370486049673,0.043971945975843973,-0.05156355576595766,0.07004002136902004,0.061520901499696884,0.1226559941812601,-0.01584234192052148,-0.007534959681485182,-0.006294736082325539,4.370612376400013e-4,Sde-CTlk_023 ,Taluksangay,Contemporary,CTlk
2.4679564218998356,0.7334598145878337,1.0283234734618611,0.8480193130510312,0.7259907068142045,1.129655313332878,-0.14869728132415402,-0.22702822655302718,-0.24864056776418889,-0.26707344007283795,-0.35779209689079416,-0.5005430346496562,-0.5722430633109389,0.0726172639647782,0.2993279876001625,0.7594110424023611,-0.7757836570964554,-0.33178422147818964,-0.5529939332357059,0.1905312372904002,0.36664014324445343,-0.06466631223757438,0.1596077286489004,-0.027485483492814457,3.9721896189077104e-4,-0.16348250029090916,0.18971488209893053,0.0632353669739631,0.006858859788214379,-0.02590037931837043,0.04225914894181289,0.03923298286499601,0.03988831217088167,-0.028736685718635753,0.03510282037413812,-0.003023025385783163,0.0018948958754514327,Sde-CTlk_100 ,Taluksangay,Contemporary,CTlk
0.2811402642605431,-0.5670634167066909,0.16773388340687329,0.24747394192622976,-0.24674570777292915,-0.22796279552216336,-1.0156911923709455,0.3204108610277302,-0.25560234174553104,0.29019564435374895,-0.5733660611617691,0.11856379234927879,-1.2517511762429294,-1.027075109167923,0.6053386348854087,-0.7368014269892369,-0.08683719708816687,0.41642388487651893,0.6762627841632228,0.5247853225041492,0.1960069649908142,1.0152778649163328,0.29602455353926266,-0.0831590271675984,0.15024280946931579,-0.017686323716165357,0.15742685750935306,0.027434160104784618,0.007766541346019128,0.07386434026955373,-0.03042030817899515,-0.07674640151786354,0.06036801213650036,0.02440641578697635,-0.022106460772047837,0.011495874954052222,0.009165012467840692,Sde-CTlk_022 ,Taluksangay,Contemporary,CTlk
-1.0695232300043573,-0.5068528280022288,0.26377704018603165,-0.4166982902405489,-1.2404761093972272,-0.5291598406975704,1.6494753442080414,0.7634154033538376,-0.7029828175696093,-1.7393309777200552,0.22336832382814006,-0.03219278901338474,-0.989636890801609,-0.15680187531623754,0.062134429879237854,0.16493968631028094,-0.002642240960138466,-0.46530502436586285,-0.28221523562299144,-0.22379310120423984,0.27344923087740924,0.308014575423259,0.35096730871059084,-0.11573039417179355,0.1640680377527349,-0.12064868389653738,-0.1328730602311344,0.15556960949075427,-0.050615273590866226,-0.023725624508548097,0.006854500587901829,-0.040726608954490776,-0.010685837539904446,-0.01418559784720861,-0.008902603729846609,-0.010500957599085753,-0.001181080336741992,Sde-CTlk_093 ,Taluksangay,Contemporary,CTlk
-0.52822848739902994,-8.858040020322703,0.9377603895766327,6.781450986991708,2.0776211034652996,-0.9709087398523616,0.5951188210665284,2.5951888869767314,1.2345538319290297,-0.044115580508724626,-1.3194640839627478,1.1119867631941955,-1.9249307531989261,-0.5487611412565266,1.379932427962302,0.28978240169295205,1.4372327641758325,0.0757923726638156,-0.5871434033816769,0.2822916809785296,-0.5012998009581098,-0.7324801354566148,0.058181394727631494,-0.49730381890524084,0.5225207776676867,0.43919157979700607,0.09775815458763808,0.1074726146416303,-0.09025291476444826,0.0020325147341494964,-0.003991659056553524,0.08643505082085612,-0.1425981423879309,0.03491098626651698,0.010964539233158951,0.02142144347946874,-6.660826298659514e-6,Sde-CTlk_084 ,Taluksangay,Contemporary,CTlk
0.7207806574217726,0.89918886123711,-0.5023186839625274,1.9880054448422197,1.654175459244644,0.14027265377211479,-0.6668840728065033,1.4124449930422338,-0.2652631360843484,0.3280805244100327,0.11266584227437924,-0.5177866516938472,-0.11594383984349306,0.3245329317276979,0.6025752538131977,-0.7413228678540363,-0.743212700111782,0.688622288651834,-0.016307663736595073,-0.08427171804623934,-0.19979261218926417,0.13357168657445667,0.4336464354578601,0.028573604784560728,0.021012605183663036,-0.1064374780473953,0.14491094443264554,-0.06795943663745267,0.10405396465397958,-0.01970689705890329,-0.0541978771542023,0.01009143874633256,-0.03019491286075833,0.011676832647548896,-0.001489016144090983,0.00992890809174336,0.002406296618300496,Sde-CTlk_058 ,Taluksangay,Contemporary,CTlk
-0.41755484665224907,-0.12239621160723752,0.4089964698361934,-1.2816939825851905,1.369329900482167,-0.8384819835039526,-0.5954595318480181,1.4701851312527299,1.2189286894280702,-0.14988967839028253,-0.8984874282176623,-1.0129976586580025,0.19599754907631642,-0.38848688632113076,0.9019435599229233,-0.3217633049496707,-0.7059217099912848,-0.4208203610760881,0.06683654966011289,0.24038936967959745,0.9609210558105448,0.6925473432331467,0.04491510635361826,-0.012598749492778815,-0.13816976049445134,0.022273089096446153,-0.024870779236062988,0.21114993990469705,-0.0015292270544571907,0.03189018388564899,0.01129339250957591,0.0017588079458036169,0.03650493492749677,0.012743756727318922,0.01277061859725061,0.006637375088257791,0.0017630956960942971,Sde-CTlk_030 ,Taluksangay,Contemporary,CTlk
0.6876483087709028,0.12998405791045495,0.0202749829287809,-0.28585245838207557,-2.539956458017369,-0.5920404943389599,0.608081136226614,0.8789940795237023,0.2538730150846134,-0.7421389408951666,-1.2293380093938275,-0.045541216766231456,-0.589372710637742,-0.3534003207424162,-0.13331621302633845,-0.6899801563699361,-1.3972778555707732,0.872878362695223,-0.35849346776273794,-0.14979984138653013,-0.17296471130238444,-1.2143361368926135,0.26784122416734557,0.01701442445161886,-0.026407356042286678,0.009523242519308667,0.17228988007771173,0.1302231748095881,-0.04269997049493266,0.019270396368267953,0.027877377862491354,-0.08581764828895787,-0.004458502438979681,-0.01569565061099834,-4.2328678577420925e-4,-0.020005746197483337,0.0013151050084538672,Sde-CTlk_075 ,Taluksangay,Contemporary,CTlk
0.8949395285890632,0.9317331031393375,0.5814677882574155,1.3522268920901515,1.4547345178588333,1.3448544644365752,-1.5926329401644579,0.368313064452462,-0.23514387975790438,-0.012464421316310273,-0.1911953796379737,0.11104695661947322,0.7200266853401918,0.01286814358984127,0.5289573966056471,0.1340721461704463,0.08844126292072037,-0.010724710789906852,-0.7119241981073664,-0.2687612444268868,-0.05348935628824243,0.5855816648530505,0.2168122051643343,-0.08794141676929793,-0.02100498289233275,0.06661124231759352,0.052125074760565285,0.04458777484312258,0.032804400377515495,0.05649134593960776,-0.019309420518459998,0.011935127734349148,0.0030023546630717876,-0.02518377251639077,0.008564046367106417,0.013722266241179828,-4.048897596424682e-5,Sde-CTlk_050 ,Taluksangay,Contemporary,CTlk
-1.219754529988237,-0.16362783864866504,0.43961576550429393,0.7538399151176404,-0.2749338933423303,-0.8111494996677031,-0.07088698650552124,0.368783337494077,-1.4421633009649764,-0.9704066529378934,1.0797232252964708,0.011848711984867612,-0.6892822794304888,-0.4705727438767659,0.0032928355186751354,-0.5498212097380899,-0.2785352662332523,0.3273727541912401,-0.867012848432243,-0.9213215948202899,0.36196137837786274,0.5601318929092484,0.5955379077788482,0.05646902511730645,-0.22879805408268084,-0.23167312786733654,0.023082266829476936,0.03628353828484648,-0.02154132313973464,-0.025933475581626057,-0.04376187443398082,-0.04174534155864262,-0.02494197257784801,-0.008335837920533789,-0.009995706966104684,-0.021244824504435957,0.002305459567002278,Sde-CTlk_012 ,Taluksangay,Contemporary,CTlk
-0.873419724921154,-0.41666064185211205,0.5408541745017714,0.2756903092049327,1.1686658468211577,0.27475062861084903,1.776637897605362,0.7679028083184617,-1.6884819990294386,-0.7815041617710886,-0.3444905753921174,0.8696553817058269,-1.5057909462342067,0.2666781969907948,-0.9335176943470602,0.42742752775817594,0.6942978193040041,-0.14980912029194546,-0.6401631025139332,-0.13539843666572185,0.12388006375519829,0.20629020325071556,0.29414210359775733,-0.23817823804861377,-0.1022646134229068,-0.03796720647744455,0.06166215606955495,0.07372304386378795,0.06336066934414356,-0.028966347930652166,-0.014092571747780527,-0.05893883594544622,0.0068106537111566265,0.02196969894712832,-0.021071986749353133,0.00710465905182035,0.01925007067172786,Sde-CTlk_044 ,Taluksangay,Contemporary,CTlk
0.7587670275500259,-1.1500204543394645,-0.7151498193863606,1.4363820707541661,-0.7918400153432591,0.4409207438250796,-0.9192355951501309,0.6183833894791912,1.6181781125629375,0.9943940089852663,1.0312064517456339,-0.6196416574124715,-0.050673047266554624,-0.24847581534125537,1.648360991644433,-0.16407599718921226,-0.2639569032044981,-0.12227986956722826,0.2610116453212177,-0.3554852370212655,-0.4311750799768841,-0.5023082064529335,0.15444409800810374,0.028349786400053593,-0.016163496887814422,-0.22170945702620765,0.19330269731361716,0.07688768235989295,0.008572399474999288,-0.047054145821673256,0.009413569086732725,-0.00956149317316781,-0.00266414729747318,0.0014468368562269207,0.017001851631117434,0.011961280766163252,-0.005373394924149742,Sde-CTlk_061 ,Taluksangay,Contemporary,CTlk
-5.009625125720405,1.5016888705137454,-0.898549030388976,2.886614442621473,0.5042161657081468,-0.6441482943166384,0.42031491718364267,-0.3812681621312561,0.35317159058834147,-0.8523061108202821,0.5127669899071915,0.4142986395420616,-0.43029521053954584,-0.9804081766976462,0.5431642362022946,-0.20156594974327843,0.5832009677093393,-0.028026152158776074,-0.2600340679875204,0.017921487205247225,0.0020920461323114133,0.26848213429720913,0.2980803882723069,0.676873777973789,0.31370321789149985,0.09722167648439572,0.005891997480163754,0.011638907046971467,0.07478988099385178,0.013159001997578178,0.0070331203321600195,-0.057937099926620064,-0.024781918145905215,0.032763359007496676,-0.0012541844713122002,0.004803981460403035,-6.849837725131368e-4,Sde-CTlk_024 ,Taluksangay,Contemporary,CTlk
-0.2614343559518738,-0.03371661662087425,-1.3291937209208222,0.32856212522674455,-0.6723622883435009,-0.2423406718016326,0.5413203860354746,-0.4272420154688704,-1.444907804968337,0.39115003436486534,0.35461403075015413,0.6868258227997533,-0.3929403281954105,0.08323231907865804,0.5534202627485559,-0.9411994262043488,-0.7249769018083052,1.360923685945954,-0.2665865638799441,0.1436523504744228,0.10627850798038821,-0.2343664791800184,0.19227846626884398,-0.23806614518774086,-0.18080911642352174,-0.12719085172229397,-0.012271687872656095,-0.06549342152457503,0.17088007104189148,-0.04971339410179903,-0.05159347847054274,0.007310750018204733,-0.001173091513736758,0.023171908452060318,0.004799863651339782,0.0024271929886407854,3.43294268512727e-4,Sde-CTlk_015 ,Taluksangay,Contemporary,CTlk
0.8035401058882071,0.8715505954131362,2.2395540939199745,1.1809151722563682,3.2640829218444067,0.3668958066190381,-1.1439320673911044,-0.7564830031850077,-3.4943297706776058,-1.8057617479128971,-2.34038551562368,-0.30889134497375054,-0.7075954013901624,-0.8726526642061766,0.4432646996108196,-0.38975186561483205,-0.5473660269676041,0.19391851192690004,-0.30669646694621944,0.1587266309850184,0.3799326525924854,0.3526542652002136,0.02279401158193566,-0.18490386825491933,0.2380087533740829,-0.03162662350534153,-0.005304644179629559,0.00493525091608613,0.02039447574723352,-0.016809128198893727,-0.04715213520252443,-0.02360466611190248,0.026884492952694062,-0.010436594119657975,-0.011038919124768906,0.008731216907229073,0.0045177471035077596,Sde-CTlk_085 ,Taluksangay,Contemporary,CTlk
0.4484779047418791,0.6044082372675909,3.3695613516467158,0.4689369040836881,0.29274361346794603,3.0374894739022795,0.35082342484545304,0.7215157390123852,0.8854720112165437,-0.5674338170556641,-0.49984762038150726,-1.5673090449016045,0.38666704492370246,0.2156686381101583,-0.645801725392642,-0.5988692058369997,-0.36773244053593024,0.3744789431918943,-0.5286354527549136,0.2195293363047116,0.035627205017963244,-0.18259461952766107,0.14792244228037557,-0.03136801490337641,0.050811882974279056,-0.012133742078675845,-0.0680967100061298,0.1705017107857026,-0.10968434931843866,-0.06791615942159834,0.002684100561737498,-0.051639679162348115,0.029405637617557764,-0.040740946626803914,-0.007746771090099451,-8.773632153400298e-4,-0.007962169012660485,Sde-CTlk_060 ,Taluksangay,Contemporary,CTlk
-1.0344360707922375,-0.8466588732164485,-1.2255817865922716,-1.9281371845803057,-3.286896452872004,0.3904272844380936,0.9263975427989393,-0.13308524256052154,0.7726702244439253,-0.9752862119570103,-0.09357778207719475,-0.19281169674564527,-0.19442301756627836,0.48658074693015696,1.576123804488424,0.8895598700605725,-1.837094343168366,0.38878975416960776,-0.42242526279219716,-0.13133402088802223,-0.03569113532091134,-0.7034518747090491,0.35963910810232186,-0.15444875224183321,-0.1327640945941459,-0.14540669268594072,0.18945591506144993,0.1339006816905888,0.08570117818810309,-0.007545764354740214,-0.04740262140574734,0.026662141425889737,-0.023836731940634584,0.003539245204453185,0.008632126611767106,-0.015155774752508245,-0.006554831048213893,Sde-CTlk_053 ,Taluksangay,Contemporary,CTlk
-3.2154131376000348,-0.7920808772474492,-3.0347326163034305,-1.1957840496116887,-5.485567634770499,-1.28202336511303,-0.6112228125208147,-0.8845688510487774,-0.45772161742343276,-0.9469628038993698,0.009266411301420972,-0.38626152408002706,-0.588381285043141,-1.15275700854414,-1.0034507081163568,-0.09529023144809762,-1.179830535046446,-0.2975232186737393,0.2595975526029519,1.0652402087626405,-0.2137875198945121,-0.1468013438776537,0.4511050868075831,-0.13624943849228746,-0.15760255888890876,-0.35396360655280057,-0.2176461625351285,-0.13346254099408938,-0.07093550144656954,-0.06153849110984432,0.007714337621109878,0.03841320676004073,-0.059738143842391046,0.008759642570959125,-0.0038667869546475044,-0.0051051265117240865,0.0077859400823566405,Sde-ASac_002 ,Taluksangay,Historical,ASac
1.1565365421322997,-0.10875011138465583,-1.000647327154443,0.5173317597529077,-2.064564286678278,0.4243286606644328,-0.1303025289025406,1.9775867107897427,-1.3209297210163127,-1.4750331977915883,-0.1310172471309996,-1.8095866908754248,-1.9145314770444866,-0.8439608027146726,-0.15180093326487937,1.1671265909059796,-0.334222115933786,-0.3340254531866465,0.05162276057558185,0.3957830162807216,0.18731080613451934,-0.4697045088670517,0.22647627058116873,-0.3367571565232926,0.028721314707493818,0.11292178408768501,0.011770941834476375,0.24919472893264435,0.032629590866748305,-0.022680793319483087,0.01866697533866956,-0.03309041725496101,0.0371456223519233,0.0136287301535919,-0.008089438412369417,-7.235403861706795e-5,1.4416295190301093e-4,Sde-CTlk_074 ,Taluksangay,Contemporary,CTlk
-0.07946725958030133,3.908711109830637,-1.5683887736835338,-3.635637305830805,-0.4869081201514213,0.2669250431396405,-1.3506577567206164,-0.378913200433171,-0.3678637050811485,1.031576825319403,1.9024394291129307,1.1341961740915076,-1.0433113815610353,0.5238993479420174,-0.21465881905932135,0.022127938445609348,2.132877815817304,-0.3656849923057194,-0.8915302510309712,0.5018273266118065,-0.4625555998366328,-0.14102173578515967,0.42786424757126384,-0.3306003759033758,-0.41263200679817497,0.34688274614664716,0.1928064310460942,0.17040229639939655,0.09462168401889835,-0.1351438327002465,-0.09494398299017988,0.016046391134515565,0.030384561319708278,-0.055483085791127276,-0.004622287365651373,-0.010323024858816744,0.0019077538064642473,Sde-CTlk_064 ,Taluksangay,Contemporary,CTlk
-0.4562789619255259,-1.1975004588451263,-1.2176188292796124,-0.015205038038482261,-0.6593047801969361,0.8244678038999393,-2.186899778000989,-0.5989110127885311,-2.6575773922737294,0.2274531061011363,0.5786938228493868,0.9188468364809517,-1.2695361089578272,-0.5962813268807042,1.3378226953217314,-0.16525810620023976,-0.23445427150564954,0.4414109953229758,0.9181502311331777,0.3675235814329812,-0.900924885683408,-0.4223088525279304,0.038512463730227944,0.12637909967477826,-0.030869753953466802,0.07016894951525972,0.13438107761138374,0.11111593883365967,0.11803867992042541,0.07602014234535029,-0.046817544465380764,-0.050248055482920224,-0.016027202175958637,0.0044037784312555665,9.625123462905466e-4,0.009462938409325324,0.002268522503423983,Sde-CTlk_013 ,Taluksangay,Contemporary,CTlk
-0.629914741887727,0.025650561926340312,-2.3033094134900947,-0.36306199162350017,0.6366070387357006,-0.46651850321729876,-0.9940185366923397,-0.8752755753611199,-1.5414273139220014,-0.3211990499757873,0.17727038517636973,-0.28595080591615085,-1.2485314765320668,0.2684673866804831,0.42476233949696796,-1.3451285803397794,0.2882053598254353,0.45278547130493674,-0.3295912927055422,-0.09449277294795665,-0.21582304778619404,0.16464594940997812,0.18352551909049516,-0.1580314104423759,-0.46318063974378565,0.050218111896164014,0.11584162731899009,0.09648026621386463,0.07807080462719865,0.03935354825145381,-0.07298992254395446,0.012135762362542898,0.014214769610051055,0.013747607675178054,-0.012780676070754754,0.012241790072760989,0.0022417078824330866,Sde-CTlk_005 ,Taluksangay,Contemporary,CTlk
-1.6393275482139127,0.1397801145878932,0.6178621248981863,0.8013719800167496,-1.346841374527312,0.29766969032320006,-2.033002943451165,-0.23349380009060428,0.7654722058218881,-0.5507115811636883,0.061760747014685764,-0.20604253117984558,-0.019159329481950413,1.167537849258361,-0.31544308436864044,-0.15240654666148723,-0.546396760268681,-1.2068287428662134,0.40581677697308427,-0.19731347257892928,-0.481498907802065,0.17109839556012113,0.04746601563858076,-0.14467062952777335,0.07558859314172157,0.06255405923622093,-0.27007587280199835,0.4003386424001819,0.012837007185834595,0.04239240558527897,-0.06930229382156562,0.007028389850206915,0.031546019886242616,0.00426007175634103,-0.005548834869474435,-0.0019463665762493951,-0.011550013432542673,Sde-CTlk_062 ,Taluksangay,Contemporary,CTlk
-0.1616483222030646,1.0652137418420184,2.1677164610954307,0.8909203473059221,-2.5151701677063647,1.9665853647084728,0.255306992866797,-0.6368540676103793,1.0472677912613002,-0.5227196123673201,-2.113588740275981,-1.3132831524592294,-1.7201404732282581,-2.188495319132424,0.31382421987317183,-1.4220780232249657,0.27604459952886345,-0.3663915669709779,-0.036304020624985264,0.09246102631954405,-1.3654383395881289,-0.2496667405450013,-0.2196987901383289,0.11603358302708529,0.013226151537450239,-0.40106137546706644,-0.1026910617667385,-0.09439030326103814,-0.0729608016829375,-0.04060783802866847,0.03526113762673858,0.04648438495394557,-0.01025907212271579,-0.004904990393267923,0.025267073255074855,-2.1303429209662062e-4,0.0011917268544558357,Sde-ASac_008 ,Taluksangay,Historical,ASac
-0.31022108065399845,0.9144000149569408,0.13706627292076828,1.2611489832205593,-1.7338581904692993,0.5073382267740617,0.397195940263216,0.5907465343669456,-0.36639225688707605,0.5640472894462845,0.6231621634868266,0.027807388593732656,-1.0998868891470668,0.34315611404380464,0.2843035760918871,-0.35550940685820726,-0.7883317527175064,-0.28699022828041654,0.8552555936692294,1.452476785569074,-0.45808518241241064,-1.1419119265269735,-0.06900961117222414,-0.47061907988781426,0.20797707507252233,0.00977126211944433,0.028485811794692357,0.12974405546644469,-0.08222924984190673,0.029510262545456308,-0.011597912213302492,0.0020980338506984817,0.03837477173810663,-2.6630670578476766e-4,-0.03490643186503483,-0.00350990318032056,0.0015271842840008348,Sde-CTlk_065 ,Taluksangay,Contemporary,CTlk
-0.8440136307962055,1.377228950570644,2.498727938783063,0.7360530246973088,0.11365636201457734,-0.2907833628290896,1.439066611017171,3.3323662137656553,0.09690336945671504,-1.3773878464895954,0.7573631795198968,-0.9512191557738288,-0.5304270356246826,0.5422184901382096,-0.19898082403252296,0.5086810541388526,-0.6538453367498215,0.4309439984625386,1.0855052614956178,0.8311045845981017,-0.549983282195176,-0.42850320958399746,0.23556889215417764,-0.13816655340608913,-0.06232007020223989,-0.043427235548205906,-0.07090402278676629,0.04769869039505447,0.03547666787149763,-0.08855122302558863,-0.007777245544269874,0.04172029759420219,-9.904809330045106e-4,-0.01611303930835115,-0.047010634893485184,-0.006120174818644063,0.0034067384100445815,Sde-CTlk_097 ,Taluksangay,Contemporary,CTlk
-6.627421502649961,-2.078038670905893,7.532984922252746,-3.5133731456182664,-0.443499525433656,-0.930088108131409,-0.3448706814257345,-1.3903564359371314,-0.6708767988533705,3.8331537687553414,1.141508020007431,-3.3207558894413793,-3.5330012113632243,0.5793324214720825,0.6784067015292274,1.073066308221331,-0.9884034003542613,-0.559693909630087,0.17877124432484093,-0.05346647659763114,-0.44657329251965144,-0.21700235996655087,-0.10504298447448862,0.7042467342463309,0.027370377382344525,0.8171272516217835,0.0810567618161734,-0.031033183531685868,-0.18363860029710455,-0.09925556378720589,-0.12092505033717921,0.12964357507549612,0.051643141656350006,0.06837323901014197,0.04427361625654732,-0.0155972717309329,0.00621481244718474,Sde-ASac_014 ,Taluksangay,Historical,ASac
-0.23275515835805932,0.6877830204282691,1.6217845792191221,0.9217827443742393,0.08057552737353538,1.863376658735944,0.264877978366336,-0.5567729467295514,1.1710227218620268,0.7669813612767015,0.7250524538622336,0.20513671107244721,1.144337525402444,0.6220714620857499,-0.723870189894629,0.8445452407717812,-0.9110809179186294,-0.11372110140669464,-0.18503498622937173,0.2081682709014385,-0.07656520564787038,-0.08893682317752626,0.058557815683839505,-0.03928378574850638,-0.139684635785162,-0.09098708426738351,0.396057354058933,-0.06036538371430636,0.04535626770769285,-0.02438590977562725,-0.023858822912859793,-0.03590552772701859,-0.03764309757644019,-0.009249216256165258,0.011251361820382055,-0.002105231693975441,0.0012610921444998295,Sde-CTlk_049 ,Taluksangay,Contemporary,CTlk
1.8347733551913286,1.705623688087192,0.7534516667259873,2.075641787469787,1.5836616164860748,0.4762404565636056,-1.1581956110551441,0.21631558443424076,-0.9429437615662984,-0.4477983248558758,-0.14720198933330725,-0.576622196048022,0.3276817466232349,-0.7249917993707151,1.1689607721100312,-0.9320131852621698,0.017512761059485005,0.32826951360397505,0.16301638163153967,-0.05053428138721916,-0.13169336477563628,0.36222388672804456,0.08685504323209188,-0.007919021943082687,-0.028614129860139417,0.14732352648430597,0.0015697524046098196,2.8559970355203335e-4,0.013307959472542723,-0.04109953102977556,0.014865793795738312,-0.03486136000584494,-0.005532095911466728,-0.02667680211470353,0.0033492555632139223,0.009068483322445737,-4.047069856582013e-4,Sde-CTlk_021 ,Taluksangay,Contemporary,CTlk
0.9550254872451375,-0.6815709014122981,-0.16734827481073505,0.5398856979665833,1.1972409633183483,-1.203228128622082,-0.10873197945040576,-0.884411226379859,-1.395186888918184,-0.2802071357839926,-0.007281560633726685,1.158719586262373,0.0485629917695282,0.5939850926622314,-0.546624236182613,-0.1247918223049842,0.4815859048802091,0.180941550703465,0.047834094545043226,0.5231846553878454,0.4314456145106459,0.238150757389025,-0.044405011735740546,-0.2683378772362856,0.22019946263499432,-0.09347234843011173,-6.458003102487883e-4,0.05602873073523608,-0.0018642749592533477,-0.003725630038407419,0.024314242732597673,-0.0024839580170090128,0.037310581850677475,0.008135528075627486,9.479462597854343e-5,0.011727473410583536,0.003647978563902743,Sde-CTlk_063 ,Taluksangay,Contemporary,CTlk
-0.5234855069307569,-0.49242903145701195,0.08053671633317525,-1.6050292953321825,-0.3016162469652359,-0.44066849745307807,0.27094170186995736,-0.0890137942760978,0.4835135029679577,-0.9775689186011355,1.353370684691476,0.7083816224327333,0.5532591500542997,0.18836041019236427,-0.21175810884983787,-0.03558125157237828,1.037998900867255,0.508684164539425,0.3442039745299501,0.8062366819956724,0.4459916577492758,0.5101299092344,0.1845789936618137,0.32358991307220747,-0.13437478119292684,0.04278574335636571,0.22896936918319336,0.0839820982933091,0.06013776588816348,0.0585270740608169,0.05416847062924369,0.05930183271388514,0.029937059690432453,-0.006852166503065086,-0.010610249543374098,0.005135422922019432,0.0014667695615793199,Sde-CTlk_016 ,Taluksangay,Contemporary,CTlk
2.166860351558608,0.8981918645698348,2.276413965681242,1.1684752466272659,1.1253031090277723,2.0765984475514876,1.483716149392957,0.015506667421351084,-0.3988717661777516,-0.19410346293119887,-0.22291670447642686,-0.6707514801821626,1.5187519521863388,0.2080629580244554,-0.24680167773312417,0.2332646494127649,-0.13823988461601633,0.8528185044739715,0.3705496514559596,0.10512610431996391,0.4170500947329715,-0.33264752279179743,0.07150882153723485,0.14619492731502548,0.1108621372475223,0.10885259731276745,0.1828950677617507,0.0836614912183787,0.017366196036160256,0.0669359521553365,0.023795774874431228,0.00923948371518056,-0.028644885986043853,-0.027944670659084934,0.003471187970809064,0.0020040807395776705,0.008501596144227295,Sde-CTlk_068 ,Taluksangay,Contemporary,CTlk
-1.3742212629744273,-0.39618102613253314,-1.0703951016072837,0.19131929670847947,0.8472022649063128,-1.1554925727039522,-1.6843576790947556,-1.7769776233049044,-0.44136262278186056,0.3297386093890036,1.5471632060048033,-0.7147056401992314,-0.312675271747767,0.8314725209400151,1.1145909857063434,-0.6887906286212662,-0.45078857348045287,0.49656143235788297,-0.03348127834016171,0.8152726174292235,0.27073694704871976,-0.31091070924896225,-0.13031909852917356,0.15141776031807447,-0.26939955316223785,0.3869897744651193,0.04215886156488613,-0.035132058481071315,0.13474185651920442,-0.003178027684916967,0.0323592634272342,-0.03869229686121664,-0.00684769800457154,0.03889109788618027,0.013790849798664956,-0.0076377936658047875,0.005064344500822913,Sde-CTlk_042 ,Taluksangay,Contemporary,CTlk
-1.6548665624575443,-0.5945788190893355,3.2496589256653485,-1.5479314196790859,-0.5991469981011602,-0.05880356945273439,2.706038069279823,-0.05547973307355597,-1.7716025935918391,0.772696826747949,2.7034429489864382,0.7930165368651156,-0.6342106583171306,1.4204516908786722,-0.46806252139023874,0.36957609581229534,0.3399102321983872,0.9050262838098423,0.2810584043280413,0.8518065637753414,0.10874176444180671,0.0797994266071256,-0.36850214349804955,0.1582344831168251,0.12654198423050725,-0.12471823417194365,-0.05241886103355442,0.01579769166243268,-0.17239202926023864,0.026041129313127687,0.0296595159350349,0.11040772199348267,0.016807947458012673,0.014401331746451612,0.004857880337788822,0.01907571537321615,-0.013130775686644083,Sde-ASac_009 ,Taluksangay,Historical,ASac
0.4721384482022979,1.0854803321714392,0.48571646302927923,1.7358328747542078,1.2393325476841335,-0.4832097823216403,0.7137788285732187,-1.1540358625688982,0.5163555442287624,0.08621714188315599,0.70692402361665,-1.253255838841808,0.5306257678545968,-0.9124462461972791,-0.08733005552694678,-2.0092122740729392,0.2998712046985752,-0.4421859784486699,0.3467386641313278,-0.1614355150152948,-0.7443541681978818,0.23116277433636698,0.8644065566367829,-0.12237578170074363,0.39567284675526093,-0.06375043224601054,0.08528307637232008,0.11297447198317241,-0.07767635174843826,4.829113188923148e-4,-0.00577433355000964,-0.009395444109545206,0.0362867436059092,0.03615910821940193,-0.056673521349593914,0.02849992402554553,1.8175587940128635e-4,Sde-CTlk_019 ,Taluksangay,Contemporary,CTlk
0.9952684990337513,-0.2702922666102246,0.15129282650030834,-1.0092886313371652,0.2736661113017321,0.5400230717250196,0.1132022822970057,0.2765714121226609,1.431508649119045,-1.132717625342731,0.21573636885531572,0.31987988110272175,-0.8035483732769204,-0.7648178550525052,-1.671056481971264,-0.7036506516832566,-0.9726631008897478,0.15387816593170295,0.3489127742182503,0.22416443703414204,-0.6431230202105634,-0.7778783325385005,0.053424992915424706,0.33214294068182404,0.04115443587899854,-0.10369522182987026,0.2683254374003038,0.15203902428627203,0.04098477942807405,-0.06429671498343952,0.010270106666227356,-0.06027456103467086,0.02619942874159135,-0.018011677107447933,0.007865229977264946,0.007798215034744243,0.0032463705609107997,Sde-CTlk_076 ,Taluksangay,Contemporary,CTlk
-0.1625167321421346,-0.2668464777734748,1.7783301463067276,1.0633542579456987,-0.1652626423842677,0.10954631960025124,1.1751243516146967,-0.8068639267796828,0.07976414060787788,-0.6876839602637962,0.5132450085917414,0.051785545997987785,0.45286425947431486,0.21147333321507025,0.065972368867951,0.11448027612532628,1.3986941957161259,0.11327620160854497,0.04633790306059112,0.530335948095963,0.08490593005184384,-0.36478296907493746,0.3449177414563555,0.17665325359390094,0.11246551610623444,0.035543047094661634,0.2139932674613271,0.017109418506778495,0.08391384172051403,0.010095947695962811,0.02216685349092523,-0.01926759745054306,0.010516659741881268,0.019899174351140962,-0.03176945025988729,-0.003744995261837655,-5.002276201425527e-4,Sde-CTlk_051 ,Taluksangay,Contemporary,CTlk
-0.03301226747219947,-0.6687605414402801,-0.09207906210096274,0.2233704870576357,-0.0015360481969746164,-1.76686131181529,-1.0773356669239267,-3.6146816936942754,-2.347321763963328,0.6739513627548892,0.3212021943951301,1.9795296134514218,0.5560070202387397,1.9131228917233003,-0.965340600393187,0.6196629331303345,1.3937891260292403,0.32235542051726135,0.0019610469020441947,0.767018729930729,-0.4102357844827091,-0.8754825387791144,0.1450161792434063,0.0893450845306838,0.16013080953568384,-0.06530078444459618,0.12551503677856943,-0.006073678365851306,0.09999966457843627,-0.010672628718339353,0.017491210224136515,-2.575469451337594e-4,0.012862988825674016,0.015975664693464075,0.005728263392692575,0.003044276442721512,2.835521949114405e-4,Sde-CTlk_037 ,Taluksangay,Contemporary,CTlk
0.18887762188800908,0.9165469056953066,-0.8124501331056405,0.19162045763411817,-0.9630580672483,-0.88336704145311,0.25693109545335985,-0.6203638125580905,1.1073629812402852,-1.4525566883363608,1.477439548105991,-0.50617013654966,1.6077366251892293,-0.02444216570532715,0.6206531921601635,0.5783436522363742,0.49509965490762176,0.9611444868853307,0.28881246883000883,-0.10740876392949425,0.0767413559092388,0.21441793697190806,0.9706803916804295,-0.09032829295090997,0.14298108971630877,-0.306551574341724,-0.033161709713998296,0.043110348817206295,0.015835584546571285,-0.07906164742328278,-0.054882379961900166,0.05627216095669454,0.022629028011039474,0.012623310457357767,0.003491443672521229,-7.063495068193447e-4,-8.648750372421684e-4,Sde-CTlk_070 ,Taluksangay,Contemporary,CTlk
2.785248300756573,1.3705251762807455,3.3133663252157737,2.133385860097866,3.3321079159964806,-0.32748879706793926,-1.3657827759731307,-1.4715505573607868,-0.7926340825023456,-0.8309904064250794,0.5215282648352988,0.44136395208975376,1.515432602935486,0.018109664647112465,-0.45081012322988173,0.23758344788060817,-0.4713657163473243,0.1100215327212439,-0.12008519903990779,-0.8184229082065668,-0.3704340666775588,-0.04079143025767894,-0.01126578181146226,-0.11149796640921734,-0.008079358643554965,0.15428903969122706,-0.09835088863939638,0.1001059263238528,-0.048548543534144034,0.014492439957663295,0.010618630940191134,-0.09544696054955762,-0.013456103651079184,-0.026993249421267913,0.02330806704023518,0.0017589951891649105,-8.480388206153192e-5,Sde-CTlk_083 ,Taluksangay,Contemporary,CTlk
1.6065111655993989,0.236961770394036,1.1935072619946991,1.277958475934333,-1.5941452314387254,2.4660443688982685,-0.6305090165047348,-3.260856210065441,-0.9275696705353841,-0.8573440956882882,1.2486801969390813,-0.34025265690667855,1.6855867458686897,-0.6247019424372193,0.4723982421285866,0.8058706810308701,-0.051266129646105336,-0.9238098708992558,0.06565411321826807,0.11611660408511902,-0.7120672153839931,0.1421111325943052,0.07372529421817232,0.1481130490050732,-0.13964968169579475,-0.06623832365387432,-0.21475820000559448,-0.10286536306296509,-0.15026497894298668,-0.046176426254849606,0.03985580170708394,0.003377780279315738,-0.0418226856214104,-0.0034216611267455926,-0.033927660675454614,0.012900178747289158,-0.0019608764889076733,Sde-ASac_007 ,Taluksangay,Historical,ASac
-1.1672744090752096,0.9627454282758103,0.5740385858419583,0.2565006582806017,-1.3605191359303872,3.750558239925861,-0.6958520430779771,-3.550110580194376,0.11119280294314925,-0.0852032694110597,-0.11930621165790405,-1.0482062962137557,-0.4077608601667081,0.828874740585397,-1.0440647651855282,0.5457259969749441,-0.558327875830182,1.3262179915762529,0.05737488477413205,0.8934596931911626,-0.8283493600989112,0.05521105040043465,0.11567226285534865,0.6557222586835618,-0.14130825886474027,-0.0883961073636192,-0.1619224187860692,0.12161105905584009,-0.30940642593130313,0.03779457424951394,0.0714514170425922,-0.07298488334739368,-0.02215511834017914,0.011314644405053536,0.005047377921263346,0.020864546226476068,0.00784584068771835,Sde-ASac_036 ,Taluksangay,Historical,ASac
-1.0576759643837648,0.17190790245121285,-2.422023981546247,-0.20700294117655227,-2.097355400852453,-0.1976541341316209,0.7686394053542526,-1.1830727627683082,0.3483481408251714,-0.2483777231406768,0.8065297944109306,-0.4774257543481083,-0.01770111577357864,-0.008069365068400482,-0.7033553437882764,-1.4854676349616969,-0.055668834508599115,-0.18844439114106962,0.0011749308898564466,0.13925819498216507,-0.19167095725083727,-0.13357845123783302,-0.3547388434059464,-0.5085453528347645,0.2145086113025309,0.034525795083185554,-0.07831323173002813,0.19834992025810694,-0.043381019491023985,0.058108534676505626,-0.05434277427226273,0.042209136057007025,0.00321244501339301,0.009031718135518127,-0.026767461922810216,0.0017494069664269344,-0.004244041147282091,Sde-CTlk_081 ,Taluksangay,Contemporary,CTlk
0.6358251389673211,0.3686652885909956,0.797347397807612,0.9646037438352821,0.39100322449867764,-0.6842256837823136,-0.5318435135532141,-2.536190433138113,0.5628430413330062,-1.032571465078328,1.2071570221071153,-0.4575859291086952,1.286602848674692,-0.7395496624212472,-0.17897526562698604,-0.01983583501403787,-0.6820548686397043,-0.05061766385144876,-0.017564247519312716,0.3456463728445889,0.3473410461665419,-0.11386189957155497,0.4488724600095123,0.1471988245710459,0.01346989796651508,0.16810898926270076,-0.15742896904731493,0.16674485138588307,0.03338803919999045,-0.004587649193784236,0.06701428983322871,-0.017155373469569888,0.01805033151822298,0.01127716765984424,0.015489148466675902,0.0029752056596730582,-0.004690320372968441,Sde-CTlk_094 ,Taluksangay,Contemporary,CTlk
2.9611313679824915,-6.684941600747244,6.575857515591346,3.6435739086450725,-0.27707459765048575,-0.9313164786561402,-0.795516359242385,-2.7753691878004916,-0.5170314870604127,-0.15120433527355373,0.513086911531178,0.21316232123747555,-1.5495513066529842,-0.12447181232953526,-0.6311573641646576,0.6745971741216732,-0.6085688686065678,0.0016846523893194413,0.884375718322212,-1.1453297483333698,0.02819498080003545,-0.36181731145065843,-0.11967470089319936,0.1629891669075981,0.12056530396830305,-0.2507847103421547,0.04626606137852695,-0.1937676151335223,0.020643004564238395,-0.008220582989797939,0.19359058528597106,-0.09591883647673644,0.020109104372447957,0.08402031416220963,-0.0457712257945275,-0.04683149432240302,-8.374813192860673e-4,Sde-ASac_064 ,Taluksangay,Historical,ASac
-0.17086419579719622,-1.0023007101878556,-0.671508210461674,-0.34922889822656056,0.1019950768823885,0.29738448718413873,-0.2840221777593058,0.5925369234729673,0.6318658410956892,0.3684896812880223,-0.5610509057932869,-0.04411309216204126,-1.0666621145807282,-0.17046571694360763,-0.7089482169650972,-0.9880533945028521,-0.3353527447718604,-0.5111743757082156,0.6006112860365354,0.05023760392106924,-0.2799928929109766,0.32933889455297505,-0.016061714616410077,0.2966160587512852,-0.18187053569884143,-0.08550313759931401,-0.01736851706505836,0.22585089968140484,0.10170438854996619,0.07455630409556138,-0.010271049461009367,0.025222653339806785,0.019676201540900957,8.149015284390934e-4,0.007557642253205124,-7.606634333555713e-4,5.525896220497464e-4,Sde-CTlk_039 ,Taluksangay,Contemporary,CTlk
-1.0960728828303297,-1.0233806822740816,-2.418248513310928,-1.1293369037191474,-2.1743970693161025,-1.7940084951149347,-2.6227763426367128,-0.6436372619139399,-0.0027144911294785007,-0.5139680837832085,-0.8444876877562282,0.25000550782241593,-0.012340050130287218,0.3138613175840909,0.9119810373089448,0.2744505187278677,-0.2503285075244149,0.34509959412156077,-0.06102877979454137,0.5670826677488195,0.03439641490996986,-0.1474316402011974,0.21453844988355922,-0.2838183206936812,-0.07392801516047405,0.019941236504906222,0.32600637436958657,-0.08962832768620152,0.08067591628280497,-0.020497799415872903,0.037869693917143246,0.0225340796081284,-0.01444847737980057,0.00804400666507532,0.006179302959717047,0.017328825627565183,-0.008900347055829405,Sde-CTlk_043 ,Taluksangay,Contemporary,CTlk
-0.9406284556552466,-0.6970051373970855,1.2159946129441799,-0.5099004260083217,-0.8840538416641186,0.834542400950667,0.615245414040956,1.3334717549733686,-0.04754905260697161,-0.11179474435617867,0.028590790995827304,0.0010651350041193457,0.13098632657168338,0.6537231900567309,-0.8257891512874899,1.053057931172493,0.6369092666260314,0.8396609631869953,0.33268699895305665,-0.041722998784941005,-0.30728761099891794,0.02052957324141777,-0.1513379582855775,0.08489390748685,0.17488352419373726,-0.07120821028190921,0.2035866107977905,0.06637902973716132,0.12157768434226808,0.021902573906994613,-0.018235080928857793,0.040284669766197996,-0.012443630200695617,-0.007576750259914946,-0.025596035418975063,-0.0020295085280340845,9.616995691625395e-4,Sde-CTlk_018 ,Taluksangay,Contemporary,CTlk
-1.3162656981161558,-0.5218284540812351,0.7651038342937225,1.2178088063558052,-1.3342016284763718,0.33636588501183234,-1.0153054794453236,-0.44637452092131524,0.7770757104361011,0.32990872238405716,-0.46757004296867427,-0.7867301751487283,0.8481127807075625,1.3986388437664559,-0.11943070225825478,0.7536653683287576,0.15751594454619375,-0.1526762216941766,0.06384648425803317,-0.1945769926101332,0.04588853993019517,-0.13100575470960213,-0.22368260725362527,0.4656819602346776,0.14902537706060845,-0.0767256953804892,0.2631308014904935,0.08503827569959932,0.0739807110261689,-0.07588898824618841,0.01649167728576593,-0.013113682709644569,-0.045346055056907544,0.003356395746394067,-0.0028445562891687734,0.005694802054315944,-0.01047885507655092,Sde-CTlk_077 ,Taluksangay,Contemporary,CTlk
-0.5184953372509219,-1.0237903354731355,-0.8929705852452484,-1.4443136494645048,0.9770713212683658,-2.1670736319095485,-0.3817825034952943,1.6537997862693297,-0.19853988042334353,0.16732728858786117,0.8611712479748284,0.8935003961870961,-0.7089704093084621,-0.754940349521692,0.5947055319581762,-0.37382950619205213,-0.33143095144432483,0.693677396326394,-0.08092521031269567,0.1103512778672876,0.22494003425090242,-0.026037067180979395,-0.5857960124537724,-0.38106234873048467,0.018588467879443592,0.019356067122477887,0.07887538076352148,0.11814542771764124,0.009128136276252783,0.03774836409678429,-0.008936156624577528,-0.06831878133776823,0.015223883744860285,0.027017318956927366,0.01931230013538324,0.014980273981040158,0.0077279284470875296,Sde-CTlk_025 ,Taluksangay,Contemporary,CTlk
0.8618587436205563,-0.7603520948301409,-0.7384940983035174,0.02102606873897094,-2.033456480919078,0.3740238442798708,-2.1322138027438022,-0.0847001058147363,-0.06495975258022342,-0.011059723135737005,-1.8102299496282481,-1.4595583157686851,-1.7829920665268273,0.5669074274830784,0.2169391987944725,-0.14139586527368225,0.1192892207500349,1.8038941653440856,-0.6268304819689334,-1.0903938855056097,-0.13242054155503946,0.5023889447211765,0.1180550844686739,-0.5445342449083992,-0.14055854310920768,0.055054467219071326,0.3059241206680249,-0.1418927583294185,0.09885963175545054,-0.025666432843305803,-0.05970025950665707,0.019005620929250972,0.0801962889810606,0.02536892128263654,-0.012435348187780079,0.0226118355317204,-0.0038138277989991035,Sde-CTlk_020 ,Taluksangay,Contemporary,CTlk
0.9315783095281348,1.0621996693564684,0.4709567010369031,1.001847300850402,0.9207318913884448,-1.233116813970268,-1.4731824963071931,0.745954243007799,-1.737552862533632,0.4831427082835837,1.3402964049298354,0.2607287066606814,-0.29948183705120246,0.3911049826862104,-0.2593356043704229,0.4184822046861515,0.42138161005114205,0.1133186770167701,0.14846531118321515,-0.24375330541452261,-0.5438143126522017,0.28802687213511513,0.008111071371923777,-0.3370855637350025,-0.1788514653742994,0.17238295343254462,-0.14129036182744836,0.16664035755765863,-0.0036383916277729724,0.0419461311720817,0.011785442085723418,-0.041227694148954754,0.015518031859466196,-0.005201399642937226,0.01789596710104072,0.0049890028704387395,0.0022533634807818826,Sde-CTlk_003 ,Taluksangay,Contemporary,CTlk
-1.9346583844341352,-4.867422443626283,0.5844333231699917,2.4355791997620075,-2.359611166426258,0.047076962973989625,-1.8571269487544082,1.7337560692034528,-0.7375325524916791,-1.5144152714074475,0.045968840729150744,0.25187090073558105,-1.5870640213443485,-0.08927343937219738,1.8739242063872277,0.5328772729378914,-1.4799543398463482,1.3666001680419246,0.6758108315579284,-0.3118495681926823,-0.37730417290327095,0.7967867023910696,-0.7296349519766759,0.31038566907277504,0.3093887860201782,-0.27864558078997254,-0.23768720260365442,0.13804566423875198,-0.16898644211867345,0.028280236211160027,0.029166978973551267,0.04337233925036084,0.12714574862470296,0.002481957722636142,0.0061513469976575315,-0.009967334591712194,0.008671252428970258,Sde-ASac_010 ,Taluksangay,Historical,ASac
0.20669504296870803,-1.0026950405067594,-0.41323083859752247,-0.5211593670009106,-2.0068003509220786,0.8159950634415103,0.8650011705602546,-0.1543900359974802,-0.9917429244547672,-0.12747948003073536,-0.7445494110918566,-0.11289235764126607,-0.43593598415474816,0.6529220109739887,-1.27529229615755,0.03379957675075148,0.4302341198175858,1.3776209067033143,-0.5071069372384173,-0.6080418070309547,-0.018794817185220625,-0.2549932100135703,-0.23402748989439698,-0.1670048953337638,0.17821243224952021,0.10790300181294495,-0.01823399200101193,0.1033953531689306,0.06588180083498169,-0.058355790353512654,-0.003150236730969079,-0.0300899147983417,0.03300841617149078,-0.00591477825447549,-0.02411595618636003,0.003363103195441219,-0.0023050573417393635,Sde-CTlk_078 ,Taluksangay,Contemporary,CTlk
1.3584126692852758,1.220120243105284,1.7196689142556443,0.35570225087416923,1.3746067140476543,0.1412245111086064,-0.6819474175361431,0.15317294370135137,-0.8568297540617276,-0.19251495694501103,-1.5299028930745036,0.22100735265278862,0.8241154533263626,1.0612261274758688,-1.9666506853773915,0.17214464091637735,-0.4357289201299042,0.7376536130163669,0.20828981233720825,-0.2590289835175362,-0.4003752385691299,0.11291047675613708,-0.09923300818280689,-0.16179569504377433,0.005407777486701481,0.17614662688718227,0.06140763344108303,0.006575428886646421,0.09873246266946199,0.029539282679919013,-0.031339391233336844,-0.005038585998803291,-0.01006955623277691,-0.02430923781855016,3.9130896707942066e-4,-0.0021255576284902934,0.002509113822986822,Sde-CTlk_031 ,Taluksangay,Contemporary,CTlk
-0.6620087118212425,0.651581150076459,0.16673935404604812,0.11028008221442603,-1.6519643715168983,-1.102335313575705,-0.32680977086016466,0.3217239785459166,-0.647087477441875,0.512065766059912,-0.3977986424187096,0.32530357997544485,0.3757895038093538,-0.3555402952454674,-1.199468934911146,0.24402088962315624,0.9720525665567399,-0.8409459935069196,-0.5361410999495374,-0.7355492138273423,-0.6138147233443454,0.2477955734109707,-0.08694166743615116,-0.3148467309190661,0.22647610520856762,0.11881566900379577,0.18448887032009445,0.12559557062701304,-1.0217528398216937e-4,0.04801140110538675,0.03450786517864403,0.03057787571578092,-0.026108617080051993,-0.010856282559522932,-0.01779037870770816,-0.005126507449531834,0.003076964185874065,Sde-CTlk_045 ,Taluksangay,Contemporary,CTlk
1.528900119127832,-1.6137269155583795,-1.284193628234681,0.3055356762466468,-2.1553967375887866,-0.13135464315837322,-1.6117465630696355,-0.40528289913161336,-0.914054512613741,1.471612594437247,0.8465792720813589,1.2371661717837434,-0.323544353410172,-0.09843775121252642,-2.347583308842441,-0.24589373966990816,0.07678922464042348,-0.34892679089255296,0.0019124478303214555,0.05689987800189426,0.33851732738213486,-0.3447667391776175,-0.23481819607358095,-0.023677705853467578,-0.23046086798017107,-0.058174316326543726,-0.17050621578817662,0.20342092944802678,0.09875305940347293,-0.031010928926705955,0.059291421691341085,-0.01635680309516109,0.06466068113976517,-0.0012664517042312573,0.04731552356902948,-0.009198121713957825,-0.007214334862836923,Sde-CTlk_080 ,Taluksangay,Contemporary,CTlk
-0.36271246792443596,-0.17675531789355667,0.15222539039527214,0.5787830935841178,-1.5222461849843285,-0.9381734398982852,-1.2925388683428118,0.7450427930573477,-0.3902585116958606,1.0382131766230667,2.074142370878478,1.302319209081031,0.002720540906928147,0.12208189247233413,0.6543879565382145,-0.34801617477437913,-0.5275085738453825,1.0950791460762386,1.0077639185793548,0.4655211039447704,-0.17764416528342114,0.34483267041591853,0.11172418609428954,-0.3355989099698065,-0.2732585666804175,-0.21196170136800335,0.15063593086324517,0.091013307909258,-0.08422736342852591,0.008934585630654586,-0.023908965661347446,-0.06027390748555026,0.0319590870580346,0.00586180310615555,-0.003812781807299065,-0.005208877010555175,-0.004155119070838451,Sde-CTlk_009 ,Taluksangay,Contemporary,CTlk
0.3905770352270707,-0.9507228484299609,0.023240235644693186,2.2124722979479543,-0.3198127895872119,0.6279461360277223,-1.8608915994997983,0.0781928416792658,-1.6127142702431487,1.1309474438438674,0.24751140682050107,0.44775699625658655,0.16566546421251227,-0.033898043463625724,1.031588729016414,0.4661963874969246,0.632384617733897,-0.0022054238820266455,0.7364266372336326,-0.04041640712580845,-0.11237125506142479,0.5997604093952434,-0.10612305394105263,-0.08226213611680278,-0.12304868194299771,0.20004319087829214,-0.06687045097251261,-0.007255496736650581,0.16797141955759848,-0.004738095422016416,0.030742881437960046,-0.016119883719762702,-0.002180826561616823,0.004050255196951639,-9.016621479167959e-4,0.007339999563316432,-0.0038606019189948923,Sde-CTlk_001 ,Taluksangay,Contemporary,CTlk
0.5544512513187407,-1.9493810234398004,1.2491956924814598,0.3968875569139158,-0.49573729211979956,2.5635174831325114,-1.327960316531833,-1.086732446360345,0.853569016430736,1.011432501327153,-0.7555768442210147,-0.6578113433995512,-0.11145954692673814,-0.29412146232997294,-0.29062756502912085,-0.1372542785279818,1.4850925268846717,-0.41817108273184017,-0.40011193634412895,-0.267303972804882,-0.00719061895503888,-0.08888985564982041,-0.1648400590409947,0.31342243839528316,-0.05802537320170702,-0.19456983742844428,0.1778385340233984,0.042354004546877815,0.16135190896005644,-0.10343592223879344,0.017658309085210377,0.04964541141676483,0.0875534119544575,-0.0031443973952874744,0.015108053061850058,0.0075847385251352345,-0.009999788429582082,Sde-CTlk_006 ,Taluksangay,Contemporary,CTlk
-5.312009848301701,-1.8471543443185714,2.495835913113781,-0.7202730517293038,-1.584417649937067,-1.1094979163591427,-2.1571488299882127,-0.641851445546319,0.2154002217278872,-2.2786476172129557,0.575047544993147,3.602765017255859,0.1454340274503082,1.9381703123500396,-0.007666311011200234,-0.6911306858105583,-1.575320402448899,-1.3927986745448324,-1.4608593809511436,-0.5993577179003194,-0.30447598528467523,-0.1880455447830311,0.21197987880956962,0.24116530328583713,0.32316098878944943,-0.06583740265177969,0.04955528762243474,-0.17551208227965692,-0.18485911403203134,-0.02669738744924803,0.08070725524768617,-0.017772872435190674,0.11170801963331545,0.04194423010200335,0.0076193934193612865,0.02232518426788958,0.005071814286222448,Sde-ASac_016 ,Taluksangay,Historical,ASac
0.5060871379240192,-0.27966999160157574,0.587774761111995,0.7588367265166597,0.7415132962543252,-1.308535148445943,-4.236843196088181,-0.11924281574358865,0.44523751173227794,0.9566682210036126,0.19656296346482355,-0.09723289715835466,-0.0745440565451853,0.23185628303801872,-0.05481909873385026,-0.8945634411513209,-0.5565363010512039,-0.8414605767864594,-0.07278580096146088,-0.2317259061631214,-0.19895562104661874,-0.04299133397039826,0.039372725347619,0.3020537347399759,-0.26625871616185753,0.2179823459511212,0.08934523617402976,0.09981209733744477,0.015276536987825903,0.007813332620834836,0.090024918332374207,-0.0268031447905158,0.03057255998569621,-0.03796118468946835,0.015182868300572036,-0.001515360614535163,-0.008364183876948249,Sde-CTlk_040 ,Taluksangay,Contemporary,CTlk
0.11475104074871015,2.568119622387168,-0.11846123335223678,-2.1269058393765135,-4.156395675319231,-0.08171520100833637,0.37411445755740136,-0.7096726218538598,-0.8420200433298662,-0.6719492786867649,1.1160679930029622,1.49966096500452,-1.2712652811903298,-1.454907186859035,-0.6881357005383245,1.5204041419463505,-0.5429363592872548,0.3937896695651987,-0.026477058542939504,-0.25556832486916325,-0.4741941062328344,0.6201160180126314,0.04983429426950192,0.16312226643387612,0.21848778244627,-0.03308093552547145,0.00805960921752296,-0.1316079606552348,-0.11514273533893249,0.03423877911119285,-0.07577724387834012,0.04279025045508618,-0.08507889073668695,0.03098849639714063,0.03240714272839941,0.007140757181204082,-0.007071241856369809,Sde-ASac_020 ,Taluksangay,Historical,ASac
0.13770169548554298,1.0196715428828558,-0.32985609985260184,1.938794562409198,-0.32352798193693777,-0.2514300072614509,-0.2894802401499051,1.0158198149334678,-0.37945615134825966,-0.3434734383913076,0.5426194711093121,-0.03626341571421239,1.2206324871736363,0.1261859383903595,-0.23863273920234954,-0.417661005348512,-1.141991385296606,-0.03424023762231128,0.2058731547195134,-0.191073568347391,-0.025365607374471313,0.5306735563399382,0.5339289657340667,-0.031082513242999564,-0.32102539122546253,-0.09272091749975311,-0.13746237890145602,0.04440043838348455,0.11505236591027432,0.012888557067510123,5.835133995998879e-4,0.08832037877203877,-0.04314177910365646,-3.235857009061647e-4,3.575456223181443e-4,-0.0068724372601006315,-0.0010064052660747377,Sde-CTlk_092 ,Taluksangay,Contemporary,CTlk
1.2936166948208154,-1.1949366474218908,1.6995670858563763,0.16491307818659087,0.5706957171530473,1.0017492499611944,2.106416873274306,-0.18730866909269697,-1.3670409774457375,0.15749400913412742,0.3403821805896801,2.2034215246257656,-1.0146636036211913,0.3307915835213665,-1.1423357809164687,0.05601773806224262,0.1318881974679523,-1.050062729909082,-0.0879258633979399,0.028876958915712625,0.3151536089775847,0.25803851527407823,-0.5395011443514606,0.010402094591585885,-0.23157739925202278,0.02568144766537645,0.1271877446085866,0.15710755781396268,-0.00974079981786306,-0.04144071689064792,0.15568979108328246,-0.018304842643071816,0.045531336024776506,-0.03307073037464466,0.018179136713507994,6.66338600496932e-4,0.010556727246888534,Sde-CTlk_089 ,Taluksangay,Contemporary,CTlk
0.06719217093646865,-0.5616420804124628,-0.9555950782827333,0.3106927008199142,-0.7133615440256198,-0.9106107159059692,0.5960893302903706,-0.5215436227396902,-0.7548096891405802,-0.4425174375508678,0.4345145062306373,1.1363306765713772,-0.9997170019448142,-0.17784339332745436,-0.26805107741680184,0.05576875433172752,-0.06535954142266341,0.26946270028361025,-0.10855181369878837,-0.4358444276766943,-0.16811499010684847,0.3460367021887518,0.3977730919666233,0.09749139714802088,-0.37544746839988913,-0.006776624597775224,0.20148727971352978,-0.01682155919200909,0.09264795480455001,0.02143492882876259,0.04833989210295027,-0.01638000813864211,-0.027113798755832575,0.0017129332180235673,0.007893615763274681,-0.0052988990845049605,0.006739292781933881,Sde-CTlk_004 ,Taluksangay,Contemporary,CTlk
0.9044793754649827,-12.352427235807474,1.793894407740155,3.0558825968365553,0.8635372185265743,-1.7286702133198386,-2.7091173036332044,-1.3230127560855698,0.16859665223594283,-0.03613886352211296,2.1441392550022664,-0.15396006243720872,0.7025762493576712,-0.917740003539593,1.0493052561242244,-1.136620736266532,-0.301397686264014,0.6660841455343753,-1.3297006682038859,-0.6959429499193501,0.8431793242878292,0.11759629071786654,-0.6349574502706364,-1.1568486725408313,-0.28201990520457704,-0.1271414574121703,-0.08363867110745067,-0.16345860356284975,-0.22871855055288767,-0.08541767811957815,0.1147040557128012,0.04506333297192212,-0.06938426312910981,-0.06600973269410391,-0.03887485648495057,-0.013360177921806065,0.005076569136976602,Sde-ASac_049 ,Taluksangay,Historical,ASac
1.0797105522888903,0.8706313866245852,0.15968629847212887,0.2691133251780713,-0.4390734347574872,0.5982734896114237,0.7617711360809295,0.018150086972178275,-0.895492591227029,0.6705260971736908,1.0562345806172473,0.03666750255235089,-0.14236784000799962,-0.26122717052261774,0.4275591224260824,-0.5971345972681903,-0.967552684576605,0.8337102673462781,-0.07620329604021331,-0.1899495726636255,0.05000341436625962,-0.17031959859362544,0.3261730985761666,-0.0368748923889531,0.014201500483255969,-0.22894499366029528,0.009617268514611359,0.06218786055652998,0.01732437151635592,-0.012386704642876695,-0.0399541501445122,0.027425188959739485,0.001418801168534458,-0.006983124369834804,0.023527331440185133,-0.011427451687850494,-2.7611592739516295e-4,Sde-CTlk_026 ,Taluksangay,Contemporary,CTlk
0.8552677768220993,-0.8077296159625093,1.4688195399626949,0.957559073091212,-1.300165841506888,0.12186795857303992,-1.6151172001605187,0.15702575160414248,1.507440600442679,0.10685778851677045,0.3353934775648823,0.180552615777664,-0.4981621300292111,-0.17385880864165523,-1.2925777271666175,0.6176755071201717,-0.7582582772001287,-0.3140913717673545,-0.4009888179642471,-1.030683388463897,-0.6070796842843513,0.12636490171662568,-0.10305712469759994,-0.7296780502092001,-0.008890283500309723,-0.1501929099662943,0.06803037045040225,0.032121672576318774,-0.0414768984049912,0.09167351404904951,0.01815630676738498,0.04222299128762061,0.029251298558233902,-0.002721883442850282,0.03149157951674382,0.014096163941760819,0.014847217402905804,Sde-CTlk_048 ,Taluksangay,Contemporary,CTlk
-0.12422414900024147,0.7252544352453425,-0.7946679151586612,0.8986071977560927,-0.5037116980378037,-0.847210452391752,-3.241544774319717,-0.6134717151150978,-3.04084930509391,0.8417245547855557,2.203139409647636,1.056717614218133,0.2799135792257898,0.2782270339998343,0.12538514031952902,1.7204261983308489,-0.5523602955031831,1.0024066346653868,-0.20382128221248297,0.5289365191335953,0.0065583818865517516,-0.061953712631090126,0.09805715707296803,-0.12967574123803055,0.3865003882934086,0.08996643387418547,0.11093578401821465,-0.026004465387822927,0.013836980525996002,0.0810731353859885,-0.0020417819762759432,0.033418468513444315,-0.01295948064912511,-0.022341241457489065,0.006775368744768398,0.0015563829160750893,-7.984873798221054e-4,Sde-CTlk_098 ,Taluksangay,Contemporary,CTlk
-0.458228733152079,-1.9464333530490467,-1.5366882918833287,-1.3558546982276665,-1.6988999600415002,-0.18356621838955198,0.45296133667136596,0.10275327973421132,1.645091205348185,-0.1275678260273368,1.348444125388294,0.29125612463761075,-0.30639740109538127,-0.6462516073315367,0.7090572804734717,0.1300586968247892,-0.26146729761009646,-0.4542029733454497,0.10433497912939953,0.12173051907105756,-0.03834576283466912,-0.3283541307641425,-0.08175637256110789,-0.18404067417037073,-0.02807560741590681,0.05506603905103017,0.16190174984790526,0.10770260401842725,0.0934594927310654,0.04546129331089984,0.04345249787229269,0.03952666601000414,0.02088316643467427,0.006948559330344112,0.0030012404171914395,0.007428486280208723,-0.004887815273569488,Sde-CTlk_079 ,Taluksangay,Contemporary,CTlk
2.0130964467154926,-0.23405088529400592,-0.1695018574079332,0.5265676405280034,1.2752134190077482,-0.22770252532876822,-1.7102653312514142,1.0386570066277783,-0.35719440984072276,-0.09589197010629318,0.893473291945467,-0.6352238688120255,0.43130472052324964,-0.7122038946962922,0.01554259409155631,-0.11679220881121374,-0.1720436247003615,0.171535531560867,-0.1268155469769765,0.15146791504263424,0.0847816886856994,-0.04402488101305651,-0.44102331088047925,-0.08686902713533556,-0.12248333438160458,-0.11129668816457684,0.13428462195892885,0.21349880396323348,0.012206101018339792,-0.06528730289218267,0.026835570056313346,-0.013052380496994703,0.01970124701097597,0.015250096722796652,0.03426705067563347,0.014496115594054658,0.0035911412503762444,Sde-CTlk_017 ,Taluksangay,Contemporary,CTlk
0.31279010404635277,-0.4481901507406682,-0.46631236633177564,0.8069147056493665,-0.195740558731016,0.9160892178595281,2.0726497522395833,-1.5534638384214605,-0.5002183054146141,0.3473554066733281,1.3143471089125052,0.5695531226070941,0.20883402671820572,0.6301667411504981,-0.39891476306873763,-2.1594543820168552,-0.30876723873412004,0.47096188298715885,-0.03666135540321596,-0.2840480529828363,0.259576853180799,0.22878673411374126,0.07905374425717517,0.49530755210325056,-0.18378203266774087,-0.1615067425047629,0.05023189482719192,0.08939771139523699,0.01979377615457402,-0.048112715700295905,0.04209627581836742,0.0393775821947166,-0.01977769556955121,-0.0013464116531488617,-0.001286941411117105,-0.002941938621960764,-2.0383474365518283e-4,Sde-CTlk_087 ,Taluksangay,Contemporary,CTlk
-1.2615115169346,-1.2142991071272604,-0.08154281136905489,0.8627608187465716,-1.7192441198649797,0.5809681288116968,1.234774294877309,-0.18106403714535443,-2.7261458186812653,0.790673526130637,-0.5208985821749104,1.314740454225805,0.38126471670821127,1.2247565589770337,2.383971341573428,-0.4424239500103411,0.36652888871540035,-0.48315095567955896,0.02134105136596018,-0.2732827413268282,0.033810834724923654,0.013275348106206028,0.1253377818797837,0.3085668350259246,-0.02077147249921118,-0.02844753174423477,0.16340747308176973,0.09500973527307571,0.014762649645763732,-0.10489859439724922,0.03620969626006375,-0.13422803701065333,-0.08686377959244797,0.03583408325323054,-0.014863414235567177,0.016288174378027164,-0.0012171331270122475,Sde-CTlk_032 ,Taluksangay,Contemporary,CTlk
2.688053113449539,-0.12678993306713784,-0.8949351547072171,0.613489451858774,-0.46691360524612535,0.8859267229868822,0.8989398975969451,-0.4039207030908965,-2.0002307462053914,0.042289601831688776,1.1882170496332551,0.1545956816275582,0.638023522714785,-0.16836447271098495,0.03571668999468252,0.2390509969996064,-0.49124518566180253,0.5437827863685988,-0.08780723672422537,-0.17911929826461775,0.5226753791792916,0.16008222006481906,0.19772929356002444,-0.19608207712429818,-0.20794717188007086,-0.3277722748395592,0.06808264378302711,0.026073470254182295,0.040745230129722525,-0.03519172272558227,0.011227581458766739,0.05959008061123264,-0.009161486533342674,0.010900876782608373,0.037829796132552045,-0.02033141178160983,0.0012448239736687545,Sde-CTlk_072 ,Taluksangay,Contemporary,CTlk
0.16113473216638652,1.029310915654447,0.37655109566581624,1.0724629226052238,0.001540033619174045,-0.20608253756414166,-0.4529240687924934,0.09837334068063051,-0.31568205289859697,0.4661818032760912,1.068974328932681,-0.8313556222286689,-0.9607260928761457,0.29796164752785387,0.17738190166669912,0.369670970893505,0.26214228707063336,0.8135880778324212,0.48304070812914984,-0.5105558374920119,-0.6151227845385915,1.066360080171027,0.6501109663632348,0.04548628879036448,0.018041965779655868,-0.04392123980094697,0.11744407113325869,0.06634876474170269,0.05120826217740317,0.06460346317330252,-0.03527018782748061,0.04165693309923729,0.021706880210358163,-5.021175232384034e-4,-0.012138796598127282,0.009025825028220639,3.213020574189568e-4,Sde-CTlk_035 ,Taluksangay,Contemporary,CTlk
-1.928419787871561,-0.5173564040692546,0.38383929534781336,-1.5970605530977156,-1.4575165593766368,-0.9759004343538195,0.2181521013557868,0.23841056016858814,1.5415094337837953,-0.13856664479033087,0.3745064670731781,0.9059256826824509,0.5728681005087087,-0.5874740376020222,-0.29286262982137273,0.02730888158806444,0.10083407815818371,0.62658302376066,0.4072561561571177,-0.44847166995321575,-0.6565177940060342,0.06576017016140279,-0.3468803353072469,-0.3259978936226661,-0.02591178169111636,0.05163842073527393,0.19823538185436335,0.0764107181409936,0.115476865449756,0.08263518924231474,-0.07852062795464887,0.030247513933566523,0.0027470208547392865,0.03338602348218407,-0.01922822346405476,-0.0063635129152662786,-0.001108264711935622,Sde-CTlk_082 ,Taluksangay,Contemporary,CTlk
-0.5975171223337284,-0.6812739203558454,1.446898416207462,-1.1756417692483443,0.13525168662969544,0.726668064303989,1.467762307844864,-0.6247232355519774,-0.5107094603008813,-0.5218423802983783,-0.0854908982314336,1.4927747949313928,-0.05727795657287092,0.09759514598658724,-1.4428035393952374,-0.5804685392912452,1.0247180106153668,-0.004889369939854947,-0.4174592384229291,-0.6269757732341787,-0.12782318605546256,0.6973827522110373,-0.18507888805354256,-0.1901181103694572,0.34635504374214476,0.01902977411692742,0.21199470156163014,0.14079857472558077,-0.03973076441330507,0.10979061299754403,0.004497418589855633,0.027272432509527225,0.024723434776454445,-0.011228662615072106,-0.021735016176366546,-0.002388459211309259,0.004781481539989871,Sde-CTlk_047 ,Taluksangay,Contemporary,CTlk
-0.1703739127062812,0.5345204629627924,1.088074868806616,1.440719975910102,-0.6686884884767146,0.5294303347451723,-1.1839316763551304,-0.890110231982741,0.03018775985450232,-0.37349806263126634,-0.2125082242350864,0.5147880899884527,0.3863135688579651,-0.18101795919090244,0.936034457561859,0.5454209383635251,-0.9840691223320598,-0.1927754157952769,0.29157055966196355,0.11243566160035454,-0.12644901220619956,-0.39058554719833516,-0.059500979164043864,-0.13925923417544592,0.26630552875172714,0.13142252642877708,-0.06352632149964682,0.019739147252575726,0.12922811999055792,-0.045627302620698786,-0.047484202640680456,-0.03540719220575424,0.012328443661748076,-0.006582320150018372,-0.0036293145441065383,0.007404788681122688,-0.005792739436436699,Sde-CTlk_056 ,Taluksangay,Contemporary,CTlk
0.457924513166527,0.7010889555501187,1.1604139676872856,0.5361903298380807,1.856203247055704,1.9974724918424613,1.3189252237967133,-0.5627637311527727,-1.4840225525112973,0.12754506505574176,1.0988880449849157,1.052359708879929,0.6360928566208105,-0.7419237077680307,0.5630567145087348,-0.6466322154314422,0.15620743972424547,0.7162193369268239,0.17777901540229202,0.5184120548965827,0.061610877032250516,0.26365558731803923,0.2244535017436485,-0.018309500824483505,-0.2047847365817342,-0.1010550656726877,0.1729504498042193,0.038242121892737325,0.007723933003216873,-0.03739692794736739,-0.04465009847479902,-0.10576242312878623,-0.010536076706349706,0.005019843145784905,0.008869447106294755,0.004594755955522406,0.0036764589752839977,Sde-CTlk_071 ,Taluksangay,Contemporary,CTlk
-0.2979144641315532,-0.8290024667089548,-0.4842711121334091,-0.6320703272988494,0.2391623906915659,-0.05212494726537526,-0.33201952079468805,-0.8538950980558966,-0.7306525364917751,0.21067322096963895,-0.8273004449097003,0.10334844744785468,-0.14559138369730015,-0.38226984367723865,-0.655931834708202,-0.4925080977415836,-0.3555853746589445,0.4579687993368386,0.30164495679846975,0.572704359560433,0.22885154090782883,-0.30268666312291687,-0.9701834041630901,-0.07478693080323522,-0.26913745456312793,0.04812466781507732,0.06582488064695367,0.15888198739675813,0.16348871681686375,-1.1463078497914902e-4,-0.02395924793190497,-0.007965715349507307,0.017370100360500657,0.04330428948926544,0.024117435389518438,-0.005544335583164487,6.056652541855946e-4,Sde-CTlk_011 ,Taluksangay,Contemporary,CTlk
6.870071098723649,-0.3451363776941227,2.426721716722628,-4.125097399212995,-0.1532106408485432,1.1411830570909178,-0.0639249338355471,0.34179183483818837,-1.9426047720925965,-1.2182413923364226,-2.1039485918783845,-2.3099212052794416,-0.8991873294505234,-2.33799929164413,-0.01587728000563659,-1.3905962303464459,0.5937018539132727,0.5073539612750718,0.7414164067458078,-0.5622158113094538,-0.12397354058265043,-1.024975582013408,0.10399274689773634,-0.16037971202045698,-0.22309320982346129,0.023926223711270754,-0.05113981550412673,0.0370056386801672,-0.21002406485002492,0.11527853498752338,0.057677323609387474,0.010375288456858506,-0.07619544818057278,0.010544517505811715,0.03138761480451308,-0.008061744717341128,-0.012692500538880295,Sde-ASac_013 ,Taluksangay,Historical,ASac
-1.340369920526357,0.35078223442040196,2.1386787040435533,-0.29289026450516226,0.6280009210228417,1.7441004065823056,1.2643967316730877,0.1554643940738125,0.55464613408915,-0.3006679649767779,-1.1304398902285229,-0.661754221238859,0.4117151887600135,0.08204953618615353,-1.7802967050826202,-0.6922021204674822,-1.0662249401825694,0.6958879965654782,-0.05555397385659469,-0.049361065515556496,-0.41990263570392194,-0.3396525668954261,-0.2639541945078845,-0.1647598117618067,-0.2979560460206239,0.05787087407852959,0.13640428363673926,-0.005378315092084035,0.10864569324522255,-0.06235153524470093,-0.07574533639386005,-0.024012858048918125,-0.026688641598752175,-0.005299169648057286,-0.017353891183111154,-0.015183470834440032,0.004887705039419023,Sde-CTlk_095 ,Taluksangay,Contemporary,CTlk
5.343090856617402,-0.9771908987928551,-7.845233049332704,0.8319424536598652,-1.920329778214279,4.620024675894501,-1.7816533337032052,-0.8751266293179197,1.1641564141564322,-4.4977549204398635,-1.2447803174163987,3.115846595122198,0.9308381757679024,-1.5518754494379692,-0.7947593609073861,0.33970761214083395,0.811058590654698,1.1656513174217935,-0.54365922422788715,1.191076695601416,-0.6363255664640008,0.6946827605939196,-0.49118109469325266,0.11600516461681201,0.23219031474706836,0.9349388290833628,0.10296262906760763,-0.035680429726017225,-0.43766351698353056,-0.20440912986033544,-0.10798433405394382,0.0764248988377709,-0.006777727171300302,0.024010866560723227,0.03054086701596457,0.009110654410874875,-0.0038238150281340922,Sde-ASac_025 ,Taluksangay,Historical,ASac
0.5007128490391866,-0.19148632488537098,0.4986872785728759,1.1879075210010885,-0.9395454969212843,1.5632326422292668,2.0718257470483534,0.010081999002220877,0.42288957972653135,-0.08928640083196862,-0.363485255585066,-0.2187191808311591,0.26901428777828806,-0.7696581854398363,-0.7934640726975053,-1.3876895873556734,-0.4910252690916332,-1.0196296663543292,-0.3065208295116761,-0.4814393099879213,0.21736076431947932,0.25568216226696405,-0.33852960311346264,-0.5223428477859419,0.18116609645955561,-0.21335336694329243,-0.030039009157388965,0.08849463489396238,0.03517316802567489,-0.037934421384117345,-0.006179610596763084,0.029274047457634133,8.400658167762523e-4,0.013941649478851606,0.013354708467937997,-0.012569852099839693,2.8201527828297136e-4,Sde-CTlk_091 ,Taluksangay,Contemporary,CTlk
-0.2867904007371883,-0.2115149039101755,0.14154197289644146,1.684835492617415,-1.1590466345237624,1.643260143225768,1.5309257748722123,-1.2657515086192146,-0.3889697648362243,0.9667791923839031,0.44168034751827134,-0.0905160779499715,0.4935884133416128,-0.26185519168925664,0.6374623776372402,-1.4573908320975828,0.9050513487092977,1.2587470542183454,0.7093477538788429,0.399728519223129,0.5135371355739587,1.2115159174185695,0.6438135826895106,0.43601950983381976,-0.24215953246050345,-0.009904557146772464,0.08865463678270201,-0.07502330745822644,0.04831732901566082,0.04445512702687325,0.03799428467176383,-0.016330521974703298,-0.0015089612430694865,-0.006920938421139428,-0.031180484329179844,-0.009065423742332466,-0.005947888481777444,Sde-CTlk_010 ,Taluksangay,Contemporary,CTlk
-0.4040224613930315,-0.7443116636496748,-0.19437473148182718,-0.7166858107863163,-0.2852754284740496,-0.6947791819758329,0.5405217085789169,-0.4418935412651316,-0.23194303085568185,-0.05766078809166594,2.101343311736186,1.4098535174063935,0.7723724032642,0.35284476698180295,-0.4069735791610541,-0.5580895362021695,0.15814114544911356,0.3961791444946045,0.11659888737012493,0.21173714956897216,0.592034175594587,0.08895245144523456,-0.05644425723256393,0.13951795365694536,-0.24449107550068944,0.0994732842909736,0.07385064192672082,0.09505244148650957,0.130528766983974,0.061254325835130914,0.023143531480274218,0.075815381197163,0.017820802196276228,0.007426216172038955,0.0028901010957208648,-0.0036132647979117707,0.0025092665455638246,Sde-CTlk_002 ,Taluksangay,Contemporary,CTlk
0.7521755468650786,-0.024123992100865185,0.21984543366445494,0.20706432421144685,-0.5039586038378401,1.5821191172017797,2.120486482450263,-0.3648823025645476,-0.2757029698618455,0.14049509777370872,0.4222632162508113,1.1512864425719664,0.3559000353289475,-0.7688232907319293,0.14683733407885752,-0.2893459853997652,1.5924870258368033,0.4559064263492469,-0.34280725382314353,-0.04950200448600284,0.4087467309526311,0.09594018206265525,0.06215925336843599,-0.0099123161850579785,-0.0666996481463028,-0.04638782239628831,-0.10068439749957772,0.03385909246879767,0.21071910245973025,-0.06592963410470917,-0.029055982618940518,0.05302517060624266,0.08005822378039894,0.005026855389687835,-0.006507696414519513,0.0019872217090838406,0.004244241880233194,Sde-CTlk_027 ,Taluksangay,Contemporary,CTlk
0.5559790841759755,0.26079198503032175,0.1754039581066171,1.025372498343497,-0.32762787569187685,1.118641186690423,-0.4132205002427048,-0.4375121291421402,2.3930282362854927,0.28978547332001336,0.9471260885538217,0.0804566905305068,0.3011351814301281,-1.219699407686418,0.22104579292905668,-0.6900608850687661,0.7942735942250806,-0.6521154479906325,-0.03411230900366464,-0.448271811061464,-0.41353277494918417,0.028851896195943874,0.13974371076510805,0.2487871003197836,0.30049953516572264,-0.12870748630733542,0.17200885129423096,0.0353884574515125,0.09683661142210698,-0.011018575469344493,-0.029146502905714904,0.031196462245273903,0.03724996395414631,-0.0056510207261727145,0.015960946302257736,0.00952363038106423,-0.003199658997519131,Sde-CTlk_059 ,Taluksangay,Contemporary,CTlk
-11.78963249723659,11.13340557274661,0.056661231777465855,2.436998778212007,3.882136687920936,6.179797766947468,-3.2921406959523902,-1.4510793330599638,0.4058544602288831,1.7027286341919996,-0.13403088936460797,1.6829111234880318,-3.3824865755342546,-1.8768712211301464,0.6123901969400596,1.7713408030188569,3.236608806199662,0.8774799533449712,1.139444861518074,-0.4880231189129689,1.9686675947164556,-0.7913508019854192,0.3134330126526778,-0.37908360280795284,-0.7431080177878826,-0.3748331887864689,0.005467998374975548,0.18279573571093266,-0.3785499773116869,0.039655321910094514,0.14416373113037195,0.08304626155737434,-0.12013287131187081,0.02229480135237935,-0.003561415221004964,0.017731560234975696,0.007487888361034694,Sde-ASac_015 ,Taluksangay,Historical,ASac
0.6960071546522919,-0.03144348436624122,1.1844791942984298,0.6808637342327085,0.7087551718321295,1.4551685308850804,-0.9428334086016447,-0.29058852328801765,1.0788984073000962,-0.41134659468384205,0.15384960098625386,-1.268022921133079,0.29106436625714804,-1.139034119787837,1.2539527357122835,0.18374979146959752,0.1633663283428731,-0.020727744376800267,0.15096889795009022,0.3629447499515315,0.06505718654208287,0.008940769813894054,0.3646893378680632,0.1049465233020023,-0.2621986472841314,0.03360922709151608,0.11173281488435868,0.038499223530111856,0.10949825229230656,-0.04200610153224631,0.024276387835674828,-0.011759095017325067,0.03923333724467474,-0.004498287154555037,0.008570403385320915,0.01017960804100826,-0.003904302118767323,Sde-CTlk_054 ,Taluksangay,Contemporary,CTlk
-0.0977739829012198,-0.16366883432855475,0.1518511878558156,0.9468190087258375,-2.8483270198647683,0.287337310040838,0.9906685342325137,-0.4857975362665386,0.4715643873948347,0.6740169287923136,0.14952637702403268,1.09318478673448,0.9682846851538214,-1.159911424572286,0.004593637165806488,-0.6760798636487464,0.5895654986550459,-0.7055140876057734,0.4656830763389123,-0.0529460339407592,0.4802593499351403,-0.12337583960985117,0.07039358601143365,0.168111190151121,0.34976822138578717,0.09924929947400142,0.1647570967317515,0.16961060815750806,0.008070544598268116,-0.01321932908485884,0.026563971653488404,-0.10037574919071375,0.0028387129910205735,0.025565682014036417,-0.012015817172503468,-1.4043149191743343e-4,-0.006473737456821485,Sde-CTlk_073 ,Taluksangay,Contemporary,CTlk
-0.99751527627992,-0.601939928543582,0.5057076992968662,0.863532999124139,0.1780857875461506,0.5690623025537744,1.0935258766781197,0.5847572683259422,1.0152076578226725,-0.2737076042986171,2.092314184997026,0.13628277193154276,0.1985683667656338,0.2790636284797652,0.8950569784491251,-0.9686577371662317,-0.6941359033026815,-1.4001218522448606,0.05576401806438526,-0.12426112305744941,0.40982308427867115,0.6565789784798876,-0.18590001640412634,-0.12232809184271985,-0.12292798806100974,-0.010847094298669707,0.09856837736669626,0.1523412267322692,-0.022205009997586407,0.005573822966908981,0.015242004045397635,-0.02006145134755082,-0.02312529628666598,0.01141584606765043,0.0035832194564271286,0.003145894649911392,-8.784319821103244e-4,Sde-CTlk_055 ,Taluksangay,Contemporary,CTlk
0.48831876668123336,1.4356762321589294,2.5157545658129012,1.9377807157564293,3.5280539006842906,-1.0464619997939457,-1.740922946957151,1.3655583402359859,-0.8982419910116523,-0.3852164688317434,-0.02932467547978952,-1.509847456869013,-0.031557024849293375,0.10349532050975921,0.05931180519060953,0.6602413150488792,-0.7733481812922918,-0.3473582433902392,-0.1882440017789552,0.6771351326128988,0.7194618229318178,0.2924737149356746,0.34692138369060393,-0.32431593062750413,0.31616825140367055,-0.06217613753406876,0.07429554118771009,-0.014924027082765256,0.0016062466380666338,-0.017458582688690126,0.004075590227885588,0.027428056271036807,0.038096051830127126,0.0063638975494024735,-0.017022519148061726,0.010515403807743778,0.003893768671186435,Sde-CTlk_007 ,Taluksangay,Contemporary,CTlk
-0.7191909786745216,0.01710918799107255,-0.20099627638946413,0.6859446973534257,-0.6964278140928877,0.5462496937215133,0.12840037236439478,-1.028194968055661,-0.2698915340996943,-0.6328951797918028,-0.012705403299059163,-0.18933724997398946,0.2843897341039721,-0.3961002128870167,0.18993148845204183,-0.2945785119589096,-0.9694549174594759,0.5185913395698717,-0.12920472370237923,-0.2927962625439343,-0.043155702116093715,0.4600392619632113,-0.18161984062408512,-0.08006268142208288,-0.11915243875303305,0.07930093455808505,0.06684210423587583,0.07682650355583619,0.13010230507087403,0.049562248749000594,-0.018860197124721343,0.028290965445041533,-0.028581844763363565,0.01657059326897413,0.006599658573329739,-0.005148778390915925,-0.0023504678362483247,Sde-CTlk_066 ,Taluksangay,Contemporary,CTlk
-1.4315932621669842,-0.45054293503736853,-0.12554619384061275,-1.8572685608078272,-1.3801855350559395,-0.5518161443343492,0.473206017044425,0.12950444052874588,1.094644711334224,-0.7586531965996008,0.7278598734636822,0.7496053251521834,-0.42997427575946884,0.8113503516984827,3.0404327638993625,0.024374822474135284,-0.6966090416522418,-0.4902561060559205,-0.1708927576737639,-0.09912665706476297,0.31948351928309965,0.16670535407228837,0.24361172368326797,-0.3838023555158519,-0.1179498585354018,0.1733881850046662,0.11318987062644427,0.14642069860571036,-0.1333719909252563,0.03626515712022893,-0.06071498111889283,-0.15352747673004197,-0.013749687780340743,-0.008039761233728569,-0.008030787239846685,3.4112441382817057e-4,-0.006091499969333625,Sde-CTlk_088 ,Taluksangay,Contemporary,CTlk
0.44599471506947647,1.3155465119833112,0.4629089953460496,0.08079547354788448,-0.09225824920721361,-2.1367396822773124,1.200928290810411,-0.6951317086708202,-0.6929786914021158,-1.1862090064673365,-0.17065029436105603,0.37237129116721523,-0.3711731051177337,-0.23030422633037392,-0.12549646786857413,-0.9010905304830461,-0.14319065693891084,0.7323165677147662,-0.01553186764580201,-0.4747086694681018,0.031398680072976956,0.44941913665179595,0.06096640061861301,-0.2939080119668669,0.21565858078789127,0.1083871397798678,0.1548206892182396,0.007205167054421281,-0.08809478001692571,0.08074784551467823,-0.03328639095000195,-0.08968667911648999,-0.03386206806756515,-0.011327869729150722,-0.00855911159444902,-0.012852625600051452,0.0029872477509878858,Sde-CTlk_046 ,Taluksangay,Contemporary,CTlk
