PC1,PC2,PC3,PC4,PC5,PC6,PC7,PC8,PC9,PC10,PC11,PC12,PC13,PC14,PC15,PC16,PC17,PC18,PC19,PC20,PC21,PC22,PC23,PC24,PC25,PC26,PC27,PC28,PC29,PC30,PC31,PC32,PC33,PC34,PC35,PC36,sample_id,site,centroid_size
-1.9398200831414105,-0.26118414674282364,2.269779821456,0.00818125493343011,0.05147968814757777,0.5761752789445601,-0.5887423025379608,2.4148152104032006,-0.790694513399411,-0.5884994751678424,-0.514583496527859,0.4119969395476774,1.3519171285671696,-0.74881460592232,-0.5087094121823306,-0.5212922376562312,-0.05747723053478995,-0.7525232985016901,0.08444625684148795,-0.32756737423064153,0.0616210103331479,-0.3952688345873116,0.31825918585055357,-0.06511072265026704,0.2291416201947951,0.2116159060678083,-0.026064023170600456,-0.12989698214939263,-0.03914442880362315,-0.06822419800206504,0.017160565010714404,0.009781138041522641,0.008323695687232641,-0.0020664748828542676,0.004290357798526193,2.1830852101786813e-4,Sde-CMat_107 ,Matnog,4712.77900699045
-3.358216052670425,1.6120765611106103,-1.2354255433853596,-0.024867436350532526,0.13291378505527898,2.0523788611050047,0.008253435877466204,-0.9385548841011129,1.4969573015277902,1.6854096901613764,1.3244976977323364,-0.1900251046577506,0.772576867608871,0.9368778494676426,-2.3974955760641037,1.4923074938433458,-0.11470735367352491,1.3273838412637506,-0.26740509296138787,0.45889368883647547,-0.4245780870722467,0.08476623451923943,-0.2947435135955931,-0.12167162644538504,-0.10788559291179595,0.05019079498915502,0.0032572179312285237,-0.005514468009080015,-0.1200799009311434,-0.029825557768294188,0.022484580612616135,0.01009696935091501,0.013069713692986621,-0.009205381938488582,-0.00396965006907628,-0.0026764464089310547,Sde-AMat_083 ,Matnog,3439.8330447786766
-1.317077439811205,1.526911455731418,-0.06530103746243807,-0.8595865462201324,0.549434544562063,0.05149560396631912,-0.7716281018146721,0.26913507589501307,-0.23175399799743254,0.13568261075882354,-0.5562255643322691,0.915946564681906,0.15241535388663505,0.5113837137197997,0.6697683463093419,-0.04736284230931165,0.8811239621952104,-0.4709071378614809,-0.15102171335535486,0.45472308479014434,-0.07481937346941878,0.21905442672082892,0.2607373663499734,-0.17851482645066746,0.22842100971912216,-0.08341814957333635,-0.09904133770329489,-0.04248811427047826,0.05832652805342537,-0.0201636678836739,-0.04549632527227992,0.054329916054857944,-0.018959288177862965,0.006939805075243901,0.009013978124303157,3.1718893466416154e-4,Sde-CMat_118 ,Matnog,4171.919525541317
-1.4337288452824832,3.188632509141147,-1.9707522532242396,0.7495145529422564,-0.5374619568114771,0.6023519405010258,1.3512275160291622,0.22271989427984795,-1.5730628471253758,0.4668812775665484,-1.4252156266724787,1.1994282049179026,-1.3482048987580064,-0.6727201778360482,0.13885974593169204,-0.4858423301877871,-0.13181440797371125,0.5897519412690377,-0.2135940211419106,0.9239168121498839,0.17331618864296056,-0.19034792063035022,0.10592143040436311,0.005889066221057171,0.10037393886386284,-0.04138259535633321,-0.02913945845962046,-0.07538678157730766,0.01822255390085456,0.029736059805504214,0.04404726348060964,-0.006391713308726871,-0.015854139278885696,-0.017693741686779757,2.163707414588878e-4,-0.0053911635968301175,Sde-AMat_093 ,Matnog,3412.8267818887043
3.5320513795035247,3.2378751075590118,-2.4848757406028144,1.2462052932480616,0.32944776834769607,1.1936842467995137,0.3441597153386875,1.5259105463773677,-1.5648917174118133,-0.9181535556731207,-1.0379710258810806,1.6227717459422,0.2963880534718643,-1.160079060322258,1.5510919720815304,-0.37300074440731823,0.9822348523319103,-0.9199892487387348,0.37787053216918653,-0.25825770933737957,-0.38067030812479,0.22830614458945955,0.24970652007731256,0.07988827678881287,0.12410097363649268,-0.07076810650229491,0.024408352602555597,-0.10890609908416458,-0.12074175570803491,0.004423337151778967,-5.621861170492198e-4,-0.020559431822676055,0.004980682108512855,0.0012052177339137897,-0.004765806686570346,3.6074647779596805e-4,Sde-CMat_128 ,Matnog,4019.906578530128
0.31281921680357816,2.6383438228840053,-1.4232025629581901,-0.5699174482630825,-0.44140951882364143,0.5319573284424859,-0.5978633399316614,-0.04072669449346655,-1.7501099713990012,1.2932850698949427,-0.5681865639975472,1.6058758925961079,0.2534293268953237,-1.1123076437398636,-1.2852904575854411,-0.12358041276286973,-0.5888534523443533,-0.2500192445929489,0.45789834625680587,-0.5104560437267409,-0.3947073653943071,0.33786661197450796,-0.47146279602015795,-0.06731808748622334,0.07404279580506556,0.22768853689953097,-0.0490025921740644,-0.06043131981813554,-0.13193291801659845,-0.11434448851802131,0.007773026402498821,-0.00498348392531605,-0.042354977067161466,0.012565658855102076,-0.0104368138063217,-8.104538221357926e-4,Sde-AMat_091 ,Matnog,3706.9264401144324
-3.0324119259865308,0.2694496593971752,-0.49935461445887763,0.3787599832488732,0.5416005324459253,-0.10277984914685888,-0.30796509437114883,0.7522386838099494,-1.0998502198676867,0.2495133459737739,-0.8163995265255833,1.4189444610797224,0.5590159626023209,-0.05948574366926107,0.4325887151810542,-0.2642644830360106,-0.06885591482639128,-0.34883790194342496,-0.3605840057097211,-0.2535777341317773,0.23556569976666886,0.15013340827941338,-0.03493176636264653,-0.21775940584309783,0.04013982049795315,-0.18080132948031225,-0.05137021935200249,-0.1644665923698071,-0.012024457527151207,0.04079659317598502,0.0043625649278720945,0.013112105761913226,-0.0036509662624527248,4.87434506271138e-4,0.008861474677728564,7.922694924407669e-4,Sde-CMat_132 ,Matnog,4094.939492581559
0.452938013737076,1.576579374859099,-1.1742586815452554,0.2608581073818289,-2.4312579524700655,-0.07601165635667552,1.014432714011316,1.2427047617437037,-2.371000432236948,0.21774928614537792,0.08334618189185536,0.4620601804213883,-0.6431482640128711,0.46275395957100923,1.2803322058540114,0.27298538366045444,-0.11720795826735686,-0.09360154707602107,0.24129036200742482,-0.3654328744626222,-0.7777020570593519,0.30606361785795505,0.3002244313191638,0.3833709352325376,0.12943567768119701,0.1995490567393256,-0.06012988640322634,-0.12161258349191272,0.061252436229953376,-0.042899271553263854,0.04215526440205087,-0.011578665995468848,-0.03698578286342277,-0.01817608071301434,-0.0017622772477741636,-0.0027478675821738727,Sde-AMat_094 ,Matnog,3749.0527685951533
2.6578007338639384,-0.8192549698298447,-1.9824198637265678,-0.42579804646139274,0.00307480289749721,-0.09369665338418788,-0.24118540669018645,0.5982341959652964,0.2510109776301613,-0.9200241829309175,1.0255586918921074,1.235855320614294,-0.7599398771934415,-1.0984644896707982,0.03923091155236749,0.8941162407307105,-0.8930961289481669,0.856428104620758,-0.2463779169063208,0.37333356929500405,0.270695920416367,0.6654698581687248,0.7658078935270038,0.028826120105771423,-0.06812450147104604,-0.001294970817078309,-0.1434780414949494,-0.013862756966716433,0.16124238779235112,0.022082914593179966,-0.0019602138209460825,-0.05653456415891124,0.034518172377198245,-0.0012063355899775505,-0.015439489350819912,-0.0017362885799536432,Sde-CMat_123 ,Matnog,4198.41807395256
-3.4953693310352634,-3.248095992821992,3.860293899603293,14.519253893266317,-0.4406287013651975,-2.650041552174009,1.560577451241982,1.6723933452253041,-2.1603667919499445,-2.676968653792769,1.6988566432147745,-1.8409335774940692,-3.057549468514313,-1.722921179679662,-0.23374004462046233,0.1911151559091007,-0.5910633358783606,0.19681811288418183,1.4555579593926413,0.1374586599614207,-0.44521265643539876,-0.25006362781803093,-0.03436372368662019,-0.03202083437495237,-0.9750489038459107,-0.16069851915732908,0.16897188674640087,-0.09512614550057447,0.04278133941758344,-0.1027851576518497,-0.14307911712221238,0.05928384330052913,-0.009086216220850249,-0.012119277080890327,-0.007062710819744897,7.873530020447994e-4,Sde-AMat_088 ,Matnog,3557.6854043724957
-0.7789339203053388,0.46644826819286966,0.8728530063474799,-0.40705533173503056,-0.1704087866773787,1.2809316473225039,1.6047099225085621,0.37069398558235844,-0.6036524006529331,-0.08219312285619687,-0.5949927116997485,0.4766754462671964,0.14282328575215217,-0.8407086355019513,-0.30634927325820815,0.2542415310863547,-0.4998097722348813,-1.266947438056503,1.2501481067854514,-0.0733775088971298,0.336791957129585,0.2754689322953215,0.26722717512449723,-0.33483831688322596,0.2011810399811741,-0.08860709327211369,-0.23081697971617304,-0.11773486593051764,-0.03485050136170982,-0.05281121677026124,0.04473750045839781,0.04138027315761339,0.012791387669056922,0.002430495277445391,0.0022483050678601575,7.152188942099458e-4,Sde-CMat_101 ,Matnog,4724.02872585917
0.4890841210147905,1.29596281316595,-0.3572176779912223,-1.0610534695605631,-1.3621344050834543,-1.8092527280998856,-0.686182483479182,0.27295459369362673,-0.9483650504915164,-0.5970141878440637,-0.9343386660547036,1.6425235937620797,1.0040566408910065,-0.37863956757422945,-1.5165525179845283,1.0221837315849203,-0.5397237692594039,-0.42700889114672275,-0.18662397389735452,-0.029375413553212826,-0.5220403834468988,0.7846618190869733,-0.18373179521447316,0.14875522901455113,0.009487163817914606,0.011488423495632945,-0.013546033820147088,-0.0982612865627791,0.10788405978376017,-0.03842160692557102,-0.04840916312076973,-0.004161833935684915,-0.0020786913654399983,-0.018140925657676558,0.008605960721443052,4.2989341388288693e-4,Sde-AMat_095 ,Matnog,3785.860185883206
-4.132867213412735,0.1973674372754505,-1.5463965621249336,1.1270549086769144,1.7694474373638538,0.8272721570426854,0.36855271043086413,1.1372150685283435,-0.10994016047905322,-0.05620650991861087,1.6491112965817902,0.7125493574990989,0.9191309666598152,0.025677430206851204,0.720414464689153,-0.9213485841626855,0.1542662802704215,-0.3903884641919988,-0.6491231038210291,0.22161664019276642,0.43802302384181185,0.012853158382530146,0.4166261128499509,-0.04818754725238588,0.26272567691474363,0.04519840573287853,-0.07486847623268843,-0.21309450018394965,0.08724784265362126,-0.07297078818094378,0.07117320207036273,-0.03205772041553523,-0.005246037032526397,-0.017399899892093958,-0.0029402800457466365,9.532758475813002e-4,Sde-CMat_122 ,Matnog,3621.0970285377743
2.1032731113271352,1.6842206636368011,-1.220707826358924,-1.2039994837275165,-0.712699110611632,-2.1099189296075664,-0.5421876027486779,0.43454419347678985,-0.46780446048901314,-0.8491707401823111,0.7619317961263445,1.8469059787188544,0.8712915909495744,0.35803380771257043,-0.8430375490669302,0.5409689053208965,-0.48390028506282895,-0.9727186134261365,0.08176567037457402,-0.07870977257460107,0.1218186965657751,-0.051355604705499706,-0.2881191970078694,0.04676705158654329,-0.08027774014970668,-0.06029360113418381,0.10019310489398192,-0.10761920948578887,0.15560616696089186,-0.026670398468139525,0.03694806581676768,-0.040110703186303914,-3.520414333999661e-5,-0.014385341589427522,0.006809412520210013,-8.67143290924105e-4,Sde-AMat_087 ,Matnog,3953.1021450035882
-1.7933837966521897,1.0359521326821133,0.016967023534269793,0.5349493581214722,0.014458041738498573,0.70259578228681,-0.41790686430413465,-0.2526436336282071,0.10561441486397705,0.443490109585719,1.1899391770884615,1.3471531500895322,0.11367891592705853,1.6618209290624524,0.34966590321036073,-0.5681903183454893,-0.565048957711085,-0.6825387601090744,-0.2969009163984514,-0.16363275529041393,-0.04943907522859095,-0.12659970056560466,0.04982979029108851,0.09143771433020105,-0.044169069388016076,0.039799973337851964,-0.14939337593429128,0.04516326582858217,0.0131494406444084,0.009674510793992057,-0.05939010178137273,0.00334774873654934,-0.03335744605870663,-0.006234255221825628,0.012462872834659676,-4.29449906560464e-4,Sde-CMat_105 ,Matnog,4441.1611895044225
3.761651114682719,3.2388885918445762,-1.3262689871892333,0.11974846110626211,-0.12472196469631755,-0.16659457528708907,0.5652322264835941,0.6702844880506295,-0.19518525226679478,-0.12743957206208378,-0.24746058950292216,0.8491930900259987,-0.20793986145907106,-1.1466822042640727,-1.3673862890701753,0.5298832092070138,-0.13061878290632575,0.4453039214052885,0.4751513366640861,0.39858858591429686,-0.15404941471330644,-0.2974997739098114,0.16864328242648116,-0.10127485258291218,0.03379432381553363,0.09335201539048169,-0.15324961146141264,0.055280861999293426,0.01866140822717657,-0.02469512135611938,0.045686328088752365,-0.016063275433746287,0.01972361894208057,-0.00857841556211713,0.014931482186870394,-0.00272414377800842,Sde-AMat_092 ,Matnog,3697.479591404103
1.1443006268203593,2.5849613513097367,-1.4234895935979075,1.3176324253486686,1.1180384532333025,-0.3927653451824582,-0.6751047486446454,0.447365344743324,-0.47921255411376956,-0.5071275460092963,-0.8975733119341246,-0.5335078555587747,0.5949283634082015,0.2655623274961225,0.445239473709408,-1.2448475278833502,-0.5532470458184451,-0.5427254025507928,0.5875804550015217,0.5371983264547723,0.15496543490763884,-0.6221692463959155,0.455899393243079,0.09046576476515199,0.2576384431173681,0.12635503293369937,-0.16694863556645356,0.05542365689804566,0.0880729574706908,0.002371494223637737,-0.01819950500519981,0.012374260347515688,-0.017457532573011796,0.00355518560896031,0.017113656369961195,-3.131603320731535e-4,Sde-CMat_138 ,Matnog,4015.593333657795
-1.1511799587787317,1.301390627811272,-4.674114902556855,-0.8864239598794371,-1.5612118686313352,1.380344999627824,1.086955760565703,1.5932360699362766,0.5098796762224628,-0.7627798263140323,-0.9798057231912546,-1.3898804131632754,0.14040220592911096,0.5752862906430689,0.33995550748043146,1.298907158023912,0.09832106382865824,-0.4769900504425479,-0.17119797349498775,0.4010697885801257,-0.06262890996969879,-0.04054854327962285,0.15639020773565768,-0.15290022468930883,-0.14881235485073083,0.25411453736931444,-0.19487919679987875,-0.09463755509702305,0.068537506934368,-0.05462616384859307,-0.0065694285234804105,-0.0442946627915301,-0.04820507019720622,0.013171446618012027,-0.0026182251729927873,-3.5660815746391475e-4,Sde-AMat_086 ,Matnog,3571.1015275356435
-2.573991094240858,1.8441459636161575,-2.2815233599730615,-0.3143788924649196,0.03262992276603526,0.7676301077612707,1.2625426411790133,0.1539091212662383,-0.3450849791449609,0.031655915929980606,0.32105260943584846,0.8230665552933273,0.1581417048731863,0.5119987496822139,0.13324988461436765,-1.3857072252300766,-0.3596480926579663,0.7587117913572676,-0.04003479636366137,-0.1703607529221535,-0.1768801276709019,-0.40478261563117507,-0.5133655648540774,-0.6655006015085089,0.10685129844299958,-0.29168955233235627,-0.1644806418255855,-0.01145224776638026,0.0400301215282791,0.047076149332732256,0.019685266528637068,0.060098715294434786,-0.026920606607351495,0.008168897390805572,-0.00760585342000426,-0.0012248440106381597,Sde-CMat_126 ,Matnog,3379.620629948358
-2.151958314651303,1.8171015854551666,-1.445032228240407,0.2041690319177477,0.34919649831450794,-1.0514476906598818,-0.77003448883425,0.6359144013086344,-1.6754577907466295,-0.7515199709191647,-0.8591741226797063,0.8961726036730044,-0.012801469456218545,-0.37198303705927066,0.39356949448212364,0.3033808343273886,-0.8805658733672534,-0.2784932798932258,0.17617186832370307,0.6840751905833741,0.27612600034232837,0.4027253247560627,0.1829712434167873,0.06651428476274776,0.020131344743953842,-0.0754121313928493,-0.03102336960679017,-0.034045538240585815,0.029907021979127812,0.011794757207366738,0.11490069957186899,0.005586148804980519,-0.008231506944588525,-0.012945338695255389,0.010011767175395148,1.0228957060853805e-4,Sde-AMat_084 ,Matnog,3455.446648355452
2.9504100817956496,1.9442329117965835,-1.1112042446150971,-0.5687945799898727,1.2820540123640425,-0.6482455330401707,-0.16022575545983236,0.7833696080724369,0.3076242456181979,-1.0811565654177617,0.6352134224441036,1.6724988208271814,0.6540640830283633,0.422818750522366,0.632816059548921,0.018873953071147087,-0.10409588875965693,-0.7162044495927763,-0.19735945559297846,0.28997763592008685,0.29197021823335817,0.06549051820680263,0.0031584166287485643,-0.42257963248435765,-0.006133935018552523,-0.11273741835871444,0.0596620309110928,-0.08531514856931895,0.11824365214034913,0.08327880358862798,-0.03323858757854305,-0.010677888100614132,0.014533600323937142,-0.0074618879353300464,0.003310598691632801,-1.546510051932959e-4,Sde-CMat_137 ,Matnog,4403.295062845732
2.8864639404241985,2.7642995748964205,-1.5302730071377448,1.087699054312999,-1.6908742168765425,0.18984720271473324,0.2795221207531611,1.4450290047384597,-0.6636928255907505,0.24119977518266034,1.5519679965621447,0.7134324337635614,0.5463780158526641,0.6159575699227865,-2.132438735727139,-1.8355571953713914,-0.8640405140874987,-1.207302439767172,-1.0813036532909837,-0.2083194367530522,0.38120419996041743,0.06773381708211945,0.7361982298948169,-0.09656992236907122,0.27442895638166015,0.13087206579363836,0.060858797167867684,-0.08658902221615047,-0.07270455715207161,0.04032360004177852,-0.014289082094840276,-0.011625650690577444,0.019593873181608587,-0.010698540132346078,0.004158836371591763,0.0011216586781737092,Sde-AMat_082 ,Matnog,3898.051640599366
-5.951509743702417,0.4260693112203014,1.00984219419703,-0.951080527255931,0.10189190093625394,-0.5962916046939578,-1.095404616155977,-0.1286902599962458,-0.418853397061424,-1.0490761692401478,1.4919113047111585,1.3902406823403592,0.15872803190883075,1.800387651918259,0.9146239194617172,-0.26945878119297095,0.17567329850953267,-0.446680757092076,-0.017837612518856922,-0.3437632721425321,0.028396730462642007,-0.10434767619066526,-0.056772450022118205,0.5048420446556252,0.1366633252569273,-0.16009324366856448,0.019861049971584048,0.11494430684453194,0.061925776149443584,-0.031058656225899782,-0.01602846401695576,0.04108827228235103,-0.0019295700462411908,-0.009465047947971709,0.012257402812972636,1.508340475538314e-4,Sde-CMat_098 ,Matnog,3571.7325424688593
-5.354811972194851,-0.37028125755111835,2.49885407263085,-0.0655817225405969,-0.988944837932634,0.09337237085357508,-2.337927802003342,-1.5534141349420298,-0.23938957458927526,-1.3820435586134014,0.5464537624746865,-1.5681953385190708,-1.999294054495725,0.9563662642708441,-0.056700813580362025,-1.0422910066474702,0.7816725624600126,0.9725494131346694,0.2728559813738024,1.076293906868579,0.20707956774131342,1.2860933903572482,0.2558694362563475,-0.4197618000848091,0.20408070949001816,0.0024501012691187027,-0.42240752775445406,-0.29638499901357596,0.34099559162848886,-0.04872414343359578,0.0076851369144021325,-0.06780349034885111,0.038018727048957784,0.027435648108710076,0.02723452514408041,-0.00237826078921366,Sde-AMat_096 ,Matnog,3427.8544911994372
-4.71179645459441,1.2476548298891799,-0.6935168437624027,1.611311918584225,-0.3603534156363545,-1.0393361403152468,1.006504728054343,0.8771133507732256,-0.6017395651303901,-0.6905690118697723,-0.10308010518786187,-0.4557114194626281,0.6950348090008494,1.3600410823038924,0.3957317433242885,-0.05764756946214469,1.0014910166080921,-0.24083146084835924,0.47625195901246514,0.1509223267698599,0.051179044311403445,0.2610475613964709,0.3679895078449501,-0.029167908749564715,-0.038961185864718924,0.3116694420595027,0.06613637362288263,-0.08083614162180205,0.08315772029073598,-0.031833755948090216,0.04595230815264577,0.020902233558417478,0.012087563673453584,0.002650970573650261,0.005598915590139226,0.0012993752238549955,Sde-CMat_127 ,Matnog,3727.953612951469
-2.10894299011668,0.7854177917825511,0.9425244749349713,1.431296973734928,0.38879829314427555,0.4431467519229503,0.4130433178389523,0.010587040461226216,0.652985427970742,1.4457789802574277,-1.6277672545572484,0.0672287677630159,1.5772938185917684,1.1532333386230267,0.040619081994514056,-0.7683138723585792,0.13920841722003136,0.1169082673031974,0.3090769902383463,0.9361059991737158,0.36798646557113435,-0.07821663752550456,0.01702747868689581,0.041504340287014385,-0.06557330817686056,0.27009946359624787,0.187355661893558,-0.02779934315407502,-0.01656100652864136,-0.004954946966926926,-0.025581429227437846,0.013219127476469576,0.023236289319241148,0.004806268932145386,0.007444640723253922,7.820478592725222e-5,Sde-CMat_103 ,Matnog,4560.461457504212
0.11649014850492379,-1.8178545022983639,-3.9465742509287174,0.759239686902021,-1.083371672931352,-2.903818063338663,-0.7464657664710668,2.4415743390494664,0.5049239465310528,-0.3687320611764307,-0.7530516093539754,0.9198531694607575,-1.7269454326999276,0.4241944070796309,-1.195255443775352,0.16803741048781884,0.039858059603595376,0.017629602871892015,1.1683151163347707,-0.38064424683917597,0.5412422171137417,0.2052139826243002,0.2794543503411836,-0.015391670218168504,-0.1961688435088279,-0.006560806801489717,0.07650329763637075,0.003789830390230344,-0.11109269635989218,0.09179358513907422,0.013829539864811842,-0.08538288482864105,-0.037837070468270596,-0.03027000252584156,-0.0025390568298543736,0.0012940132884411565,Sde-AMat_085 ,Matnog,3667.0988733443874
-1.4254319642450062,-0.14214501581940944,2.366867317952259,1.834509018072589,1.8272697339914956,-0.5183503782190926,-0.6441960329874918,0.6533986729763107,0.8514604194960711,-0.30365856559411486,-1.7884495293071052,0.22121157182585122,0.911259421831271,-0.8505168482700083,-1.6721497604995876,0.3857628525820128,-0.09179665095898232,0.15056029357780326,0.06330146739137033,0.15697426580546547,0.3768235463074394,0.38741550960369087,0.6045571134999919,-0.482666133439734,-0.10335849426389507,0.07103390067610311,-0.094271229488452,-0.02237707162938983,-0.014063519780017596,0.057874824473213515,-0.041350146812116656,0.04595189138250985,-0.0042943388509137925,-0.006684239142212667,0.019877326218183063,-4.087159589175049e-4,Sde-CMat_125 ,Matnog,4444.863727328616
2.6059239606434543,3.6246689585923373,-1.8498056709935604,0.6063194014198419,-0.7207319900642267,1.2076579304806363,-0.034415243359064075,0.6836708116668212,-0.6921283695553904,1.078075601360545,-0.7894360240208188,-0.22345115737497714,-1.9597881194572284,-0.14267731892832064,-1.0462323323860492,-0.9260241688681903,-0.774127278067384,1.6808845865431794,0.9363374870923783,0.6090323637209519,-0.23632964599975226,-0.10858537332984929,0.486970079351737,0.4499740254792908,-0.33901291924361043,0.20313083299652668,-0.06217356939233466,0.21324700650368988,-0.09432856897213278,-0.036530189629491144,3.429244643550007e-4,0.015212457322735014,0.04993229229300251,-0.009871195793652466,-0.018160492647288133,9.386219139788446e-4,Sde-AMat_074 ,Matnog,3810.1248391117956
1.4403627060444013,-0.29272515058799026,0.6439414140378455,-0.3342438403673982,0.30754558682403227,-0.3781368996705643,1.2705767645624075,1.3033080444411538,0.060428321664533484,-0.3611834217513791,-0.6103502285026621,-0.17940888355781745,0.36994478053487145,0.5830485849335544,0.404722010080064,0.36547257469739614,1.4685491467786815,0.13458325845185848,0.44351651631490024,0.35156713905897014,-0.13708913475470122,-0.24262009722346142,0.13285559665631436,-0.09492352313343555,-0.017416408270522304,0.10180101994210806,0.08340674410536017,0.011110419090211786,0.009971490455045102,0.03355754907951701,-0.06505721805521122,-0.013911795049542871,0.011203593072201198,-0.004875731337664067,-0.00498308022349947,6.587716566961227e-4,Sde-CMat_144 ,Matnog,4876.3955899496605
-3.44880176557462,1.7958299242135143,-0.12822325181687272,-0.048633521138934044,-0.3277103237177024,-0.7620037605349452,-1.0545767524067164,-0.1885191989246072,-2.8922289402825347,-0.5264435998082756,0.12709407682659102,0.41377559409065157,-0.6549120310806903,-1.146050303568619,0.3259970826754257,0.1470312340635539,0.9179332279032126,-0.661261844131561,-0.06332651904634726,0.7866209991757498,0.053190159624624145,-0.16676512878098995,-0.10137889913475333,0.11234318962093365,0.16265957161841244,-0.0271457649146342,-0.03741507447767142,0.11191375857757582,-3.7687965579549787e-4,0.04327002036745918,0.010071969844553722,-5.31143608514667e-5,0.018396083244025488,0.018271558530901733,-0.01172894814357367,2.610617498819412e-4,31 ,Matnog,3412.664798921262
0.46852011987795356,0.6193934471554423,1.1682432282416304,-0.009734970134480839,2.2324578210538664,0.359211667054397,0.18716738289617219,1.569072784875953,-0.47328441388727854,1.5606159768030712,0.39352102125526855,0.34609620522090595,-0.24925441229707382,0.6588283912213437,0.8938502335617466,0.39410406630195793,0.2939896400824238,0.13516341167222298,0.026117909240300982,0.2187019910080122,-0.006864519617880774,-0.12877006318354117,0.32374855110964407,-0.027056211824028523,0.14694841237199974,-0.17769038988098096,-0.0644031369693026,0.10913363743131319,-0.002314378061039922,0.05422091266377473,-0.04957946685845977,0.021469332945976947,-0.018254989361787256,-0.01283469914010588,0.009386732402787843,7.357582346312341e-5,Sde-CMat_124 ,Matnog,5074.66141514872
0.8733653171640261,1.512704636941458,-3.9260054675996208,1.7836359440623266,1.9921175486496903,1.0008252285467514,-0.15671449226607465,1.0494603774760194,-1.4167040896209238,0.9568227888257068,-0.019365732290237497,-1.6831021037823,-0.4354157732619835,0.48009908245552674,-0.1589819150408855,0.736650784874214,-0.9436440043605944,0.2645094396218444,-0.8598502380723487,0.39821663491751186,-0.14302968527942966,-0.2706409073822331,0.4355657409737887,-0.07322551804012399,0.05459428226856135,0.04245701959898188,-0.026644866503613446,0.009933751288325916,0.020982804438555065,0.0542285666017109,-0.08370513019132092,-8.795187203604511e-4,0.014052290759179242,-9.008052184487705e-4,0.011293254392880713,0.0010237894008385262,Sde-AMat_063 ,Matnog,3730.516434483068
1.755766858441188,0.23513566194503233,-1.5620644416649474,0.5005598630775401,2.398197134948313,1.1009945782450188,0.40161584375921267,1.2775898011753444,0.5946948480688088,0.18306690254944147,-0.31404962154979643,1.0123665339184946,0.7084888317834246,0.975266858018966,1.175228289276842,0.0073377190602439135,0.6051360312353127,0.061934097937044165,-0.1103240842385959,0.059931562877792,-0.012903860774097026,-0.044406670674300014,-0.45870358704522446,0.08283952565339807,-0.13098234816780144,-0.49940779275294056,-0.06997657356036258,-0.11008567149842956,-0.06547364244548434,0.026477638648878282,0.011374484486742616,0.04110394382629563,0.014315848095860069,0.012843386896354694,0.00242962800561586,-0.004418718067363714,Sde-CMat_134 ,Matnog,3951.31841158429
-6.313623423523865,1.2919020928776497,0.18225423725667783,-0.011588714237920503,0.3130559668764592,1.034310806403671,-1.2002204962211152,-0.025604800073618567,-1.7510367938732108,0.4686989302827175,0.4264500940342125,0.1289261856943566,-0.6121404871144644,1.1931208125365238,-0.03911295113077318,0.21105431738502559,-0.038220166116603074,-0.5828196974267319,1.2243354094267884,0.38328288545848854,0.31702314475865756,-0.36120159841609495,-0.04212484869857448,0.47580940028744334,0.06785347497861517,-0.11941238298930174,-0.1235809807305035,0.11607275940866714,-0.04808307376991797,-0.014415745767396293,-6.522102209551694e-4,0.024789046565188773,0.011378781665458838,0.008210350039619438,-0.0019377007539041723,-7.195970087701675e-4,Sde-AMat_075 ,Matnog,3417.5103723620227
-0.2552269679545287,1.0463296678701064,1.8640777041623373,0.28283583713615706,0.829850204833182,-0.07249331519772485,-0.7628296397277912,0.08344222993529314,0.722691696317749,0.4834992640991488,0.033336215130785274,-0.6821691498336941,0.9328642729335667,0.26762913040283565,0.3352169509411104,0.7889712306525076,0.855450844437729,-0.3862189735725211,0.43294239944862706,0.042223984052691704,-0.23273242157377816,0.23526289247056942,-0.25160239574576954,-0.005632078634380779,-0.054479617732011015,0.035713643633687515,-0.07116116737846226,-0.04215350933721656,-0.05572944332283632,-0.01135811976313409,-0.03253981026093075,-0.03399511226241079,0.017575914303646474,0.001502096833344355,-0.006806191112966241,9.242223211257394e-4,Sde-CMat_135 ,Matnog,4655.608006234977
2.2516964006677034,4.167901740216276,-2.212124519003746,0.16733937100986673,-1.490212634589645,0.3240752884671806,0.500838142355092,0.8558501474268967,-0.04356349357269729,0.4690160106535467,-0.8242834469570254,-0.00897067346557645,-0.4832022599243605,2.1881545443100614,0.6884881763446244,0.05002016326877182,-0.07813514822692261,0.0533334673541067,0.2504920299617892,0.4711385456604511,0.16900304703099328,-0.13602609526637469,-0.10223038889128525,-0.03578912694669088,0.09726158982419668,-0.11271192232511706,0.19458295362251535,-0.011270139546672886,-0.029076368040861555,0.040498207772334385,-0.061283234698636745,-0.0010240145681798193,0.017189904412073173,-0.0019704684820791366,-0.010913432007377852,4.7831603106746057e-4,Sde-AMat_064 ,Matnog,3710.2187655104544
-0.446640780205525,3.308056153224062,1.9956325753058883,0.8939303277850785,0.5240261835822474,1.3780649476496787,-0.6646223445798347,-0.7440027184905534,-1.2062347021864728,-0.6324231629940297,1.2944096473687101,0.7960035257979563,-1.121172153711285,0.4843149927220767,2.7177146202162286,-0.231636233196598,0.4234013296177729,0.32658850300461634,-0.08022275960230367,-1.1154837764444325,0.5783781061957702,0.14451934570572375,0.1878174234975002,0.2610905231862156,0.08326363376149454,0.08616562716638887,0.0923685742345273,0.03530962623102567,0.0010900752574539013,-7.811243022334963e-4,-0.051487736309179126,-0.0735790268065471,-0.026267031763324733,-0.02542463757710459,0.00660456072022287,9.511179738092013e-5,Sde-CMat_145 ,Matnog,3948.450781448358
2.6033569348069614,0.01550332061740381,0.47840546341121015,-1.1782649167468011,0.47834283220479273,-1.334988461247348,-1.4007953858370201,-0.29327084887060517,-1.4058963193008738,0.11488775959803862,1.0144186133255155,1.1370281193434144,-0.7367516889081386,1.314295669537099,-0.6454944423848712,-0.1480703319006469,-0.8244413323857911,0.9599670425194168,0.3848692729306376,-0.31323240064793734,0.34148674429211734,0.2774070766541909,-0.11757548167399384,-0.10065837520747795,0.0961809775998077,-0.15953903363138783,0.057019569634453815,-0.08066829342074683,0.013685234234383663,0.07088893620568805,-0.012819680991502413,0.03863719489135927,-0.01320463607515461,0.010690604274937437,-0.016119292306765735,7.168677853461869e-4,Sde-AMat_065 ,Matnog,4084.5764118632133
-3.120785956843312,-0.055436391059705124,1.1579806413422375,1.8846142110736535,0.3601655046739049,0.7718069504010139,0.7225003251606398,1.4770556116713636,-0.12119909908753423,-0.480401004819132,0.586681330874957,0.21136964848762352,-0.31882080157745474,-0.8500041993412347,0.410029938727402,-1.1468622705575064,0.32758262063424004,-0.7935690009801879,-1.087140172681891,0.7338073759213818,0.21138027232532103,0.23235442605998247,-0.1212933683466439,-0.18928400413336813,-0.18511807920316975,0.049480332985075454,-0.273664337812736,-0.004976197204108329,0.07664228823910652,-0.031645055134965294,-0.04990206929104138,-0.01532533120067045,0.051984697304651925,0.017718107617156302,-0.02439894418222465,0.0013241876553774512,40 ,Matnog,3883.3372644566
-0.35442051377369227,1.659048557498531,-0.8175553944800096,0.3467775039889274,-0.2618594174200317,-0.7463480126633449,-1.6453739201672004,0.9329321077845648,-1.0059060520935093,-0.2658753134041082,-0.7730303052229008,-0.41576884281854415,-0.41083187291919765,0.30138137234793555,-1.6444146535639934,-0.032370915191342775,-1.291844133568321,-1.0378296083732694,-0.18153366769157364,0.1748952733229375,0.15700734199508148,-9.031580647276584e-4,-0.05817693709989292,0.553517722857536,-0.053827763751398895,-0.041790201009102454,0.09859780294164065,-0.08821655451589946,-0.07117480815336655,0.04735433622485638,0.03640225776688412,-0.01758153613121972,0.012537694138132091,-0.014192504059136463,-0.01954970272549677,-0.0037610362119041563,Sde-AMat_067 ,Matnog,3903.430531775722
-3.4457690744821448,-0.2506019645879058,0.504175620080058,-0.12514328354633714,1.2466271636204438,1.1263192261282857,0.8213585995061214,0.3594191461006978,-1.1986301099301766,0.14440539219016124,-0.05840670146454152,0.435783588892632,-0.08516482777287337,-0.08027370392216288,1.2830570430277664,0.9827263203548429,-0.018213544741043725,0.15958304434372605,-0.006022477821484504,0.27073949959429494,0.2147425925374234,-0.07599970376285409,-0.06247360086000288,-0.03268550108557417,0.1394602390127751,-0.16380309536321985,-0.03644502857323094,0.10894182388918743,-0.07654126700449576,0.01581478564583903,7.269364399276317e-4,0.019208532871507734,-0.004981431319840607,-0.01235946651121083,-0.002112724395890133,-6.566890726178443e-4,Sde-CMat_116 ,Matnog,4390.742196885575
-3.6591753460360685,-4.182013362002235,-8.396425467378355,0.2299968695689919,-0.4179494997096503,-1.0020895410307813,-0.7670447119670699,1.5731737516575122,1.7835280970497767,-1.0992455982466258,-0.9119220974904706,1.7709933457055875,-1.8173566389791564,-0.35771807115668375,-0.7684923828838548,-0.3908503741160294,-0.08948079962803224,-0.7550308766382711,-0.9841696381108761,-0.5302546411062319,0.5361074924811863,0.18638474750169992,0.5403083273796746,0.11800171625911626,-0.15366801488209825,0.13027943887519122,0.30427102382540505,0.2977327069754666,0.06511385862920294,0.06329963919870273,-0.01434687359894067,-0.07116020110866139,-0.05166720967554303,0.032247950038202355,-0.009104965880865965,-0.001284370953768793,Sde-AMat_080 ,Matnog,3404.0734246005964
-6.393216419275226,1.2183702993763323,-0.9446312300813486,0.28002104410221623,1.9897762295595354,-0.5537869664995289,-2.355361103144592,0.052778981958716165,0.5998910100285292,-0.5231351611351105,-2.72182049140471,-0.9437307649483611,0.26848975782999235,-0.3114061135838805,-0.7946742750064457,1.4427884257920571,-0.1772582395302118,-1.434518834383168,-0.102913594360208,0.04799618165603814,-0.18075499857052363,0.10725928475356974,-0.09939421767498613,0.07314823786243317,-0.2527534594670376,-0.07229938318516738,-0.08532880257098435,0.034991145064419665,-0.1150004292614944,0.011155022524676872,-0.014945661541804201,0.04871364701939057,-0.0038267759937618134,-0.017620308021378962,-0.006664150594143568,-5.297387175264845e-4,Sde-CMat_109 ,Matnog,4090.7751746084723
-2.9866714178262375,1.379531110105234,-2.4295927195047113,0.41903060463045777,-1.9950546425454974,-0.1291055847702605,0.6994281503539774,0.43560751483368104,-0.42262680350035065,0.2946486461166269,-0.8338279005368954,-0.7558597513042989,0.03220233059183206,0.38890660274128863,-0.18746053548477956,0.5008693537392048,-0.18932013993217778,0.32495051858950985,-0.9606820851589373,0.16753599298327254,0.13350081854734408,-0.27884475038570794,-0.12372560190939122,0.09580150332858026,0.13640568086659688,0.24693036037582794,-0.062116554254708835,0.06274158797177334,0.0032585398124181514,-0.07437084757636743,0.0034829178925389987,0.008419243515442276,-0.006467681957008746,-0.007760537339116703,0.0011704709291418735,1.5003945853916956e-4,Sde-AMat_068 ,Matnog,3818.994787513185
-1.4711946689565503,0.6162703874347066,-1.2444311459252404,1.0636258055932435,0.8423746221356125,1.6889136763613113,-0.46149004242697145,0.4605179713193528,1.1055252990299702,0.3465985658738605,-0.23248398162130476,0.06239455935565556,0.6282657992838425,0.5149562374332581,0.33550411081929576,0.3387486489402007,0.7482814096376806,0.44201789354630844,-0.40291372579792906,0.3598373799495684,0.548244159247024,-0.44183988602404217,-0.33991249727673345,-0.04646602241526113,-0.09389689124426723,0.1329920105229371,0.029134342345631697,0.011219773195563186,-0.042024432544379764,-0.07220114075589824,0.05627871713857414,0.009446880420640496,-0.009189240987763976,-0.001066595297450663,0.00264205913255221,9.652154058728546e-4,Sde-CMat_131 ,Matnog,3869.761161346086
-3.7827707776169155,1.4744962730823006,-2.2995577551981587,0.7092406464722252,-1.6777533898023391,-0.5562242299930061,0.36149067989137607,0.7942374945005728,0.4677604215487295,0.3775276318424803,-1.8168447366168157,0.2165437604757755,-0.6373056333606393,0.6392365011130067,0.2738290465397042,0.4485857583690437,0.07388609400312043,0.07707011271931807,-0.6094246529403935,0.1562427407837123,0.06930490940042643,-0.244939079894401,-0.07876795352495101,0.03541587515952259,0.2929004632338662,0.12702446332207792,0.045877290204333024,0.07240632699484835,-0.03484222205454946,-0.04670490279282885,-0.01779869722667034,0.016821105669734493,0.013362161786266986,-0.020205918388185667,0.008438618874968924,1.8105061033202308e-4,Sde-AMat_051 ,Matnog,3595.1320836648456
-2.6666974366888745,2.617457285158975,0.7158135280420105,1.3974180114902857,3.022495389349468,-1.12543047304053,-1.7689719207568901,0.5562571742504758,1.6715079554889662,-0.12520394849736627,-0.41858952778285496,-0.5215906282043464,1.9771463071037847,0.9073014693629928,0.6347936280823414,0.044159418407968845,0.5744500821640043,0.39123189035585204,-0.456982489172458,0.9470516535314424,0.48804917850059687,-0.246189709120173,-0.02385967878408167,0.24788752335314318,-0.018519587352508776,0.20323077515201154,-0.0356012867674059,0.09656131279886568,0.025653416172976718,-0.03820824707342471,0.006819970138462739,-0.007217834317942436,-0.029229568837173044,-0.012066934917787736,0.0068359884879620044,2.8631721923116915e-4,Sde-CMat_139 ,Matnog,3885.000786383197
-2.971249477681504,2.365960038506705,0.05923318051590152,0.0010469043945033202,1.315993344513614,-1.518219881837649,-0.8652843281284051,-0.7540784639013471,-0.3933569413258742,-0.15530539395260162,-0.7889327927274277,-0.39420311625347315,0.343048772293051,0.5543405753820447,-1.6737245438326962,-0.0552818175687394,0.31455775432734234,0.49110912701665765,0.1998469281112223,0.416829046514129,-0.017650825293265532,0.039036553163841,-0.38933845353287977,-0.0875493645370818,0.04169028296400506,-0.2659699562107095,-0.030134684701156503,-0.0951401779812001,-0.04935841491463544,0.08481914320081393,-0.04427145870444056,0.013996700692605814,-0.009158672488418791,0.0033429626961747755,0.005891878086991792,2.892266710930458e-4,Sde-AMat_052 ,Matnog,3584.657769203623
-3.676855582002375,0.49311708447117514,-0.9589526587396349,0.5205392273198476,-0.08793246976609985,0.02658565475395752,-0.894258546669572,1.1256490558681502,-1.9447366191958564,0.36444787572787435,1.4841680062321827,-0.4584855191881927,1.8236892726140748,-0.6426162701199938,-0.3836638887510235,-0.8912917809902221,0.596179538696541,0.1827724232098775,0.04895796822535267,-0.29263244394051935,-0.11349012003931357,0.015001961132603799,-0.07285262348710074,-0.12565399678384628,0.032683624202832974,0.02498140639141747,-0.1186761747236049,0.21139323132766547,0.04927270240542511,0.02404052269280437,0.014019168598798894,0.0480553600805572,0.006020543858361119,0.01780401946202663,0.004197773969945074,-4.830560059919803e-4,Sde-CMat_117 ,Matnog,3598.9726433868495
0.46698094879909097,-0.5444311859231571,0.17821929104567497,-0.5164675231311937,-0.7567724533301534,0.9586555203190779,0.43371047989335304,3.187731517374568,0.16560682511725233,1.0492677534900943,0.3516595929351502,1.7015082734498073,-1.4439406766535106,1.1785457495998333,-0.9997678465342352,1.1061243154300888,-1.4234872261376337,0.07389399877273363,-0.014651176054288367,0.5932207762218663,0.9537136476718121,0.8168452063537075,-0.26620653834781405,0.1339098591983565,0.20238138487675675,0.00210304790549792,0.028638832849406135,0.07564927145464556,0.07073319628309929,0.0035592946125709802,-0.04764853582260608,0.01553815061513462,0.05220500709198638,-0.014543156269686499,-0.006515121173250902,8.78148260042233e-4,Sde-AMat_076 ,Matnog,3761.5787467873174
3.2900110234616764,-0.4067116617270649,0.3601474556912563,0.822667442533387,1.6213458610806712,0.41980126717622507,0.7667771638227888,1.2030905159984848,0.20452408222106783,0.07606183106290718,-0.2966403979020701,0.3714111172463823,-1.1424915349185072,0.11372001258988543,-0.34793794717195,0.6053293882298785,0.040658952582533145,0.13498625559392058,-0.5790147647862613,0.08562900326782671,0.37009827232608994,-0.39614134089616926,-0.318935680475544,-0.19148057388301548,0.12068636145342318,0.02833651279790634,-0.1450163162967551,0.0862460529728172,-0.0769218940566265,-0.036442091800511056,-0.017114931236739024,0.018144018758329605,-0.008247705218056305,-0.010599692827618684,0.006751996427145881,-6.657517664996476e-4,Sde-CMat_097 ,Matnog,5024.262621813905
0.4613227858367183,1.6762528761847588,-1.2128715457731674,-0.05496133023132063,-2.775303041550244,1.8614482376160304,-0.3409472428182536,0.8901654536678824,-0.8262983861507704,-0.27810296788764455,0.30546960767047926,-1.0990579215097531,-0.41550250537551664,1.462126950772949,-0.27379743048606997,1.0533674298859241,0.5718648234647308,0.05490458440701089,0.07243637934619027,-0.20626287127901508,-0.25461655103047787,-0.30440646106639146,-0.30089203549166055,0.04389615351168896,0.05428180467538709,-0.02897462125648003,-0.022270334270159398,0.006588679653717747,-0.06847414394439448,0.0066888668335307565,0.019262906657332136,0.0053364908153324675,0.011834315125147838,0.012353483502460023,-0.003345140089705859,0.0015885543575427652,Sde-AMat_054 ,Matnog,4203.968441462109
1.4444540420543346,1.512205586485623,-0.8261536743692106,0.8038562530390498,3.2180799081840803,-1.051253163998875,-1.4532203540479527,0.4646334176247606,-0.026320246530811886,-0.7634900500957791,0.23332199103631174,-0.4267813214383097,0.9742835184149037,1.6203673867411927,-0.26440443806865427,-0.27763708081295885,-0.23947880117605952,-0.3328936588312737,0.39920805604662174,-0.4969959147281806,0.4252690848326058,-0.09882242833292364,0.09070161237089383,-0.2158253301461028,-0.16009107844476692,0.12292613042057188,0.12942483914901082,-0.12402628358347745,0.017837912473102943,-0.00931774184435475,0.041060593109660315,0.07384770810795352,0.03136744454668253,0.01470340384277366,0.006337295416522289,-0.006077261613836871,Sde-CMat_136 ,Matnog,3839.4267372104196
0.5593228285279335,1.274928746347657,1.4262362740830279,0.004914972266073299,1.8489612194210638,0.13023420391062548,-1.357326155646916,0.3764237887830333,0.15190934863350072,-0.4191186293443349,0.22564685012641064,-0.11181919607941654,0.15181035893124945,0.24232805573595767,-0.059129937784484804,0.42542378000874725,-1.05075454267165,0.0779296033191279,-0.4161335092583056,0.12246606413597352,0.3372157892065081,-0.3643159137470084,-0.03492204626136035,-0.031513812235288485,0.10842297350097559,-0.16751497293698378,-0.11518815089432935,0.004464325784276205,-0.0438420030375982,0.022039892288541387,-0.015003846093711932,0.024303102473438202,0.014777489508272134,-0.005491989433774002,0.008699107028269303,8.557281239282566e-5,Sde-AMat_053 ,Matnog,4204.051448026406
3.2936172089205438,-0.08930957473725437,-1.7856328221370792,1.1192718751664437,2.25895040533576,0.962911429847079,-0.33089866500799925,1.751589529303718,0.9458680623222058,1.5149929693167337,0.6928952738519484,-1.0019581961883832,0.06322523374732536,-0.05431788452080677,0.09855731947442026,0.486574683753772,0.016006170184201002,0.5652458060988139,-0.3471148689355827,0.12350034421527967,0.5211320691482233,0.23809513097684287,-0.003657285419126799,-0.1514544535411392,-0.16989779629402285,-0.0956674120742025,0.14302240449693254,1.1738800141519734e-4,6.253141324537304e-5,0.00752140236214599,0.012386183641020829,-0.00743397015765998,0.07338916701132778,-0.014253438856120654,0.003003823723589264,6.161880019718291e-4,Sde-CMat_143 ,Matnog,4556.93398606921
-1.1721636139887233,4.3154338494304865,1.9128700172341893,-0.13826005453269588,-1.3920682822222636,-4.4864011131581245,-1.8811110784302258,0.14408535949619197,-2.557519318397393,0.9647262677226911,1.0343898882107954,-1.9944458785049062,-0.7550410086945616,1.090672043929925,-2.4056640656304458,0.07390762934110665,-1.2689965823652247,-1.8517929305234413,-0.6679071592151623,0.5106306538486034,0.6151215246806213,1.1436936482163071,0.7578603971901561,-0.3569445265813372,-0.32713722463093653,-0.14838709950946044,0.09384063519141382,0.07437454138601918,-0.1615300624545222,-0.027616800990771944,0.005731085967938691,-0.026594287386008,0.01261349175202328,-0.00991677937262268,-0.013397999514621195,-0.0016288024128501008,Sde-AMat_070 ,Matnog,3899.048772363772
0.4421001976066695,1.434910079672305,-0.7050461806127049,-0.4542369529988154,-1.001444314103785,1.2041559329247904,-0.5149278839529638,1.4565844987722034,0.4158278547873245,-1.6070956980425426,1.409027696630705,-0.324307880287661,-0.09390647352741183,1.9254785069110887,0.3674186198061235,0.04406033897256709,0.3769769042438431,-0.05646000815927321,-0.5002122896112462,-0.9191088442745324,-0.4566269857395172,0.13783883957295837,-0.21474177977021752,-0.31927549062578214,0.039548938208869934,0.007444717989787929,-0.020470117934978355,0.021039360107136973,-0.06502873807639409,2.0041428671651457e-4,-0.038566979222854555,0.019271628993337578,-0.013360494743575604,-0.006706487327180953,0.0026687826574045247,8.13488377250926e-4,Sde-CMat_140 ,Matnog,3723.6609880091846
-0.018928772730028843,0.6425851702367992,-1.3383741724406204,-0.994967100387552,-0.15208674535722366,3.4749226728838383,-2.2031231334735426,0.46764664524915994,-1.4093117566348066,0.39752161019401466,0.5201394057990707,0.6298391329812294,-1.8121796601634235,0.5224289101994983,0.23465136939804526,-1.1782657556637928,-0.437728725659627,0.9753088446942507,-0.050185891704540624,0.0729328709389728,-0.334075881116237,0.1743051285215371,-0.24297878222513425,0.53380029317464,0.055801442768084325,-0.272219989123224,-0.08761168591620899,-0.08836138353750958,-0.09364952483504739,0.007070416698887392,-0.008367416610990492,-0.02144948768231818,-0.04100663628563332,0.018573007621231746,-0.03994458278485143,-2.021379355438349e-4,Sde-AMat_078 ,Matnog,3782.0494885159155
-1.0475059719870243,-0.4455391518810171,0.9529283281522893,1.4222093716259165,0.9519763417961281,-0.20191517759506566,-1.8129773344425737,0.791556597847778,-0.273881053218109,0.886716773564296,0.42871166019254126,-1.2063180789040704,0.4947239579301034,-0.16785066540704768,0.5521643925221531,0.15315562283422834,0.5293644437372298,0.053483481288647744,-1.1542800468455818,-0.07881158512403955,0.25253897729628727,0.14672936473247022,0.17909513733188825,0.1406920247168629,0.2274626051313695,-0.012501539236457075,-0.05975922837359526,0.06890042485038653,-0.009381823623710317,0.02203160585805712,-0.01134952857044209,0.004471150575080199,0.005263331550223915,-2.0008816246409877e-4,1.3661247581095437e-4,0.001169009626454387,Sde-CMat_110 ,Matnog,4748.16322741034
0.1416821380717251,1.2478265539861912,1.5614464366290817,-0.5192614582068905,2.024190012357277,-0.4268474682477831,-1.8102228821904025,0.16116343646970277,-1.7269874102679146,-0.00606168615501354,0.03555497328927511,-0.7488139639680106,-0.05124419379221312,0.5144790887528342,0.027994962296935988,0.1077959526296702,-0.12901957383728058,-0.02876958750562868,-0.58091921062977,-0.5280813123818254,0.09919671078344944,-0.016461613803570557,-0.067948489423253,-0.09245775413673045,0.10878379071408792,-0.034474003254128284,0.1107213377581616,0.004419107496437976,-0.07497886197169656,0.016081912748830918,0.029122608246996876,0.048610327120530684,-1.4115325502165113e-4,0.006079571566844404,1.483782872202786e-4,-2.243478554839473e-4,Sde-AMat_049 ,Matnog,4335.168007232986
0.29610332492038405,1.1972929548429048,-0.4458497431824532,0.0773173818292428,1.814567367998128,-0.10200147882664132,-2.2986616028298616,-0.3667262890161326,0.6438010870186138,0.2511279225979288,0.5907050356759729,-1.2677415174475253,-0.9123242710517848,0.44866403147196976,0.4232684516237877,1.2926674889429155,0.7042196507691993,0.05642740234750904,-0.646694319427506,-0.29874800707934046,-0.10548059005166632,0.04784420184831286,-0.08874986480255477,-0.23416825097476457,0.13720273111069384,0.11342384463057492,-0.029842002317704577,0.03781104990834788,-0.05643349747309341,-0.02120114249110322,-0.009287548190327476,-0.005540929031476516,-0.028396228590517797,-0.005655854038895968,1.373530032362548e-4,-3.993861626493955e-4,Sde-CMat_146 ,Matnog,4093.6696222442934
-6.598560330913224,-0.4652747622031519,-0.675023713780989,1.0460564350280195,0.4340788474165712,1.1237615650167398,-0.5776818523966692,1.6744625652344318,-2.790418222732064,1.7280009938186607,-0.5598544433277968,0.9335303098701306,-0.5942650092328884,-0.05581747867605413,0.43370217965894053,-0.34846037571561905,-0.34333062099906875,-0.21528951041703406,0.09268706489976587,-0.16738743627181907,0.042535835235940456,0.35102742958374245,-0.25185354041549735,0.24323644381392312,-0.38129026288626505,-0.26214829379099164,-0.1033868122765472,-0.06210169734754192,-0.044541793671954266,0.06144105673113293,0.06080723410333963,0.05342910248664591,0.0026641256532924235,0.0074519632465988375,1.589967671824441e-4,0.002936715977151394,Sde-AMat_066 ,Matnog,3399.8438065055343
-0.17997280185272307,-0.164801829674664,0.5244914542896024,0.2275498858332119,1.3961974045983112,0.49391173214013023,-0.6281919649393355,0.9902628844985002,-0.2776064505804967,0.28545808837799913,-0.4723899420660108,-1.4769294964217141,-1.1724485565075597,0.28302692357963377,-0.7896987893447385,-0.09481176290613377,0.5611130981933654,-0.23889232702857824,0.07701277584609251,0.127199136279784,-0.09004210069141744,0.03254774336442086,0.041942587764163375,-0.4281685732973087,0.08870252009786922,0.024214129681301086,-0.06956894769460253,-0.038946952219674036,-0.027210519502552537,0.019565840964762903,-0.001366567794293047,0.01743427169417115,-0.014038646827668158,-0.004583978010949126,0.006378923153120494,-1.5081506835323832e-4,Sde-CMat_108 ,Matnog,4527.780448271695
1.419299661025829,2.642786574383905,-1.1222765152033023,-0.17385513935168861,1.2676658130258458,-1.1852002008845608,-1.5163827721359862,0.5203505414118303,-0.9328111845645797,-1.1029122623679217,1.2971151407321098,-1.2594397194934446,0.20469043371500234,0.962698753100578,-0.38627778775478344,-0.2985338068836262,0.5157947762040571,-0.4621160895234089,-0.9137576252047983,0.07784487170466581,0.1580609112142719,-0.49401438024628475,-0.8377368433598862,0.06655818968234936,-0.14727117782037538,-0.2641007279264591,-0.014680464950175887,0.058547827304673394,-0.026313437656067723,0.07790680580662379,0.08002910915101956,-0.018202058687583095,0.00825945724825105,6.492670862542835e-4,5.777728574413062e-4,5.960109971142602e-4,Sde-AMat_062 ,Matnog,4144.624931704092
1.3801062882187898,3.0551922548284214,2.343503458044656,-0.8311733959593428,2.3065747902163034,-1.2035152196255614,-1.6857305390269952,0.9621798477476861,-2.665912352133075,-0.8420286542047863,0.12324585803287491,-1.2829672315599832,-1.339099369455763,0.6584940142271073,2.224083788078057,0.23552874480899597,1.037419351040868,-0.6065284650736655,0.19717828072812854,-0.16957236633397493,0.3585286224506196,0.47831396314023994,-0.03752643562951287,0.06343348064030885,-0.229154310066271,0.02063816501508043,0.06896068400461518,0.0151935007521274,0.0460818267125603,0.01745020241656415,-0.0227755637585011,-0.03758351658663242,0.0017054257885535835,0.0032762300962686924,-0.007804523218256985,5.894397615697489e-4,Sde-CMat_133 ,Matnog,4779.589298017355
2.168775386138515,1.7566694056218501,0.45246705321768255,-1.1483645348944473,1.7957890439798538,0.1302143683448093,-2.448599034961818,1.1401618807099074,-1.3736899492205028,-0.018895630279464115,0.42004790537466485,0.8391690201032056,-0.010245594617563858,0.2956482025913031,0.054703764796513815,-0.19372347765029624,0.6606825267249908,0.40397958066144396,0.191573631355265,-0.7765987818819835,0.3896664002244681,0.13440490233014107,0.09474901898082815,-0.019710535151796597,0.1277327989670504,-0.11936988301655237,0.013750674493927736,-0.10309298475854954,-0.032564123701993415,-0.02490659495054941,-0.007141896655127808,0.03730081550332813,-0.008334113553429716,0.010703080913704987,0.0026118729012312575,8.039577104815843e-4,Sde-AMat_073 ,Matnog,3879.526868073843
2.0425062673689296,0.19805621666809847,-1.1279983043211854,1.3559492083171358,0.9375472231154666,0.7954324128329141,1.4706320154928691,2.670353521254023,0.160169155407953,-0.7478715965801006,1.545622641379932,0.15041035609103812,1.2534593920151136,0.8699061014770926,0.1788934849934904,-0.5879744293284933,1.1450418386650856,-0.24380452048540963,-0.5682044719162582,0.3290142716945862,0.33404704117764084,0.06595540877298159,-0.24718369673321994,0.15393760100034432,-0.28626378043191664,0.167778758732355,-0.11359304230856118,0.0626078828235738,0.07343418614017098,-0.06420794247661762,0.03217941978840531,-0.02578339325789291,-0.02764129194599378,0.009014930540399868,-0.010635707281873616,0.0016013013663254139,Sde-CMat_119 ,Matnog,4226.167862424451
0.7788129008228931,0.904789297814474,1.688787201817806,5.700066145867553,-3.4952223256098214,1.9163820670076652,-1.5880022923676052,1.1968100462631672,2.201842117029181,1.7180261912429171,-0.8904926425138525,-0.38404078373821743,-1.1639202398410244,0.5362715681179355,1.0206480764826777,1.8743832630633421,0.7133055031806443,-2.005831389625216,0.7344148839623231,-0.029758659582787117,0.749969989907673,0.22462440238916043,-0.3004114293031279,-0.0646761626874866,0.27473640379417963,0.20979018314547004,-0.11089456146112922,-0.2557761839719256,-0.10111464157385235,-0.030287870588090505,-0.007104528891609965,-0.05306567950490852,0.007201888308013563,0.018460107002602283,0.0066803044220013225,0.0010994162034222987,Sde-AMat_090 ,Matnog,3722.6109399477386
0.7188541075461304,2.579148030011997,0.22074258384696085,0.7108625629194787,0.041290569288024756,0.625418128660464,-0.41499615349883456,1.3363762239443984,0.8652018871705416,0.889864066199198,-0.002439291122276699,-0.16848332624556567,0.5545129240522163,-0.45233907393049294,-1.6141017874523276,0.17589197980415508,1.4352273917863654,0.9614886464176224,0.6250843237501116,0.11202520752638785,-0.195244537432917,-0.291030635173773,-0.34994894298946744,-0.08507054582690242,-0.05667499234821686,-0.10874221786899801,-0.1090767425386106,-0.04823228260627668,0.015058963435070146,0.02598530368551629,0.07016219145192594,0.013534239867568765,0.010102915103180177,0.005925902910228322,0.01137460974701675,6.982855603852173e-4,Sde-CMat_106 ,Matnog,4270.099007270345
1.6604539682840351,3.233946502636047,-4.150312701148632,0.09170678398902328,-0.13651444746179153,-0.31918194576058406,-1.8369246166985167,-0.3591254706392414,-0.4029391751740849,2.092716823707758,-0.7324305906300405,-1.3429195854677847,-1.269705475009354,0.6685931778950324,-0.2114910124259801,0.05757155893447244,-0.11588476761704872,-0.41437273775716077,-0.9505365508876212,0.11328728004889066,-0.578081640422515,-1.0278980574129712,0.013896790499172279,0.22302203489709022,-0.13150636845405247,-0.015901558294020773,0.01945959839328515,-0.09836667811404629,0.18648983247817214,0.031205528540289157,0.01939170801471952,0.023801375520084114,0.004768680734947732,-0.005074694242498668,-0.004613333237160016,0.0018766044411561988,Sde-AMat_061 ,Matnog,4192.410473074263
-0.955628490490515,0.23902252896774417,-0.8333835775803698,0.7141246943433577,0.017723130584213473,0.4677553618949224,-0.31095545440730754,1.6752614278256621,-0.48007877693441237,0.3552704507565764,0.14208886166876541,-0.21419483274157558,-0.6916384324777921,-0.3041302208001969,0.9600098528785479,-0.3002334926106023,0.5556656451396031,0.08341503035285185,-0.4515329029941204,-0.5193792385902072,-0.35743320804368917,-0.07946630616256006,0.005366304703718287,0.004525457547125536,0.26300317542572266,0.04687612721785467,-0.008210976375168304,0.0841791791799884,0.04956805725378334,-0.02971467809099657,0.07198961370887687,0.050616665954126915,0.014017287271765337,-0.012981880387973238,0.0027975580521343883,8.408358731065158e-4,Sde-CMat_104 ,Matnog,4230.062130450844
0.2845300645027567,5.397989530523887,5.206430048817097,-1.9235540871870975,-7.562281258140024,-1.8320540936009397,-2.5235781683839407,2.525723606549564,3.1659041780699013,-0.5933154116634568,-1.0701590805367447,0.08196930460453214,-1.0935213271268431,-0.6577669027942686,0.30549101590721967,-1.554887782828153,-0.27648027133640407,-0.6989935944708829,-1.4631276767688086,0.5793491823246697,-0.4846189930829881,-0.17293337208970935,-0.05324256601116853,-0.12366275346967823,-0.2788049876998565,-0.6940396277788103,0.139372470870247,0.09809412319641128,-0.09193656263609676,-0.11461498294803853,-0.008910797803836322,-0.06558356175928738,-0.03516710624215169,0.04045751469631976,0.045267684215794295,-0.0035373733136341845,Sde-AMat_077 ,Matnog,3794.5337535029007
-1.357593823100382,-0.344406950442403,-0.3147184986607427,0.6294213386415688,0.7423728563217278,0.9001582778480814,-0.3252764905811028,2.9144045317558414,-0.7284051169151019,1.20887800355941,-0.1562485027571682,-0.7211837014407403,0.6374398682439719,0.5503017209683575,-0.5255665240350019,0.4048752330164628,-0.20505720534615035,0.2516347199380587,0.17625491192876142,-0.2298687623397118,0.38439946273570536,0.08567299296540924,-0.14523891233452474,-0.053081651541516055,0.030994916730435515,0.004358607363465318,-0.05695052806323253,-0.039861011022041454,-0.07120232291725305,-0.010657501777641958,0.02953399529413774,0.020142044116775573,-0.015408562273044001,-0.010733867182603097,0.00965045564131752,8.398528238058867e-4,Sde-CMat_111 ,Matnog,3893.3866027836443
-0.3508834092214138,0.8624385800948366,-0.2971645323567177,-0.9522464337883473,-0.6895072743355484,-0.6972185857814023,-3.0396320653082913,1.5258271513927408,-0.49566821011299783,-0.3945074251066117,-0.11840772080554639,0.044254666387787155,-0.6105814748656752,0.5503037644813468,-1.0620707202562798,1.674843415178398,-0.432807717296403,0.15196894003310474,-0.8650044008360677,-0.25309424325257684,-0.23623043403423588,-0.12766906724046595,-0.02890794273689557,-0.2855553703940019,0.09114100264875333,0.19662794517314525,0.026972107161757054,-0.07889756954391208,0.028728122733255677,-0.03350757690819484,-0.07231501837397579,-0.030843987874316005,0.013023520086953233,0.005159884545828567,0.007208632833532332,0.0011008490061617526,75 ,Matnog,3812.3423612991396
4.295975807817223,1.124981924347886,0.28980456945805216,0.1709426615920493,2.0190948424081254,-0.7846994822317397,-0.4892175047496628,0.6430943427867316,-0.8663297250683091,0.6242580654348434,0.1128038321383888,-0.5923959359710171,0.0350090023866802,0.6072144693449347,-0.3079723058558253,-0.2790909641376032,0.038726485299308014,-0.1443844848372084,0.08860120334614655,0.3810604593070293,0.8042757651964069,-0.29377287949863234,-0.016160031413022483,0.08116420493775058,0.09652524732515619,-0.05570231551853322,0.003434501608302401,-0.10500413334204199,0.04015568916692978,0.06660516641388636,-0.023736132194309763,0.004742896895865829,0.0037970959210405983,0.004465704559766678,0.0030945554733589602,5.617300135962733e-4,Sde-CMat_099 ,Matnog,4794.259563127846
1.5912041284132972,0.35986980483438896,-1.319756229099776,-0.16707669785098522,0.7043563867972956,-0.9847506659322162,-2.0051442183694754,1.4853215969774551,-0.9751599337233896,-0.3688318432701756,0.32719694833020213,-0.32466049376077544,-0.9407207817553798,-0.9478065466257725,-0.44985117922255236,1.0608303239271994,0.6514285282415219,0.18130745753462807,-0.5529777398890046,-0.8088816354722179,-0.42014913135375087,0.10521345725368117,-0.3676445945282644,-0.15331405467275816,-0.07596514528280292,0.28687099461878496,0.09259209048184805,0.015726490854328447,-0.01944029197384157,-0.06744750373375147,0.1637439422747261,0.03369313599769998,-0.0028773339805828694,0.0028851888316265917,-3.156405451610832e-4,4.739720079149634e-4,Sde-CMat_112 ,Matnog,3952.328836281233
-1.1402222984705879,0.3732066841321063,0.6369883534508505,-0.581301741421006,-1.2434247429201586,0.8095336969724763,-1.0816825057616557,0.190233076617374,-1.3674367488673442,-0.4195415512062042,0.12790923969632895,-0.5111176454336429,-0.8501266670065414,-0.3755684429799713,-0.5382386060875863,0.033795238441950023,1.361690416935791,0.6738015695698606,-0.620282762522341,0.45425975928586676,-0.3423353149940246,0.13000534251965346,0.0962813129934056,0.06124747739636485,0.1422582117643804,0.09755038463795125,-0.03542228043329411,0.06390498475251967,-0.06051095016984761,-0.016995950225813652,0.01506968522757024,0.02616528610397839,-0.005200279157915162,0.014100174900454534,-0.002150693261643537,6.825117986855034e-4,Sde-AMat_060 ,Matnog,4151.977489736442
3.467088596663897,0.001120190309743349,-1.1535935339074883,-0.26920844192038396,0.8737233033491258,0.60929762370358,-0.09941166296119582,2.2759354441781103,0.32983282244286055,0.14646017473707507,-0.09197905285044106,0.4211352291093886,0.5245624942774059,0.23957820970874252,-0.8919822218301274,0.04305352800404051,0.9690370812777753,-0.023969400635932364,0.37481635331056573,-0.062444458430478356,0.5257398145646236,0.15819766386940545,0.10450818351808988,0.06563221048370921,-0.24557554776076365,-0.3141767148488581,0.025303325931729848,-0.037301812225120426,-0.021846254051756442,0.04120091521872536,0.009836741836205963,0.038158977658892757,0.05863930789243542,0.013474039443130192,0.006772069387443902,0.0030810574917110034,Sde-CMat_102 ,Matnog,4289.748880488503
-8.187265700438513,-0.22865676913018645,1.555761285103333,2.1462901502856506,-0.5345066753125857,-0.509659100477577,-1.8245039945129264,1.0784728322725892,-0.06854608364108608,2.9091088069093023,1.5524980313498196,0.9292174371161372,-2.1978104922637507,-0.10039535931376525,0.6247630351984715,-0.9052013046557505,-1.2471197578650932,1.3374142915239426,0.39611471927007214,-0.4092870468756664,0.21684613896313626,-1.1772457146080235,-0.6167798202466039,-0.6376131737473485,-0.5980741552168589,0.6426101620379489,-0.05353565558250502,0.08997051516704566,0.10078253305146871,-0.05298801009494719,-1.149055135930728e-4,-0.08349863349133517,0.056599612488062674,-0.019700646663895045,0.01784259414949306,6.465104312267378e-4,Sde-AMat_056 ,Matnog,3460.533690203598
3.0237887563884294,1.112809286550775,-0.13008684207995086,0.9279127450337088,1.627402308974002,-0.7576446348151977,-0.7224973016126083,1.0125033367639205,0.800082596195181,-0.25747488987417816,0.1323883511960568,-1.0974117645141228,-0.07234677213149246,0.5002402670816316,0.10163051138812662,-0.2869821978087824,1.3306977467381798,-0.20690229197872426,-0.3060410169261842,0.22476360717868316,-0.20955050022366292,-0.10636662263917139,-0.13174705629341352,0.05265966679993895,-0.13704734681313765,0.23066285457885244,-0.06563089150783288,0.04676748189703672,0.0433699514914968,-0.013355055603005275,-0.016070138971125025,-0.03673041228103115,-0.009471267603062293,-0.0013843702511980444,-0.0050691849164508675,8.967955993108845e-4,Sde-CMat_115 ,Matnog,4284.066117011317
-3.010543950443842,0.06586396798145805,0.5910270503086237,0.6290722228644916,0.5253178603661036,-0.8373296266522706,-1.206582178063489,1.4055662232468982,-1.292384763947024,0.6552697333612708,-0.10907341665098885,-0.6295063581756916,1.1360862299790495,-0.3988468571290168,-0.991302392984274,-0.7554043386431254,-0.21672912027922178,0.6509084866763166,-1.7470013487115577,-0.5356610844472989,-0.9207751489059633,-0.2817762168020053,-0.27799010503759014,0.241494427555293,-0.17358206741676308,0.10125866450963814,-0.06864947594298032,-0.08667182658557827,0.018461555026649642,0.042031642678124675,-0.09521255882597397,-0.03867622079289142,0.004188154802928747,-0.025026030908089286,0.00614149930490739,5.760125860617693e-4,Sde-AMat_055 ,Matnog,4175.747465182532
1.1867925504940902,0.17863928400927265,-0.14595778039590565,0.756211249717391,0.5646538363999448,-0.31964853841052576,-1.9264045436519535,0.5469917644213427,-0.021650742021391473,0.974598463692826,-0.7649753607589527,-0.6887941525231793,-1.611336181195683,-0.49644390959906615,0.2855875238170364,0.25368602930438644,0.31873831565775923,-0.7387116462263469,0.042662919997735894,-0.8329727649701975,-0.27159044113493214,-0.7205096401487449,0.24307711089964157,-0.29845397320776335,0.4496337880734363,-0.022795561219301225,0.09092656644431424,-0.02638221916712486,-0.06929043844587977,0.019227086732411077,0.08189138236357386,0.005820872368635082,0.010340023651704494,-0.0012934006503737983,-0.008864691711890003,-0.0010958424952634688,Sde-CMat_114 ,Matnog,5320.495686776507
4.6799012424847195,1.098248235286998,-0.476758556340277,-0.7810808242479402,-0.6088939563453588,-0.15591978951160232,-0.6647025753025622,1.5087799982164083,-0.9971851868019083,0.1432907636134594,1.158717444764323,-0.4758664144828289,-0.5513254213751136,1.3615623601224454,-0.06127974456555574,-0.7270998432245477,-0.02561120806864807,-0.42094546993545723,-0.6185460646588739,-0.8946400265790938,-0.2698187593832755,0.7630926136226747,-0.4091886830017692,-0.09387550256727514,0.07128971482257067,-0.07119033215247572,0.11174936524527723,-0.012204544021195002,-0.07944550340921444,-0.010254799599809704,0.010046826924569659,0.00726514247953193,0.023966562752173085,-0.00987282972894414,0.005161139016938654,3.6390859595403224e-4,Sde-AMat_058 ,Matnog,4270.419541688215
1.2114403976805384,1.3676071521948572,-0.23362995664665595,0.9748583282925773,0.632471004240174,-1.1075536537744648,-0.7575922809684708,1.1977673582712889,0.8927128642056252,-0.3764189975142555,-0.39539383211556467,-0.13949685688792435,-0.1189648597347437,-0.30824265353082414,0.362904901484976,0.3417862411145012,1.2680697906100724,0.47879120572246603,-0.03684565578942569,0.247239438908723,-0.369954012406443,-0.17540856073362035,-0.24075024698128752,-0.11868131898783042,-0.06208138061339,-0.0697142879784098,0.027611020654307525,0.09977118855333812,0.05699934334058716,0.09330566024966243,0.0611972282768097,0.006647638514821152,0.0028301887769668424,-0.005147929961130355,0.0037231919935922456,5.397008797324576e-4,Sde-CMat_141 ,Matnog,3737.5708475943484
-5.437054438557642,3.583915384858795,11.6332176489322,2.209380550810848,7.902130866052371,-4.622212978084901,8.296193851408185,5.20874381937972,2.1294564346419786,2.035913527091657,-3.8501504889276306,1.2530111551531307,-0.21335706834987472,2.3631061287952373,-0.7751225676831311,0.5554357367321652,-1.5954407953019187,0.8549406524641758,-1.033566240355714,-1.1851565027702282,-1.1106154127427108,0.5043807558149446,0.4963800542768544,0.22193910565680128,0.1843190761928595,-0.16027395323710564,-0.026746004889338537,0.1577639658505661,0.03759931184662274,0.046753637225347124,0.11057003118553266,-0.11101674237010985,0.03224557492235485,0.04706586874346981,-0.021726292103593448,-1.0842799901578104e-4,Sde-AMat_057 ,Matnog,3762.5412134216103
0.2955028305497166,1.2384173318593747,-1.6427303840097947,0.43908480664047667,1.9113342150316284,0.42680264599623813,-2.1666741914447796,0.9287264436430559,1.135825524379679,0.4162925303740578,0.03742565145847693,0.5186539797979939,0.31751230935556735,0.8472586559254037,-0.5664370874431586,-0.7485107296030951,0.7003583205718831,-0.25527342229584576,0.47348766096696693,0.26800694279362675,-0.0706915005563738,-0.2219728917338909,-0.17800512103293603,0.2923254704900421,0.015664046612184956,-0.03898374268709075,0.06453395226628286,0.0024642853202628406,0.017382799960670478,0.018120124590969316,-0.004246520630496868,0.00866166654457503,9.237377259377344e-4,0.0012795360052234306,0.003467351900705516,6.853623553994548e-4,Sde-CMat_130 ,Matnog,3645.6329913524055
-0.6705387081202785,0.6943071803062003,0.08581144959752808,2.218305032586392,1.7677072011849473,-1.6423851235656537,-1.7002212439525732,0.4838428443982538,-1.2962853906885663,0.6557173147950964,0.9367340911326927,-1.435607956960001,1.1210402007518403,-0.8805167430443326,-0.3223236056981534,-0.5782812117206373,0.44207980591989743,0.265194591422328,-0.7534851591249927,0.7354132385554413,0.18895326556372655,-0.2313714772933161,0.11248766309958678,0.46813404886963284,0.11198500563972986,0.1004485302415273,-0.18065837955698905,-0.012743476608892152,0.10509793109917301,0.04714693911004067,0.007411223790413084,-0.053281655851569534,0.021787983296758844,0.0224003624874274,-0.03827632867821011,0.0027156284457139634,Sde-AMat_059 ,Matnog,4024.919083095084
-6.930888064627809,0.22061676993552226,-0.8977590578160721,1.9125009902390777,-0.2101032051139213,0.5345419142391197,0.9006370431734598,0.32076943623394627,-0.03172304626428332,0.25736202400694985,0.8828737571152488,0.3984304076121917,1.7011559587638618,1.972895932664088,0.4620273901730586,-0.11122506773603838,0.17758089134435798,0.2689974352220818,0.3080668789425466,-0.3538044834423867,0.25327965365768557,0.1413683417747041,-0.4466217310533175,0.06681701448084282,0.15507065939769504,0.13591517202640463,-0.008262695357807485,0.16745636481957638,-0.0393004755398714,-0.05382002202992411,0.0641722978199015,0.05289005348634801,-0.026993525404692756,-0.0021110862010765494,0.010638245862436642,-1.8996140340173107e-4,Sde-CMat_129 ,Matnog,3381.793668527587
-0.05285574197734674,0.5978552802457429,-1.491694253751951,1.0641108472207361,0.13678494141129202,0.09244197870015902,-0.0874640066835034,0.8269896700910921,0.9556935437053626,0.009456060191712794,0.7882275157757008,0.5304546458483966,1.2304864771568855,-1.512619362269725,0.350522587610437,-0.32271106516844894,-0.37769204261212086,0.06982253968023786,-0.499552602887499,-0.306584778366496,-0.18536108853787137,0.363783358188163,-0.23333447126184625,-0.0330074040391984,-0.010231311406807999,-0.014919540054460806,-0.14933214245519832,-0.0738673866354787,0.09986798239726688,-0.006288346424117061,0.009433523801783543,-0.012557865569108873,0.03992328223776883,-0.007274237445142752,-0.009587307295621659,0.0019106759566280551,Sde-CMat_120 ,Matnog,3614.0122213737445
1.6281325374519287,1.4739044000846278,-0.9468974333739331,-0.8589606471572184,-0.8974400878681248,0.8969559619818579,0.2633859444628365,0.24214378985619273,-0.027067615952002185,0.3998393167457373,-1.0727585188949744,-0.32412875589504286,0.021647540915743065,0.3294809297105259,-0.27644318217185365,0.6341556642062978,-0.5075833633160991,-0.6352691057868575,-0.04050297068814853,-0.00990404337847526,0.06162273114531206,-0.07614172469514723,-0.20778324618766517,-0.12546466218255686,0.23141260347816592,-0.0423982425678468,-0.04422475707485713,0.004822590705894942,-0.044736553456502015,-0.04144060926371639,-0.028494656979216052,0.04145267470915129,0.01157812278613176,0.005260815764404113,-0.005658585327541863,5.940969339446288e-4,93 ,Matnog,4572.170453755691
4.3241033203660235,1.6159505442886664,-1.285013200892409,1.1928052310668187,1.256776203997377,-1.5082220941356064,-0.5878910231664504,0.28845206437876736,-0.31224013648433907,-0.9849484137143201,-0.945576080689212,0.18948313917627713,-1.2722693295085528,0.06847011606828912,1.8300129441849435,0.637639975576951,0.004426750897235834,-0.3873409584723831,-0.6197534947259637,-0.03493684676791747,-0.2824608303541107,0.05043374652358354,-0.4254016942844152,-0.012114747802588394,-0.1759348148721924,0.18802422274558717,0.10885205885383044,-0.030831336220441388,0.13113944507127318,0.032431852338651215,0.021446552216174544,0.01091599334914558,0.0026134802539874366,-0.0037162540654966693,-0.0010804141500872569,-9.810419127620484e-6,Sde-CMat_142 ,Matnog,4139.44995643658
1.2898942790955248,-1.4650573688456652,1.1126736956694492,-0.5017340734936517,1.1885957148020707,-0.7047278558262678,-1.1023697812351512,-0.5866726568748427,0.2663984699015301,0.5946614983586114,1.3107625634800393,-0.7405468945899368,0.3760302058749294,0.5739515435233022,0.5507880738564633,0.011203145065341424,-0.305077821741165,0.14394637758960255,-0.2833154458953085,-0.05285713723017771,0.23926974288698605,-0.3684430995004325,0.10546544023882914,0.24983199948852713,0.11850958800818465,-0.15528019266615112,-0.05267682246935117,0.11272116028255812,-0.010797307295838068,0.03357754999236896,0.005265092180450929,-0.007989815313003315,-0.02562220307945374,-0.010906746938195586,-0.0011277753881276248,-4.3678904939331575e-4,Sde-CMat_200 ,Matnog,6189.903128362477
0.3142549896262735,-1.9735132929241148,0.4946603884912392,-1.1130821694684505,-1.4617974503619775,-0.11759115681554662,0.7815236567616046,-0.18628694563147266,0.026588346151053488,-0.7184850438798519,-0.827465853379965,0.6495545125013737,-0.36705187254752225,-0.19315770231012286,-0.18666209295498504,0.8249001506659523,0.3308592814051367,-0.1548367468687456,-0.9649809101075012,-0.6204297222677262,-0.38245592040254417,-0.024227306041896893,-0.3441102529509448,0.14708912916501743,-0.008205582992289937,-0.01555977541613444,-0.06373229152495058,-0.10262090164198268,0.053723788557675935,-0.0304726627836867,-0.007485260264151344,0.03098495351150166,-0.00192429355405533,0.0013613367939037772,0.010046476764905598,0.0013817005222844236,Sde-AMat_018 ,Matnog,6123.32064752135
-2.697842972889116,-1.752516991602029,-0.22947325438181865,-0.5820061992366833,0.7770576437540245,0.07515624059453496,-0.44858696951424537,0.6101523940197535,-0.04229295862153729,-0.03977857066023975,0.08798709303798748,-0.9271051920130486,-0.4674686396883863,-0.04382783208042833,1.0856420354975762,0.6224922205524308,0.12413789805528519,-0.5794590009276074,-0.5147406288947967,-0.29374778223207526,-0.14783596732586196,0.06490738184215891,-0.09387371305565614,-0.07364104052420023,0.24757618991629843,0.059769123448144244,0.061763557698582126,-0.03973592574751336,0.06282533843175454,-0.02078128847006726,0.047587160509390714,0.018225481196691283,0.002415352208815098,-0.012672246542572527,-0.010235120480102942,5.207512562634201e-4,Sde-AMat_018 ,Matnog,4942.554261151236
-1.380472880874728,0.004461978293603303,0.40906360103488404,-0.26827173094238665,0.28727020029191,-0.6726065403605908,-0.44796153228880686,-2.298731289888797,0.29393156824879807,-0.4561970016225306,1.3919857800527158,0.660859256136725,0.33343631820455005,-0.5508002386180799,-0.660578765245957,0.277573763427989,-0.03746967428927049,-0.546546182735661,-0.9755238253284348,0.3294087602993825,-0.028826589936296006,-0.5217964943352643,0.4915076308483976,-0.4410802254180993,-0.27116883605982356,0.015380631002184588,0.059625045913255514,-0.11755242517319113,0.021271042381955377,0.09963793856538093,-0.020402236480429336,0.0028837762646432927,0.026669726600649746,0.005959177768576192,-0.00963731067248021,-2.386333656773515e-4,Sde-AMat_040 ,Matnog,5402.904458966583
1.5750602127405937,-1.5635727733223062,1.559201035117137,-0.7611884187842435,1.3660470323621032,-0.6169037070430604,0.5460481135723972,-0.48100616801828444,-0.0010756999326954897,-0.35252505848701665,-0.16740333740833951,0.6150530049632714,0.20227836447951858,-0.08641206444217167,0.7389486603990878,0.4835349435980117,0.43026356153018036,-0.02774394587030666,-0.47540122082640274,0.020111285094520454,-0.26737899413357613,-0.015901103290620194,0.242390466664023,0.34674489546487663,-0.08971018933518939,0.06844453384386931,-0.06341809326876292,-0.021346680566869093,-0.062304666275234545,-0.05500018192887493,-0.02523030023374556,-0.0046045285924247795,-0.010365730769044542,-0.004043919520769132,-0.001830017253996328,0.001100169494169724,Sde-CMat_167 ,Matnog,5739.675718605229
0.6758489237950724,-0.010148735460007802,-0.7379085608871616,0.5892314730775755,-1.8424110049956328,-0.8693178939631185,1.9608279798753594,-0.738613790320271,-0.09339327115341975,-0.9708957782412047,-0.5757419339934169,0.7629961554013303,-0.20333040908883368,-0.610687519501941,-0.13436472779717779,0.5240031889753202,0.06366199806730476,0.4148661727752468,-1.4065262869879027,0.47626575795167536,0.45995059090016877,-0.2501808535444489,0.4640978858433038,0.12827806174218054,-0.2700556630262361,0.10342635033186949,-0.1500087634456354,-0.06178429127350828,0.008453353926972898,-0.02081109271456228,0.013913674997695889,-0.009471320129764003,0.03579071784061543,-0.0037288112565139024,-0.0047394562306221875,0.0029747265766602027,Sde-AMat_037 ,Matnog,4775.363246201642
-1.014402997756685,1.8018593307470343,-0.822738930421724,0.21995409039461253,0.8905202815819954,-1.2640962361150072,0.3579986094112167,-2.2970843225703854,1.2584956655466406,0.08848600909941311,-0.7003672007398619,-0.4987847962447849,1.1291947035660745,0.6343154278709957,-0.12249441834705523,-0.014263406535069743,-0.16280882156991747,-0.9931104031994176,0.30577229887600443,0.36778556051286665,-0.10672328202796312,-0.772715853791238,0.6341142215861988,0.07452014146418678,0.12106062170064986,0.06831412500246924,0.03117587798620737,-0.024717914571082064,0.009656715287737464,-0.007104662390096495,-0.020676144031691556,-0.009250206102778692,0.007488822822440706,-0.006954828076276308,-0.0011050470494908746,1.1512638617794488e-4,Sde-CMat_193 ,Matnog,4094.8723038090243
-1.7902822228090398,0.024514917498639658,-1.348335484408805,1.4812203181988413,-0.2579447663559298,-0.03813768930780805,0.82724863987017,-1.1464136204052473,-0.012432013757609689,-0.7685794660645521,0.9356572100876667,0.39475432296575635,0.344689051366021,-0.6214566458567947,-0.21924646267766656,-0.9505082531992526,0.8902246438604647,0.26697572056013275,-0.23181650900442105,-0.045339097363290864,-0.34166296739011254,0.623066904233541,0.015381927754665427,-0.18527222829159282,-0.1202041149054386,-0.1527293263429034,-0.0367041824563173,0.056346570024813206,-0.11726996738090661,0.06621336102801703,0.006038661099983054,-0.04050123325542626,0.010204958200408584,-0.0021598371877608723,-0.002181430219147446,-2.0975976577325417e-4,Sde-CMat_157 ,Matnog,3631.4499852894487
-2.93917803389584,-1.6713771895964569,-10.991994923054982,-0.3754948610825296,7.353044651819708,1.874765573455185,2.1064808079772304,-1.9049310452992005,-2.1476780487352545,0.7361616720415728,0.5324392995497264,-0.8452512851911537,-0.15824058495748555,-1.2975969560585947,0.33136981150606837,1.03226272627989,-1.213177887960637,-0.35789352494463006,-1.0225547449477275,0.5341214501349745,-0.32793020399608197,0.31410593475576315,0.17428458220847562,-0.1343467693274204,-0.09262149554285762,-0.2123217647925333,0.3201426410405408,0.06851877743534669,0.11439298856778451,-0.11260283703187918,0.011997765418877523,-0.11492145723757713,-0.02679619801586526,0.037547796212531244,0.071434529497968,0.0013409416527816465,Sde-AMat_030 ,Matnog,4098.37187450089
-3.543837462540202,1.0239384983143303,-0.4179996918049705,-0.08109930941149912,0.006177218637597279,-0.43488976617957975,-0.09099499390973421,-2.316569664468749,0.9109060248553889,-0.9457323877729954,-0.149719270334292,0.15194113072990992,0.5568636614974207,0.73130246221995,0.4209257742826587,-0.23349163537017914,1.0562566068913029,0.11426547307039005,0.7471087732760944,0.5003700932886663,-0.5332286253665592,-0.26586856780382556,-0.0743002869726552,0.43311488293348666,0.02292045063192707,-0.06341237640191373,0.05640373908635055,0.04950668914105599,0.11027305361944163,0.01889276048731186,-0.022670570525176056,-0.008126218898605788,0.05678999390442136,0.004731992130673509,0.003383302463498012,0.001493808222220172,Sde-CMat_191 ,Matnog,4072.748402596524
0.7097834212713907,0.5509052586145626,1.0598991540177758,7.477729147494899,-1.1515653857313952,0.5006987222955759,1.9491282907399308,-2.1753923585555426,-0.6154849879431507,-0.5406524429417637,0.6593474662209153,0.7689227409250058,-0.19226406368842863,-0.8799011441965191,0.249507479285283,0.5795276018333084,-0.015621292890291042,-0.4991709546053771,-1.0065968700650736,-0.20712567307592544,-0.09187025472271748,-0.11264467616489013,0.12953863686057843,0.3027303630672268,-0.0249822849270073,0.07381135686796739,-0.08372013582025006,-0.05730332205592642,-0.152425279376415,-0.023637394586047675,-0.011924681167722434,0.0434088061415037,0.013336383872751233,0.02209758300752272,0.008256138667552296,-8.868178693770268e-6,Sde-AMat_003 ,Matnog,4327.56168939846
-3.0251818849836196,8.08546879597926,5.253580408001146,-0.07456572894404695,2.5524309375062906,0.8880967716542213,0.4410463019077717,-4.258546050549696,0.3324490910795409,-1.522618974013777,-0.7795271176632843,-0.8347170675397655,-0.12541973748390545,0.13623220064878233,-1.3245495684173392,0.39432277831527773,0.6937044789605935,0.5875093645335394,0.6971524579337012,-3.1898936574086667,1.3346952717852965,-0.007777574223742988,0.31995140692622626,0.1974781157105049,0.22944250248564113,-0.04534777346732329,0.09267635392564445,0.008702070096595814,0.16397411450476854,0.006415588482865456,-0.04665748735684965,-0.05299011329796032,-0.04798160300930756,0.021004294990029093,0.007880918821448413,0.0023768845885828033,Sde-CMat_198 ,Matnog,4202.813650716298
-0.011116845816159564,1.2541185711666825,0.31960980297466435,-0.6729334865942755,-1.7053265709981493,0.6085620122414461,1.2689897030719568,0.28072089425689956,-0.7584658821562765,-1.251118586490246,0.03789352447670128,-0.8620260824198918,1.2737107759091089,0.5796434069971957,0.5750296428455711,1.2745530597953942,-0.3392262914231734,0.7845894800689851,-0.10966178669952643,0.1980115443467469,-0.30246492202370484,-0.76502056752685,0.5222878061378552,0.22380754605678116,-0.2197014892442928,0.15680480244461534,-0.053390768144549926,-0.0870375945873093,0.01551587665287493,-0.06296123160078357,0.02662991067775458,0.010880741257638268,0.011905674506508212,-0.0020519153772545476,-8.516452886939291e-4,4.891214336070621e-4,Sde-AMat_023 ,Matnog,5458.03122408233
2.2010748039407275,0.5174958594356163,-0.4540030384319085,-0.7830203326640166,1.392940948831097,-0.5164794956798183,-0.6772758399708121,-2.645804785545149,1.4673402601859309,0.20882844200227146,-0.22125802602126138,-0.8619004166804932,-0.06191367525096744,0.18544062102307277,0.021836686681214246,0.03339839552275582,-0.30212863859325806,-0.23326162832784242,0.12058181452600823,-0.19331694796764382,-0.40200238444047165,1.3537126618234918e-4,0.12703123436885932,-0.06407616111585401,-0.18231685237919038,-0.0844632463389178,-0.0584231821216709,-0.037429732768840415,0.007497692957779849,0.01648142436233226,-0.025297178386810934,0.016313540288378156,-7.894779098439192e-5,-0.007189010932482852,-0.005489990271875484,8.304686651721127e-4,Sde-CMat_180 ,Matnog,5039.826842428758
-2.1734990362359765,0.17886888083439134,-1.3863103966879073,-0.6046397406619701,-2.0817202946556903,-0.6707988247526914,1.0207287827319185,-0.9689112927300303,-1.2366454787460284,-0.9127497897534902,-0.7448327696877313,-0.06299709783732363,0.8324841085185477,-1.5785152207908382,-0.15440421165381218,1.5508377729817235,0.014015933324186089,0.5490025762872952,-0.09695460604210127,-0.0786598794410922,-0.14154775602897665,-0.2364015828661739,0.10092399208181826,-0.06442605713435122,-0.040669764538566404,-0.1020759293395138,-0.08033695678259897,-0.04954480775841044,-0.027004274825440544,0.010083407070697468,0.020296435309191247,-0.012912251524156218,0.0016118953724717638,-0.008500955519881968,-0.0017993356708713194,9.35138449764783e-4,Sde-AMat_007 ,Matnog,4378.688572315024
-4.117910290487009,0.8734531998923051,-2.2729869871088644,-0.1011853955203414,-1.1383371262808566,0.08494334125761871,0.8332009157826232,-0.47250692303409614,-0.10702386076462478,-1.1758723620854092,0.5202557979914405,0.8295334313187525,1.6668978300508754,-1.5694856119728569,0.2562772131831991,0.9657547638315073,-0.8086873978669668,-0.18814508872583668,0.8109803493127272,0.3905926433890434,0.2627960698468811,0.31996068402062805,0.05392411103431871,-0.020924970624476687,0.0026620961768122476,-0.7508007953073608,-0.3732557335018425,-0.04118539781859916,-0.0970819894778609,0.05215780427885811,0.11994361275272007,-0.13448369533372775,-0.017649669842533147,0.0031640714929062515,0.0049526036235495105,6.422230309555133e-4,Sde-CMat_166 ,Matnog,3759.4418535425993
0.6335649082969473,0.8093834914760474,0.19307358763060736,0.6658891988734389,-0.07828396263961267,-1.0462558466976966,1.456024080467987,-1.632217146530614,0.033408601582830474,-0.11196083603182587,0.43177175334533496,0.8017722609214818,0.6614148590615017,0.3525172333347085,0.4710250209087287,-0.22213316607624217,0.6367125907849026,0.34053635603530297,-0.21419743740384029,-0.017484910055546782,-0.3755437161174279,0.5399871684044875,0.44646145125512643,-0.19236027510383952,-0.08864173806849464,0.2517401472582722,0.001927283035554419,-0.0506167963152377,-0.13720318255299982,-0.0280061275288633,-0.028030185668640864,-0.0294086083512346,-0.032645034533659946,-0.0044872616205293035,-0.003145469726716685,-1.8893762957901405e-4,Sde-CMat_168 ,Matnog,4238.27102696432
0.35085613204474936,-0.4153729009251515,-0.1525741522837609,0.4300930707773972,-1.0920475965223655,-0.8062967862074234,1.1012432089412851,-1.3793687021887586,0.5207327450692046,0.09266665461554283,1.2554595987202093,1.3387876796778768,-0.3270496303517344,0.36733687394118486,0.2008778764934224,0.7152370844768084,0.492507148759188,0.46991322922896317,-0.692180754843596,0.19667896249908082,0.4005126073919587,-0.07773324707962555,0.13821050197859924,0.04340136514460989,-0.13455311961215452,0.13937702125711016,0.006317810238180906,0.01710370192870423,-0.022641960630753872,-0.01240651927728427,0.052608727750841654,-0.008986251866547746,-0.004117704355946782,-0.006552220343273471,-0.001041723130534098,-2.3010713174581587e-4,Sde-AMat_039 ,Matnog,4856.912812587152
1.298783665376178,-0.32416600334480344,0.5957032602754667,-0.16399368017590465,0.37254487458870933,-0.5927058509631161,0.6454963362735392,-3.4299053741022325,1.2397542765885852,-0.49235090141924676,0.9538367136889684,-0.09399582541644459,-0.49841833834505805,-0.42334490757809684,0.46633234038164334,-0.08468134557358789,-0.4888643564417814,-0.08250356080716151,-0.6425392173556417,-0.34097870627582366,0.14395808607502952,0.3332129056474892,-0.05011614989438541,-0.3876491827751327,0.306826541692291,-0.004337126967377933,0.024718588817052835,-0.031098983073812078,-0.057488845879545794,-0.026520030821669843,0.08119379615581761,0.005391487156237936,3.621091801951151e-4,-0.013043921439980554,-0.012552464583110544,-9.187175509722256e-4,Sde-CMat_179 ,Matnog,4844.492046156485
-0.17986784622630014,-2.6712402421938717,2.127355339772111,-0.39350406585883313,-1.5853880305409713,-0.3860946629330595,0.6270287053084691,-1.7005870194555333,-0.4615760515629312,-0.680621209982864,1.5670633632944722,0.7258246685370977,-0.9203649633441316,0.47403779612996516,1.2863533610848954,0.6762716670023591,-0.3237457250682508,0.3115049828882646,-0.6460595927486312,-0.12769851579494731,-0.053158511669643686,-0.2306128063642358,0.8697499009297678,0.3696797512430899,-0.13338369961001084,-0.1487109517897229,-0.1532926263772744,-0.07453556752763213,-0.03242435565724157,-3.624375953638695e-4,-0.021852052494834094,-0.024627145735518934,0.011620161870708,0.005434833826311346,-0.004562999471912761,0.001924711877142618,Sde-AMat_013 ,Matnog,5798.210038230094
2.135833485288067,1.0922336224092875,-0.34102780431206736,0.05278716300937366,-0.07517782575397289,-0.44398172366124583,1.1060212427396336,-0.5460309342194991,0.4592687921900355,-0.31442416493809877,0.5069302921510058,0.4430082292312517,1.0216490905296842,0.20016619037005406,0.40076414263879184,0.5658562876438371,-0.14469476149383156,-0.463770933649701,-0.11532191112281794,0.08317003530830619,-0.10243195209353573,-0.23226835288022707,-0.059671078737775274,0.1251913052352078,-0.1189809196995516,-0.07896061265277354,-0.0061313769389735595,0.02666188186541016,0.09299583388920431,0.05244572996474592,0.011715079032212194,0.014055657146329482,0.015598132273971513,-0.006153389536248662,9.540869269750937e-4,-8.614645915260288e-4,Sde-CMat_194 ,Matnog,4599.650648269702
-4.507578659608488,2.629190155555678,0.09657123938679893,0.9583831962136343,1.1918534802917984,-0.41704621116831825,-0.1896041221832812,-2.5504336088006374,0.9299799190717603,-1.2421696304483782,-0.2328076497669353,0.7325323232949619,1.4204775356906518,0.5393908506466232,0.27853607589290025,0.3566113309842595,-1.0093967135839654,-0.4273456920715206,-0.11721877160965996,0.3248621081936812,0.14047270784454963,0.48236903289328326,0.21560680159574552,-0.0036420552908479793,-0.30807303059161695,0.19071710783413576,-0.06473755412363641,0.08215222084343807,-0.06575516448044436,-0.045002602212972705,-0.017889857439504817,0.04314559243369756,0.002130376015948905,-0.0029152535604155295,0.004575618801326421,9.221080436958018e-4,Sde-CMat_153 ,Matnog,3529.862378033749
4.065685539993049,-0.44935840677781747,-0.24911466122116102,-1.4231157297290875,-0.7829729014629956,0.12245110635398683,0.9508829512925316,-0.5459137074742384,-0.6017669094215324,-0.26064323425454783,0.15546640331710976,0.14796387458012325,-0.7292884430949029,-0.0012127142273825053,0.45579169818312043,1.0144742892818075,-0.40619012311055974,-0.05548240832685726,0.3920292692356747,0.014499120575897001,-0.08410791414016704,0.43265400894294676,0.48114119592139554,-0.20478630944689474,-0.28863762550253075,-0.15125288684007043,0.021906352972646852,-0.13258070014179274,0.04623903339028947,0.05497146899532586,0.0304628887077985,0.04294589670391501,0.008104866109066891,-0.002069335859009122,-0.005407369613038662,0.0021929570194721137,Sde-AMat_045 ,Matnog,4667.969318935998
-1.0165399824069037,0.8714250221661293,-0.12865732331037832,0.5191598161039799,0.26909410498595987,-1.0984158984073926,-0.2844650115777198,-0.81880163699761,0.44804909274512206,-1.0317184893552687,-0.3574466191586727,-0.41392079389691994,0.41976286035279414,-0.11677557546815788,-0.4839710813569702,-1.0219657944564222,0.5615519341071138,-0.46176271237238625,-0.7220054784243306,0.2854406256797399,-0.14310249874312184,-0.15963926079024773,0.10929797089745652,-0.33603037200971514,0.08853911708336093,0.2531569972728152,-4.501923616192227e-4,-0.006884822484823954,-0.0036403946881875277,0.003204163894280412,-0.011107727165621289,-0.010080506576002762,-0.015748916368005454,-4.001504500390253e-6,-0.002841360614056381,-0.0014407445302442173,Sde-CMat_174 ,Matnog,3712.386951583589
1.9897661077627637,-1.2430242664230209,1.134450908155502,-0.7690877243478822,-1.4761044698073233,0.08152519050629667,0.5751267344672168,-0.13090543317651496,-0.18089486973287144,0.6497135186301324,-0.03363291312841185,0.09331792730483611,-0.8226723607040738,-0.23752136194269396,-0.7208790962514426,0.28675069998132746,0.23785573387703407,0.41046946768920545,-0.5916033989510351,-0.06480785421757747,-0.23104384768903122,-0.4094806246539349,0.6952917259338479,0.2331452065879235,-0.07483876694285842,-0.10931306728275278,-0.10795979641531805,-0.1733631555082987,0.03007167314721513,0.001212467228905556,0.012661306518572654,-0.003223338498306961,-0.01311097289878677,-0.012431536408743143,0.004609255156770876,-0.0011254904793831788,Sde-AMat_041 ,Matnog,4762.770166138209
-2.374890213281119,9.297047933066915,0.5705199365873667,-0.5218899245205648,3.112924604717251,4.90226642140414,0.6586122655428839,-1.3082975827792511,0.8390980855053498,-2.3618625867882646,-0.9037118651212216,1.5472089271551925,-1.133217859498483,-1.8622706260459156,-1.2904099374967404,-0.04803176962906072,0.991911445112687,1.3763513795247053,0.18018702972542266,-0.8214910228752117,0.9206321319639099,0.7464017997177501,0.3131375773150536,0.16425370811323436,0.0763034606263392,-0.15860526549629791,0.00449424890513872,0.07404254370529467,-0.13331296908111046,-0.06168395080716425,-0.05029186002898636,-0.001811033169663162,0.00879352803988117,-0.07231093148601986,3.037915350028106e-4,0.0015622150381336408,Sde-CMat_156 ,Matnog,3404.1906257199807
0.5385234850202173,-1.6438868189235487,2.059912595079458,-1.3520516193716343,-3.288166200388459,1.0061851977468328,1.3546485215001562,-0.45594116509832344,0.5279203805098412,0.22757884388762042,-0.06064711002852888,0.9078543542193991,-1.0084262853647705,1.623499756784791,-0.42976301343664736,0.3818627233232753,0.4433178675437797,-0.389521494639144,-0.5565421709541558,0.16759567578290452,0.44574791733221686,-0.4219414201790044,0.0012877232213073363,0.2152133831734584,-0.08506702277000021,-0.11302130989939833,0.020956053319063132,0.013380216755045582,0.0806785764279428,-0.039409262791770615,-0.00864373460057309,0.026672879829616407,0.027530210890187472,0.003982301107158922,0.02201759484084807,-2.2562658894010115e-4,Sde-AMat_021 ,Matnog,6397.9374027652175
0.7999964650727245,4.84420914970517,1.6046901410918861,0.10458365532684971,1.2929616814812561,0.26861744764217776,0.9947150512877512,-0.038499755303450595,-3.0049583073490016,-2.566399341002087,-1.3369227210138357,0.4929724795099976,-1.075675127073163,0.2226271743456868,2.8270883642424613,-0.5421236464134647,0.6993287955719916,0.015472878750474185,0.14003743427781712,0.07828892467345866,-0.14770702002525113,0.11048782993084216,0.18544605974836736,-0.2580141858083899,-0.03664963371835601,0.10140686269887031,0.12256062526109124,-0.03486160923913556,-0.06649036673013362,0.004089668539566226,0.03153032494669629,0.013452683597370264,-0.0027628380838011224,0.017141407996502617,-0.018733939307530742,-2.3510891360589703e-4,Sde-CMat_151 ,Matnog,3889.0701078753746
-2.017580346453568,-0.9937225498859628,-5.659332797802835,3.9401802451645205,6.032717608037329,-0.31132963721001533,1.021073791041243,-1.6611601303601102,-3.3825720038942393,1.6388091759340748,2.8432900704810753,-0.13042887614950555,-1.8434456527911192,-0.06110535436614123,-0.5247463587847148,0.7892753628036345,-0.30165114388744163,0.9511068885367221,0.16820978939476566,-0.17166142059370004,-0.3867508136087164,-0.21110822436902016,0.3834141582464996,0.14420240894166003,0.047845459157144596,-0.1437661070212878,0.054352016550875806,-0.09179626065073296,-0.1048679578704641,-9.719142447471227e-5,0.016191188705556418,-0.023405000705446606,-0.01898080111126802,0.008600528597575086,0.03736810872792446,-0.0025846074855924994,Sde-AMat_009 ,Matnog,4005.449129125775
-2.848191470665223,0.3555133571581166,-0.7861099576506319,0.7563084487309264,0.709231738956466,-0.22929401656816611,1.1465123891013198,-1.2475546622211344,-0.4319973267114589,-0.8091408761020911,-0.44844922715918023,0.4268261005749518,-0.6538840021627801,0.10706711471030572,-0.17751296051728693,-0.1558134579060884,1.0319883523165714,0.2147381503295644,-0.2546210804089662,0.8038223959870315,0.2603420063044829,0.02898547862304454,0.32288474324709027,-0.022547421106187723,0.06512932087309037,0.07377492340027073,0.10533797581048868,-0.03928260997299188,-0.0027394908855598032,0.032670608402407535,-0.03184034427546795,5.051348072142026e-4,0.032703542853785655,0.0015755361308796428,-0.0044429570354639625,0.0010836807154603334,Sde-CMat_169 ,Matnog,4088.2902528861323
0.5848310312429739,2.5891739793771444,-2.0954859763252736,0.03743869627702349,-3.1847740994245943,-0.11989924366465878,1.4485924815651774,-1.2380177128947514,-0.3092428567144141,-0.9040328545398479,-1.3194743592406577,0.4439871918866945,0.4573336993530471,1.3494433253866904,-0.49814856554638665,0.5183158717865303,0.1919881893181742,0.04102101790790784,-0.35477673422451034,0.39618743141323526,-0.3343686237104674,0.4284788945045356,0.0925747668025923,0.15269959301624902,-0.3982428304112458,0.12053159864981637,0.18177638850138925,0.12054450062659643,0.05888534415714505,0.042777160585305875,-0.005398753718016269,0.059671621746613654,-0.009773572785538033,-6.790948269905714e-4,-0.0018085122770240686,-0.002563322043472649,Sde-AMat_034 ,Matnog,3807.6937446619986
-0.7867519911278489,-1.6216892254949515,-5.849930270293452,0.0745108000827787,-2.1162312362312585,-1.0779718755543342,0.6970221571170563,0.2501329151101762,1.5496726874636908,-1.7682599957156098,0.4325832198047947,-1.4680175957070876,-0.07750688697356584,1.4018468925623961,-0.17683859519313738,-0.678110768880344,-0.5971569282617627,-1.5559590284572664,0.5152585580389972,-0.8585911278760687,0.3594713591489633,0.7580785462051887,0.1628395096913606,0.01863978361615247,-0.2822558988907136,-0.1594788339202594,-0.1738849576604153,0.06711245809558317,-0.008225071616417709,-0.006678110571725744,0.0605194807049926,-0.0482427841436588,0.0063669398309247754,-0.015317128937726767,-8.531031898829575e-5,0.0016929331920161883,130 ,Matnog,3638.4624257361693
-7.478421300833818,-1.0157657933517457,1.4297863385752283,1.2497080021026603,0.8485766801367576,-1.1630919677717961,0.8396446479753041,-2.353746131332711,-0.5555921660244456,-0.14364030685664358,-0.8018794255772754,1.0853613413187477,-0.4768144616371384,0.36167357065322614,-0.5705349972931384,-0.6822087047925693,1.0249301274673903,-0.16920441691875857,-0.8595507863513652,-0.03537620148910925,-0.5141753025488929,-0.023377787281715134,0.007822226365569618,-0.1274636865370744,0.09315992938911155,0.17010578257283843,0.07830749881297663,-0.15506643425110267,-0.10058587262931243,0.002758976520932474,0.03260056943028061,0.008828986285783352,-0.0393064332772782,-0.010892945061409837,-0.005657217141436778,-0.0013317476943475182,Sde-CMat_182 ,Matnog,4490.665727656259
2.9181327786230877,-2.083469228206674,0.9234880197697524,-0.8659384668754435,-0.17698067059678643,0.3395659234940497,-0.13917039584316826,-0.13425713081599225,0.6510462451414738,-0.1100709849375068,0.37052050091123423,1.7470104848769672,-0.8245896728700702,0.019017721874684798,-0.762230434867007,0.7006968125621555,0.7702449296116789,-0.08766385438344126,-1.0824388327140442,-0.40385884824252666,-0.4335275896131389,-0.21436587567403825,0.11591162725050859,0.37955905319701805,-0.2343476107663735,-0.05250728303000007,-0.10106342729858564,-0.13084707551962055,-0.011131966797758344,-0.05203569716236026,0.009837172784858779,-4.142226822197413e-4,0.004370978118552679,0.015450988506529057,0.013751046044973778,0.0025795223222871214,Sde-AMat_019 ,Matnog,6060.556215610912
0.044675177799100914,0.40170988737114943,-0.7392865992053534,0.5529757548693285,-0.6789483954989066,0.6658116924168284,1.9317318581088894,0.3845331958332561,-0.8806688784336192,0.48812324634510856,0.9825652972689193,-0.2280055734583485,0.546621078362796,-0.2779116251036486,-0.5416162056308393,-1.2005186116368751,0.6650268467119143,-0.1606961448112584,0.3144344110748606,-0.05386219693350567,-0.07292990352511682,-0.6760367538475986,0.24639845927163412,-0.08718087344640232,0.1727155501536922,-0.006294243750836905,-0.02516171387258835,0.021682165358989224,-0.057445056101115506,0.034489881858448625,0.031862034997074996,-0.032021908168649284,-0.0028361167375852035,-0.008747551299981098,-0.009576325231749434,1.9619811400401962e-4,Sde-CMat_158 ,Matnog,4721.062814859107
-6.1001228257120825,2.216280700583696,-2.0260957414881102,-8.189573859126408,0.3874869253172398,-5.47561621750214,4.207866051642016,2.773418897467339,3.245416404363011,-1.0445947191468659,4.802302842517674,-2.1137755737920663,-2.219777222968882,-2.2584279868780035,1.1174468809720783,0.25181258439360876,-1.2045237719404278,-0.2958796947983347,1.3512286824583357,1.3494885731749404,-0.6334274347168602,0.32846917660452546,-0.6483981313588872,0.6487018911032405,0.5479296432032503,0.5566461077728564,0.12847352572668133,-0.25926318667786663,-0.3406973542388217,0.18348422832525052,-0.02927440919833422,0.09227165430085335,-0.0018069595696191734,0.02905684907554989,0.02764251671718345,0.003229611779191524,135 ,Matnog,5352.868930720696
3.3211664529789036,0.13058014216050454,0.8971995143703279,-0.4963012610154389,1.196714400270761,-0.9031142964547771,0.5753882210003374,-0.22317015293684955,0.6133839198944474,-0.2293363645842652,-0.39839864178636086,-0.5124334902143524,0.08024479760778366,0.29367193837720484,0.04463910164070048,-0.34008659963565524,0.8236719170363989,-0.155897861933485,0.3075734330398786,0.11536310997488824,-0.1603528087594984,-0.25414323778170594,0.1814283046892719,-0.08265778165193985,0.0870806462883107,0.3256450915038878,0.012467510611729293,-0.036530388685936756,0.0029974491033381567,-0.0777215207227813,0.02418891282861401,-0.01569835828273595,-0.028208498174026316,-8.040158319634651e-4,-0.009470364810831574,-9.059212974038555e-5,Sde-CMat_184 ,Matnog,5159.64851047787
3.359301282724557,2.5182127754852193,-1.3989077529170788,0.6810639353228877,-0.44800859744999066,0.32827870402973375,1.465594906874017,0.4983727121003789,0.3281095640729461,0.7064543712710211,0.052979568779629005,0.059631678628855864,-1.1244683945912473,0.6901994205140569,-0.6155759574307972,-0.44171219763076286,-1.372271756428166,-0.04130268829505374,-0.280941918936426,0.2728725845111944,0.6271770157075365,-0.80074081419588,-0.3264080136327643,-0.08978472701561568,0.40580936821465824,0.08985920298520955,0.03631093809984104,0.09807938563978527,-0.03332509090039196,-0.007870997818134454,-0.004663252051115081,-0.01769133004723624,0.019598077808964158,-0.01901655120319989,0.0013559360068888578,-0.0015426067147218947,Sde-AMat_008 ,Matnog,3991.194639484349
-1.749114259258634,0.9302252066694848,-0.40466111096296786,0.7000794681857984,0.4828943749169115,0.7181306317407307,1.2493832735195192,-0.49031456308131083,0.36246866958181007,-0.24539102290572806,-1.1299311317947094,-0.4808763368091716,0.5497834832172991,0.6703022005097412,0.26978552778405057,-0.7527474792946297,0.7347541555417317,0.42905261281389895,0.2677104390576796,0.24441477133249,-0.2347911361814174,-0.10021436348092258,-0.043967415038670056,0.023379591958607684,-0.1251216073601132,-0.33009209917648147,0.00920238963426391,-0.044277670789581905,-0.02522206136733417,0.06717793002041228,0.034311196981855856,0.018105837435195643,0.012025115639489553,1.8747013349763517e-5,0.009891544668737928,0.0013718710688371827,Sde-CMat_192 ,Matnog,4154.4133678617245
-0.8296157731438525,1.4009360167550686,-1.0216666856805738,-0.6107273409591241,1.2515274946172623,-0.8086453335275738,0.18724943371106673,-1.1267236911716456,-0.7160924285941959,-0.8903961998629186,-0.19270706895100365,0.8149017942449903,-0.40520332061860725,-0.333943412603708,-0.7042492450406086,-0.24942983575961572,0.09962721664297763,-0.01421275700193518,-0.4109605088711199,0.1389470813626965,-0.4026589788108199,-0.29668801003079653,-0.5344710636213528,-0.3276180088786864,0.051146698301662054,0.14761392997152906,0.04685509221062496,-0.07078159451823209,-0.013590194644996563,0.01786469917692404,-0.05273874238826648,-0.0022710192618104197,-0.010373754235304233,0.004816717475747322,-0.007876536906778326,-0.0016291059041661504,Sde-AMat_010 ,Matnog,4367.4855121434775
-0.48471165584338843,3.097585041837491,-1.9553269520646845,0.05706690409443564,-0.641819700724065,1.4656021977165883,-0.6529776424596705,-0.29933550975228834,-0.5699117321012476,-0.6422114858915703,0.3751343571717017,0.35768905156755393,0.6845958426820467,-0.49673950589764404,-0.6497225036589943,-1.3719536004420287,0.5674478668104227,-0.4810842526028487,1.0819329716209827,-0.5671225863554327,-1.0170878714403997,-0.07233054269900498,-0.10194942160849432,0.6166685818427733,0.148519699500708,-0.3467818879497568,-0.11185799290437416,0.1658680510174423,-0.0014668764193394215,0.024924930842206018,-0.05485702873419085,-0.04801140820400574,0.056656405933136596,0.0022732649528892984,0.01125052586331124,-0.0022947648005034495,Sde-CMat_165 ,Matnog,3279.4062029002766
0.8134369357514104,-2.5801809277642165,1.9269786971232903,-0.17254388399777226,-2.7248513815658693,0.8409397281910365,1.4975452336561605,-2.141584060004596,-0.2738417460421667,-0.08509293790973754,1.0073809086073373,-1.2386136573621722,-0.6712728777285755,0.8764491266072727,1.4029845739001652,-1.1578391620976347,-0.9065533088365234,0.30160684722659103,-0.7455291023825906,-0.13910906449185714,0.11080734869754838,-0.3149736271426156,-0.41360327585052126,0.2571160808827898,0.25996769542414133,-0.08333542010278312,-0.0958780031818089,0.00689318826043521,0.04290010167330572,-0.007734893036400497,0.02018160530013762,-0.034742264220954396,0.010747466952345477,-0.0022696458900176193,0.002811290582146452,-6.929208568318135e-6,Sde-AMat_001 ,Matnog,5953.511706310851
1.177427510079992,1.1244604585331692,-0.047863593304169734,0.24693538490817638,-0.6161166771902645,-0.39246641453502273,0.9862407753300886,0.02649298139678563,1.100007657192154,0.3315635147121191,-1.1110707020069792,-0.8099360394836651,-0.06540457117706493,0.10570502418938296,0.9115843863973834,0.1575676896882215,0.01106635206362094,-0.0562224951529021,-0.31803644039075246,0.10091787952697082,-0.6896635490182431,-0.2583053251456733,-0.10828752963344604,-0.20496226756129352,0.2509529817311844,0.10991439937008624,-0.04483280761204486,0.02067893196408463,0.01781308444806704,-0.0031386367361469006,-0.012826118700477996,0.00854045312738658,-0.011247339832712703,-0.017260895203014277,-0.003597165710639791,-0.00101639890452003,Sde-CMat_195 ,Matnog,4728.532999964266
-0.3720939895382956,0.10380584938230673,0.499586270710286,-0.341009757034866,-1.4278390446706803,-0.31200811866778505,0.5017324808821211,-0.4685209485574293,-0.677107390771686,-0.39245867164490317,0.3714781385637142,-0.5112648164056164,0.18145764847135432,0.7409350692892261,-0.6920817837627123,1.151558904984878,-0.11828176522439782,-0.319101777899455,-0.3602839450984889,-0.3305242844566145,-0.5698531348847374,-0.5385136062790039,0.2790549563557317,0.20135956688137793,0.09167331686357748,-0.1962483374764533,-0.06553982642721423,0.09356720446532975,0.014976790426810903,0.03037484863770872,0.006569396749992267,0.053043330370849386,0.04448321493281604,0.00878587345729195,0.009882728232737246,0.0012908358591863858,Sde-AMat_017 ,Matnog,5452.81467283988
-1.4665372831382075,-2.3281906578833986,-4.825459781491188,-0.8554160075552338,-1.1282141492602296,-0.8790166240734476,-0.37915928648002073,0.21380916197709274,-0.3902065553426592,-0.48704281213190753,-0.08474959132916429,0.3086706408180891,0.2324489129378274,-0.5014284295562478,0.12212478297582313,0.8964855897088279,1.055718020195871,-0.27156133961954493,0.537152546844889,-0.9892772009123205,0.010657933423064508,0.03424728152231084,-0.3137613929078902,0.45801061518459846,-0.15073047517968952,-0.3341388500945286,0.02308835598516504,0.11056208144819969,0.05909751479249921,0.07171943326725708,0.018004848836229666,-0.03359128222232059,-0.0038394584470610796,-0.006040108623466527,-0.010289121848382068,-0.001976351899405107,Sde-CMat_152 ,Matnog,3583.5508398798706
3.9080315795707863,3.1161651083578112,1.7325808073836528,-0.6079539268017486,-2.2823322169927818,-4.724262190981488,1.0170091806585961,-1.862356460136345,-2.095065703542404,3.6390581026200257,1.1434466085418464,0.6490462638176941,0.997226219731276,0.20777679473082195,-1.1546239514137102,-0.043148992100988375,0.7267456184638138,1.1418367899075472,0.7078435093193305,0.4087984530615788,0.4446837586115695,0.07295943624813317,-0.33624371631929006,0.10957571895520424,0.08471990911121018,-0.5267373841318311,0.19756228017699268,0.04323972527327022,0.04479078561556628,-0.2007877844433541,0.015444745663138745,0.046263700027686275,-0.024574443811304508,-0.028011790629045318,-0.011674401650464891,-9.839232686667532e-5,145 ,Matnog,3986.9619076689733
3.611760039231484,0.6553210846398853,0.04243219132460439,-0.3370092086535996,1.7595908093438584,-0.4422633392870387,1.584936641453124,-0.5553014605562054,0.7155405206837271,-0.06948431663316082,0.33407468095004517,0.358268902150462,0.6521321975116801,0.7129611071003165,0.4818381010734944,-0.681848040592095,0.4179115185332962,0.010671976667103053,0.07027172948452076,0.18642602067705893,-0.22508610659891368,-0.30961489277181914,-0.08218860718180582,0.13227519859932063,0.020996427202463613,-0.09598844452060007,-0.06744531889543533,-0.09048221978238052,0.028985851195561838,0.002353549180352986,-0.001159126429506871,-0.004140578659652179,-0.01646843079638323,-0.012395471742034451,0.0021625812357356188,2.170423760063933e-4,Sde-CMat_178 ,Matnog,4958.760754089134
1.0530514306374932,-1.001267985983022,0.2957337122839001,-1.0105395925472012,-2.113427298624721,0.2618141843697363,1.7796869358202014,0.08580977528165393,-0.03833448696235145,-0.1329106015427106,1.1480675074245712,0.46276617892306693,-0.20885297544128129,1.0350302571739247,0.07583454379927869,1.0240497986632782,0.3985209561623727,0.15175585945256326,0.24354077931181223,-0.05103046416323337,0.33959431113041594,-0.5904538624360551,-0.0705108676286545,0.04708341855835818,-0.05392428507874011,-0.22115875815941421,-0.13624387612428096,0.07942067871214857,0.024653222439349125,0.02667943022503178,-0.022385327191734795,-0.010720008628630541,-0.02256807022183334,-0.005358889915025452,0.006579560777512907,-0.004175061876068115,Sde-AMat_016 ,Matnog,5377.870899512929
-0.38514857471384245,-0.17616122499264403,-2.5872306814806185,0.7380845803377072,-1.2441567802653164,-0.315586857697066,0.7739025574736299,0.5296370061693318,-1.2488327782202202,-0.6029316234961724,-0.6086653728702784,0.7262490102833541,0.8854244323474196,-1.5047109926515168,-0.7567010479372855,-0.47524415547229826,0.9033987184557686,-0.4034539194437188,-0.3785459273598878,-0.5202101195731021,-0.3474430119709667,-0.2045893014197809,-0.39859758472734613,0.08523071651481032,0.12582418345619592,-0.07943979548557524,-0.06292267354489006,0.09779023876462753,0.005562307965738297,0.057773197412780114,0.045879642567125366,0.014565266315312027,-0.012327330265937742,0.0021119742733490786,0.002474550476247832,1.1949549699169504e-4,148 ,Matnog,3976.439119404987
3.2905935847851797,-1.0184047211184581,-0.3240553090881521,-0.8301666759360367,-0.9884802412462188,0.24970571343958797,-0.7536649376265396,-0.4153557072507205,-0.3005159808976937,-0.6204056619304765,0.390788794456301,-1.568366563697124,-1.0021465791506212,-0.45752326493040074,-0.028048883751287446,0.5462204416256154,-0.9549892251826682,0.053482235353650466,-0.18006227294884428,-0.4833011847436484,-0.347660944471874,-0.002260721665180508,0.05492743771163897,0.15762121511588606,-0.1565397721254098,0.05953042448388331,-0.13768232335506803,0.09370698338022586,-0.02952030002678429,-0.013740671140753764,0.02818110543529976,0.0032899868090634984,0.002626545509575095,0.005277681640779325,-0.011979326758511153,-3.146127962602441e-4,Sde-AMat_020 ,Matnog,5807.282594919886
-0.5103251292881065,-0.02501921671195699,-0.8039898962507764,0.5000694004576642,0.9137309273082564,-0.9161779680998219,-0.3608728345427371,-1.6440337743811633,-0.24508040447977478,-0.6122690157791781,-0.8572972014971029,0.22724097915272487,-1.5460417541601212,0.6143562353816474,0.5973378485911228,-1.1060698276236103,0.4723396694269569,-0.48535481022219623,0.216076763697028,0.42768891236527057,0.09040144030613258,0.2754486912333397,0.11754815064154937,0.34619619788277384,-0.1252249886998874,0.10199175248428943,0.038468595191346405,0.050613241944732955,-0.011927287314200986,-0.027381978809351927,0.04102882130732202,-0.00373600009105984,-0.002554388185150299,4.162006124382167e-5,6.475899022781624e-5,8.096037072516382e-4,Sde-CMat_187 ,Matnog,4258.596429905695
-0.6500901066434657,-1.3769209963980997,1.126530112460696,-1.9710978161843997,-1.9323700578395235,-0.6897597794975621,1.7432514199617253,-0.11357936063430987,-0.8901004732641526,-1.2421812650373227,0.3256018726387326,-0.39958140918722623,-1.0564430306609052,0.9037055179218636,-0.8917120567449269,-1.3245614896271989,-0.6716681438251487,-0.6437773216090077,0.19042005522222338,-0.12193039998275423,0.35451921878467063,-0.23699238342277024,-0.23603076949528845,0.24998625661758803,0.4137803255909281,-0.14145860876780988,-0.011808859060993784,-0.034954087575433765,0.03180341909722333,-0.08233458735044791,-0.016001194939198212,-0.024010712463137688,0.047820863285831294,-0.012932154369233638,0.011204988036313646,0.0012966118144057126,Sde-AMat_022 ,Matnog,5169.767158836365
1.6188709437836026,0.15153645031246513,0.5337559805995905,-0.3041790826078305,1.4314959137047227,-0.06753975243670324,0.625362184269722,-0.8399525522288089,0.27303922679679804,0.7556361048979359,-0.992193383852213,-0.18783385769754746,-0.6734113389579314,0.027128704666649073,-0.33150574398017474,-0.4042309680542633,0.620167015727636,0.0845242996883917,0.3825154313017814,0.4168142055005686,-0.08095615692162776,0.4900709014175707,0.028342128488351728,0.006679153989998153,-0.17400896218133768,0.056226132624727136,-0.11145580874977949,0.13170840341573928,-0.007009555570016618,-0.044916284326718375,-0.008287218628051238,0.04646647623660428,0.018037476854731952,3.391971433972501e-4,0.012732777561669819,0.0010666115828463218,Sde-CMat_177 ,Matnog,4827.177818601663
0.20812199685947272,-1.1559435323637552,-0.24432472415348958,0.5821305573375054,1.8876561068991151,-0.7647205901051521,-0.049188986982795134,-0.31005673157509644,0.1538429831823854,0.3887134451603345,0.6564678387954093,-0.525426843562588,-0.18830383165765258,-0.7305146808236411,-0.12718533026192183,-0.4927491932305256,-0.07968161889767796,0.31579747148693155,0.12109456509534308,-0.147378574536396,0.03566353007327286,0.2952331309620659,-0.028402975216134947,-0.2669319032037623,0.19503123836505493,0.11814761530312833,-0.002180792022644446,-0.1129513180136502,0.007532438416596266,-0.011620506682370925,-0.006309479909303983,-0.024473815190878944,0.006096832499607837,-0.004961491523316039,-0.007061734455208579,-0.0021993277317142595,Sde-CMat_196 ,Matnog,4542.057124548428
0.25988379296965036,-0.7486484307803014,1.5338479932255082,-1.2133813166585552,0.9978261591987296,-2.941468826791726,-0.24430335736007996,-2.2010758136567934,0.35472309763870474,-2.502370293795942,-0.6752976724232361,-0.599738759693604,-1.292163415550486,0.6555668881331403,-1.920157224818631,-0.6542453220567814,-1.0900733732387917,0.24271884231585364,0.157154588842362,-0.5260038210014959,-0.11760954961802202,-1.0554670340621994,-0.3996285627305958,0.09358081502858334,-0.2459756288444759,0.040211281457227674,-0.12855094202398704,-0.13330319396833212,-0.05323345887278765,-0.037755905616253506,-0.05226163450196023,-0.041111643440293603,-0.0045957852875509325,0.0021363334349348284,0.002341292445126507,5.752010094902671e-4,Sde-AMat_038 ,Matnog,5356.509893749455
0.29118318138551175,-0.7860278145511851,0.6941787873634208,-0.21582918144397434,0.6074892460147437,-0.512859682040503,1.4815065397439635,-0.8258095803114726,-0.09422589431089,-0.09277967031384263,-0.11314876098293787,-0.904148991015932,0.1860383372036324,0.6801932976821052,0.5080741870346401,0.44051076503225983,-0.2230712400225981,0.5514935344614733,0.03180952731246224,0.40221761498221337,0.17200093498568125,0.03648005512078288,0.16731012512420468,-0.05412473053712881,0.12328543640753632,-0.25367495686030994,0.04461370382158191,-0.05314832927737834,-0.043070159895388226,0.08019591050694395,-0.03591171100964567,-0.009482342722810344,0.024536296066676996,-0.011036699028038234,-0.002595187868518635,5.844389358684379e-4,Sde-CMat_201 ,Matnog,5467.900942279674
5.003830881769704,-0.6648746032503073,1.1298318144434076,-0.6131383746983547,0.8911432168612078,-1.7545119689465178,-0.34163679712685296,-1.6521601230441632,0.02953278779186458,-0.26724318333939845,-0.8329453759865713,0.8035430314466055,-0.834050390526996,-0.053062319813711324,-0.3522641367539767,-0.612796056386894,0.15697700361858372,0.291139040945333,-0.46439338068412594,0.5251122071508267,0.6014925882745032,-0.23615049908248428,-0.3847696311473155,0.2024651085443887,0.1088033603065377,0.08356920166188823,-0.1691142499025159,0.12284978763439733,0.01401596617201144,-0.02231258512134033,-0.010673237830081546,0.04511193890185449,-0.031139317661612535,0.018920927651365285,0.005178340044875952,-4.547509186004009e-4,Sde-AMat_027 ,Matnog,5939.55645615
0.17717333973875382,0.2637883848177025,-0.32311603398028427,0.3387000329360299,0.19237955558736866,-0.5582619651805094,0.3453933274520986,-0.7512443619063608,0.5759519567697133,-0.08897644708966707,0.10697473565117804,-0.30382115230685175,0.2865111418713379,0.11559042436297101,0.685774880711197,0.2857108057458541,-0.028344744785798615,-0.4808119492322262,0.3903838823682801,-0.34867489097245496,-0.2031213706668894,0.025887364303910695,0.07191733583193387,-0.212276628932735,0.13057979684786925,-0.09170050993101647,-0.10368070317435263,-0.07396467277392335,-0.00830541539574988,0.023969602101527866,0.019998266035723328,5.055849546390483e-4,-0.012401462893441845,-0.008467577457724848,-5.616934011385619e-4,3.729858555054366e-5,Sde-CMat_175 ,Matnog,4621.30827135767
2.572253100964279,-0.020796604054537385,0.7673150752256247,-1.160384166894231,-0.9738539321792001,-1.26999090891432,0.5914277783027564,-0.29362579115994414,-2.02792825030957e-4,-1.4127200817997825,0.29547055978134995,0.43600222249027987,-0.7132249288366871,-0.24072486882171362,-0.1404667464877576,0.7008004285320392,-0.21911584043149576,-0.21130547334616906,-1.3141867249839596,0.08172592978860257,-0.11660100487214192,-0.017044917694861775,0.15185518587900781,0.1258178897970294,0.17443656532110308,0.17753079667619506,-0.06120040043560638,0.05281480230907563,0.08657089141496348,-0.060855127879551954,0.01040576680705018,0.053413892285424376,0.03336435777699275,0.00982901354942571,6.740596142795784e-5,0.001515919020736084,Sde-AMat_005 ,Matnog,5776.340508454418
2.8305369766351545,0.12383762401256883,-1.4419723741083423,-1.1572605307806787,0.7133789085938093,-0.455337846640751,1.7278305316361247,-1.1798053717222763,-0.01603511293468879,-0.1020073014372161,0.8260213302084537,-1.3424328587167265,-0.2797908657384145,0.8511390332576025,-0.1828820058000537,-0.40884326419336475,0.031029115976550364,-0.2638983427695072,0.314732273850563,-0.028254426865880033,0.11270081272606446,0.07763194929105595,0.07125469026294526,-0.14088503192595805,0.07843709548413391,0.01868185804143381,-0.12789786792690871,0.04771523145873528,-0.026956476629668484,-0.06536532517577665,0.025547692183964438,-0.005637388064174485,-0.005014389316022987,-0.008053803982682333,6.572658013105116e-4,5.251013114912773e-4,Sde-CMat_190 ,Matnog,4984.048090464548
1.910634099705644,0.24500178718181503,0.21633352322587446,-1.2675698430967188,-2.054780626526798,0.7544605089384419,0.2873396921171141,-0.40046219415701695,0.09497645219474288,-1.0849362708463346,0.3656267021320203,-1.5633986058358502,0.11756370251895616,0.13847118811512688,-0.5418396104581387,1.0543156714739814,-0.04580967520703203,0.3135956458431165,-0.6847805879679294,0.43980843350615517,0.25517626337282606,-0.31820561992034124,0.1229963440467631,0.021965805307979737,-0.14028426792751,-0.14447657981659853,-0.07453214172190724,-0.13732021019794263,0.08896729214539618,0.022295601816592212,0.05348060012720387,0.027062068523722938,0.014490835375980315,0.005767483274255424,-0.015201048890353456,-0.003418213766354053,Sde-AMat_015 ,Matnog,5781.328392367516
6.162941378776849,1.5672832962805017,-0.41152891214866444,-0.5933811499183251,1.3625096861953305,-2.1903473724938434,0.8434399053844047,-0.5557103009557456,-0.22162232764019435,-0.4097851322335622,-0.6720832721665322,-0.9613523287569956,-0.421420310299891,0.167105457914213,0.2826212105006471,0.44004745703591713,0.8139725995419987,-0.14703096378571684,0.2580671743437277,0.09681674301072413,-0.1654624846217916,-0.18648416686776415,-0.30699616136106767,-0.006431058393869489,0.01581241157033462,0.08395807855439687,-0.102101099669402,0.10861118152174562,-0.02419207607376235,-0.02225014379880494,-0.045139587893123945,-0.02351815009028277,0.0020230326570793294,9.021923356511731e-4,-0.004746797734246924,-3.3384564005203843e-4,Sde-AMat_015 ,Matnog,4868.83602584845
-1.0763442408203245,1.343777008396717,0.19394809714423397,0.14396052273978655,-3.1184940943099706,-3.344386731983739,1.4458214414822337,-1.2900792544994357,-1.9473411005485397,1.9848264010013732,0.5181146881629735,-0.37935769887961013,1.0438133188565109,-0.6082282168267691,-0.11357747767509499,0.7166651163503296,-0.653027129559166,-0.4711163464767835,0.3668530614060009,0.12536211142675055,0.35788712680556123,0.18684261470395563,-0.4510391491357353,-0.36953603918915545,0.14049636927307382,-0.03232167694264826,0.028334880872343107,-0.03448951676663144,0.07138813311238397,-0.016138904602700663,-0.061407256094046445,-0.039703242830547825,-0.022765689223208065,-0.014985837649348441,-0.009175569323467905,-5.103032283463871e-4,Sde-AMat_043 ,Matnog,3973.470668652107
-1.5734417029944467,1.8992399451594544,-0.05913826985885545,0.22102046319071147,1.1086861352295927,-0.275050037698326,1.1100708036056854,-1.0081372185103954,-0.5230309958003053,-0.5855029632195996,-0.65352852812386,0.5605282015528066,1.1527787907707894,-0.7276362267988372,0.29521214242175153,-0.28791062708927184,-0.20085423783239076,-0.2854531484435476,-0.23986185801090593,0.5989845429316906,0.06985816884060561,0.1000575342060076,0.04679831430892768,-0.17444133033908898,0.19772043513169876,-0.04099934381590162,-0.06283632790689697,0.09540052639832138,-0.051586496379888505,0.03909419519192819,-0.042271998907452715,-0.0028966260440009897,-0.027500990831765403,-0.00817108985609152,-4.308817904597022e-4,-0.0015938969614525678,Sde-CMat_181 ,Matnog,4173.530454214737
3.360081874847608,2.4260641935401925,-2.3761363822370067,0.7135680447008923,-0.5991185587646193,1.2671743982191617,2.1351794235083186,0.35465259699414137,0.2021114655771053,0.11796727867314859,0.0968915426399406,-0.3645335992797181,-0.2805466071192111,0.5121836224355941,0.20551063254115126,-0.18254535881298745,0.35883579064274496,0.6252738831080934,0.6767022343011824,0.04698555747015726,-0.589328978028603,0.08305102620814372,0.026459198272926046,-0.4691334884230826,-0.04531421884284649,-0.2922707686430099,-0.07729087772801892,0.15119383901005076,-0.02054287084787399,0.14157145730351675,-0.0813059646496584,0.011367655018324041,0.005243398881726931,0.009546709664830146,-0.001817040807578052,8.373958615879307e-4,Sde-CMat_155 ,Matnog,3958.433636771853
6.042377114423032,-0.010823046300135447,-0.8443119241870618,0.2623246848405981,1.3170787971336133,-0.3165015437920017,0.17511177322875116,-0.2002548513816825,0.010310079876097333,0.20140085214679834,1.031045523839774,-0.11019682602689304,0.4355998707411131,-0.14299240384598533,0.0261933351949854,-0.5659160676637068,0.20323777207960625,-0.06959956290055691,0.5913269510314664,0.13817376768157996,0.5810325341194376,-0.35339582852224527,0.1377850981025051,-0.16704873538557496,-0.004213536618189776,0.18003124743344023,-0.13367626736076577,0.22539684641486843,-0.022575754728908326,0.007419403603567215,-0.0539451306038853,-0.014464534997856833,-0.014281433310655518,0.01767372430248606,0.0030853427856510837,-8.445591492130533e-4,Sde-CMat_150 ,Matnog,4939.4200225342875
4.354530775079297,3.7243885856911243,-2.1677360304344786,0.13566095752548762,1.2109422636362956,-0.9340264805005302,-1.602256121866555,-2.653739439956585,0.6436599047556585,0.8666755224444223,-0.9853068228343931,0.04454093291037714,-1.5372952347361681,1.2085872001124005,0.34047189703795616,-0.1231278294606582,-0.825116453293201,-6.071726049235865e-4,-0.1007431250711471,-0.3839769102574078,-0.35709524169108187,-0.3797509100330129,-0.05370596719466991,0.04769424223959415,0.09198039246938035,0.04253103291088099,0.05034594536751219,-0.07242795622164508,-0.05197014263145064,-0.03934992296030483,0.012641559915255559,0.03914500947663039,-0.01316453024777784,0.02249793331529918,-0.012946993461777502,4.8705927964204365e-4,Sde-AMat_035 ,Matnog,4227.213213764849
2.1508234452662465,1.6438498845486578,0.08228586958823664,0.7093563190543087,1.0705610875653375,0.5343830718847431,-0.987336082198439,-0.4759611405497076,0.4762673219968046,-0.627229138787677,-0.18513150923450467,0.16453803072368361,1.2660552484624925,-0.5915199401256126,-0.8360043919433733,-0.5101574421985169,0.36719924850311236,0.3599824008875819,-0.40307347220656226,0.22887812529487717,-0.12401929927448421,0.5099293182883222,-0.013597374467468823,0.01976788226735428,0.02891554914807836,0.09623751506056577,0.04768793867552295,-0.03628732472890912,-0.08978041687650057,0.0068905752023834185,-0.045713477329494004,-0.015476884998470105,0.010533828384625455,0.0034774308807870406,0.0039584653097675835,4.1911522588168604e-4,Sde-CMat_170 ,Matnog,4422.2560926811475
0.017088987246104664,-1.7690182749040864,1.0832481181172045,-0.3348750327055493,-1.2543512946599438,-0.320839710337103,0.051736017171285814,-1.021328166226691,-0.24134692414221331,-1.2084592824627851,0.5686368325910574,0.6706328655885313,0.4872614826963606,-1.1091628657553219,-0.10601176344143173,0.1521629990378447,-0.8002157293327771,0.6861307818302351,-1.0047148242081687,-0.01851884413069496,0.024005707480396904,-0.24592289049228794,0.2464305222559693,-0.1257634031160396,0.10409987320818553,8.9935650146232e-4,-0.1166224029826253,0.10339165898650056,0.015357492619103703,0.03882339217866303,-0.006578960619853532,0.02053585376139943,-0.006005007141096121,0.0010310663432884712,0.006364154388921323,4.542913582831487e-4,Sde-AMat_014 ,Matnog,5610.156760386183
-2.4189828695112867,0.631098317939469,-1.7294816187069793,0.41919727181219724,-0.18423901745910842,0.39732688155121465,-0.4139044606892148,0.9923806668600068,0.04507519207929456,-0.4913599902566104,1.0830373197760355,-0.3085018758729156,0.77699443788509,-1.3674529137978317,-0.6725059284006256,-0.6043622189861253,0.6896450315935858,0.3407447951942789,0.2845893178744443,0.3645620328370027,-0.17928898929048198,-0.011304123112964078,-0.45013332981674253,0.17223131321783727,0.07817043932034136,0.1237017423019921,-0.06726566720245944,0.13969787005860407,0.11483666807080406,0.0016803301884691516,0.05826487197283979,-0.008710917386276159,0.03497608945706376,0.014111860942301678,-0.02347104139141399,0.002556116999331337,Sde-CMat_189 ,Matnog,3563.70315806911
-2.227707732405728,-1.9059359618378582,-1.485861239580902,-1.4769549311445789,-3.510362892843468,-0.9077015619520967,0.2661163566879591,0.357736753158678,-1.574928070978645,-0.8167446357443965,-1.4390385295648411,0.8385847817219287,-0.7762345899045047,-1.0576015474977598,0.7148675533129307,-0.40401805616987513,-0.8979908861727915,0.32830567210477113,0.015398504513927103,-0.7978658781789896,-0.0536158625927983,-0.44248242610624683,-0.2130422796996977,0.10679545139421844,0.3455070702515185,-0.10288627974270495,0.025470905733999336,0.09962237460885726,0.020637375696091836,-0.018509687617326603,-0.09608376294818355,5.335863449443395e-4,-0.005363711656054745,-0.004605437211701854,-0.0075262073494591335,6.721147837229213e-4,Sde-AMat_011 ,Matnog,4355.299603919962
-0.5412745124370205,0.7488919999045043,0.3559918452983372,-0.4120116916002454,0.07008574849382482,-0.8918693068597513,-0.48738291994771943,-0.6796590085941947,0.5412631360058968,-0.7133420287817801,1.5054550594809453,-1.1202267654240752,0.7686218448525111,0.03887244061113915,0.11819343579415317,0.15757261177903237,-0.8565058902152561,-0.15943565909056667,-0.31093694468479716,0.03582139677550106,0.05123113583833498,0.09583523882889959,0.004979241238313156,-0.04743541351233612,0.14840596684190568,-0.027237620354112358,-0.09961772203119736,0.14058367202551897,-0.04766413685636979,0.009303313502694175,-0.005265405707557038,-0.019930901676531977,0.0013663310038354928,-0.015491803125882962,-0.008241068898860933,3.906986766283316e-5,Sde-CMat_173 ,Matnog,4172.725228204204
4.134456184099871,1.3129870680801279,-2.246479911974746,-0.07846477726030131,-0.21964257117544647,0.30160945220191254,0.3920319776790628,-0.0848467358700581,-0.8959638762723404,-0.24929527048483846,0.5171742065386774,0.17847994061501432,-0.36407210238383314,-0.34921501171528735,-0.49310838820074643,0.9117701342820136,-0.6877473970698678,0.11117276244556748,0.2918452063838693,-0.1564051093637368,-0.15223678761763,-0.10452678010676866,0.23184518303677554,0.23483206818295987,0.04256411066175944,0.3516574061193694,-0.029185621679903885,0.04275291217492781,-0.05965995568674542,-0.06610242082254687,0.03273797122374556,-0.039782704504787075,-0.027902084163603978,0.017105347380275734,-0.0060642772673935585,-0.004780081212384407,Sde-AMat_042 ,Matnog,4188.460859203767
-1.4335302099670522,-3.3489618556707548,-4.146099498202848,-0.17126562615223995,0.1592669636361447,-3.724697228669587,-0.23672880925066825,0.00889475863930423,0.9593963324243574,1.2946500852788374,-0.7144513057646268,-0.2560694214658428,-0.20436664683693617,-1.1818054951105517,0.5494700651903909,-0.08760943465667112,1.0685074295331303,0.7888835457791306,-0.3613951223524879,-0.9852208233340899,0.41944598100634833,0.06799252442546862,-0.016741730577854955,0.2312408350143667,0.07045828867291949,-0.21679674496863288,-0.10328523892257387,-0.07137120160325891,0.040749224489502765,-0.030631820119937793,0.03067849875560336,0.003141359003563442,0.014288755626012851,-0.02393769761232011,-5.105571734881189e-4,0.0029951928428590055,Sde-CMat_188 ,Matnog,4256.848328222008
-2.5540406891802125,2.4396037747569927,2.977472345633554,-2.0797685563892268,-1.6058033664980444,0.015970108627873125,-3.3105304889656995,1.7018643625010572,2.198385193364806,-2.0549944292364333,-3.0595589634451903,-0.20819682760246247,-0.5334143598949794,-1.0345483779711966,0.6897415710922881,-2.586286299901769,-0.8256323379921213,0.4670121505651357,0.2690457652877872,0.33350861117715525,-0.4414743577478618,-0.7139821974524471,0.5387887045511582,-0.10651031011972037,-0.23676057089202007,-0.09645072060844061,-0.07912735554863726,0.02805517194360293,-0.11714838893206911,-0.08060290852463003,0.06255468887264226,0.04609509392195444,-0.04073511019280174,-0.0019666116967670365,0.012253445797812887,0.002567988183015818,Sde-AMat_047 ,Matnog,3690.765762336976
-3.4554287685280154,-1.5889429665442354,0.5688773034126071,-0.20918409397795976,0.7738876748396443,0.07117557695728657,0.12566060729174247,-0.7151708678043296,0.047003610423863085,-0.3153152430255324,0.4016323718709627,0.547506544728058,-0.25860645741104965,0.37860165129628504,0.5136036245878708,-0.8709008281487103,0.3543078899138331,0.4647091794748067,0.08698251229220243,0.19987797817372233,-0.3927303582277055,-0.07644618665872424,-0.1781525569593338,-0.04791535583599916,0.09912584968443246,0.24982949271787014,0.060271076756931885,0.04823495108271211,0.08639310506502432,4.309755056691733e-4,-0.027778723022036877,0.004774275128894605,-0.040136173919345375,0.004976861957283609,-0.0032825085315041514,-2.2448408900005434e-5,178 ,Matnog,4326.882623755194
4.706338234978177,2.8444336277846367,-1.8936590428702496,-0.4471340899287297,-0.10950059677460605,-0.6967866329729553,-0.4343256767207983,-1.6720555770918633,-0.31068967271079034,-0.9678298344130332,-0.5433543665870515,-0.8695150543320878,0.011150113670120781,0.15799853239801456,0.6670940056249377,-0.35588911620403324,0.07123249908653381,-0.4643488207606716,0.010174658963226238,0.15934309656718681,-0.16882170488502005,0.19922638549921384,-0.38505496656815374,0.09776454739111401,0.1976441418428399,0.14250428171051302,0.0644882889127687,-0.0370553544495487,0.0701666206319219,-0.06201422485202509,0.08877867515602829,0.01924876568670293,2.355432396950602e-5,0.017550595632784553,-0.0031493817999896385,4.1301470662830075e-4,Sde-CMat_183 ,Matnog,4082.317209571251
4.9794944441871545,1.3256722594054966,-0.20555519782687287,-1.2667572659868,0.46747968787715627,-0.9116237849663152,0.08461023984797406,0.2198698522550388,0.25173816589690334,-1.7607778065580721,0.22410661033052764,0.254020893868134,-0.21357767850060114,-0.1347566386297857,-0.12492507043754542,0.7492277209926002,-0.2193461621862499,0.43801163027416135,-0.04315925451703512,-0.07045605584502368,-0.3810289658365174,-0.6236750713022919,0.07777740745789254,-0.31509300114637195,-0.02949232178153113,0.10527027900454435,0.06962694534851051,0.021304248700065323,0.07092355150309652,0.05555577909614454,-0.062232151626217466,-0.002655982687466564,0.007727575569329369,-0.003205898899890574,-2.0934095708309217e-4,-2.606992845362588e-4,Sde-AMat_048 ,Matnog,4909.18010356666
-5.77287901156281,-5.0240597892447925,-5.039266379630172,0.7859361801139833,-1.569161026989536,-3.903206175374157,-1.4644714243608006,0.3523626772436373,1.8115527153257593,-0.3679717555597752,-1.6385028806152324,-0.6880318079509554,-0.1844000569554137,0.22618970411180375,0.46921656540753953,-1.1569448697859932,0.483429674237011,0.5606803460585628,-0.428952435882405,-0.9730640939196527,0.48873880574107337,0.4681432038541456,0.21336077471046663,-0.11790916371533323,-0.07648323493310435,0.00773955837821861,0.05341307882822778,0.07996541686233517,0.038787707031734814,0.019007959264522943,-0.0036548271759552532,0.060110153469122976,0.018232331136591846,-7.458661254589475e-4,0.011040983542675561,6.936091327800278e-4,Sde-CMat_161 ,Matnog,3461.4353952017823
2.0246690888955956,0.8820378254762736,-2.332272236710868,-0.9823658171802115,1.8175872599910396,-0.4662323181331165,0.7588516155156907,-0.9640826770888655,-1.2263651357213932,-0.2352179004666923,-1.4580206121370152,-0.1025296800189651,-0.04032222734802671,-0.4328977038801224,0.007984792296579918,-0.7769544759905161,-1.8203856134871002,-0.10757876683693246,0.17748558291682198,-0.41280072940841855,-0.17838333940515855,-0.42147348611082525,-0.029069976639871195,-0.11391053018079447,-0.10868871085150861,0.01922604444869146,-0.03615361346190986,-0.03834377092689226,0.013328670459409733,0.006706827324592688,-0.046925570550084034,0.033557674456768605,-0.024707804867985305,-0.0036132571409775716,-0.004226883626945314,-4.5616912832613377e-5,Sde-AMat_044 ,Matnog,4484.250496655985
0.9470724599651782,-1.7774071536603553,-1.2988258697443924,0.42641384038995733,0.11087579248872646,-1.2109106129553369,-0.02309829868339118,1.0031782212576918,0.45303219704529873,-0.3554025155797244,-0.3442499612461233,-0.35585154336251545,0.6541472196888841,-0.4497162766474482,0.15973421170122498,0.06607986479644662,0.17291464908639742,0.7489087651821781,0.4159282765072265,-0.6198848554965277,-0.2320647306945061,-0.19888374584376556,0.29481927427979004,-0.0788228182561389,-0.0066672043708480904,0.041430228867367254,-0.04486697095198127,0.11331302742187857,0.02613340519182775,0.020623661690212937,0.056017703263540455,0.03925859244059843,-0.02214912760971482,-0.011810906311555625,0.008552374911618778,5.063576284825011e-5,Sde-CMat_148 ,Matnog,4418.325412366179
5.2339435773128145,-1.7426319591922999,1.5678185952426404,8.54849613145622,-0.30294952788156476,0.21437210393579825,2.2214431303755555,0.7653582324579999,1.6064270553196676,-0.966786124335305,1.8126526078352558,-1.134242867515161,1.044605309101966,-1.0221898048919211,-1.7265946713467943,0.2771896766449854,0.8960738067751169,-0.4964711678157524,0.17758669066751814,-0.34436716214441043,0.23758649299918289,-0.298322106635983,-0.2876187096338042,0.0830861664631924,0.15768599353091173,-0.1600722235449843,0.1354382159898848,-0.045571727673807655,0.028928852966843957,-0.13289828185942448,0.05448797989519249,0.07919786932133568,0.0021205209690886434,-4.5028252181835565e-4,0.0015058704413819235,-1.9134786195162956e-4,Sde-CMat_162 ,Matnog,4164.6662909202405
0.44323158275396735,-2.4102001165582725,-4.866127850641881,0.2589152272982771,-0.5022249120592697,-1.6197827477226046,1.5052657312103477,0.1840431814894109,1.4509649955244508,0.027728862163010584,-0.6400067530356176,-0.509155938542976,-0.36987885106257357,0.13693108444368945,1.0067178955581846,-0.3594630324561048,0.3963622672294946,1.121477897752188,0.45485671792359467,-0.6914569109441164,0.49220790171806217,-0.12729661705387207,-5.780431574461675e-4,-0.3250306316197727,0.10512848179680279,0.05489717937131047,-0.05930063184738593,0.06434295139845649,-0.06566646731613,-0.04648413188757729,-0.07327501409755913,0.012213350632405473,0.043307525501652205,0.004325870892389859,-0.0033507818486604012,0.0011656087383191682,Sde-CMat_159 ,Matnog,3556.2758419350785
-0.9676919633236235,-3.4149018315197748,-4.215973847199106,0.02125533010073779,0.44170901085740283,-0.8772474693540986,-0.6310334538630552,0.5911483865063469,1.7502751102895537,-0.3334822059494388,-0.5573804267872735,1.117942674732144,0.827273350324357,-0.3291249607105632,1.043857286570863,-0.5361474516178462,0.16169056855478958,0.49267650855777373,-0.05895104740124579,-0.5558547340427278,0.6459098135677951,-0.23917556280497204,0.06449278405359704,-0.018766089116818728,-0.0644276630885028,-0.0759700034475242,-0.09539216263474126,-0.17847583970328137,-0.10738156591326575,-0.08397029876943796,-0.009062099343049478,0.011199588515151092,0.03593359943857888,0.021009589234460824,-0.008609764751737789,-0.006565399809305927,Sde-CMat_163 ,Matnog,3569.737860161239
1.0279705358441822,1.2322508470739102,0.21418340350038545,0.60599790481368,0.6955062749131563,0.17206080883316083,-0.16604523925445513,0.09731280954017174,-0.5288768041997302,-1.2456834501250473,0.48212664608674216,0.31582807285075043,0.4287106064058356,-1.1415623879966075,1.0056309317464012,0.11845285829402329,-0.9107829402195184,0.07095042784726832,0.5609601571679773,-0.118322274076518,-0.5812993238448585,-0.3825393524980773,0.26545917302005745,-0.11754203518367747,0.15559728144277474,-0.045686787488418604,-0.019475074727130462,0.10897231020546053,0.007663695642583144,0.06580766744859079,0.0069583915044826115,0.007243269075201795,0.023654495327367814,-0.004971375246190393,-0.0010668311894294021,-0.0011741043171551169,sde_xray_049b-1 ,Matnog,4340.101940993104
-0.5868746936714062,1.8814308869197562,-0.9626058573462669,-3.944340361835074,1.2981198455545904,-1.6169175927176744,1.8967688435490622,0.8790995318145046,0.04819686976130118,0.21711262907231887,1.994154634642762,0.5373545399015849,0.7447254583987232,-0.14729340831509247,1.0696562559687943,0.528207546816388,0.49257623819896307,-0.13077493725652,0.7340874185031097,0.14871103114439882,-0.15548508625452387,0.048145518099736426,-0.25258775869858857,-0.21511683968802722,-0.14474752116067466,-0.07986718790288622,0.07175244249352938,0.07007791239834296,0.04267067077744711,-0.10286303099174945,-0.03711861818768229,0.06044961078182268,-0.033597170285427205,-0.025293771599121176,-0.016058460693515006,0.0012471013041363554,sde_xray_049b-2 ,Matnog,3815.6861522434338
-5.147997834201765,-4.3965865262507915,-5.665797870417194,0.6837891258934725,-0.7026899770206922,-2.2689756523403113,1.0480960491828146,0.19163394387442167,1.3696864356824445,0.6213503986767387,-0.5878629798163308,0.8135311858652816,-0.053566890322324597,-0.23547277336030498,0.964190137737445,-0.4291689336635768,0.3544960456331847,0.27728679831181974,0.34236467268089743,-1.1213022031724165,0.5240377324387154,-0.015236282503192967,0.08521930811821624,-0.22739371600960814,0.16604166327813508,0.009594032694102719,-0.12564288032242824,-0.012426824384756683,-0.12136151503331329,-0.0606610321341627,-0.14566320831202834,0.019389107893398122,0.08233195679895239,0.016363807013033468,-0.007803819565507211,3.616042720851753e-4,sde_xray_049b-3 ,Matnog,3305.760676496656
-2.3333632367056176,-2.8396297733396976,-5.364081276735491,-3.3508525347918847,0.998329874916231,-3.3254814363341674,-0.003991029041767846,1.3408436666849801,1.3429803567739529,0.7285308214624082,0.054776655211643155,0.5692776768220927,1.1974136254085483,-0.5207457469196343,1.2100963857398825,-1.1199888095131172,0.8163360200297867,1.1172736541934913,-0.4054483273938424,-0.4355581639541959,0.27528193125216016,0.11500387217276695,0.36403726377773604,0.036108404474767875,-0.22662524254810268,-0.1321647198448177,0.014393722444216925,-0.2821880166910194,-0.13866536735088636,-0.1572911135463042,-0.08228138925652649,0.07250302076068181,0.055939843825562774,0.008816398100970863,-0.01482418818339607,-0.008935070524215133,sde_xray_049b-4 ,Matnog,3558.7677376708243
-0.12273485001914414,0.26475446465918573,-0.9907777535267482,0.05703896120925417,0.5028070032411941,-0.5617934734874649,0.3151542928762221,-0.41077248982815656,-0.39737798300164107,1.0056380178585054,-1.5136976004727036,-1.0849038416094434,0.5927908361281108,-1.1608991832018818,-0.6479311852064282,-0.16447628745453705,0.6557209261117203,0.3095153278327982,0.522015524322516,0.6047740676963296,0.023380145977651062,-0.26671568176276167,0.18170924555582912,-0.1873262928250193,0.23885193479614764,0.2847493157752739,0.0343413433278488,0.03813920481518268,0.006883123798128873,-0.013292515736614285,-0.044040275412209534,-0.03707793273143787,-0.0343612514691761,0.00351353897351242,-0.002601865420916262,-5.701292709871519e-4,Sde-CMat_186 ,Matnog,4650.063159985652
3.5806622961528314,2.62696147328037,-1.3443626592221174,0.038556539895756956,-0.19510809318668607,0.25978235553861334,-0.6783162965010376,-0.019949610164583687,0.2476281183027929,-1.3058273746272726,0.9101211938719211,0.6784326790599805,0.5310572842210906,-0.49355964689968046,-0.03625411730388595,0.6149525469097482,-0.9641882016000682,0.8815643961971038,0.1703736265403161,-0.17412360451621522,-0.08068120255799155,-0.03858526128831126,0.02006858661850848,-0.3380354693621603,0.054369872541632044,0.39918677455152957,0.006885548616053241,0.05796937032421122,0.08408441953368534,-0.04959366239490103,0.003465992460014368,2.5147669610334905e-4,0.016495064047856133,0.01841147491435119,0.0024623770763649022,8.787576564051602e-4,Sde-CMat_160 ,Matnog,3765.373454482698
-2.116408316500391,3.735068390646512,1.2921991839001217,0.8096785544607557,0.22316576161937032,0.14376248388882304,-1.2155693329630934,-0.7237800576766252,1.398234428199025,-2.059039103997877,1.19644603336605,-0.01617841048212415,-0.1391939743459753,0.2502136068702643,-0.20271590094201913,0.8689528790333871,-0.44374643216668574,-0.2211238153350305,0.5344235742852901,-0.5247743443582844,0.43282744315528726,0.09497847720240474,-0.13173335464382413,-0.2833786030660127,0.12267197535914243,0.03134356686847553,-0.06960686634634353,0.11332668201843572,0.06710976157728497,0.0076636982033941245,0.06106034101944807,0.04460857591706911,0.0358992851775455,-0.0058620059162942835,0.00408488148017941,-2.153292068662882e-5,194 ,Matnog,3629.985306388088
-0.6144436984532774,-0.1367613273459233,-2.3873268051061522,0.8277612283097322,0.4499693851892747,-1.3923397975418226,0.46541711529303226,0.28067357192305165,0.17284456476142263,-0.6286336490255645,-1.0318744163182552,0.2395118338172266,0.5697511201154896,0.05501893262099168,0.1269950823595207,-0.1780495838149844,0.011440474068839072,-0.06608939858477307,0.7632625657308039,-0.1135092407265571,0.24600285134035813,-0.071748515863828,-0.5807919255385087,-0.16447360398357336,0.07623610417914603,0.11182023320670076,-0.012782720136090709,0.13608369260464462,0.008194137119245874,0.004993602185868907,0.026454247879204255,0.014946122836605078,-0.029819053316338433,-0.001953933997967769,0.0033998481264567795,-9.556289014453212e-4,Sde-CMat_176 ,Matnog,3792.507541035901
-2.254716739154056,0.11250955126401424,-0.07840160538271905,-0.10423760490852756,1.180697243267625,-0.9786481457551781,0.17826587247748385,-1.2377578684621762,0.22432787916174463,-0.3727063766064417,-0.6130091075242143,-0.45589686926599193,0.9000016522775485,-0.17264119103962022,-0.22852881780433906,0.4954606191286239,0.09860252147546503,-0.5959921361570297,0.5687260508916918,0.4530617217863615,-0.16564562067850505,0.2758568202783611,-0.31019508602732676,-0.003554476718229914,-0.02907133160106272,0.058561171222645064,-0.0961954805905707,-0.07034856957687351,0.08034103488475167,0.016992562704017136,-0.03359767942553539,4.894790650847927e-4,-0.0022190703933684247,0.004902388172965268,-0.008801140180175585,7.286434043656254e-4,Sde-CMat_172 ,Matnog,3855.686936452583
0.9486235015197306,-3.1759463814220217,0.9063365718451044,-2.0400777606363256,-0.055019512596956165,-0.15339575366430155,0.7141947560970238,1.6928891841757638,-0.5360070953256144,-0.21644111603316857,-0.20247227052297267,-1.0462619950696315,-0.08024825016966912,0.42635197165973315,-0.5262993849568924,0.11365936836237046,0.2017268903669003,-0.7676351830092862,0.3908698257078506,0.06118806338770583,0.3401407464150371,0.0066478966395489,0.21178772883643163,-0.32301571091796344,0.20307694131205192,0.0655701157113243,-0.01723537639360563,-0.021615772940737292,0.1265150573659307,0.004986055605507783,-0.01703385812883107,0.01991968469127266,-0.026636307795186116,0.0017414994342279467,0.0024059948668776407,6.944777460220763e-4,Sde-CTlk_033 ,Taluksangay,6713.2588189627295
0.6138325846645127,-2.231405082783908,2.0514987313097013,-0.9778692508231711,0.18490440284952595,-0.9102620824576256,-0.27518435978992656,0.5651777091390996,-0.9865054103618649,-3.143954959590151,-0.4592232549140405,-1.0396323380764823,0.20842359867466956,-0.07145651399689479,0.2550422124402939,1.2835609914661033,-0.19529961175408994,1.2795755816409293,0.3353305483585268,0.3781187539590157,0.900503702701309,-0.3113492434900716,-0.8966300593859513,-0.18304835163932234,-0.3508555382880219,-0.15265667776349912,0.03889987432971251,-0.04251931060817367,-0.10591878248691111,0.061586421503666645,0.10648316885059875,-0.011453714091097918,-0.019097093063340183,0.006613944310691915,-0.0024066298408291498,3.4437913563029054e-4,Sde-CTlk_036 ,Taluksangay,6319.060375954473
0.09816586903217013,0.5033906059246003,0.4751225797904681,-0.5675491417572752,-0.5204986112291384,2.068550745455989,-1.1296245713483253,0.8531062802111106,0.09413838199131433,0.5350457619285004,0.9643014002969539,0.13439904013227805,2.1119253573639614,-0.4525801013617613,-0.666170315058231,-0.12122572037078538,0.10323355716749284,-0.18133763328461566,-0.11448631731654355,-0.3154860705148444,-0.5502512374055253,-0.029144752280432923,0.010473770419454048,-0.09380399310755486,-0.10309350456274231,-0.08551656606223389,0.01423568092328166,0.030316851892945015,-0.1275500590954431,0.047574443082571014,-0.05291035360279888,-0.030656242733845238,-0.017033276382551202,-0.004776603223929463,3.510495120767239e-4,3.92452857460146e-4,Sde-CTlk_038 ,Taluksangay,5340.342113123354
0.05503155995967471,-3.5034514505144325,1.57445842398888,-0.16726911575234715,0.20043095728867694,0.851626410211943,-0.3010128650741079,1.1661002733236476,0.19452322790763618,0.3725405238332964,-0.14401560942412855,0.32672289411118716,0.4550740967597777,-0.9518697807878794,-0.4750601407092837,0.6173485263199042,-0.008968672157232759,0.4785186637646047,0.11002412394194319,-0.33135455845816886,-0.5897965712653709,0.49060461235577807,0.19007246412358325,0.1518231929966445,0.1357890024967945,0.147333271150787,0.0033906081176789254,0.04040198531980409,0.04934560821957914,0.009270431655436596,0.0029655025398163375,0.030763136945289905,-0.04011506595479096,-5.213772982613444e-4,0.003462863708148193,-0.0011892425219371394,Sde-CTlk_090 ,Taluksangay,6633.163692721106
2.004556096859366,-0.3066510909127924,1.339963680644086,-1.1577248800694682,-0.1766249771579717,0.3762573751579636,-1.0667358483777996,1.0063470908717935,0.5582939487229622,-0.5133994051402959,-0.20551478006906304,-0.38448520266831265,1.6822235127991148,0.022354763720930204,0.3493399755367864,0.1703724082573857,0.10079165317417302,-0.045552705100768476,-0.15292337546383533,-0.1608742871186697,-0.21063166488632556,0.17214001723022015,0.1009814299748361,0.1483238692516833,0.021012767981949284,-0.06297168616649745,0.04805689925515545,0.09006338433915068,-0.025552435404215847,0.015405344104563047,-0.05954285531025239,-0.008353957222451393,-0.015555471201136536,-0.013006125619462886,0.009958189963616958,-0.0012169087383676613,Sde-CTlk_057 ,Taluksangay,6112.568904890853
0.3341211149653501,1.8957093467124098,-1.0366958905385688,0.16815029484224972,-1.6198213840094466,1.7052328746188596,-1.7602353378914473,1.0449313836457672,-0.3454760016486308,-0.37786114430070517,-1.1060664224610817,0.3890480958228362,0.19589193022273066,0.5698179579577919,1.514149049563206,0.010727093749674538,-1.0774614765505584,0.7950851819961191,0.5288532779319205,0.42263977572124345,0.38080812588402824,0.058770738450307086,0.13619667073335878,0.02711682982356494,0.11618157398398969,-0.015475265439115156,0.10633634400306191,-0.1366538565443463,-0.020262961114534572,0.0499333054957256,-0.08102221336087079,-0.016880189786903057,0.014657456760476702,0.00891870411033924,-0.012949192060017519,0.0018610829946298924,Sde-ASac_017 ,Taluksangay,3167.83205167
1.5094244628160194,-1.1389134826131075,-0.17716417345303634,-0.6815443417751956,0.25935947135736415,0.9520033993012728,0.36555942331560753,0.10220110503810009,-0.8430856144227235,0.6265203025247295,-1.8543437180051385,-1.66924031238617,0.401886765651578,-1.936395550804232,0.00877056520859848,-0.24378323730816742,-0.338348914727576,0.3160602464291911,-0.3643202893784301,0.6768918954502399,0.5282761117795816,0.2207618476690233,0.12014038519267273,-0.21759089396474313,0.32356465768455533,-0.022195987493520107,0.005892389820331273,0.08049610793602816,0.010638205337895862,0.016168049961751287,-0.02654609451795,-7.775828225876427e-4,-0.005382198413351726,-0.0030927754652055675,0.0010280605650966682,-5.4840229988417644e-5,Sde-CTlk_029 ,Taluksangay,5841.934789156331
-1.179630568370186,-4.018433955866003,2.5174321387212037,-1.6850867253700639,-0.10353146094400312,2.0073523610277886,-1.74188685371366,2.4691141409073323,-0.2290094749603726,0.9762126503928628,0.047091063058401494,0.6865332307341315,-0.579587975266099,-0.6843293936498894,-0.1591539679218314,0.360422055373059,-0.7249808604155341,0.6403056262739217,-0.2900764134613734,0.5105344216952189,0.7807483330301712,-0.19015841636141212,-0.2556386017240913,-0.024853603500829678,-0.021899163829882277,-9.262836839198998e-4,-0.06085982528458467,0.06320596526678893,0.012670819392646457,0.008067295256706929,-0.026829086029606014,-0.006331131777087266,-0.02679919964287068,0.005217549610306151,0.003471154385145718,0.0010476744764604806,Sde-CTlk_069 ,Taluksangay,6484.399849504005
-0.03299540215146491,-1.535436188199256,0.40531066982181996,-0.8203903657006545,-0.9792744907440953,1.1915273711201857,-0.23654453461088257,-0.3835574599633919,-0.9710615803836482,2.147204834655626,-0.8693706416320242,-1.3721287567353977,0.3720375874102034,1.2615315778269183,0.1780048455770855,-1.7129579651118738,-0.4756011220251295,0.3518219036162159,-0.04186293392221304,-0.17140327125778615,-0.166082093415085,0.8419483033532746,-0.09237696613758943,0.09439427143781037,-0.1884343791456867,-0.039967877355672074,0.10992565447312666,-0.03617400564881103,-0.08747939177635616,-0.0197532196109658,0.04199213624653436,-0.01823295532389133,-0.010341238532673443,-0.01265421647793992,0.011048942453944305,0.0012212778615394854,Sde-CTlk_096 ,Taluksangay,5401.649210988008
0.6908942516235976,-3.2854261411528816,3.023569795672734,-1.5633197896849145,0.6495327838956091,0.45821376938898767,-1.4316240428139004,-0.8091813967309719,0.869948965640738,0.6088376421480803,-0.07234920817390217,-0.3240528684910909,-0.6898634396515856,-0.20874552612567926,0.03681101393722046,0.08349301391231702,-0.33898131715836316,-0.4756783484679976,0.052923791179291094,-0.07337296513228031,-0.3034132544438259,0.4885171738663716,0.15832108141916407,-0.4302746522245316,0.047536333201208085,-0.23778868274752546,-0.07819624282821415,-0.0465400830726029,0.05481812990162919,0.09283348152609033,-0.07616623645249192,0.033752845465149894,-0.011259492328655175,0.00307536884030447,0.0021851601309453897,-2.306034144589561e-4,Sde-CTlk_028 ,Taluksangay,7148.372290626441
1.3664886671873275,-1.5762690330242664,0.48083066825945386,-0.38758461590749005,-0.8694903514137273,2.299030733608923,0.046745744531997424,2.0381019645535536,-0.03150829149284412,-0.5499764045750215,0.23141544459492067,-0.6480834014091833,-0.1301256808665921,1.2664732799313803,0.4138770706587609,-0.06209830854625576,0.13604637136246925,0.3139553379934893,0.11589158353011784,-0.06857052818292719,-0.2441218209144049,-0.2614337659184549,0.5533210068247512,0.12778230517885344,-0.2858518136245977,-0.1299784272453353,0.017389707575747926,-0.056808812749234994,0.05766865538923811,0.0801785688220312,-0.050651531028936866,-1.2114457727085276e-4,-0.034141989860739845,0.0019706669235595893,0.0048184172138389676,-0.006201458220465361,Sde-CTlk_008 ,Taluksangay,6597.512717203076
-1.547914134228212,-2.4114179851252957,1.6590787973811019,-0.4403220119151184,-0.15443753814742078,-0.019563710727999176,0.6178679715138748,-1.079548560518121,-0.6916600717026314,-0.3974635987178968,-0.7705552468188588,-1.1109364949537204,-0.7150230347709761,0.9968076719596748,0.39926536600366974,0.4534674621945867,-0.10511942957373152,1.0676158329840262,0.0772889944184761,-0.2888653086001069,0.11528531986832519,0.06610520026288727,-0.7424118014983206,0.18280484180235382,-0.04718526860492737,-0.0813309479307517,0.04124195057495085,-0.05797324059512997,-0.12652661258551162,-0.01972668452699866,-0.005062841392093393,-0.04671510281683217,0.03561422272657491,-0.01109117017554859,0.006844807580141592,4.693241825830252e-4,Sde-CTlk_014 ,Taluksangay,6109.646233886939
7.696133230344904,2.9703879262829624,-3.0393546719041904,0.4527801792286366,0.0741066912444637,1.4727981011519944,-0.051114673429753676,-0.2503332672196374,1.2105738980147809,1.1346257806850393,-0.5188352818730364,0.5820923352137379,0.3632615669565459,-0.8728790829296705,0.7361138678330967,-0.3662931962828929,-0.45963682908463344,1.0853160679634235,0.20032099702839434,0.4097175078637292,0.13136595195620515,0.4309134516456926,-0.012877943898415428,0.07448470367371789,-0.05244379892104363,-0.019490040669535337,-0.009685177060686195,-0.1237210510194039,0.006591624122427725,-0.0026348419474676796,0.0011809071910319421,-0.02901606484546211,-0.004492157732493479,-0.0048725929129950565,-0.00418538083677749,0.001771079372031581,Sde-ASac_006 ,Taluksangay,3120.2417678682614
2.135729271654051,-2.029649864437492,-0.02299402479726722,-0.9587240130650535,-0.030199508320451433,0.8132436260326419,0.3017881176600358,-0.1881202555115506,0.3142067134741485,0.6381887896271947,0.8211509713584517,-0.24817958921074887,0.5755572114135095,-0.5966445601411112,-0.3382856617203085,-1.3056336099238202,-0.5315598359474882,-0.12575206151004087,-0.39763882916149507,0.06943423392247738,0.33523440487125955,-0.0751112991171409,0.12460830558353267,-0.10352208904575391,0.19318748740385905,-0.05686742746288369,0.1533860878816327,-0.06669602133386966,0.05160607910650358,0.003450498844831869,0.09484926489964866,0.024979584012775023,0.023931803832508602,-0.0032174830586804253,-0.005885902759031749,-1.629692950258499e-4,Sde-CTlk_099 ,Taluksangay,5879.4962980224955
0.8520056677107889,-0.8771657268167002,0.6650013547488469,-0.4035547704331007,-0.8464569116376875,1.0982112406507445,0.5333338459286713,0.05348940261564444,0.10714858278780821,0.18400189610826487,-0.30260198260773025,-1.1834101065044458,0.12663831919328836,0.10450219840335831,0.3262624034933809,-0.2578889410710632,0.6781475761043667,-0.21904986967004964,0.2551641819866369,0.4459494627519718,0.28329789683717826,0.47575400569863024,0.18606837642772037,0.008018056968322567,-0.12646619259589162,0.002405488164483535,0.08639680074453321,0.08123213720379911,-0.0019164059782877543,0.0093923806206915,0.017702334943991534,-0.05392347907728689,0.016024193711068058,-0.01403459405246981,0.009334379964795653,-0.005490795200069919,Sde-CTlk_052 ,Taluksangay,5515.390408696312
-2.4944393113458654,-2.2407200766935182,0.7707079444259898,0.37939900297999357,-0.78213837070566,1.4425967998929257,0.429507048415318,-0.07389610398190322,-0.6835924538464982,-0.2875231551151028,-0.5749747088717498,-0.39353385954262987,0.39380536119167414,-0.4877996089457014,-0.23274882017860474,-0.22691683692206718,0.21408381633858367,0.17072462105596176,-0.679589687508732,0.735530062244862,0.3697945957650487,0.5750572650563819,-0.017653496056730916,-0.004468211651264098,0.1761678051941835,0.022613732834922698,0.055543045417128734,0.0872116082031183,-0.014220269852315809,0.0176814079288826,-0.008533933091983591,0.01093501622521894,0.008341534581861203,0.012242013714203727,0.0023732849072679446,0.0011872710618413551,Sde-CTlk_041 ,Taluksangay,5824.089168058262
0.624464615570751,-1.1150528824084653,1.4022167462094834,-1.1507924477095806,0.008814280340189965,1.2100172707035288,0.8003143062511852,-1.2339592899821878,-1.346452341724719,-0.1582369121978366,-0.7244500999633305,-0.38600477613020445,1.483780678509657,0.7271486299150879,0.8099452477712362,0.5181201782310774,-1.0583547124464534,1.1538851937911707,-1.8334189938439944,-0.027855945921862954,0.14552517669055123,0.592175855178281,-0.835775990974642,-0.23415541332929823,-0.048672252005749705,-0.06850755334900735,-0.04625381075636426,-0.10582396091161748,-0.02800894706845623,0.014792482542546458,-0.09187708166209246,0.04445016984639236,-0.019323987465892645,0.009126129707377136,0.004202097201536664,1.2634078994518821e-4,Sde-CTlk_034 ,Taluksangay,5551.100550774837
2.193327934325447,-3.5921614541606868,0.47179230485581625,-1.9947238824843312,-0.5162938149825848,-0.13124662241741658,0.3749132611488535,0.6293014036045029,-0.6115277944329475,-2.0944768345662124,0.034667839153311425,-0.6035315301959835,1.1092888543388613,-0.15124330135841096,-0.7850181466133439,0.5605398060630432,0.3831802662854971,0.9496304753384259,0.1278693369170526,0.12279554588962156,1.089955046469267,-0.6620551950561836,-0.4818244281348133,0.16855946028062396,-0.05079360314485494,-0.03680204902465925,0.18927386425298717,-0.022190639920710714,-0.11005861109238743,0.012737886686670176,-0.0030959051683877546,-0.1104881057795923,2.2526269946114563e-4,0.004264163219519389,-0.0012933648969854893,6.894519085168666e-4,Sde-CTlk_023 ,Taluksangay,6581.238851584419
-0.7024806871028066,-2.6652316451253135,-0.6887700345189071,-0.6935959224794392,-0.6399061186515304,1.172797675218211,0.7692317583018111,-0.4104517036895532,-0.09735011013742931,0.25479493739653297,-0.2803844886100366,-0.446687641864488,0.4452139545511063,-0.2580191522236031,0.3984811534502964,0.7491466381376353,-0.2870764757545438,0.6054179797206669,-0.15942762010862005,0.41339185865137934,0.30645193645291735,-0.16207853404361477,-0.09137312639030275,-0.023125041927705963,-0.0415906261743386,0.18810893402503664,0.08081908367515425,0.09487886923742413,0.03898561512840232,0.019639207276317114,-0.022523371407138802,-0.02481668721370413,-0.028306256227940765,0.012178528332204468,-0.01232962681476384,8.31211630106049e-4,Sde-CTlk_100 ,Taluksangay,6112.4952411389295
2.6371018574438883,-1.8169143108818109,1.0295400336386025,-0.5162797491632888,0.38003578337746713,0.3148767814085368,-0.35990727634178654,-0.28333792865634455,0.18647434612711672,0.3346836673547028,0.25977120037820234,-1.048778883539697,0.23288547696722772,-0.8583360257364371,-0.052226052019403404,-0.5885679874494204,-0.5496624966725477,-0.3295973919873129,0.6558166737871424,-0.2471914289930139,-0.3140281478522996,-0.3554936796349807,-0.6485439161283545,-0.04550820811264887,-0.12817193319664616,0.02955255975818232,0.052643760275776205,0.06208167108629663,0.043817086483041945,-0.0026910437880995116,0.06833333801844567,-0.03957235672573013,0.06906590444148773,-0.0012329927416531569,0.0014762297324588678,-0.0038682160535916665,Sde-CTlk_022 ,Taluksangay,6705.741188669632
1.5411980580558744,-0.9289614809295078,1.6385786099582844,-0.7995512058506736,-0.13058403509352356,-0.02994726991183756,-0.28922364095186953,-0.17629910799504478,-0.1656325785570933,-1.0069734739268978,-0.8978830444023808,0.6368660784797424,0.5162822067143696,-0.8754132781519952,-0.04375746949252182,-0.04559846725215366,0.2462441756194568,0.6138325111782564,0.003891288125654882,0.16138298588473904,0.04257733772235041,0.3589685219392047,-0.39960228253611035,0.05079739391793392,-0.05638749158901345,0.1388488724422834,0.1253818815940199,-0.1301764901570194,0.003835583551172937,-0.008811272759835509,0.023972624249587404,3.911342990305586e-4,-0.007032455818291806,0.0026286908816462243,0.0026174700677215057,4.266069037851261e-4,Sde-CTlk_022 ,Taluksangay,5124.978689122075
3.2686798135055968,-1.301106930684105,3.1578753128320485,9.119676542210453,-0.8929455484224886,1.6121316143806323,0.5112440726245855,0.5255563576339475,-0.6136187388085138,-1.3282650278141093,0.15240514817887438,-1.5255151042724746,-0.014720177800434265,-2.6280893184112526,0.9356752951664382,-0.4316319605970856,-0.13824799922126918,-0.4518878252546571,-0.5710359893333518,0.5843144280568656,0.04620586329317744,0.19699365232421684,0.3437990715439166,0.1731903865854688,0.3178059715406324,-0.44724014640154486,0.2592828882508258,0.05065617528630263,-0.04557084662384524,-0.027057567966380855,-0.0889177326234026,0.0906085352870743,0.003541661780430449,-0.002968990499874326,0.0031202548082326764,-9.851468418729734e-4,Sde-CTlk_084 ,Taluksangay,5052.094539578423
1.8562512154626296,0.2538046586610549,-0.31776937847092335,0.44548595319773043,0.9372686185314724,1.1037108585141542,0.48935413391920596,0.3528273164767783,-0.17213578182005462,0.5464306508251373,-0.8048748692802276,-0.5696056218303951,0.5489379181884367,-0.09338158639269431,0.5612134133145494,0.053918289294444637,-0.46508932985570217,-0.45199601147824053,0.5566114546817943,0.13461590959273337,-0.15460954405113372,0.15356964793554007,-0.016292709458559422,-0.014787038839261569,-0.16965817787398912,0.15775557939901108,-0.014751612609010686,0.13304441758246685,-0.045275297681436594,-0.030773410108725793,-0.01091611421204673,0.013131462612005328,0.01376016278811622,1.2853543850082803e-4,0.002767009359154092,3.9422901745560235e-4,Sde-CTlk_058 ,Taluksangay,5788.016138157708
-4.160483014144303,-1.4151346759946035,1.4113685754581013,-0.3079532212915662,0.027452228571810455,-1.023559302126864,-0.14750117856381306,0.09440779358552306,-0.7802075811305864,-1.2972919736016988,-0.41264770036782417,-0.7620792998129017,1.1351029950720344,0.40689515153619765,0.2322933410148355,-0.2141983445427213,-0.8689444736579804,0.11727273045619777,-0.0710026601260766,-0.041190511003055486,0.31319786234951696,-0.4859475609900455,-0.7421052167576107,-0.00796392639301774,-0.15905546920179991,0.056385350820914434,0.08286388784025964,-0.08684910745545679,0.0033491805954973877,0.04667602284355743,-0.009283577544885494,-0.02867529389544271,-0.020906950329201347,-0.014079690501390081,-0.002628413033245583,-9.199674629845056e-4,Sde-CTlk_030 ,Taluksangay,5580.414390300785
1.5537259683081956,-2.9911594892543736,1.2371760738104673,-1.6756896996456443,-0.027618554192254223,0.5719545754439485,-1.2349478825890816,0.014774966738920457,-0.6630633273341731,-0.9567661960234433,-0.27226209710349136,-0.599609116500337,0.11456735491242068,0.20647050098405764,-0.06416589696979966,0.3109165326813346,-0.5836127928369857,0.23963126607562005,1.0242088495795973,0.21652619557468766,0.4876778836570436,0.41856496615569627,0.8529639239584631,0.07006610519862194,-0.06135333761112111,0.028533622736692014,0.12355250078635645,0.016600261777716237,0.047561656170165445,0.04131002083683109,0.04354478626114213,0.03476634873894488,-0.011738889606734406,0.014221226534447571,0.0024804879787644315,-7.315214571607664e-4,Sde-CTlk_075 ,Taluksangay,6512.957664629187
-2.6165825996134457,-0.9465118499133116,-0.001845801404124478,-0.016278095826576293,-0.266718843272748,1.4986623351889337,0.4237720601520929,0.0049088316479000416,0.7108827643646997,0.37860688454991154,-0.4021900177151777,-0.49521534081625207,-0.19848114580655402,0.2186279085969809,0.39751273415820015,0.169933532989388,-0.4874680985149026,-0.1895090001776651,-0.6129562324555071,0.40604261219431614,-0.26764674612933304,0.23478873879807055,-0.43178625401946424,-0.011356498184903165,-0.09929756804279428,-0.0059592511841321805,0.010982462112060394,0.01610009639093126,0.03272504997286224,0.02757493059084609,-0.03272846782759483,-0.002296071917215599,3.102885240329721e-4,-0.011173865714453701,-0.005842758362789814,3.9114114451879733e-4,Sde-CTlk_050 ,Taluksangay,5538.846553004302
7.238618150148122,0.8073735963130616,0.7928516113314544,-0.3696281279921552,0.505058972641164,-0.03488402269672211,-0.030031760648590644,-0.379284296635226,1.2072674085339308,0.6823354619888672,-0.9884108124155984,0.056308201960079435,0.3186777894901983,-0.5524693295863675,-0.1290995514329788,-0.07274182177918455,-0.006784194858149503,0.31292707041561973,0.23206590481846956,0.25179235524846627,0.12245650434479224,0.8311596141428143,-0.41891825173359387,-0.0031867064509493656,-0.41085372253170127,0.22885641095170328,-0.03230923504868746,-0.04998227600715972,0.05843440785616702,-0.05206862303376185,0.04016735488428018,0.0165781599871372,-0.008877935951207533,0.0014936895327435779,0.015048979324791538,-9.882692274852944e-4,Sde-CTlk_012 ,Taluksangay,5715.269327559238
-2.0516723373750216,-2.4904063998379096,2.804432396479425,-0.6304878493592398,-0.3796594004629322,0.23480496782822075,0.8099896357002419,-0.5826472379108878,-0.8759402730537296,-0.10253118219127143,-1.5581590845678213,-0.21008828840337995,-0.7722676157311519,-1.5492058766472567,-0.3305856670183902,0.23574460958715798,0.8942416138217963,0.39149447428999634,-0.053529477662247915,0.5520978388794182,-0.07080165143915351,0.34466979032338224,-0.2657154831107586,0.1378644584027623,-0.08307081256738907,0.05186659992768315,0.023926210807343307,0.016504621506908623,-0.006793218689576969,-0.00653966815627495,0.043225411575221064,-0.0064641984628093785,0.015025656681650457,-0.004816162390587145,0.0013553481966355196,-0.00289926752392089,Sde-CTlk_044 ,Taluksangay,6408.77565060073
-0.4638768714377547,-1.8099551690884415,0.8079632971305332,1.0751663925215542,0.42395194214779264,0.8900759762382442,-0.07556286130857823,0.6739830321937903,-0.24654569714875452,0.2820634406741044,1.3821030795126976,0.11052465921230634,1.4166191243573087,-0.24237606494809605,0.8019471077541499,-0.2787001338209354,-0.8337261414773691,-0.34224713371117566,-0.2546712628000352,-0.3645285167392946,-0.047693715617767724,0.2210740749246028,0.4862314333045217,-0.005670392313214319,-0.00528436926403216,0.2436980402446501,0.07271376586480098,0.08415093836375258,0.01096227546560706,-0.003574681806117478,0.022159439390806137,0.01065963174707149,-0.026628260405952474,-0.006082593163734891,-0.0031888899252430734,1.5500786546590595e-4,Sde-CTlk_061 ,Taluksangay,5665.706782808139
-0.20001035247740134,3.331194627140035,3.426522923832624,-0.06372637895465887,0.5130335353720363,1.6279165893103513,0.3846624087517508,-1.4467770432667963,0.030755825535787568,-0.6671576624982407,0.4437440661428091,0.28881992874948287,0.37875477633203886,-0.9713355024443759,-0.2455824756058097,-0.46663263038984204,-0.17308408518288354,-0.2570908917196987,-0.14561472025818548,0.24596434666962114,0.026623944284831974,0.25854242084638934,-0.1844197935486171,-0.5841118672994808,-0.05495984583704846,0.03845521398483449,0.061150266455024395,0.004938068625352024,-0.05223272731514958,0.03514630090824966,0.022612490425026152,0.009500682591268891,0.03189976468653005,0.012047827511366146,-0.014936180309674921,1.567967688764771e-5,Sde-CTlk_024 ,Taluksangay,4908.152906574226
3.445795695923323,-1.2530742259895333,1.2039224955073795,-0.9319272759356116,1.2180253511538053,0.32649326666435263,0.07849777706679521,-0.5920476891121521,-0.2113102920884922,1.0598029715086907,-0.3627115319295791,0.3698097235805936,-0.5955886032770723,-0.21389200194290395,0.31112020065091783,-0.0522801735106381,-0.5421615670083849,-0.44462483258907964,1.013703392080273,0.2723072840155133,0.27881006371241907,0.2144734192649615,0.11232880573669538,0.25891939543954307,-0.12611312851608408,0.08045168474577745,-0.12216195989366603,0.02926586741298215,-0.0794597933678018,-0.06305252829825421,0.004604459257403758,-0.005283161845973028,-0.0014777699256182403,0.004678573007512402,-0.0017828787868117506,0.001127975255675838,Sde-CTlk_015 ,Taluksangay,6390.246168375256
-0.826928564344134,-0.6897479736872327,-0.2083019874557896,-0.25372525265807033,-1.1262169512561182,1.3437939004293142,0.5463086804749954,-2.585540629959389,0.7809590380449503,0.42284100386379186,-3.0109039621985354,-1.617589522621694,-0.7266600509462794,-0.34010177872052993,0.2576331677293716,-0.13027274473975714,-0.9176902012832298,0.49850283101031984,0.16666068384981303,0.27651307503350764,0.05294086921072905,-0.21186625468171544,-0.482458088083534,0.027500982489610346,0.09917096571190662,0.04324294642447161,0.057512312496264414,0.010494173575123583,-0.015296510170884445,-0.04605432183239907,0.01837396093771942,-0.021923059257005495,0.02811689126492732,-0.004905282594601761,1.6492037380451408e-4,-2.4320875565475575e-5,Sde-CTlk_085 ,Taluksangay,5599.727689611027
-1.4539778879256111,-1.3855056147158797,0.34446543387056294,-1.0614787185352164,-2.814367270548518,1.547119795331505,1.5588334245641937,1.309212733487714,0.10773325139255387,-0.3730644180335635,-0.5085356385176779,-0.9470910902508081,0.7549202407978123,1.228270813529608,0.10314415150643384,-0.044694680195376674,0.1624410281997867,0.03785143356130254,0.37799447799424285,0.4947586156415716,0.15185385340414334,0.06110436323828083,0.07090391213749088,0.007360656398228631,-0.001551038210623559,0.051490871927248195,0.1600626139312888,-0.14531650291120915,0.024896367265850962,-0.012625891191035882,0.04324144219334439,-0.017351514754237032,-0.02070452017637774,-0.009135709817863779,-0.001354052575911043,0.002180553622509067,Sde-CTlk_060 ,Taluksangay,5308.2357285363105
1.080015698490013,-3.2366931534533285,2.799061202023739,-2.406624865472629,0.5654139168697309,-0.1554024963088515,-0.5871886807719062,0.4068101382159934,-0.13828016536007337,-0.9680046599595441,0.6798803300776358,1.1422939638101826,0.5637310017101653,0.2994152907988159,1.1772229318237666,1.241885790939195,-1.0682965775100046,0.6460040723587623,0.3249141196603976,0.1064556668751328,0.3776622690267488,0.32292038518038624,0.49495604262451254,0.21266998225918946,-0.15031248895362492,0.16210074809182987,0.06513934700648696,0.09841646282420302,0.0016649876433059846,-0.04291290100477061,-0.04875525375011591,0.026429230773495373,-0.01974132423432568,0.004805021840359837,0.003922562304735463,4.486803821234231e-4,Sde-CTlk_053 ,Taluksangay,6575.44630515185
-5.12297634856362,1.7177877763925262,2.065661343862627,-0.15369101752563954,1.1890340045132184,-0.2271985510134759,-4.501519076269405,-0.7524953402806395,0.1347989146408812,-0.633855567359346,1.0800288795648563,1.0438791017139182,1.1094406338189347,0.7487171368946297,-1.28537475133282,-0.06519098035641838,-0.19871662224105188,0.7559422922221537,1.2134485758296887,0.368694417219614,-0.07736821419634149,-0.34932283435914363,0.1144020581116623,0.35245072302730174,-0.03466145983800323,0.2226958546382624,-0.011641296959772313,0.019302514115410382,-0.02968288710981803,-0.0469201511723481,-0.045579238222557904,0.039187726665427344,0.013245410354092546,0.03354657585734598,9.610637214721475e-4,2.932648936055243e-4,Sde-ASac_002 ,Taluksangay,2704.0830124784225
-6.860385509759292,-5.403482878566235,2.3751416891211647,-1.3839925449569601,0.5162603651054741,2.115024659391783,-1.735453148061627,-0.2461854957001693,-0.9028668765686403,-0.4109945521284769,-1.3113985858801802,-0.6645379528073045,2.3103266590574343,-1.3541091204646225,-0.08524888085722593,0.7600494723260729,0.013916693746840597,0.5897225663145134,0.08706463751410654,0.09590476151327487,0.2502241618658707,-0.056118628540935286,0.2229111653419148,0.20005363631570505,0.043516261369864834,-0.10053241751258003,0.21331322488705917,-0.05621873914408279,-0.026559473843885906,0.015268733628473835,0.022056050291638856,0.005129092922909445,0.02962807012154764,0.014025353718898445,0.0013709462535690733,0.001614709631435618,Sde-CTlk_074 ,Taluksangay,6309.875816595412
1.6295244562046458,-1.1136372327310118,-0.0029638928003235723,-5.477594958161847,2.153977921230792,-1.4472934010747143,0.04963668026370689,0.38083927431234815,1.1827291350540645,1.4927010501349414,0.9551079286798594,-0.20161680549231836,-0.5060120591582182,-1.3989276928537546,0.16049058325477208,-0.6255095193767285,1.0519807713335028,-0.6048714786479806,-0.6641924949552308,0.9186070757035313,-0.2877858044590282,0.11695381977193356,0.28445309582910183,0.20325332495268264,-0.35563129762229695,-0.2260809170207072,0.018804840171043665,0.04452007249884138,-0.006855048345740368,-0.0724269857305921,-0.023776311664260905,0.03650427070182273,-0.04227422048737671,-0.030038839946541777,-0.001874877907699969,0.0027168065744883965,Sde-CTlk_064 ,Taluksangay,7020.921817440804
1.2614886326020622,-2.1712136382250566,1.9203067574812676,-0.6737480767467386,1.2822249607208334,0.7064901446315437,-0.8317337921341315,-0.6612336673997298,1.2941286613284606,2.0666815405274037,-0.31094741286584854,0.0427745423251768,-0.3178569785215088,-1.3944785720984565,0.5568283949530524,-0.30124974247301267,-0.9142592954770371,-0.27669321268858893,0.47986431335485047,-0.4656223714377459,-0.5031501238443769,-0.2548656700009373,0.6733239426860133,-0.12441086697044877,-0.07259982319963,-0.04054759585247892,0.01931270318094524,0.05096325907050879,0.0439151724219792,-0.0029934150494490917,0.010567152143883957,0.04123992119766827,0.04607477472710605,-0.013888164620751296,0.001859783235077156,-3.400666519060083e-4,Sde-CTlk_013 ,Taluksangay,6458.87562178704
-1.3253435114794063,-2.024329049249824,2.1197080911359385,-1.1549348005840119,2.2817859614614724,-0.10674186763015184,0.023800527833067908,-1.7556381014580502,0.31182650601689327,0.9829458415294854,-0.6664039951455178,-0.5886666241955572,-0.08334826358376018,-0.2695857232151096,0.6806382747852631,-0.9169419302205434,-0.07796973100648846,-0.13402351570758542,0.5894819537996687,0.2641185056829186,-0.22544648120254485,0.30219095914007865,0.031652750825219594,0.16093766388216846,-0.27179811010961724,-0.048379004173149234,-0.07955053918296479,0.03574348912961765,0.0541943218316699,-0.022501741761560504,-0.02126674805270615,-0.008582806958250103,0.004459972961707567,-0.017002676028968915,0.003004661280468713,-4.9768619471646236e-5,Sde-CTlk_005 ,Taluksangay,6603.450603044585
0.734532005312974,-0.8911244371743299,2.258622148239172,-0.9588501584919087,0.016881328198859624,0.729635025461514,-0.9931313234578999,0.13759074519961392,1.1646600729834715,-0.05486465333277776,0.6036352934235454,0.0075672595181063285,0.4537108808443173,0.43094302464753675,0.577452261521767,-0.0977935936168429,0.47534097259732433,0.6057338895278932,-0.21279304955771366,-0.3805384684030585,-0.5578720569598956,-0.18823315027435572,0.1319844578562692,0.10813203306589635,-0.08530717802906566,0.07034910840080874,0.21181422227035102,-0.27986063525644544,0.016400621316486237,-0.006771631765370656,-0.029717348407603122,-0.039880320819395194,0.020873889269286024,-0.012831112422560527,0.004324019629059886,0.0016896634773868602,Sde-CTlk_062 ,Taluksangay,6519.703234257626
3.3437103063575493,1.8952134150144415,-1.2584085069116582,-0.7487638268678901,-2.2663020114209473,1.8250736758847836,-0.07564746061358363,0.3610419316083061,0.17753774269447037,-0.7833096612021169,1.0779240630710007,-2.1468135853366372,0.5695570345627912,0.018192962045775474,-0.2969785883960455,-1.6182224600949833,-0.8251244100147512,0.9285765634505587,0.5413989438825689,0.12270376976468322,-0.7279085914423027,0.22311081789790593,0.5630805148722245,0.012064153659569074,0.18591619919996413,0.2581461084831306,-0.07585260414290765,-0.019512891418627637,-0.01370574429707537,-0.04865275661286399,-0.012659833354467676,-0.03220905216310834,-0.03960409459489422,0.01006791083171342,-0.014508351400568976,0.0011328469097955374,Sde-ASac_008 ,Taluksangay,3424.875998525785
3.929301470601927,-0.746247602785321,0.8052440730744709,-1.3552313168053665,0.03679555325068015,1.241097065556494,-0.3955216624780083,0.749565528087744,-0.48358860465238473,0.7752451247469667,0.32540963241562415,0.39942746866645246,0.778971150207279,-0.9763697295622287,0.32726544603620444,-0.2677409471333262,0.08616188938606806,-0.11820229783069568,0.7623501002076176,0.11455465846970378,0.07599336427260156,-0.9563317478800633,0.8574167276381874,0.35765189311124634,0.14609362529850772,-0.03129137930056331,0.19382004449187779,-0.006814572275646927,0.07505022088046268,0.008831528146252232,-0.019974753429713818,-0.05353091197386621,0.039176890728663205,-0.0020236611194466483,0.010951835514849144,-2.5754004614705894e-4,Sde-CTlk_065 ,Taluksangay,6334.471726523576
2.4135484567047754,0.09877211951830761,0.9345609882865048,-1.211866665791046,-1.3901310887488219,0.6448386806360893,0.12162351492594868,1.5301641292848072,-0.6353380216251125,-1.0043957970895785,-1.5585701066447835,0.2873517822930331,1.7367686205256838,-1.0463173063004847,0.10229804039252885,0.7656419446778809,0.44143531501877875,-0.6033366557965171,0.7851887306912884,-0.1627779316483477,-0.3371114855328225,-0.5518469391360064,0.5074909779560373,0.13751108005253337,-0.11375048903825277,0.07075357145007947,0.044532743707988855,-0.0685800393791148,-0.086486295416066,-0.037088382050798535,-0.03193925053078749,-0.053074630625362544,-0.009442227999748209,0.002097191479756247,0.008736278874961588,7.375478083501419e-4,Sde-CTlk_097 ,Taluksangay,5818.633422503357
-0.02803940499367591,4.7335546554816705,2.233218928637201,0.20116647037413835,-5.47921566233391,-4.9486856128093395,-0.6450606826538123,-0.28727290922609827,-1.2811129012877045,3.3309197061580167,1.0762862618868299,-1.0708328496377681,2.4503527240165996,-0.4930076415201936,1.4680105801730081,0.5602201136139842,-0.09354556753539901,1.3298148950733573,0.3195087425994877,-0.13645922739015925,-0.21501155071710737,-0.018186136704675365,0.34902453336203476,-0.5989154315174378,-0.011120945274892711,-0.8595841405737713,0.16220471536312076,0.08730388932935201,0.004142364935055626,-0.14531763433656916,-0.015063191818892395,-0.061413155162953544,-0.02671006421144631,0.05442705887762936,-0.005410192477491544,0.003832712536133487,Sde-ASac_014 ,Taluksangay,2823.615779755813
-0.48022387310336284,-1.2058803105967122,1.1108812017339296,-0.8907353260297419,-1.605719945223659,0.9812313505318974,1.2121104888157106,0.7629609806290875,-0.047820108511892605,0.5208374138378281,0.934971547585968,0.6559777337266942,0.051620400212084354,0.7983130638663977,-0.27033924525159486,1.0832236395454418,0.24516716125128787,0.07246258530386389,-0.1114544191284221,0.18929675699488244,0.020785288251616105,-0.2713895471064615,0.13133519985905726,0.006466875045277833,-0.04227977383257748,0.11391195656724652,-0.007807840168870506,0.22386164079125853,0.06360445058225535,-0.01015118608193789,0.0132048729082788,0.06537457022268829,-4.908616938158204e-4,5.5310506256437146e-5,0.0035448578819110518,-0.00156230399558261,Sde-CTlk_049 ,Taluksangay,6122.753169883705
0.6726736454044043,0.23949139760036714,-1.6390488261059042,0.06174127981383407,-0.17434974985061275,1.8119514318926042,0.4404756399881026,-0.7448716610923184,0.5198868705468518,0.4263773009740372,-1.0018151341338566,-0.5768491669688433,0.4163501701739797,-0.05847817467622371,0.3745034374426921,-0.7199339335240326,-0.8971773996394095,-0.5073073121260735,0.05539647845965884,-0.08144460506072757,-0.2485903253216587,-0.005819521897702231,-0.21144056691145582,-0.059062312932326846,-0.10023311128176783,-0.09688215127034232,0.008482688315017669,-0.020053159397189678,-0.024960794289226006,0.012790086366102554,0.029399192734107616,0.014670523384111962,-0.013054237578887544,-0.008686096706688871,-0.0025169915666832,4.523689737333317e-4,Sde-CTlk_021 ,Taluksangay,5092.0077359720935
-3.171945862752486,-2.2919788304965922,0.6850842950705189,0.7424740097117022,0.29154543210668626,-0.08678532412362247,-0.22300409649994846,-1.8629789820539455,-0.19693413364353907,0.2787696280476428,-0.7485450345748347,0.3981817666314223,-1.0796459767542004,-0.4377561755544438,-0.12588986467677504,-0.07021929459613574,0.5457403425405947,-0.5071291998519055,0.1024366058012994,0.2592084018495394,0.1293629753105256,-0.3824106037463181,-0.444138005687229,0.13215582301519035,0.20141838802567832,0.07700958938355909,0.0845740680259956,-0.002429364036661552,-0.03938862642334866,0.011742777170828896,0.015620360389300703,-0.05104095425386941,0.0030223656406670046,0.0046357477844279765,-0.006330554815064334,-5.791151082720214e-4,Sde-CTlk_063 ,Taluksangay,5586.110814734735
-0.41111345140999317,-2.110666740922032,1.693020601317961,-1.321315961653809,0.16693307009292044,-0.7858448640960515,0.29457178163196396,-0.10328219031538247,0.730053530811503,-0.6931962305101236,0.2662901137474545,0.9511337999970666,-0.06734686202485614,-0.307254690171309,-0.29873957406240603,-0.2067174326761358,0.6274927207023175,-1.0598291199452057,0.2105099671176111,0.08520913123731375,0.084210067677718,-0.43472503178516325,-0.36946550464407685,-0.31320762558105253,-0.2147704797542537,-0.0019322164481130957,-0.014189208041966057,0.07812530810219787,-0.001998491281737187,0.05697390500590125,-0.05017203997749288,-0.04011133943342633,-0.01825804932547644,-0.006792087303925439,-0.006520655792849554,-2.785237589691403e-4,Sde-CTlk_016 ,Taluksangay,5980.800912242896
3.2180902873455137,-1.729685384975543,-0.9566786836975268,-0.9953050833826391,-1.6577630604430795,1.7940563146640864,2.072236352351923,0.5507937666901124,-0.30028143924725603,0.19413139489186837,-0.9939639954391707,0.01783433287441219,-0.2329973005227862,0.7327517368717189,-0.09125223120252553,0.557127159851423,0.11036851136979228,-0.523811755055843,0.1607709883550937,-0.29704810565837253,0.4219650523538678,-0.16279918210525235,0.09872164695984728,-0.19141878609407068,-0.021653313498180445,-0.0553558096738824,0.06700010920919024,0.03824324386874974,0.06600240342811968,0.05807886702507986,-0.04646679231000265,0.024432164015506873,0.012557140041944574,0.013686000476997088,-0.009125332921938819,-8.528267207611913e-4,Sde-CTlk_068 ,Taluksangay,6412.361400413995
1.5298606506308745,-0.18176717697062117,1.5233903062794782,-0.18242895070150006,1.4991225369024388,-0.6378685857052397,0.2265886841749723,-1.7276225492913153,0.8764325309053371,1.4247745945115156,0.3992593299135117,0.3897276380700177,0.7828576596884933,0.18304851186713034,1.1747366944355386,-0.26037474271166927,-0.25300738484185264,-0.531032184101951,0.540499777623587,0.28343348339062585,0.40705453799655644,-0.5146390905466153,0.24119678427802566,-0.09919572011940439,-0.1452895873337208,-0.3298759117254131,-0.10678405547205702,0.019713803028980237,-0.06717999852203838,0.04605978836255846,0.04271960455359773,0.005622823827592716,-9.152845922552819e-4,0.01612749468168553,-0.0027141889135319716,-0.002837460926327612,Sde-CTlk_042 ,Taluksangay,6155.832902089454
-1.6785703373501344,1.7518601730325263,-6.929385199680727e-4,0.26442616125655344,-3.006304143488825,-2.0294733856247658,0.2981637214749522,0.4692935382065063,-0.904160428948851,1.441252450966834,-0.48350492177108834,2.570189191818907,-0.20528030902889854,-0.8576188832699054,0.16877531502441662,0.32994570611598734,1.0768754244940975,-0.7265324277866787,0.8876784928351888,0.3891093831618663,0.029115465505153953,-0.2907622401058003,-0.042575684074521475,-0.15654897358597492,0.2491920869069818,0.012367673006186436,0.07514317463001081,-0.022514607331295455,0.10021041845738468,0.0017176544784577134,-0.06598241588277484,-0.039448341694425855,-0.0028559584588966833,-0.0023660569535316825,-4.6082746587794085e-4,9.044869086033414e-5,Sde-ASac_009 ,Taluksangay,3042.9139833145387
-2.699566032480283,-0.6180200229773791,0.22426714740238696,0.005034175232544888,-0.5540869447544908,1.18426971644954,0.9990275071735113,-1.9417850263699319,-1.1659448303289282,-0.0547060759824733,0.14346365904817626,0.04005467364123569,1.3338424550647958,0.7672604121574735,-0.6675587730062791,-1.7290929618853321,-0.08309616302237573,-0.5722321215310245,0.101421748911151,5.020249670434351e-5,-0.697157250883562,0.42385326770476567,-0.07658798059497583,0.045177412237009114,-0.04663754706342074,0.16659524634101744,0.28386499371530066,0.06784551544213994,-0.04120524334427124,0.007163429724290116,0.005500851106738968,-0.051201778885498775,0.08232112121562393,0.0011764326465618508,0.004642238345557499,-3.9815499673645505e-4,Sde-CTlk_019 ,Taluksangay,5413.883968461588
-0.045652025760112874,-3.1955324113999453,1.1673096850388534,-1.3166349396980248,0.22529843708682185,-0.0914949987008123,0.9192348545606872,0.22840621543774137,0.47875322032904577,-0.7788610564400547,0.2584938026277055,-0.5911073205181065,0.49079456271544636,-0.09255415109947385,-1.4033751017356755,0.02929160743121994,0.24443647890382897,0.20774396226859657,0.9990949086865497,-0.01901158197264141,-0.14042567976373393,-0.13651205219152468,0.8381500849451415,-0.255131098472468,0.008655513027462515,0.19004956976103848,0.11478110718183035,0.04378853857684684,-0.0172840829322886,-0.01533789206268761,0.07505170401610861,0.02756775817861208,-0.0015263163274454629,-0.002014037872640779,-0.006671357194592633,4.110332249917248e-4,Sde-CTlk_076 ,Taluksangay,6750.25050843248
1.2412667333980283,-1.868252336965342,1.37597491304166,-0.576942219167365,-1.4488369067594464,0.987580569208613,0.8343626553726216,-0.8168969373288655,-0.10582346829512398,-0.48118707520283177,0.10139410397583051,0.426870040070547,-0.0680366400356348,-0.3814132870763247,0.1737941505168026,-0.3210867694829398,0.7211168919235437,-0.7819640454664831,-0.31491398459450637,0.17399654402327958,0.24024080156398758,-0.11331866082811581,0.18016676081758864,-0.19510103266187312,-0.057244499653595016,-0.006415138942611903,0.041902205972786294,0.1254347940225225,-0.033485246426405366,0.024689612618653295,0.007764959497612324,-0.010906516028454098,0.026217198354303754,0.007054867623950053,0.007164188909834705,5.992838284310104e-4,Sde-CTlk_051 ,Taluksangay,6312.866012638975
0.06300766727806847,-1.78632201118307,1.004543490317737,-0.18888719168326523,0.28259357972675153,-0.5062222434805628,-0.9498076702619573,-3.003223229670782,0.6294593982628075,1.752187142279159,0.2806373263589955,0.7378640615135255,-2.483757333908554,-0.20393508431683902,0.517595923529313,0.4122574745125106,1.4062064323340835,-0.8754919296375264,-0.28592089110470204,0.34296384665734836,0.07589064651378999,-0.35109520766000607,0.6528959112309354,-0.054529216165454066,0.09370500700001796,0.05951898867098992,0.03865211446158996,0.11748292505293792,-0.06987813913930101,-0.003515579564742681,0.0012317550261596987,-0.023716790892844657,0.017187507651310736,0.009247073546792698,-0.011564771791757213,3.202541020622951e-4,Sde-CTlk_037 ,Taluksangay,6109.970052473108
2.6179134145280885,0.003025436686954708,-0.3072376912900251,-0.9812451602715864,0.6348696444946499,0.6139759314232192,0.24207064632468026,-0.5859481187824505,0.8516420056830409,-1.0640417323833242,0.4446661049897345,1.1614407869646213,0.8397538764334056,0.4468199561877755,0.14504215591664132,0.6122658451527884,0.06134610869200199,-1.2493506266875511,-0.21036434408873,-0.25237458155428394,0.02708006930889667,0.4359102815545412,-0.23763198382669748,0.10466100375207602,-0.29850306077192423,0.31378724705984834,0.10867157929475131,0.01078358337887382,-0.0743909651911289,-0.09757486480783287,-0.011279655283228537,-0.048397712748618496,0.002842496788495137,0.020853247813801812,-0.010434229237922683,5.159195296817187e-4,Sde-CTlk_070 ,Taluksangay,5238.332485872006
1.00537163766667,0.18638911555887944,-2.5876063955462714,0.9006069252990307,-1.803354867043534,0.8381481426594033,1.186298259853328,-1.8862766473810668,1.4499942688396503,0.6202080042457384,-1.123678497502193,0.1223574278196908,-0.4051799693365968,0.5142238726232015,-0.39650993611570834,0.6264745380515503,-0.1175548199074457,-0.20346270960412094,-0.5016426701013335,-0.15791380614368755,-0.3121642909885099,0.2658557301970106,0.1288728991695228,0.06149852887019697,-0.030102014933274777,-0.06867289057694868,0.05407657743860495,-0.13299848167311407,0.032123755817440605,0.03895640457028861,0.06475329615544181,0.04508803796242327,-0.00441330828047376,-0.005165344395619793,-0.0031493934523984775,9.194801473197123e-4,Sde-CTlk_083 ,Taluksangay,5155.075067850661
-3.0981503146367846,1.3332458783986707,-2.8292792720371076,0.9586691025759289,-2.3673627400754604,2.322297222180588,0.045140543888475965,-1.25814236320894,1.7118314018931138,0.9595676794183776,0.8155080941705739,2.1623957770523092,0.17422730834110164,1.3077357569106107,-0.2763016353857046,-0.010611427463778841,-0.31354578915530745,0.4761838879851115,-0.9320595846691113,0.05325584652498094,-0.6234065633425414,-0.09118138711519522,0.2783322361117232,0.037179657321735594,-0.2047045922007627,0.01728121415806694,-0.02255252656456988,-0.07823133619959945,-0.048248037331499086,0.005484053221044595,0.008250976232792102,-0.007462685973039184,-0.01549310645985991,-0.0037546059457961405,-0.008941118189022287,0.0022946164832895743,Sde-ASac_007 ,Taluksangay,2728.324467313902
-11.58682871712908,2.335420204415124,-0.7717996722805583,0.09921653553187218,-2.749071120855751,1.9008473271136077,0.7058143264898007,-1.0309923069887619,0.808264406167764,1.0481462435953357,1.7015234342502101,0.20540115432808492,-0.3566528866980243,1.9881958968202653,0.5019593636003785,1.079660050738482,0.45537901923317636,0.22111293020457762,1.58912652407624,0.5281898934515938,-0.6987920642521501,-0.22420865897860967,0.46689553356102637,-0.34031211345569495,-0.10347740542021795,0.0010339818066924834,0.14225527176452762,-0.13494870551394833,0.09771689701736921,0.04598066945381725,0.05484418213721067,0.018021757257905835,-0.01925455425040721,-0.01799164329872314,-0.011016217127636029,-7.713584371027704e-4,Sde-ASac_036 ,Taluksangay,2355.8565830709013
3.6785172654731086,-0.8521668349896653,1.5418027375080452,-1.6011741473391812,1.8497933390351327,0.36926023901337246,0.13349947051233785,-0.3655085573714249,0.06857561910545826,0.2180453092452259,0.7265622351261376,0.49617001298240715,0.35015965061033166,0.7551338555930209,-0.40690867189075053,-1.0598410516224832,0.45908521912110417,0.1127148821281514,0.4733205030134414,0.032357697355072934,-0.056415130947405356,0.004177618423236405,0.06928586303692358,0.3021555205414938,0.2607318701171431,-0.06342300640967788,0.09918187997346693,-0.12555380070328137,0.06931171335093522,-0.017429539483203495,-0.053596853130684324,-0.019548789805900336,0.024188896364602842,-0.0014444418693954526,0.008916996719627077,4.596363339666454e-4,Sde-CTlk_081 ,Taluksangay,6043.047922618265
0.9335614121388093,-0.6310341014549478,-0.24411970253390405,-0.1770645935724406,-0.46303444018465506,0.6470853151192757,0.6541901756371816,-2.1775477970598787,1.0680797345307402,-0.08107902438858594,0.5737910249877389,0.8682586553535832,0.822997947647377,0.9316991192942095,-0.6728004289076724,0.2181892452321248,-0.23940474187307545,-0.2101711645216724,-0.024852955577607548,0.08962628891148286,0.34121833203250607,-0.1813784993248857,0.004612841679463235,-0.06650281798359818,-0.2440626489345499,-0.07252132626049627,0.12447927014352922,-0.141390037955447,-0.07385598768529776,0.051227327428417964,0.02182179659862689,-0.003095219015190342,0.012833960222323047,0.009665078773593488,-0.008845591457421836,0.0014548689589155284,Sde-CTlk_094 ,Taluksangay,5447.7845649321025
4.4229017099999215,0.5935013811607637,-2.9500035198973946,6.946796643300896,-5.02833371673051,-0.45150416841997343,-0.3025724979822427,-1.8475655475754407,1.718220322375219,1.120659974683318,0.697649779835296,0.08704036455992542,0.05205415840618921,-0.6752797857190147,-0.18868181631843617,0.5433626767725426,0.5882011083101879,1.0284729698708754,0.5644527174166507,-0.9005816368907096,-0.024578340011802258,0.4483465902511382,0.31229593726522126,0.06679089045319923,0.0919316452461353,0.28786681013655635,-0.05451910668122137,0.13200107997707575,-0.11251747998622016,0.18400864359424882,0.08943155047604669,0.0018730125021267086,-0.01262978479749402,0.03198922661938822,0.020643519356031183,9.895330520560686e-4,Sde-ASac_064 ,Taluksangay,2703.5554139398514
2.9010096497946702,-1.7818544287215758,1.5651524103722858,-0.4791460737376162,1.0752067537235719,-0.19156128899001876,0.3206741474375698,0.6516708084195485,-0.10831997059701853,0.10446447501457745,0.3362175469764685,-1.0014641956238968,0.08657004201480936,-0.18937777171783451,-0.43653676324747387,-0.6409169141454996,0.23170769031858704,0.44513440380561603,0.5837884450078701,-0.3710272160683819,-0.4052024432058426,-0.28822270736625144,0.11018607763862653,-0.19635113737309398,-0.22789656888654988,0.15395702408957052,0.0035010930110683583,-0.10288606186695151,0.036556636683889226,0.03010977413210289,-0.03233854643482506,-0.018807071808840503,0.00670225583390795,-0.006073889084456178,3.954354524980559e-4,5.728942941199688e-4,Sde-CTlk_039 ,Taluksangay,6804.569714240917
1.1041149768201426,-1.6101087104882907,2.028399832136004,-0.8541729124958042,2.1375345694378467,-0.5497807273546966,-2.4352974829913583,-0.9528566317642404,1.2183086336765012,-0.2861590816276227,0.6839887111982828,-0.4375757879118159,-0.22057897971087098,0.16952136195789008,0.9789034490722803,0.3400673955472171,-0.4775166825270735,-0.28667287861471896,0.05942408608987776,0.11635376748414633,0.1395569294133878,-0.28232401832150616,0.0962452645967411,0.19680369162216355,-0.09452205612135804,-0.049678124975170504,-0.014706793256105119,0.2342646461984058,-0.07119112488477983,0.0028328406902038868,0.002190401954939263,-0.0025449827612955417,-0.0198929681724136,-0.0054626074445123,-0.012402252383495082,-1.2792030378294683e-4,Sde-CTlk_043 ,Taluksangay,6169.827872695318
0.15259648008441282,-2.4657575363023367,2.515744982418809,-1.2447016948659153,-0.9720897773179432,0.3207820566213539,0.1147162319610792,1.2077278767237138,-0.20232772627219203,-0.10938293803905523,-0.33246019980050595,-0.20167815041923426,-0.25932044766690515,-0.28536676585553955,-0.018282558920070857,0.9716636083996322,0.7972604633462136,-0.5947344327821353,0.030641632505848577,-0.29016072346280986,-0.25047615463130257,0.06663257902772096,0.09081265964289129,-0.19710967586510766,0.17284085137122765,0.09746672013544785,-0.00807885771252588,0.06169254079106904,-0.027847722438311212,-0.006315957397390576,-0.05809360350957746,-0.010199050469721489,-3.631330609187716e-4,-0.004343891881823013,0.0016207069954162299,5.6521159954303624e-5,Sde-CTlk_018 ,Taluksangay,6565.147072877113
0.8621344170252705,-1.285533375282387,2.2527123428057347,-0.37770127969443423,-0.6080828564616287,0.9754940541032091,-0.5557240041812834,0.11049966917132918,0.18134859436746456,0.10217547088436334,0.7520542326621007,-0.30395306548160234,-0.026883925992423063,0.9290223780135407,0.9560997593859979,0.6753125250506175,0.5978835077467448,0.0023792165629596546,-0.43577540413869337,-0.34482365766251993,0.1416801052870866,-0.10878068161872995,0.16207396572763505,-0.45028118091485675,0.10790905635260327,0.15734264834385175,0.067737863873977,0.07278768058567442,-0.03700002097254804,0.004119186752713312,0.005386233706707095,0.02021859910911062,-0.022943560640302223,0.005274416194805575,-0.006702955376298399,-4.906846353878724e-4,Sde-CTlk_077 ,Taluksangay,6496.543940783026
1.9146766602814322,-1.8631130399843818,1.9135864131604245,-0.3354509687013581,1.580522384862664,-1.7191372596822183,-0.251149038709527,-0.07500117981892246,0.05155981145677632,0.16088601721426704,-0.5176568970413336,-0.09830925614014088,0.2775163136884837,-1.2191130393088818,-0.3179305263409867,-0.059799814969725265,-0.5998608036685615,-0.5414940898432749,0.32224166141180577,0.11299552070808555,0.1597443338270659,-0.15904560895972686,-0.06731054305282322,0.1817605285092964,0.2397795956536949,-0.03673627032292782,-0.04454866855702756,-0.07503101785193417,0.024697771013910103,0.0037931934592459124,0.06480367639192397,-0.004211686930321385,-0.01624938926660735,-0.008717227540304337,-0.011718279356918547,-2.641516755317319e-4,Sde-CTlk_025 ,Taluksangay,6910.206336386194
1.5768286063681696,-3.068074048591891,1.0961657803381393,-0.9961196763511946,0.8274961068119857,0.6004011073581418,-0.9958448389988217,-0.3324709438036603,0.6809411242009968,0.485897613831173,0.2193077039964973,-2.65481139289607,-0.055562999660687284,0.37461340525237785,1.4777410184666708,0.5538511191885258,-0.09189936403381946,-0.04043656328723398,0.6043893064293593,-0.20358938209729327,-0.1870466381635924,1.0595997339377636,-0.34570573610113775,0.3001968518246209,-0.01777947360931119,-0.11918987357898425,-0.12542487544885206,0.20759171027019302,-0.013435962837928472,-0.06495854501112552,0.033100156199212326,-0.05483877498752267,0.01709653702545802,-0.012164299950225721,-9.331800754095905e-4,-0.0027129053856168595,Sde-CTlk_020 ,Taluksangay,6771.937623136283
2.1147301792099427,-0.31379237406000754,-0.45934064386434564,-0.2537869672093041,0.5911001599359643,0.08590718131423392,-0.6794207112586801,-0.45535206642865284,0.5891327789755207,1.5927635508279203,-0.9078011731162696,-0.059974946557850094,0.19658312733376015,-1.0104448696399146,0.0482381526719179,0.35383591385565566,0.42452649418740307,-0.5182000803297535,-0.2596885963524601,-0.07483380075280516,-0.603137122919265,0.08712823357117616,-0.004452070896270122,0.19714096604458176,-0.11750128004832629,-0.13307200155428653,0.011478174821866156,-0.16889907900258755,0.04525942072803531,0.03958872800552752,0.019907546450235358,1.4029343450455223e-4,-0.0027182465388485002,-0.009972347947513801,-0.0064313884794807,0.0015402392925200799,Sde-CTlk_003 ,Taluksangay,5919.508133261934
-0.7271190148908571,1.2515068730867527,1.7369109307422401,4.861528260296315,-0.8033788405927413,0.7487553490408474,-2.3746383945142084,0.9331120538165809,1.6547575602897076,-0.15788949365494898,-0.35749208410657973,0.28976566977685125,0.6937644381748224,-1.1833172259633848,1.4276856124652986,0.7701026950668491,-1.7229917508909727,0.2517406965743786,1.4149960929147707,-0.6426028647664368,-0.5890499672410565,0.17224543037768644,-0.6116241688775083,-0.2452005046090644,0.5304605068658739,0.2382757877411295,0.05302150275450754,-0.2024210068443218,0.09366602124186903,0.011974210925072087,-0.02040965479837644,-0.06431242151662246,-4.558746711922565e-4,-0.011498363389375741,0.0048177527742911345,-0.001725378023600066,Sde-ASac_010 ,Taluksangay,2921.1773142332295
1.442105090877263,-3.2782061184564166,1.8082938669435265,-1.3675217319331276,0.1738056722194477,0.5512591410062996,-0.07577730258797354,0.15209568957046057,-0.23040579233594266,0.4410832482874974,-0.4277560357058769,-0.7003797378089037,-1.0687795962328595,0.4090296087501699,0.02648605613150533,0.5610913077425834,0.770172111314977,-0.09649101143582256,0.5068818447072984,-0.01784200835582042,0.18692587190634413,0.7268290543509763,0.07130379900557217,0.015491658582674001,0.2501429299988903,-0.11934678079045526,0.022749915425440685,-0.09862460015602785,-0.054601345019267805,-0.022328977059558282,0.036255655380127615,-0.023280909962916936,-0.0037803676113603475,-0.0057425383459381776,0.005568744677933948,1.2659214766076732e-4,Sde-CTlk_078 ,Taluksangay,6430.730859277761
-1.3893865461732258,-1.6375839851752203,-0.2111508466426778,-0.892357581751834,-0.9620045522141399,0.5710763622522971,0.0109034931788482,-0.36657575890873473,-0.04958860559834399,0.1817097028492501,-1.3829543037005827,-1.1092574348896778,-1.2755732290847952,0.9659003835121139,-0.4105489308888712,1.0219360983344206,0.7183206641648987,-0.21014928331826088,0.39811319505549386,-0.17949501315714372,-0.4408566204673494,-0.010610606539214633,0.04436416286352231,0.05256214503156019,0.07171223343914417,-0.11972315177547486,-0.02773794601918289,0.01780771991887642,-0.0287043216406924,0.01228272967789086,-0.02404780179083212,0.015252281657420742,0.008983175115622737,0.0012598740990525624,0.0024018732164902672,0.0013102494626615058,Sde-CTlk_031 ,Taluksangay,6115.732136006368
0.8138307502845558,-1.3817384735834248,1.6299943372293217,-1.4282297306874585,3.1441578671069156e-4,0.29515941829828957,-1.6118487631912133,-0.3412302199019259,-0.34220249957578053,0.3203930255446826,0.018137168574647228,-0.523564584990653,-0.5012984028678976,-0.03707628531677659,-0.8018815788882108,-0.1565336339892502,0.7085609099735413,0.22540682558127165,-0.9978475271154487,0.0798703503136259,-0.5744901313328102,0.53788570697973,-0.09113517307501547,0.050785234132320126,0.19662543132618782,-0.06894308398654928,0.0936218762009566,0.03464559055187977,0.026847917368611966,0.05328223564294003,-0.06187958449706255,0.020881976505341404,-0.006671324234613231,-0.0034313590431758667,0.004748713825671129,-0.0015411245277253405,Sde-CTlk_045 ,Taluksangay,6225.120718704163
1.6537809144286328,-3.454710819209435,0.8969562618536787,0.11191241374712146,1.355077372697066,0.12063516239150995,-1.5905532421561597,0.24307922051534678,0.6148383068272132,1.9819407330984953,0.8204218852366578,-0.19175975559306918,-0.8222145133049549,-0.1441914971658296,-1.4253538994513024,-0.05406946198585395,1.0723694416335463,0.24404778303639124,0.2805057854789197,-0.09911120087190775,0.3477144470207285,-0.18551652646251826,0.25699460654098233,0.07762831173253751,-0.07645678532010317,0.059089448841601576,-0.017084253158985423,-0.21810133469285511,-0.03725881880896015,0.018599968744811443,0.054026231903542464,-0.01524905056491294,-0.026791192525469,0.00982558789430783,-0.0074919786002373605,0.0019375852486774453,Sde-CTlk_080 ,Taluksangay,6502.549016286911
-4.200201521099374,-2.637605754785493,2.3182722942680116,-0.2539505284806497,-0.1759404544574488,0.024932748593775526,-1.8120914398691481,-0.13836283885249784,-0.13928503926973673,1.1942154882353448,0.6606738787451036,1.4483233118201797,0.4619261828476482,-0.9223900664626914,0.054140349288678835,0.06327954420563564,-0.5040156451849402,-1.4486890178245404,0.950903136855897,-0.3878956186489293,-0.38977797504644485,-0.3545552602013653,-0.14102618268436856,0.3265531891711136,-0.09002250469507406,0.18677490967424032,0.040791844794408685,-0.0031900891041264645,0.07740662418817323,-0.021358115330265156,0.054344949486072255,-0.025508502656546556,-0.013193166146392439,0.005947657759210263,-2.6018505415624504e-4,-5.578890960770133e-4,Sde-CTlk_009 ,Taluksangay,6110.52167531704
3.1422088266875727,-0.8990921412937605,0.5788990439640983,0.8361609672346068,0.30858475892470416,1.4903373264569675,-0.6539334264148006,0.12913636893530522,0.6910325322988838,1.7460794690739463,0.009805767619469663,-0.1431877301348376,-0.40744237440581266,-0.7670097278371271,0.6097486655767087,-0.054608085357229295,-0.2696461697632191,-0.4694919094370544,-0.44261985827096584,-0.6547992545652467,-0.3816959730567724,-0.2636885617957288,-0.25991889962523795,-0.032735908222806163,-0.1253408763915422,-0.17871761679512327,-0.09887317894090923,-0.04960494163049859,-0.06549253452238328,0.02987076888126097,0.02011200777257814,-0.004631102472426499,0.0058645650277820635,-0.005250446017539479,0.006034762297613868,6.962011402434354e-4,Sde-CTlk_001 ,Taluksangay,6076.7175709589865
-2.6493007070998678,-3.654991216232711,1.8180574160653906,0.1855002136996821,-1.3488349513226188,1.1119785069230737,0.698087246880732,0.24019835261232533,0.3996724150368238,0.6937215165235835,1.358468540290996,-1.6494730315048618,-0.3257731306942837,0.5320027801012205,0.18826298281885495,-0.7467755148867818,0.41419758090340614,0.07854750188877496,-0.7643770479483212,-0.09688522855556442,0.0899626118969605,0.1628899413488727,0.12902848828705968,-0.322960315799241,0.06953785395500041,0.2067370591243948,-0.05310894415793692,0.07864763466444478,-0.0734680957689412,-0.037108206739420814,0.013731657461156732,-0.052487442956099715,-0.03561246952849633,-0.011148491480145217,-0.0038760682376178975,4.0097408401050527e-4,Sde-CTlk_006 ,Taluksangay,6116.240342441522
0.5420689088966328,4.400418203850663,1.9453776619829215,1.7686772366294659,-1.5948147262664856,-2.2211483542267443,-2.4896602070835483,0.029927049600989186,3.274801456137976,-1.1071110495584018,0.27625707023704105,2.333157668469394,-1.659734203064032,0.09111938215037907,0.5963084270334926,-0.1381658267147113,0.03380127539393471,1.6285871451697798,0.17764780443414108,1.1448301241434615,-0.10077138854242601,0.6173783473856109,0.31288050397730205,-0.03242835572814273,0.1423928712782183,0.08803279528443991,0.15288011636097087,0.12250554278940476,-0.038892682861586356,0.05908119144362449,0.0992657673748689,-0.07422719388558717,0.022804048031340292,-0.016317393088989194,0.00699215282533471,-4.2133262008908767e-4,Sde-ASac_016 ,Taluksangay,2993.954367578548
0.37757948899005594,-0.6926737497867755,0.2541992098223563,0.7054850187482001,0.6685678198189937,-0.5021320112181408,-1.561365689722732,-0.6654822673164115,1.4169303163137885,1.1698349169943423,0.5707856713770908,-1.1813911285880883,0.49419962835016956,0.3304507340686334,0.2590025578384846,-0.5041135333673596,-0.16496448887832926,0.17317819782041505,-0.15696530127395544,-0.0450663297937991,-0.15240061547021921,-0.18214976499171628,0.28304784041798314,-0.20663302316622126,-0.25774267230832315,-0.0757700726668544,0.018546593034845182,-0.04285868628872541,-0.010917037547763797,0.0963065022806324,0.03900244825626634,-0.018199629207915194,-0.041791534484586404,-0.01582761873761221,0.0028818205027637163,5.650339093267731e-4,Sde-CTlk_040 ,Taluksangay,6138.231373436111
-1.1620773127925927,1.7870248794187458,-2.031877573669305,-2.4997149078484195,-0.7398776516519725,-0.36835559737565887,-2.3037536253135555,-0.0603278375406627,0.8655929560121619,0.11935411221102707,1.0430122566652995,1.361689220652692,-0.19257667706061127,-1.2313198724666528,-1.5049055379639926,1.1571331085612178,-0.35772906118790215,0.6576766241024302,0.51928833118514794,0.004748740979960794,-0.5388916906056157,0.6040618083210143,-0.3711052916307503,-0.16672760355063979,0.204553317459056,-0.1006769727086485,-0.0056222733719884545,0.13720819356336747,0.09029614261832919,-0.06809165963879335,-0.04270397322764809,0.05533810226446292,0.00230955867652388,-2.882232552677286e-4,-0.005082888684424682,0.001450919594581615,Sde-ASac_020 ,Taluksangay,2785.9222534805267
2.450265697724864,0.4662262753355367,0.027010138525216103,0.011372242707055294,0.538299980609109,1.3457045402862973,-0.5811871422486518,0.38905489059873943,0.14538128948692447,0.11571637463786198,-0.685969212934981,0.730044194945787,0.41918188051444205,0.6017104792221579,-0.3509259703629791,0.2579589949528154,-0.20145910137159062,-0.07757445591642084,0.3435400618411352,-0.11403678791555391,-0.2724592520460306,0.05479699273414479,-0.22353602928499616,0.1402410326645751,-0.4524217499277711,0.15385442238779812,-0.050482350567782906,-0.07350806236352096,-0.06822828621227814,0.009655763660657164,-0.08405612776563275,-9.32739319058986e-4,-0.009589244589617133,0.015190163906704846,0.002731727916012081,0.0010707256881117289,Sde-CTlk_092 ,Taluksangay,5427.8090105811125
1.368919806798924,-3.343454144691812,1.0683107438853003,-0.1670283261255559,-1.1662102973033022,-0.12037998434363521,1.1976290533362732,0.13025964521755468,-0.5632971892745472,0.659791473029631,-0.527081126699684,0.8541143448355939,-1.4523530869662682,-1.3559902432618198,-0.8448752418160181,-0.2463770364114744,0.8405367743061432,0.8985654140596848,-0.00217699912836411,0.1119613797417921,-0.014393343473922626,-0.369154172479507,-0.17850148277982056,-0.11103042892597241,0.04449642064452386,-0.015630855270404222,0.015725686437042016,-0.057783538318001815,0.05609283500216107,0.10930571143043277,0.03589303470860655,-0.02560269020572571,-0.06356086111593037,-0.011212741852558133,0.0013282874541284719,-7.259800436092978e-4,Sde-CTlk_089 ,Taluksangay,6454.1248247214435
-0.27875189905389164,-2.14174991635408,1.5979609923871434,-0.25277322516591516,0.729524744973364,-0.02353303705492032,-0.3966253993106056,-1.2053911400113826,-0.19807335814501215,0.10642198867750774,0.02648703126117269,0.4751054027684679,-0.4609531306843362,-0.9613266425846834,-0.34185527733634313,0.2056054402710245,0.11341279899383223,0.15472381933875456,0.3936638120108867,-0.02195690664691019,-0.2643768479384019,0.4759703540970359,-0.11787812316234,-0.0419903252696062,-0.32636193229923627,0.024366187676569593,-0.08793012743823579,0.1127323810775499,0.010485706507989218,0.049285036611290745,0.005459511277316326,0.03638153664078823,-0.018005994259938984,0.004919527031516414,0.0022708215087241974,-0.0017974876724287658,Sde-CTlk_004 ,Taluksangay,5818.623448608606
2.8716574211822223,-0.891585217677417,0.7505224674714491,10.725587246379366,-1.3228074267506418,-1.9344899034255518,-0.2795624657344071,-1.0390033970755004,3.018719099516496,1.351935609077614,0.4599317765901736,0.4750423322335158,0.9332389978785132,0.7363505497877132,0.13572946899297844,-0.8383567989383076,-1.0156022625516328,-0.32115623578881164,-0.24773307746195908,0.5910419775176541,0.6627078465900131,0.6333773520343055,-0.5882960009534439,0.8839917196819926,0.2655347192455389,-0.015139860358925311,-0.03556008518829226,-0.05667726432449116,0.07582832450868726,0.08520501030784343,-0.05966670378791973,0.045163315982977556,-0.07605578400097637,-0.0038132971660716775,0.0029655622256999914,-6.368205045337305e-5,Sde-ASac_049 ,Taluksangay,2963.3311770241094
1.3213945605472153,-0.9528291529709793,-0.4433847974136916,-0.9482129461538173,-0.10095428537192717,0.5176767744368793,0.4265710195585785,0.04463663655502515,-0.4861359249325006,1.1577203532375098,-0.27460820868213764,0.658244928491185,0.29271759773136674,-0.08152981140208415,-0.06103698052620921,0.06434045714243827,-0.6313019924122353,-0.2178350152379488,0.7325199659766535,0.07602708123918978,0.17160412787186108,0.3596636150925593,0.056902702752621645,0.08288487664577757,-0.08621086910076772,0.24058117660670558,0.04170215472831263,0.004154257275088367,0.01930259338232901,-0.038832998982633773,-0.02913779535761381,0.004162395062284677,-0.01219877695510732,0.009154367868634366,-0.004447161676936484,0.0014716413704928544,Sde-CTlk_026 ,Taluksangay,5298.012979950777
-2.293348128919341,-2.6828068370671945,1.1063769696723649,0.523470934976894,-1.2099739117436419,0.3720008269554022,-0.9035073920411547,0.1515501432246802,0.7043725064951623,0.07192096794719445,1.1229138366148252,-0.6476486405831122,0.6370143749149337,0.09327676972271524,-0.662388054234174,0.86542115917916,0.26561472553764676,0.594957460784675,-0.2748769303788461,-0.13245187660587276,-0.5522901588071045,0.6454338671986477,-0.024052484722036395,0.5334727084017062,0.21278667221704645,0.1226770367932191,0.0011378510348446225,-0.0011530780740735998,0.0799437051102506,0.030381383088493,-0.03313324673661106,-0.025293938966705905,0.003875182807303496,0.01158559888775041,-0.025503114856884772,-0.007660100471718542,Sde-CTlk_048 ,Taluksangay,5736.133942249098
0.020304840925623742,-0.1029006564063487,0.20608866352598232,-0.33296960297786665,1.1437270375653992,0.49507299159444323,-2.0232129585412038,-1.1243450726729383,1.82096360120435,3.0713256463326157,-0.37244051695441016,1.0125175404860438,-0.17819494393527407,-0.9029869631664448,0.1818498268432306,1.7344091006952964,-0.22498628057597186,-0.8491071750241191,-0.12395600792650079,0.3693050268947147,0.10052622099726682,-0.19363340307549892,-0.08241343737673787,-0.021677237098237555,0.17480944306548185,-0.06573611120901125,0.07289474086444206,0.08326021216673264,0.022340610827323224,0.018493160439148837,-0.054914812613679906,2.2613429145582412e-4,0.024773735252108672,-8.833315888161717e-4,-0.007690313088412507,2.4216949849938975e-4,Sde-CTlk_098 ,Taluksangay,5373.151462633707
2.6773897997673615,-2.772631151702948,2.2341339015105737,-0.6898070811363581,1.2310265497599264,-0.6909365894733173,0.20546071039341351,0.6538365736578926,0.2758863247101385,-0.45541056042127903,1.4253833692718554,0.8416833694649056,0.9051180598780917,-0.5160436966803998,-0.1886359940079428,-0.16209560371753778,-0.3199771801147321,0.1200800406937647,-0.14279249556447646,-0.13658063794842307,0.13783938943086005,-0.09203113878232402,0.2669616335527421,0.09403503873562533,0.017297442893304017,-0.04550101378991374,-0.0010706697613285729,0.04431468045393329,-0.012351396095493468,0.038808186797745094,-0.02024159672572496,-0.015827818135698616,-0.012110297105912177,-0.010736503163804449,0.001795574916409571,4.283868803387769e-4,Sde-CTlk_079 ,Taluksangay,6611.191716311907
-2.6946667679865675,-3.119264366297722,0.3183694482556545,0.24153550787632067,0.6956943933948829,0.560790247292627,-0.08952686720028136,-0.3039134114633588,0.4834200339177286,0.6423913337593701,-0.7145912833934287,-0.47543026400924576,1.0360462136378525,-0.027442211411637996,-0.3829473350072592,0.023196930557931733,-0.40398176969419747,-0.5027512891589054,-0.13060483805114653,0.1042193611711916,0.05112051246024818,-0.28115681005904253,0.05031968433603842,-0.039427282307854,0.14649832460060006,0.11885133731031061,0.044982702873182984,-0.06443555614435761,0.0025785921469020576,-0.007523598914447947,0.04206724970528962,0.022919224505689173,-0.037138018506484516,0.003530363020241123,-0.006936689099970656,-5.341640867351782e-4,Sde-CTlk_017 ,Taluksangay,6403.428160385612
4.217294174647893,-0.6717992804306243,0.31650219786214845,-0.1860073957571492,0.36215902726713345,0.36760180597230785,1.6995188784764474,-0.3126125120874117,-0.3098644517379797,0.9646489566412425,0.14213851893010923,1.2555857498663108,-0.6794173143672531,0.6732402638577062,-0.1872172422253891,-1.1583481455223015,0.3455010764443221,-0.018453750458835582,1.0931556066172359,0.004860356898382823,0.1683729528222378,0.2887242072314368,-0.08092451354093189,-0.3096160112958726,-0.22595190500921056,0.2031233127087946,-0.009105422110473757,-0.04400627969016073,0.006825547562119467,0.017590214909418096,-0.020227120105711968,-0.006630605434769728,-0.02850803785010357,0.01223440295000173,0.0027510617613909173,1.0848092009767274e-4,Sde-CTlk_087 ,Taluksangay,5510.781057406677
-0.2040816974037103,-1.993492207427527,2.7029964581824855,-0.23242114279274048,-0.43670410035171725,0.9999168768979935,-1.0133051787142053,-0.29450322075566854,-1.336972302470057,0.892499506630893,-0.76048724884909,1.6642347542419178,-1.6079279390671586,-0.5355275704236487,1.8350209437765546,-0.8447302563423116,-0.6550310885329909,0.12411324675470459,-0.41381206538178494,-0.14693036575822294,0.011864106473805439,0.14906423687714368,-0.014952205418204287,-0.28565209096046795,-0.08920110989709792,0.08340485913159958,0.09604417656717859,0.05465475565134037,-0.024138034823928456,0.0277939402010848,0.08298173297657516,0.07144546524131205,-0.0016837586943595564,0.014065771437949931,-0.005894706766008192,-1.098666943754878e-4,Sde-CTlk_032 ,Taluksangay,5813.800317168281
1.0529292865026074,-2.417164400205794,-0.9826234170328416,-0.2179460448750926,0.5136022281381099,1.1197844330842817,0.4400817998082547,-0.24776631185447268,-0.1019829258250749,1.3323867220139531,-0.8844057596364199,1.2198248938756011,-0.14818052964255213,0.06606615914775893,-0.3041664184891111,0.4606188062867427,-0.21899945433022988,-0.11754847832104168,0.21462759416202404,-0.05192710651583854,0.31502471734985604,0.1821988820368983,-0.29871226933810024,0.1780545759701652,-0.15415088216685582,0.26781208669843887,-0.041414867541026516,0.04109846483779754,0.019789953988223134,-0.026853947018165042,-0.032703028370480315,0.011602280247237359,-0.03510341787944202,0.03645765024028261,-0.004502519805079094,0.0010190345898708764,Sde-CTlk_072 ,Taluksangay,5330.8215402017995
-1.3263838454935521,-1.2067879209299093,0.8009202783835895,-0.8178215360486537,-0.07695201897727263,0.6917437700428604,0.0093715786790292,-0.6966690294957387,-0.38660882628526994,0.9542193125755386,0.18108421002430697,-0.2621275230476432,0.992084014076032,-0.6664544273508566,0.4567173845153434,0.5126730521739449,0.20262870637602254,-0.6468767943501261,0.3115764756749264,-0.4041392466409085,-0.9418124687576662,0.5626563925492641,-0.5294623788545362,-0.11250552080198761,-0.2319421813009902,0.11916073845111085,0.04374091679137467,0.06132896534786125,0.023537415002345324,0.004305290829864009,-0.05916810101775134,-0.03398715845505849,0.03307910187433555,-0.004146675142192009,-0.007150736112476111,4.503716889719678e-4,Sde-CTlk_035 ,Taluksangay,5970.60793963662
4.328641096763315,-1.2788440106147485,2.5676574293183703,-1.7632687850996065,0.004510473363000436,-0.9790210851521172,-0.08291750648636605,0.49022009037902636,0.5186060656873079,-0.6707066693180737,0.9278569633804934,0.09175849543077899,-0.2435860071451868,-0.02297982915867508,-0.6566091624271825,0.17614294803814495,-0.053425799762975054,-0.521219611349886,0.03301684876737493,-0.5194550033805326,-0.4790270413835277,0.20078957126062413,0.19146382855483146,0.1567004853846079,0.11537374038851139,-0.04646863165637817,-0.08684750972946076,0.03035103434155252,0.018064197332669236,-0.03542188834327819,-0.036523100672897074,0.001385035606049509,0.012758953820392466,-0.009522972849041212,0.011321739328330001,-4.3187121427556985e-4,Sde-CTlk_082 ,Taluksangay,7034.159541026249
0.8497189365100302,-2.095162754916472,1.7994440582182418,-1.2252298099020154,-1.0621321657883473,-0.5076192335826855,1.0997231538038024,-0.15839976840909367,0.21270197561330795,-0.13451745417325345,-0.35774997403956876,0.13865650755712974,-1.5913710986596068,-0.14146623588263152,-0.8847127859027933,-0.547710997268997,0.9242657127347172,0.12406269364465888,-0.12682739341576638,0.10872279840148225,-0.4266784080151734,0.5096414479264457,-0.5513631082568988,-0.08156250374833175,0.26452991215432675,0.00979724138857858,0.0961562489940721,0.04687567279490505,0.09876549718178074,0.04567223304945977,-0.04859039503838525,-0.01937491843954601,0.0095388098708871,-0.014780130492042982,0.009968428664213822,-6.382737708415798e-4,Sde-CTlk_047 ,Taluksangay,6025.703198837849
-1.6923932139829574,-1.4840434676397307,1.2005161433267302,-0.5648323759954714,-1.007778454728856,1.5848941940326278,-0.49950800833715325,-0.9074622399470383,0.5164596489850393,0.011441212168353813,0.446730475417991,0.45240445822309017,0.07411567235817457,-0.07244695201823664,0.4102556001529287,0.5187079555650392,-0.8788805812241998,0.11450238884184408,-0.2045702125874659,-0.2537366732486826,0.06488531167680872,-0.2547320894014314,0.24155268876886293,0.06367084691446133,0.19614947713403044,-0.06690835725860154,0.06295794153758347,-0.019435972653098908,-0.10513944719274164,-0.03505201332841193,0.02562312447948504,-0.005929351353073025,0.02467244967687413,-0.0030695267023632894,0.0017774303089286522,9.77180876845428e-4,Sde-CTlk_056 ,Taluksangay,5910.411304929378
-1.6286484432697808,-1.4582686880795488,0.589278409065991,-0.8412347053771052,-1.181491866185234,1.1309430221370056,2.1538657741229477,-0.3912464860266536,-0.200217238066821,0.9929624452578462,-0.8132003907113436,1.0802370343564478,-0.6102368193109993,-0.4580124580499552,-0.48497652574810013,-0.5398447092857391,-0.5959872854612223,-0.8323618198725338,0.3760849695578512,0.21512620088651968,-0.08018191648158113,-0.21821076282419427,-0.18468639245433285,-0.0055792634440406524,-0.16520225240602998,0.08938669346948427,0.009086422458314591,0.06901552364450056,0.06714117373940345,-0.034702143670276006,0.07624423853491943,0.05971779328205992,0.009389481741348377,-0.0038200270684691784,1.0774421027115108e-4,9.208297895739737e-4,Sde-CTlk_071 ,Taluksangay,5644.441520384597
-1.360040343372558,-3.341965904857373,2.537598389736453,-1.0254134169446634,0.5122676959031248,-0.02943841479731502,0.18172350265009696,-1.049625122952824,-0.2653239795853891,0.564451450332299,-0.2213832081357211,-0.7262120658954428,-0.6416948201805839,0.36097190936283485,-0.5088725999627923,-0.1687621261829755,-0.12168447635402573,-0.036003888917213324,0.6197914667921621,-0.1788576418547168,0.25887437373575506,-0.705463137727762,0.2740024695696157,0.010646928728071346,0.24207566584521176,-0.08740490110113827,-0.10882010625695474,-0.07397871906490826,-0.00789008144248772,-0.014269935366033819,0.010957564790775058,0.02071391173809272,-0.007550553697076308,0.006350110485043001,0.004667065872933827,2.7976580372890414e-4,Sde-CTlk_011 ,Taluksangay,7150.337260926023
-0.9817492229912262,-2.8034911881890636,-5.64395244084256,-0.8939768818380674,-1.9153239655347216,-0.8180286268283689,-0.1929514712661875,-0.056827522671473195,0.2521393692683423,-0.3141000532901833,-2.368590178144244,-2.444625019940993,0.540424642424084,0.48954564986138505,-0.7879864189384463,-1.450532162257739,-1.01783291261667,0.30287847909815896,0.5348883423376403,-0.7843140924854161,0.22786822102283813,0.4462311229866333,0.5611756190445919,0.23198920900129508,-0.019849178800257272,-0.12460070337062899,0.0694342654486136,0.014422670466978768,0.1906213144816543,0.07136935621106266,-0.032049167685816705,0.03223820166655949,-0.03446366155131652,0.0036059899060455116,-0.016265036800335763,0.0026360602704955743,Sde-ASac_013 ,Taluksangay,3125.5877673649966
-0.9946402789295368,-1.4114358154037219,2.34658281065546,-1.5554396891966755,-1.9320188591269067,0.49946584218475143,1.5471265167296526,0.5249740598555462,-0.6489800390024171,-0.3446908945376176,-0.6852137928593891,-0.9023694163882884,-0.2143576470155914,1.4139638153396175,-0.8331206620986166,0.33633645762205977,0.26604980662245936,0.22353889577872438,0.9280001758651224,0.05002360519764343,-0.16118218967561793,-0.007304058302437008,0.4267577430465002,0.14575639192314715,0.03381615916505644,-0.05621141284533783,-0.09214328093114921,0.03300600896304655,-0.013222479570244666,-0.06152281088903611,0.00429755138187236,0.05083575092273139,-0.009860337563311589,-0.006939156668169778,0.01958014504928237,-0.001489389291871257,Sde-CTlk_095 ,Taluksangay,6188.739006505247
-3.703167818669851,-2.4927958551012828,-3.4094012794429043,1.4287318873392105,4.871896791350945,4.5420076182125415,0.5460165883633655,1.3803246515923795,4.568496995906388,-2.8572124151840352,1.1781178160795887,0.21422393353117597,-2.6301542870808117,0.27051956183147796,-1.449532064133137,0.1279631053700566,-0.5841142460658351,-0.2539605178336482,0.5521483380597375,0.8694227561333463,-0.6260525504017671,-0.3472132238508914,-0.32204121514904394,-0.323899956372838,0.28259012010207085,-1.0674421802795764,0.23762793803069263,0.02671172757316944,0.1155513628436778,-0.20653137690477377,-0.02016565762530917,-0.030038681353485086,-0.05253358879492996,0.018208407865650464,-0.033262651823850596,0.00132997720248354,Sde-ASac_025 ,Taluksangay,3077.486628714765
2.426653783192089,-1.6726344869458993,0.8354539364668232,-0.46229101585971777,-0.7093579420979466,1.4516617695252245,1.122011095931695,0.5970069303493782,-0.8660863763568846,-0.28200785137870343,0.002981686948260353,0.1550471800442271,0.0983562855856906,0.7107638924583211,-0.9961297055268565,-1.126313484040894,0.05932359694446465,0.9307578423183356,0.012257754757051337,-0.006271708314700902,0.021075207322941027,0.17739471147240685,-0.34146987469862755,0.3051410857602165,0.25813774999651634,0.17747733157033868,0.035587274788504916,-0.04700135050406358,-0.007322851887534119,-0.019723427375840232,-0.015483626735684989,0.00327963585312838,-0.018653963983996304,0.0184993985553221,0.004423506043593064,1.9676864703099123e-4,Sde-CTlk_091 ,Taluksangay,5826.576919989986
4.550675137328814,-0.10793234583725858,0.4541978740152791,-0.3379238982702381,-0.5065245909716859,1.632531184741381,1.2319048908896049,0.08227319817452691,-0.4755027509894299,0.878056312961635,0.7301234834542654,0.42661505229673513,-0.5172406838912609,0.3669350568656546,0.17169762196196597,-1.1237998269898257,-0.029189985254734343,-1.056403671040371,0.9013066050891272,-0.3662620124281244,-0.037521559362034385,-0.006162310492246255,-0.7947207143376065,-0.31727579722633703,-0.5254482667937607,0.015854272508345656,-0.08310180548707441,0.046616154665809956,0.029479011345975036,0.037127947427332095,0.004761922184075524,-0.01881278310624596,0.02561346033185076,0.011003130235886966,0.01022696026044543,9.657565097658249e-4,Sde-CTlk_010 ,Taluksangay,5394.06177041917
-4.556114300603654,-3.052307431531461,2.450396087483959,-0.46104351761737106,0.07608153106537098,-0.7723485181687125,-0.04397112476864157,-0.7716324522790963,-0.12248344966282443,0.26636549399713777,0.15273998985933646,2.0513556420916093,-0.33737403043412384,-0.10417255808856252,-0.6546623547395792,-0.31454500808372254,0.38060608424121445,-0.8043048281096307,0.40775699927006626,0.05668168450789235,0.3745309555581135,-0.12522502814189226,-0.2128872324555337,-0.0964922722412467,-0.07879022435114282,-0.05248956105337655,-0.08104258767066821,0.004514672841788275,-0.046518586902529566,0.05501344912481644,-0.07989193158141317,-0.022972552597275958,-0.030372137676266592,-3.226208489273477e-4,0.0016109299634110112,-3.3357120577470756e-4,Sde-CTlk_002 ,Taluksangay,5864.589377985891
1.814892112726155,-2.6311535110758557,0.9402687020386754,-1.3204377515705614,-0.4378585544672008,1.1597343851205366,1.5823812671347586,0.2556348895662334,-0.4439471314030604,-0.00540904813596936,0.2700971665812554,0.46065756848944794,-1.0781177748687136,-0.6707994008207522,-0.5433017626214882,-0.6931463455911768,0.20812830327964107,-0.6268982546781647,-0.3038634726470889,0.11087287817340521,0.30947088004336526,0.29634484815360385,-0.21922072861109476,-0.027067768023450053,-0.04884792378753196,0.029891025058735587,-0.1130018355196874,-0.06424741481713558,-0.10112628359511328,-0.050526872483763266,-0.013631687281426958,-0.06878158019342563,-0.015744311443823752,-0.0027008409076078876,0.0010663411116593573,6.703788835452085e-4,Sde-CTlk_027 ,Taluksangay,6335.502677219547
-1.6372735514696233,-1.6037655769925787,0.6708358628359642,-0.22235707389176854,-0.36154704740449983,1.2240766474817437,0.912277758686687,0.15190690539394908,0.2545073456529866,-0.4791142322770293,1.9252872063016242,-0.12182719042278933,0.7889602679623765,-0.0370585858998167,-0.6807979848262945,-1.0827606676769501,-0.17738785094292028,-0.2670585811925277,-0.6343838521263716,-0.16127756066641014,-0.25639094643495614,0.3803047251940351,0.07989520004468459,-0.29000783411133774,0.12703028650050718,0.2159000728033554,0.0518967746666986,0.10668537118051032,-0.03588310028643522,-0.01770211794242585,-0.013896318645916433,-0.017625183747852255,-0.0027497816285932102,-0.0017580580348158289,-0.010769564000973394,5.398013486617725e-4,Sde-CTlk_059 ,Taluksangay,5621.637188787217
-8.46962289179288,14.214177730821902,2.4428129653763135,-5.621775898884023,-1.477225120504318,3.222995017599867,3.651062064976507,0.6596310520547066,2.662901650547658,2.468669693644278,1.6424384163831012,-3.207825441757765,-1.534208310471294,-4.384672776454663,0.18669784347986454,-0.3098898595913791,0.3311739172154463,-0.5686988774731929,-0.7489003457642149,-1.372650440097717,1.6250089037792455,-0.06933738859250013,-0.0986066945097815,0.5307125758964792,-0.5885052526856817,0.13690668657210747,0.1107710838339596,-0.096817440113608,0.17920910881661428,0.057761896815975045,-0.053787567384165694,0.0537398317921574,-0.029348634366401196,0.02051830040370408,-0.002664774449639303,-0.0035752176010543923,Sde-ASac_015 ,Taluksangay,2857.0044396264166
-3.380962324513352,-2.127963230571147,0.7466455787156817,-0.2670232220229112,-1.1651062991025263,1.3821830412638905,0.9889482773801328,-0.3872523866965607,0.3623840202206201,-0.38577696170864567,0.5220486321411433,-0.5846790806441698,1.4363315919934418,0.11275920134180446,0.28731867438264014,-0.2103777067703182,-0.897065160803795,-0.42340538904440844,-0.36380751882232204,-0.07874157727182654,0.058213781002314356,-0.21682414148537033,0.04040479886828542,-0.0759965014015329,-0.2665487267884043,2.173134282935753e-4,-0.01337165714090027,0.06439518903167685,-0.05188620141759511,0.009826437997263376,0.02668572019676608,-0.002259846589766589,-0.01048285706832136,-0.01387481955389476,-0.001921367614351141,5.035461666951513e-4,Sde-CTlk_054 ,Taluksangay,5647.227728001299
-0.1671947876920719,-2.92424547224904,2.0206002315174847,-1.1024560874450144,-0.7537544949189217,1.5238692668006901,-0.8246236729181126,-0.08393262995661768,-0.9262310301051111,-0.2829036633705987,1.2890034364324596,0.9412348082648174,-0.44066905525771877,-0.04492815580499185,-1.043130554081746,-1.129117575591747,-0.07214160076447931,-0.16622760740114997,-0.3635865245311762,-0.48788493040745323,0.38896353881062684,-0.049551165816503914,-0.10986864657679739,-0.2462976828183985,0.13197078995008507,-0.016588752663701384,0.20421271249255937,0.011168357342022431,-0.010114105440005327,0.043459597787096564,0.07084893650512779,0.032404496643878976,0.027657726835241946,0.01884357834956043,-9.853358673703708e-4,1.508416964063064e-4,Sde-CTlk_073 ,Taluksangay,6413.450070330467
2.9088251039543773,-0.5576891761428274,1.6381922228696455,0.0751450140998137,-0.0631962553772395,0.1063565122949605,1.236187138804927,0.8264398325554407,0.08851134978176158,-0.08773744499082267,0.32626485536191985,1.7363482305443585,1.1667200510564617,-0.20830967320805385,0.13274550562877152,-0.9742859308819819,-0.11510697800838292,0.5221739567593355,-0.1416004746166802,-0.038620898830736744,-0.04684844085234395,-0.24614447015506635,-0.4668360817379409,0.019198599907957074,-0.08613197697499862,0.06398381458872424,0.04156703997668567,-0.0350420127489984,0.0634150242608559,0.03845446156087958,0.013098989346742569,0.01694359566562006,-0.020974833250776728,-0.005036524010623298,0.0062289018848910955,1.27568028639502e-4,Sde-CTlk_055 ,Taluksangay,6064.682764817105
0.7905616604080702,0.6780383425598938,-0.5792680880225397,0.4532177679195756,-0.7774985828734895,0.5286525745114568,0.237754491505992,-0.7695353368688627,0.3503000335369894,0.48077944224342334,-1.800711151297608,-1.08162740101368,1.4905256000475322,-0.35681031915639483,0.2906046672586287,0.7847891570395616,-0.035853054276345636,-0.12088634259693011,-0.2853307361552038,0.47034310556569414,0.3005064326070135,-0.6176807813766619,-0.507793306174698,0.14344669224929518,-0.003765879050761626,0.11996051791068224,0.12340506679740346,0.07336806583562208,-0.05910213095669953,-0.0037191690552351095,-0.005398425237509903,-0.06393187566284939,0.025416733545484294,-0.00418605645422071,8.778310156997765e-4,-1.7100682659468291e-4,Sde-CTlk_007 ,Taluksangay,6018.140737595823
1.7837296868866004,-1.3724349898818289,1.7502471945311102,-1.0171851406951193,0.1354052837895129,1.0219364029504692,0.4797391704976771,-0.7889048033528897,0.38669222906532286,0.20050304420455947,0.02319357492389358,0.23090455691167783,0.02916075798820479,0.6260168164138021,-0.06638805193108217,0.22052088586882104,-0.6003797997734694,0.2151774251932367,0.4232211248706791,-0.13885056173590754,-0.15966689299714684,0.16361890444728147,-0.24003090655398196,-1.8609199995128778e-4,-0.02202828202756744,-0.05989776756575331,-0.062171143116810074,-0.010525310973437747,0.0077417250171582675,0.009934349494926992,-0.04550410629995275,0.03361647222615331,0.004780364208655999,0.00473595642151971,0.006552982177108056,3.2743675082060053e-4,Sde-CTlk_066 ,Taluksangay,6328.861661249468
3.070494332375666,-1.1001534264339299,1.7731536978286324,-1.592988228574885,0.39465356086042697,-1.2537986391368905,-0.03908092599468137,0.330343836784388,0.3809353185917229,-1.042934195921591,0.696797005278865,1.5362988632987042,0.44954327939454836,-0.7739848447378176,1.833050883465893,-0.20468322510133455,-1.0666753812765142,0.28517729208960524,-0.2646455482993747,0.028428188375516583,0.1512134045315546,0.044664407278869674,-0.22953206584342373,0.2589848799637108,-0.18192936510379262,-0.13544640998828839,0.11040806487399027,-0.01501104465692267,0.14009749847619932,0.0014644426307718408,0.09608558558619218,0.030340951299711122,0.004640057506237798,-0.016417828062620543,0.006426435440279465,0.001413069577114734,Sde-CTlk_088 ,Taluksangay,6108.995128169963
1.0011056317863793,-0.874636886026819,0.10864488661491743,-1.214883329489643,-0.1025217231468127,-0.195080293769334,-0.1816388567931577,-2.0907622176613656,-0.5001788295563555,-0.7116675037460417,-0.8097685754090237,0.2242905477784458,-0.2439315259469079,-0.206002395027817,-0.25615760918319996,-0.3118773503522051,-0.06776972752587976,-0.24485708289982835,0.5955362481733238,-0.055366695205186445,-0.17036663745621558,0.4848987737844083,-0.4771531510703801,0.09745262621603615,0.1496788694848233,-0.09813302397929577,0.0555100807401952,0.04995359603850402,0.10034193551304466,0.019546680267857254,0.0314596777062372,0.04584308824323688,0.021281343586983623,0.014108813079746317,0.002432736451659612,4.72195812423748e-5,Sde-CTlk_046 ,Taluksangay,5594.461017824414
