sample_id,spatial,temporal,group,LM1-4_Raw,LM4-5_Raw,LM5-6_Raw,LM6-11_Raw,LM7-11_Raw,LM7-9_Raw,LM9-10_Raw,LM1-10_Raw,LM1-2_Raw,LM2-3_Raw,LM6-10_Raw,LM6-9_Raw,LM11-17_Raw,LM7-12_Raw,LM6-12_Raw,LM7-14_Raw,LM9-13_Raw,LM9-14_Raw,LM12-14_Raw,LM13-14_Raw,LM12-15_Raw,LM12-13_Raw,LM14-18_Raw,LM13-16_Raw,LM13-15_Raw,LM13-18_Raw,LM14-15_Raw,LM15-16_Raw,LM6-15_Raw,LM16-18_Raw,LM17-18_Raw,LM17-19_Raw,LM16-19_Raw,LM18-19_Raw,LM15-20_Raw,LM11-20_Raw,LM17-20_Raw,LM1-4_Madj,LM4-5_Madj,LM5-6_Madj,LM6-11_Madj,LM7-11_Madj,LM7-9_Madj,LM9-10_Madj,LM1-10_Madj,LM1-2_Madj,LM2-3_Madj,LM6-10_Madj,LM6-9_Madj,LM11-17_Madj,LM7-12_Madj,LM6-12_Madj,LM7-14_Madj,LM9-13_Madj,LM9-14_Madj,LM12-14_Madj,LM13-14_Madj,LM12-15_Madj,LM12-13_Madj,LM14-18_Madj,LM13-16_Madj,LM13-15_Madj,LM13-18_Madj,LM14-15_Madj,LM15-16_Madj,LM6-15_Madj,LM16-18_Madj,LM17-18_Madj,LM17-19_Madj,LM16-19_Madj,LM18-19_Madj,LM15-20_Madj,LM11-20_Madj,LM17-20_Madj
Sde-CMat_107 ,Matnog,Contemporary,CMat,138.73778629976763,143.8762364425759,158.9333410463645,109.81714334223958,103.13031896547206,192.48791206257604,231.29319329805188,259.92340582211904,159.520962749759,148.91439865053343,376.3333804361899,321.50034496183673,1689.0529899418545,573.99122873929,629.4811471816213,739.8379944303751,971.0889375639803,864.2048688813608,429.3007992774297,349.4746168014066,830.9323592858568,251.00830167588083,1039.0152554796732,727.3485804573279,596.5620460222475,952.3668003930841,551.3673873475291,174.60120376686965,1413.129289506891,354.4090406914165,122.78311069968078,135.13992721457268,291.10839921953465,182.4380937981155,220.7209841533877,1201.132341809261,487.9443115209356,136.8644155439,141.7291381184,157.3802218242,108.5010249998,101.4942975701,189.5073700773,228.0339481724,256.4069341316,156.9859266128,147.3147789304,371.5089858324,317.1992980918,1660.4149790999,564.4371982186,618.306060354,727.5610761651,955.4420799575,850.116051647,422.9237720331,344.4912053743,817.0988824693,247.0615431941,1021.9163001463,715.3358822925,586.3168827641,936.5744970722,541.5053507836,172.2856059329,1389.0064724901,348.8864847355,121.0200715391,133.1363455666,286.2605448345,179.6868895733,217.2074836637,1180.6028420382,479.8332767879
Sde-AMat_083 ,Matnog,Historical,AMat,95.98431651082377,137.88200140428052,138.40957103466508,76.91360279046872,98.13215504461317,137.95026311486322,189.10942410599216,190.50262135868368,110.81621444648796,140.67041876929912,329.39857755122443,263.85672186777805,1229.1898295296012,388.47185737652865,393.26427528106336,487.99787118920915,682.2195751669178,582.3016714303506,302.0080236906463,254.2357056025176,637.1394432876763,188.62548114790846,796.1704106881957,518.2745006801321,458.4755497832029,731.9600094453523,455.52989065592624,77.78398232213361,1008.7980885733527,274.621076793024,87.07388473267969,109.76419110752835,257.04744434226535,127.33221110390728,142.95139739142112,888.2275169842129,341.22634640544686,122.7754424988,181.0293177654,165.3455726853,95.6797628566,131.0882115253,182.9971447552,244.5212835538,243.7916296759,148.1080773711,171.0544067993,416.0890419273,336.731461634,1675.319186693,526.4502758095,543.9358774863,660.7073338979,915.5180840042,784.1680000505,396.0141873938,329.7484540328,863.4916249014,251.3239722794,1075.227441177,700.6880618211,627.3989081042,990.7940935294,631.6117636475,99.0563815013,1377.8637620423,364.9551567268,113.1425500659,143.8552350561,348.3987021501,167.6613205702,191.1513975736,1213.6588009875,462.236376138
Sde-CMat_118 ,Matnog,Contemporary,CMat,115.46857073489737,147.10035815296305,153.79098657918806,94.13806865859311,112.93874609973324,164.59610748495842,220.96765071632095,232.43658590809235,130.35570283328616,165.21066268376873,341.9250894630869,288.6130246285673,1457.297143706365,485.8625875420849,532.5905688471962,579.5330985150374,835.3944377671725,699.7176753338449,338.91674208839254,301.2948880980393,712.8612816958148,217.52509707387787,946.3032992907773,647.1448186134305,511.969054973052,838.7624338327272,514.396881917659,168.09568709401793,1210.1587465578968,301.89884245490265,109.77287716444367,116.56479242532878,233.89134945912375,160.67800653792048,178.87345175908578,1035.796589150177,421.5271341599374,126.982639924,163.406403429,164.7212224995,102.4179305486,126.2985710054,183.571345305,244.0175354423,255.6611998868,145.8047479214,178.168866241,374.2040312131,317.1115268051,1642.3775060828,546.3619465443,603.6477272039,651.4607199097,935.8701735402,784.9339772131,376.3018525362,333.1214176047,801.6448193679,243.0148850232,1062.7150034126,727.0589626371,577.8882979637,942.7840445696,583.5816408727,184.5424103666,1364.9720888725,336.9375715928,121.4539312729,129.3966321622,263.0306833313,178.6881231094,200.1105606409,1168.4810735955,473.941211232
Sde-AMat_093 ,Matnog,Historical,AMat,90.10211747484075,129.21468023045986,141.34144557237977,80.73029713570985,87.34133907514811,143.05909211388843,175.55311556121697,175.06748639367618,100.8012608541183,137.0135747815157,323.91487623982323,261.8349782344024,1166.2150153438174,381.27033675228387,385.4578587719544,488.9330973304425,678.653774585613,591.1379386670509,293.57290193956936,246.79340743992734,576.7004718683436,181.50864111168377,749.3813915108648,532.7930415276086,409.6302971016182,688.4781789252655,388.42248001660516,150.84818860046013,940.1566272291283,232.89978044448642,86.61849476156914,98.8981522484621,194.63764069493342,129.41696567683852,162.606643349065,791.6058566022487,375.0140675761379,119.1795622368,176.0561907148,172.9856443713,103.4576122418,121.3648281126,197.2174541428,235.0749903904,231.6898540741,140.1497973579,171.1032201389,422.3859527318,345.4324974562,1657.9292088104,538.5199673768,557.208975441,689.852556233,947.9440581635,828.9881370909,399.4216331537,331.6324174095,814.6076052262,251.477563583,1054.298318805,750.5053451842,585.0143446907,971.1558310177,563.0686787999,198.5302477978,1339.7899320733,321.7285046683,116.6362843742,134.4762464565,274.960289843,176.9108829867,226.207770437,1128.5974095172,529.4392407391
Sde-CMat_128 ,Matnog,Contemporary,CMat,106.24684002802154,140.0492628407947,160.63129457054742,88.38865195017964,81.85971369391666,156.71571718002627,203.36997094765493,217.04885462070516,124.81600332733781,159.68210108327727,331.91919856181863,257.3638771609761,1288.7145353464941,413.5820793173949,448.23502014661904,565.943075469627,725.0414033620493,674.5237674626223,344.56998423432066,273.971883139055,638.0658217563531,184.59595800731938,792.6651265529789,623.868762930987,469.7047885845002,765.1020225687616,389.95510114459347,190.87375041291037,1050.8867125535703,254.13778345261835,98.5013624119483,108.03766304974391,196.070611588504,140.45629956239057,175.09770188580436,889.9952787181795,398.7192580174176,127.7337606204,171.6910075499,183.489004193,104.0728342595,101.6615100468,193.6116518555,246.483128101,261.0368094133,155.0684877882,184.8421189847,395.3182969766,308.8817843258,1624.6954882328,519.1834609311,571.344321645,709.949859587,903.5212513188,842.7695119138,422.0203135448,332.8211974656,801.0210958956,228.8081497448,992.4851021157,781.771007597,593.9485092009,959.6283962853,497.9748260609,228.7178980378,1326.9728661151,314.3942877984,119.8228513867,132.2699077519,246.1617687317,172.5621815944,217.6173750648,1124.1423379348,500.3737230137
Sde-AMat_091 ,Matnog,Historical,AMat,99.44494912467901,134.56892292461143,143.92591761420175,89.57737649680304,85.24809623029715,145.54044705939992,204.6653248595864,202.33832927179168,115.00534669240385,133.96768319956868,330.6553278718037,260.2351514955849,1267.5251431241904,398.17400284379437,427.9539260605164,507.5149081501449,722.6869063798306,609.2510840483585,294.50010494402204,228.90778339298555,643.252840573938,222.74982653472495,819.9186273118816,546.0695183707749,431.50953761914695,736.2643078773342,438.3322644204965,144.117414336228,1042.00531677122,264.0609456992079,93.95575202189607,101.64902881528181,224.88609808969946,120.35561423087002,166.45617642878258,876.17680156092365,391.4017941538974,122.5390612312,169.5304908314,167.3591633111,107.8029578711,108.9831147083,184.9641102478,254.5168222326,249.428019378,147.0895567001,158.1417898254,403.1317293441,320.0465397108,1648.28972693,515.2825351129,563.4948950448,656.2607259618,927.4984496202,784.2369504801,370.6147706143,285.4117233903,832.4845003472,284.1468711053,1057.9566645038,705.2518606533,563.0552435819,951.8765925164,578.3679040334,176.9214362149,1357.4699846545,336.1033779049,117.3292550297,127.8638300463,291.0654422477,151.9961300788,212.9830047256,1141.8171572135,506.3441979898
Sde-CMat_132 ,Matnog,Contemporary,CMat,113.69019072268281,149.4390302063354,147.88097596124388,98.80019217536974,104.17540599748098,161.13750181075173,213.91461227379955,230.68299270767662,131.34493428617645,154.23971805374904,354.1819200448407,292.4206921496835,1456.7481055451765,476.062623021604,511.69202796262124,618.7119181533519,830.9705655790463,732.5539050718453,358.16885527752135,299.05746672880446,749.3978598877636,224.6217141920167,921.4936315194802,680.7121948226651,546.4873251640884,853.5581417538057,499.42510770509926,172.58769368842593,1227.0934990815413,298.74221140883316,114.34848961398643,116.13926328374033,229.15321470712558,158.91198502784488,203.68554106700847,1029.854058560246,426.8965076845324,125.3767740058,166.5181290609,158.7111975496,107.7568172491,116.8821182556,180.2913764621,236.9188334827,254.4437524181,147.3957251532,166.7070672618,388.6472424218,322.185829873,1647.5393062129,537.1917801782,582.1000917102,697.8983082449,934.027488865,824.5501906416,398.90277800489997,331.6251655049,845.6448214244,251.7618608123,1038.3888559854,767.3937348947,619.0512182899,962.7176976686,568.7019676568,189.9945730983,1388.9800622408,334.4925739428,126.8930939987,129.3206783256,258.5932826807,177.2769500882,228.6212930023,1165.9012124734,481.634766331
Sde-AMat_094 ,Matnog,Historical,AMat,93.04298525052812,133.3158023692991,146.22840901770755,83.36457446565659,86.38034861298024,158.55910407037499,182.83154857291453,197.2690187662523,112.0560072164808,139.03976933417283,323.7075242641882,265.9870472881339,1268.3262816807867,414.22309033623407,444.9918607317217,549.5535483224361,760.6579776195409,657.0651019809985,323.336051743631,262.4676946458173,646.9164878144938,223.5292388612506,793.1978084715627,577.4984529332091,434.52601143200854,712.9980372217022,444.41864574515773,168.94736978763527,1070.4844857275607,198.3697396359888,86.15218800332342,121.52390858905078,175.14714906686316,131.65354063222145,168.15310895728334,897.1752650457769,371.4566342660338,114.9979183036,168.5149774244,170.4087062194,100.595764277,110.8244699013,202.2105768364,228.0843977312,243.9175374654,143.829469362,164.5242478266,395.7963685804,328.1028075846,1655.6229512464,538.0588770371,588.2704285402,713.272700527,979.7676312578,848.8847221313,408.2615521625,328.3037409697,840.3611296225,286.1490253108,1027.2664865595,748.613070444,569.1822774309,925.2349715806,588.7598061504,208.020606798,1399.9273863989,253.3743723905,107.93137614,153.3735578142,227.5384986113,166.8276232307,215.9242850872,1173.678183716,482.338527328
Sde-CMat_123 ,Matnog,Contemporary,CMat,90.17891786897864,146.73644795295408,159.18545425766766,95.60160147330163,104.28544178398056,144.0000277822543,188.39257947047696,217.18857956959891,128.01767330056427,141.3065467245237,342.412846361304,287.77729035483327,1414.0096883328804,471.24041999821065,488.2354465786051,608.7559951479576,776.5142519086304,705.9578468784451,353.25980586600855,294.6157367495667,735.8337192362145,190.40296390014515,901.553410317991,678.9242992038288,552.3559952669657,851.0290930670292,535.5299656094792,141.3049519417135,1207.750085938399,244.87477071727915,88.41870829417284,106.10190217243989,200.4206408775303,133.21180152313832,188.01507489943475,1007.9947238205217,406.4819850290538,102.4546786443,168.9813312875,174.5582810049,107.0586612819,121.1764920726,166.7193970807,215.2401138353,246.8146144539,148.7922463252,156.3845837542,386.5031762999,326.5630832071,1660.2409318489,551.6646073842,577.6410597427,712.3034451192,904.4322599712,823.7445262402,406.546561007,337.1409314089,861.441263441,220.9471453753,1053.5243636213,793.8134198146,649.8970080466,995.6733287824,634.4060517826,160.1729979276,1419.6279655094,283.7748997831,101.2768571464,122.0735033355,234.6437346216,153.6360620315,218.5817008201,1185.0701199996,475.7540843902
Sde-AMat_088 ,Matnog,Historical,AMat,70.41462733679701,86.54522102952885,142.9619193593175,89.67593702465555,96.46687297191717,141.77056840151977,157.91283749857075,217.08986863223257,91.03011895197103,113.85477360304225,320.4917468886367,268.363446224183,1279.9119595386003,408.6929572692561,435.1369760847726,890.805712162585,728.94546556226,987.5109958661626,601.0653272394442,409.6137160362188,702.2081419229629,217.0671318211488,487.2975626626506,603.060105609018,493.9332624118769,746.5958662293544,144.5513659369567,128.39144625028567,1115.3605512943786,226.5603819025736,93.82060757685386,108.11459829440255,183.24937280004545,140.4617583119691,184.24898824102124,898.457121476195,381.4912093590754,89.164809784,112.3671985437,169.5440319143,110.5624837798,127.3438193219,185.9000058204,202.0449686636,275.0225444444,120.2261029237,137.3417920444,400.9811477536,339.077570174,1722.4574970622,546.9988484417,593.9055800775,1191.1935029143,966.5038763448,1313.7315124254,779.455927113,525.6453236339,939.8962187906,285.8385702883,650.0422919434,805.302897406,667.2890550691,998.1450493578,197.7606541839,161.8923677463,1504.0742765806,297.597330396,120.6079482488,140.1316595045,245.2982874974,182.8759001227,243.4577792574,1212.0338174352,510.3930856875
Sde-CMat_101 ,Matnog,Contemporary,CMat,107.64519542905757,170.4576072047535,166.89429123708814,107.54037196983279,110.36374797957892,198.8863710180765,248.91992623912216,246.33395143544462,149.56284032583093,148.5474737789237,388.01925863802177,315.510203664937,1668.6799735824873,531.1172174824122,598.0219481864607,694.6964666201276,937.8500962995313,833.1170778217968,411.18003631087197,340.37193187201854,817.1197632441406,245.31713991517202,1033.957276692751,726.736422886599,591.4360914964864,956.619792571406,543.7454807290358,177.6009657194743,1373.1921550207933,350.52272382008283,107.16064892492027,142.7667079803972,306.93499216609376,183.72604016918777,220.020147725521,1164.267479853955,504.41409544350563,106.8116457832,168.9983879286,165.9597699444,106.8015128127,109.3592274629,197.1195568443,246.9081625784,244.4227947722,148.1991289086,147.6329518542,385.1671436443,313.0897194495,1652.4429990033,526.0440987226,591.9280817981,688.0812157641,929.1793847528,825.3235349881,407.6763643665,337.5880949826,809.313288237,243.1040608066,1024.193095524,719.8488530216,585.6066874855,947.5169304304,538.1628177173,176.2503044079,1359.7391039825,347.3890426359,106.2780834623,141.552529664,304.0017677994,182.1366369642,218.0106212075,1152.8469663902,499.6024410952
Sde-AMat_095 ,Matnog,Historical,AMat,92.80914513780415,135.7595207062842,135.54583816038027,95.76404716865301,90.66401503159896,136.75589983415705,181.33030821283018,227.1792071430174,119.78802061658753,138.60769750522516,300.03314499918173,263.0463404728908,1286.4548008465938,437.30177754668455,482.28682050524657,536.1524318400599,761.7397441589876,625.643348149471,288.62218477906373,249.56400754187288,646.931614956179,226.48307045790415,826.3478951412717,541.5112857004923,431.1563918825859,719.5299964652553,474.0062380041953,130.18204631749356,1107.8597292317695,239.2537877775188,94.59291146571196,109.27239549694161,201.38526130233558,126.34501096853808,179.43605877930426,888.2952676260411,398.1858461348041,112.8812431156,168.5825493858,156.1376499275,113.9237833254,114.1434662536,171.2189695527,222.450489512,276.4164663477,150.8714151849,161.9335894268,361.3002625812,319.3532603755,1645.7013948388,556.8838922039,624.2231126721,682.2574884312,962.511246128,792.7451962878,358.0431180305,306.9112769995,823.8769305522,284.5522777874,1049.4229325891,688.2867378288,553.3276431416,915.4471183648,614.7090692783,157.7814294015,1419.6317994482,299.9770743931,116.4982105378,135.4987610039,256.4856935283,157.2523679139,226.0857618809,1138.6330478324,506.9079091395
Sde-CMat_122 ,Matnog,Contemporary,CMat,102.11175373618848,137.7984364965365,140.5998732865716,88.72892909333457,89.0186863639315,153.46728712354303,185.85705627379332,199.52758050941227,117.01472754850136,147.22337084420397,322.58496138854645,262.6820498702757,1299.3384707588702,411.91203598002573,434.27477813810464,545.6582265596296,711.2845495270442,650.9176343620904,366.1474360695293,307.2083538034245,686.2570222615211,175.3401331972804,851.7806472211962,630.7419440571555,521.5434711196085,798.7503625528128,465.2905108869511,142.72708940733716,1089.3814818922938,277.4707002482425,100.77004736448231,98.16351048347848,215.2287327635648,147.11448775548934,163.08131834149492,947.2883489339453,352.10331665577945,123.3879563995,169.8839306291,161.1978636595,104.9454863843,111.2151319004,190.7078398265,226.4559125136,241.1897326217,146.2496304749,171.1098493477,386.0588956867,316.8559783505,1648.5953816403,520.3420608859,557.2692673739,688.7990717756,891.7772740348,818.288421707,450.9639880125,375.2061666135,866.9441504535,218.6270530444,1073.1397576786,795.3202109335,663.784285353,1008.11427257,598.2014036116,171.8810878842,1384.4641997503,345.2808707843,123.2472353865,120.8540503507,271.916157054,181.7720096378,203.9025785875,1204.2451746971,444.6507952738
Sde-AMat_087 ,Matnog,Historical,AMat,89.47411651645407,140.30640511127777,137.81734984395115,99.69019496540261,87.07008072449457,144.34002362175912,187.7822225467044,242.55673420315503,116.20391904733678,149.00416020047896,309.8790110163643,273.55966250648135,1317.0685060101089,442.45822333128814,487.6172709760084,533.4337920858127,768.421053304606,621.0872280321339,296.4394869223903,264.3098145861406,670.4302576268541,224.54042086058806,853.7068315380639,571.4535505150353,458.88455047033347,741.0728323430836,496.6413330733156,138.41072327836454,1132.1503429894192,242.1228144344106,93.86736876700031,102.94250140369618,197.35332132561118,136.09311494520946,166.6120283468153,936.5701160088871,380.6305979936451,106.7728451487,170.5988224661,156.5861341132,116.608983406,107.1915206532,176.8081623738,225.8327725616,289.5510048711,143.1108203451,171.4668230726,366.4753678297,325.9121369726,1644.9982006009,550.3615518129,615.489085392,663.0776652263,949.1173301113,769.0656649381,360.1142813826,318.5736675523,833.9652930193,275.9197226685,1059.266044933,709.6024459948,574.7993664354,921.0356758386,627.9896640235,164.6475645636,1416.1987039621,296.9710198855,113.2869183839,125.0074291923,245.5089018071,165.81909649280001,205.2633641066,1171.8788215739,473.3179516054
Sde-CMat_105 ,Matnog,Contemporary,CMat,112.51410348796279,167.8920177747888,158.6751025993996,106.02798612630531,113.72354758175639,182.91742212312633,240.09328316079566,242.20898693524978,133.31808643241172,175.56466789604903,388.432494004222,323.4396898060749,1573.188833695755,511.13303796536184,560.812936001587,676.0190759722168,891.652551817904,801.2265763386658,384.2810171804092,305.0849819525701,784.5308879628703,236.74954941838854,980.744139903089,700.2756442903394,562.2645636764245,924.9496283459168,522.5703440418715,163.8226002018342,1316.060405643985,323.8010890809355,118.5182008908758,127.24575617064801,256.4632429774099,168.70322583131008,172.07508676043136,1156.2801240475253,417.0052614790969,116.6221735071,174.6846384344,162.8390871851,109.4543074496,118.6230856258,190.6041807566,249.251463764,251.0698233178,139.0722220403,180.6381235265,401.8798975376,335.1370416773,1645.7765376341,534.272198682,587.9468988783,706.5263172279,930.6886783479,836.7299239973,399.7547315528,316.8649024407,820.0539676498,246.8567498496,1024.6258903728,731.7237899429,588.552900813,966.6597025451,548.0506911315,169.6947638066,1377.2105898244,337.4969426129,123.1271153842,132.3594275751,268.0793029259,175.6024705415,179.5148749991,1210.0753308268,435.8574612795
Sde-AMat_092 ,Matnog,Historical,AMat,86.93769938352403,122.168653882778,143.89320380587813,83.81347383476002,82.88115999339057,136.24805591879095,177.03477990191652,198.92593115996718,107.76800446087884,132.65277638379825,307.5248577277778,259.6092467733959,1191.949276136552,396.62854983842254,408.76894695772836,504.3528064332447,689.3633476591064,589.2183859045982,303.5131493363013,255.0186238282412,592.1205474451633,192.16679632415682,766.3965770404312,511.38555570959363,413.07949821869636,697.6271305854151,404.7181052458117,123.61821642476478,976.1105644054111,252.01619765604352,83.5454239283037,98.61827281006289,214.43089804002133,124.14624716502713,156.96012946251668,818.9651994671631,373.21496846021597,112.9558664945,163.1962073628,173.8485247301,105.7187800174,112.7701206251,184.0117531737,232.6748753258,258.5900268106,146.7119087478,163.3207704797,394.2650769949,336.4820294933,1656.8243396376,547.9794990197,577.1472736834,696.1171995003,942.5475428814,808.6230502183,404.8963323331,336.2720657699,818.1217798153,260.7514791185,1054.9574097947,704.7422050735,576.6501056177,962.6537280198,572.9272316759,159.8609215476,1359.8774448157,341.0180298936,110.3782905795,131.4867578372,296.3038551188,166.34767053,213.7923102244,1141.4250047099,515.4089657481
Sde-CMat_138 ,Matnog,Contemporary,CMat,103.81653803344628,129.97016497739014,152.51321395528322,95.6284266202263,105.00102360205823,170.44565088605222,201.77510341826115,229.13218881302996,125.85138769151496,141.579675540877,326.9376601436121,292.32020126582086,1323.4578528556813,418.17917829452017,466.30939313389354,572.1064209339029,754.9508373207424,687.3731282422452,360.19534478035655,281.6788808111819,668.5118907094247,204.08924984172972,831.7694337329366,605.9611012859572,477.8505720338629,790.5428883340928,419.62898971025584,157.10559749595183,1105.5666660374895,284.23473587730257,110.21493024558875,100.95804911986964,199.7099517617737,155.75946475655982,165.98041960918164,933.0222554281168,390.4513769984683,122.9619342021,156.7247349283,172.3465468856,111.1158526296,128.1301644081,206.9951717718,240.7674486032,271.4765317493,153.6276078155,161.9546540283,383.9055321019,345.6833047049,1637.4479982315,515.3641306966,582.8021439748,704.6104193811,924.1553987486,843.4566617146,433.9647642612,336.827574883,823.9079381792,248.6044013781,1022.6359449919,745.5664758966,592.859761972,973.4917164548,525.3493455884,185.513910007,1369.863247387,345.6132347591,131.9587451181,121.5908980532,246.1480976914,188.1958193145,202.6819152329,1156.382224131,481.0581518725
Sde-AMat_086 ,Matnog,Historical,AMat,99.22087096916657,136.27007321323342,139.13917607622238,81.42889139961319,93.76066289020144,159.9852825691476,181.9803453480622,205.96669357641298,120.1982427359069,139.17978348898237,328.44629453852883,267.1739950861423,1177.1676039492847,387.28407885371433,409.0179027005174,452.46718212719037,670.7300471599583,566.8144407149928,299.8638649474958,260.36794680269304,634.175810491854,156.37599505358858,786.4001727529121,591.0991786695023,481.9990536961666,711.631311500246,490.73666759500446,125.35580356632883,1019.8492388048979,197.7752321323376,75.5158920111522,121.66407989279321,174.2891528444612,138.67881311808227,183.81200343016218,824.0605685227816,353.38094955445746,128.1884221496,180.898814508,167.4198279994,102.1973536449,126.7276513386,214.6729680114,237.7676443486,266.2304606589,162.5477693137,170.5890094111,418.8346804193,344.353010518,1624.6847872064,531.3480206359,573.2137346334,620.1738188892,910.8977454322,772.578570723,397.5465897105,341.2816647254,870.1336944125,210.7932492053,1075.0497887627,808.9747792011,668.0314078864,975.1746188244,689.5032022808,161.2105521882,1410.6772110119,265.8795098948,99.1716904409,161.2091862039,239.1596330538,184.6500480929,248.7018777438,1140.3234975979,484.6287560594
Sde-CMat_126 ,Matnog,Contemporary,CMat,85.65785713552495,134.08809920440368,136.3057695965215,78.00394053591143,83.09906149084959,152.4770764809582,172.2983585785135,188.67375275140947,102.23620160222109,130.2416794616839,319.61814816824784,255.37528542646803,1166.908514672037,385.45132812666503,391.61889149725647,463.66859784850647,686.9818537986721,580.0985647469402,276.9920378587262,250.8463738665561,608.5809784480125,171.0321007393935,777.7930913112817,556.8236893032208,456.2865640014946,704.3188235965015,433.82315797994244,132.25565084048372,969.7601724573763,253.35857668965932,92.78472112713376,97.27350685998736,198.95369075945803,127.64271592613495,156.70031104694723,829.2305270189828,337.77792684359935,112.8222810162,181.842609978,166.3130400764,99.589000543,114.8962595073,209.1815343503,229.6990451883,248.6396210964,141.43736255460001,162.1002023724,415.1113235726,335.4999074421,1650.1021217141,541.5863059712,562.9653465411,650.8049610419,954.7336666692,809.3524526275,375.1097270338,335.574008717,855.156140587,235.7955398428,1088.6289754928,780.2972080655,648.13981191,988.3391617486,625.3572167432,173.3383723847,1374.5850522001,348.2823706578,124.3778242801,131.6531658443,279.5911079131,173.6615977568,216.9043948698,1175.907543607,474.3863678741
Sde-AMat_084 ,Matnog,Historical,AMat,90.90006256653514,122.07154688951881,137.40594519786984,89.64906442902792,92.56528601657324,134.51607522957994,172.08510561443137,206.87937392415415,111.33212499350762,127.42505687822936,299.1232101207962,256.71921394492466,1204.8204209430799,387.9246559824987,420.76496543972144,499.08796037672545,684.2291713625852,590.4141025741932,300.7588307328314,254.4457723882242,607.8415889367394,190.8875511193436,779.8778593884365,554.4244480631152,432.04188374855516,716.9515067993161,414.9869888303007,153.1547790253048,1006.0015050132928,230.8788065770438,90.5333714138603,96.2465398248165,178.03731277934415,131.29747876867245,154.85235047889975,837.0489556267603,367.80978224333575,116.7656336932,161.0239102799,164.6496498366,111.9422976619,124.2694212475,179.3112953564,223.4946567439,265.875432771,149.5421424303,155.4704098586,379.3678976503,329.0003813403,1650.8777122178,528.4652951899,585.230054555,679.254602902,922.8740038524,799.1752097035,396.219447689,331.5010703743,828.1057248251,255.5969912307,1058.683927026,753.4609840219,594.4255996158,975.5476702867,578.6421491837,195.8526471995,1381.4352311485,308.3293558452,118.1690739742,126.7276381596,242.5753617838,173.7029276971,208.1029402397,1149.8893354753,500.8562524019
Sde-CMat_137 ,Matnog,Contemporary,CMat,102.60840058791482,155.12555002371465,152.45520696716136,103.82903661505293,101.60786082961299,158.898635243384,206.30423045032308,251.79152424575375,129.5896633520205,164.60554930150437,341.70213084411694,290.7393919776438,1447.4828528791975,489.5887167697903,524.6681721165959,589.2689317831121,821.3294256637893,701.28360602364,349.4078677920118,307.5831799078259,723.1537199207718,204.89901381434228,937.4832817303995,673.5331959839024,535.8221580159224,853.1207252811349,511.3148857809735,168.9922497520226,1209.226357811481,299.8111379561473,109.9471386849151,110.04179988876952,231.8573022146167,160.4233884898334,166.6359755215241,1039.3760331158403,408.13818339386,113.091820382,172.7463763246,163.5535431018,113.1847144005,113.925525325,177.670908449,228.3550704903,277.5690424648,145.3289944948,177.8307988417,374.7516845904,320.1538161367,1635.8954545709,552.0687612916,596.4167772464,664.2241203259,922.5665048801,788.8128686547,388.9030183898,340.8754439478,815.4599003361,229.5046571389,1055.6772645683,758.774274405,606.5322979648,961.5546933565,581.8036616348,185.9331176413,1367.7749125181,335.4699910752,121.935445588,122.4549955743,261.4618997658,178.8498383719,186.9111025344,1175.8367991508,460.1499279042
Sde-AMat_082 ,Matnog,Historical,AMat,105.12805146263294,134.25558837925522,138.47119255502201,105.4242310310111,76.98925424219922,171.02390039020855,181.8814706516857,195.33726538766228,112.53002459503865,155.64247132360757,330.2780309625967,277.9596253689553,1260.140024935122,408.8150858225514,448.79720615508523,556.0719229143835,762.890615780303,678.9273738448466,328.1024660677819,256.29165402933046,654.1021119360798,216.46847112318687,773.6299166527946,548.3120130123815,451.41129278542644,709.8417664977457,425.74956833993383,122.93124247741093,1079.1099657643838,255.41639258749623,89.27006959922228,102.63270907098753,217.0460758111281,129.0963281933301,160.99820381994942,907.814003895732,352.32702391728344,129.4583830634,169.0150815122,160.9412911845,126.8014525246,98.3501426946,217.1895216593,226.0310614524,240.6419759343,143.814273347,183.6335722912,402.4251974112,341.6262623128,1637.3565245819,528.6319624305,590.4373997661,718.4782517748,978.3413642816,873.2437112022,412.6085735329,319.3372907155,845.8510839805,275.9265182937,997.4435025763,707.5884859978,588.5399154186,916.9882002496,561.2843065787,150.817257936,1404.6595077509,324.8581104438,111.4014034985,129.0096946244,280.6944242089,162.917158117,205.8426081103,1182.0784630833,455.4318783388
Sde-CMat_098 ,Matnog,Contemporary,CMat,93.77809539402047,134.126847900411,137.51085692908032,86.80413954374531,97.02480910370299,151.13965936474116,188.0464995157581,224.84255900340577,112.12112359074003,146.59129971676356,306.9635175938666,270.1490127094489,1351.7264513630855,447.59539767983546,498.61921065002105,543.0649877222429,762.3102741291174,637.9482475359971,307.12311558528114,277.7256932212791,647.066872032528,196.75364332405638,872.0309470553497,585.7882870452771,464.2716087428671,772.2407801048129,477.70879824559444,150.30461490669546,1120.5189779860268,267.89601651620353,99.00818784827857,105.66521336092596,206.41505294420747,142.91996807867685,150.25789887470143,999.7391494001222,352.08642346083155,111.5705994203,162.539847641,155.896544523,101.263684489,119.0220683151,184.4949422344,225.436893033,267.5917253052,137.5908659247,168.2849280435,361.985644983,320.8847430027,1681.8673892029,554.6740108156,626.8702013895,672.5383757132,938.1691530017,787.057252238,371.8511669137,333.6747734517,801.8988825032,240.9228364465,1078.0107088944,724.7094877929,579.3077427811,956.2046549608,601.6266347744,178.265151847,1396.2841991233,327.435270425,119.1069821076,127.8875562368,255.8230981189,173.5487472653,184.4549189108,1246.1247733209,436.1914168169
Sde-AMat_096 ,Matnog,Historical,AMat,94.86599968255221,114.42055018767394,142.8443017187945,77.39268467607266,122.99696517577172,158.96312949036331,173.31746262301442,201.97980624696123,106.73457070968153,124.76265186897879,300.7258419109505,250.46052550821264,1285.4622412595165,432.8311312391935,497.4036977963875,553.8085667387694,758.2277246970334,680.1632776731483,315.8638286576195,272.05524021021904,602.270101033033,184.98899843582598,796.5017435707533,534.4580242266363,427.2485285770448,724.2825187489271,430.9335982270237,124.92953248647812,1083.4362790242997,251.67821271466877,82.85985556112199,93.83867494396965,215.60154079310303,125.1712393324041,145.54874280353644,929.0789685670103,356.8099728006493,116.0515632882,142.9952748687,165.2330856501,92.5416718585,155.9057506624,200.3469381846,213.9069131224,247.182390628,135.3491554312,146.4291978645,364.125710921,305.8189572651,1656.4269243446,555.1369382144,648.708771121,709.7548673793,964.7109463563,867.8685588376,394.3373942306,336.6193206131,772.4921945683,233.9901598188,1018.6788493257,684.147066664,552.3643195113,928.065881646,563.1542246624,152.2769825192,1398.5321119063,317.6682136779,102.6773064794,117.1018722319,276.5585449976,156.8008450911,184.6434181307,1199.6683185946,457.4823247146
Sde-CMat_127 ,Matnog,Contemporary,CMat,98.30863883184426,133.28846067270794,152.3444726150575,90.36018944380316,101.74047100996727,166.8135754126144,184.39542363196003,229.1919170975495,117.34446546582416,158.06585437278983,327.6104202534467,274.0524633511802,1319.3759410762725,432.816211231846,469.56421498246635,562.8721952586128,777.7843705264396,682.2589036139359,374.252697702555,311.75856469909536,683.7412139083691,213.05836899723045,831.9260667256978,596.7752569045487,485.1319324219857,746.6742510085976,456.1326515940841,147.0872542879225,1117.5748618128675,263.63390840337667,102.69665669947588,121.02857068812301,207.5160465415626,161.1712498293662,189.92972391218817,942.314696632038,377.1179081475845,117.5810759171,162.4716311807,173.3746918037,105.9077932233,125.585847173,204.8682012233,222.2839444875,274.2175749238,144.9011486156,182.2217278975,388.27787017000003,327.2317132031,1652.5753665961,539.8737254108,594.4708798522,701.621345007,963.2823877612,847.1254847794,455.7751502911,376.6628439954,852.902179126,262.5016284003,1035.0946624872,743.1018512274,609.4308414326,930.582716876,578.5021084961,175.3578984282,1401.9768793232,324.2010764696,124.2414475284,147.3358165891,258.8737098594,196.8719921092,234.6159382249,1182.4535141733,470.2596034161
Sde-CMat_103 ,Matnog,Contemporary,CMat,124.5392937441031,165.817456014287,162.44432937880597,101.51251136603803,126.9552398987927,188.14846385567444,239.6388522019749,237.56486537299662,145.7419039893812,163.70243941591096,396.0258759859638,317.9257807854688,1596.8007968823727,524.849752538886,565.7297313166862,696.6468497167341,928.4755876577747,837.8852418959771,413.60288864798804,320.0448833115286,804.8611412994418,255.86909195737195,960.7907013095049,677.378745535878,566.1542004880383,890.0990980867018,511.30593006304946,145.7095676165775,1329.4800053671847,349.90606956867737,137.04071628257051,132.8062822333342,267.6457465340336,200.43827354764355,214.42067768349676,1133.9993051477325,462.8594009329832,128.7437913036,172.0197520277,166.3874816543,104.5461928362,132.0114977787,195.4578225958,248.0904267994,245.6009107446,151.5568821683,168.0778479487,408.7039421209,328.5574696524,1664.9026654106,546.8125832207,591.0282628776,725.7070468753,966.0510651399,872.2057057367,429.0002796404,331.470411515,838.5480414389,265.9671884329,1000.5286011906001,705.4979421371,590.6208015415,927.2016392442,534.3482738151,150.5390402766,1386.5785162613,363.5880326597,141.9679454617,137.7406021419,278.8513014947,208.016488024,222.9906753086,1182.7648860688,482.2017947053
Sde-AMat_085 ,Matnog,Historical,AMat,88.89927576403534,105.84822317833208,151.35230322641277,94.73961942740743,94.13605633900328,135.19972115836632,181.48364984772047,217.48597568877858,99.4656875030279,132.2471390225513,312.5030954794848,266.2039037341301,1222.7585493844072,410.5180233863064,448.22782909468043,526.9667649337765,698.3367966261122,616.2806700608174,307.7570638999047,252.43553449308592,698.9006799166816,184.82362382617643,747.2829720786897,623.690507795942,525.455277989897,705.4774406153963,492.55346195016216,116.00990444768075,1122.9070709007624,189.8190843034756,85.93536431999344,103.09253311952325,126.42938994331962,132.2089015588965,227.85341665037626,860.1726988944081,362.6016647042453,113.5772218212,138.7879550148,180.6513267298,117.730497893,125.5737212152,179.1029452259,234.3689328921,277.9904504974,132.7510922673,160.6593842468,394.3002662844,339.3255534942,1664.0542339578,555.5078670611,618.9837439431,712.4207918084,935.811743658,828.7300362911,403.0229926993,327.0011256816,945.7996844514,245.91607609,1007.7362229367,841.9750191619,717.964587877,953.5463468901,681.8655306325,147.5633284912,1531.4031376009,251.9108449303,111.5215151889,134.934446597,171.1083299325,173.850559482,304.2516642913,1173.5481230386,490.4699458475
Sde-CMat_125 ,Matnog,Contemporary,CMat,116.5552695112924,135.1836304710374,151.27249057122057,106.31822166477392,123.94058030144923,157.587485885555,218.27195739913543,247.4811885594944,145.35742415528694,146.1034002377768,347.3498515335224,305.35093768280785,1564.8587474217923,529.3883263681681,574.1048616126238,719.1202620165559,884.1253826185796,832.8610517603341,430.7668919970638,339.14892796180266,777.7489427036464,230.75094908340023,937.0318828974019,665.8625759054491,568.6607177502681,909.5517927316126,460.63927123606175,133.23669675689956,1308.1275426545417,378.3507750913299,125.42468774244564,122.13198856274289,297.4899084493623,174.86631106648298,226.43650375997242,1092.3360033938684,472.5614152015484,122.825039307,143.2486722515,157.1074730443,111.3752139227,131.819196394,167.3562149225,230.5428426603,260.8201650456,154.614366123,152.3130626407,365.058820331,321.6194702642,1671.466141286,564.7663159706,615.138014188,767.0248102688,941.2449104352,887.3286334072,456.3435870363,358.4511153031,829.7348964897,245.2847321329,998.9155906632,710.0013687212,607.9220870194,970.0967949214,493.821582596,140.2718184594,1397.8773662901,401.9588383587,132.6145104946,129.3691397794,317.3807579336,185.412663747,240.8821048665,1167.3779627112,504.0982332281
Sde-AMat_074 ,Matnog,Historical,AMat,98.61068816725698,116.35960852056871,166.32557703522326,85.17871808949701,99.54523807440518,158.28540726030306,189.9835760321402,182.5175133733746,108.13591096453571,131.05947978673657,361.05951330818027,285.56152474326797,1252.9210223709795,394.6424250055739,408.66030530818625,529.6155960796566,718.7225183165614,641.6026834167466,303.6152069288526,237.56972153287973,610.4597394322576,197.52472162324383,785.5263170491745,538.6225447162514,421.67030971952477,730.1331709881495,412.3653676305637,135.90496378311593,1005.729813351041,251.30362608334963,90.66681836835356,107.04288715131887,211.95032417642093,127.3734048506595,160.19606971848577,870.001279945323,383.10742773618983,124.6369157667,150.7666193549,196.9870138623,104.8446943409,131.1202851033,207.1127458753,242.6069870625,230.7936330215,142.5055050467,157.862182211,450.9404120801,360.1430349917,1682.1932885498,526.9817299269,556.4029290391,706.5870774488,950.8335494584,851.6360932871,392.919913704,304.2677338614,815.2173291524,259.5412551387,1045.4951060436,717.6183321694,568.3152597109,973.9047334142,562.7653163006,171.0535948357,1353.044663553,329.390083591,116.3232634077,138.4592868313,283.0662813005,165.4909111021,211.2111424614,1170.8810867427,511.3811091527
Sde-CMat_144 ,Matnog,Contemporary,CMat,119.13161163763374,155.77132071982956,163.96083773413696,94.54170875571269,120.3787524566109,191.91280715100805,219.39034304045833,263.2123453872367,143.49792650557706,170.36765214197794,371.36983854789554,313.74602089467214,1663.005631136299,559.6928318281466,605.0124027639846,695.0828320770194,958.1830306269676,827.1536663853035,422.3452593376656,364.13012127206673,835.5883527137094,246.28581521112844,1027.8539807110785,743.1806644795394,606.7389843952998,925.6156404217896,585.8016326773169,166.51039444037707,1393.3870810523829,322.54630885826305,120.23526339843072,143.90945324366288,256.1045537230644,192.2206483185404,230.70097682506682,1177.2562368298968,485.7503781761265,120.087639873,157.1544456097,164.9102265029,95.2142720162,121.5158362516,193.6817060789,221.2285396126,265.3287162224,144.8558077986,171.4528751182,374.1976655208,316.2402828738,1679.8097404113,565.243492343,611.4176259831,701.9548619879,967.3778624827,835.185925653,426.077856995,367.2179044824,843.8767915485,248.5914094537,1037.9308768096,750.4930770372,612.9500192118,934.7602147068,592.0508379186,167.8225578235,1407.5639573121,325.5383600582,121.2620234426,145.1788275765,258.6456934751,193.9455854346,232.8877562148,1189.2492583157,490.561263267
Sde-AMat_089 ,Matnog,Historical,AMat,97.34530363412506,119.39461618758195,132.49174579852138,81.21724620916422,91.53699053634003,143.40944610607073,179.55160353725614,207.69935699895657,107.94194702047024,138.81861670384848,295.7099608898558,251.31580633370442,1240.0879367456364,392.0467643456963,432.7699829970188,504.9958581460445,710.07253810258,597.2464110658932,318.7874714914781,275.94728947074293,600.0025405143299,207.83785259013817,789.6600793442454,537.9504695387485,407.285709654795,700.0413638086037,415.1636569794616,157.81250865267305,1007.5023363158073,233.52214515692071,82.26217407314242,90.81986617056866,185.1400154667002,124.27788318506235,147.39499974425868,859.6798157748034,380.4287559336835,123.5093941266,155.3553221007,157.3504963709,100.3085277388,121.115926119,188.4741601408,230.2034214575,263.6452358907,142.8928980289,167.7173188957,370.6669938022,318.1573304321,1672.9986496986,525.99546183,592.2079867866,676.9221961035,943.6960537152,796.4366198998,414.2968914141,354.8518393649,805.048791978,274.3136527425,1055.9185192288,720.091299604,551.6118256422,938.1723598842,569.4705692364,199.3750260506,1362.0157693062,307.4398320339,105.9709464429,117.969980991,248.4320958338,162.1612819078,195.2134513023,1162.6193418031,510.2077381745
Sde-CMat_124 ,Matnog,Contemporary,CMat,138.2295059246759,157.75772853933336,169.30088825523038,106.07764641742386,130.0710138976782,183.59766596800736,253.3154637197658,250.4189830838908,147.03701614889363,170.0682607561152,401.49922109146115,341.046501104131,1780.261513437172,565.0784852957154,598.9148257161863,734.8491655932257,983.8122965128714,858.8683469904338,449.69960087422817,386.5220280711696,885.746112103378,272.0252354247488,1135.6710909137203,802.679997100968,640.9664252012268,1051.7506940682329,592.5323311350106,199.27225076736096,1442.9673129262835,381.1253637020763,134.65357999681976,146.39241583647686,302.19388305549796,199.28678009602135,197.19025899179195,1289.0124072925325,491.2524235714671,131.6434181547,149.4659138917,163.4347607246,101.5829204154,122.8124910991,173.5921790119,240.729643334,238.4650136888,138.8175727866,163.5989364828,383.3215479653,324.9446943516,1674.2307029696,532.0252460815,561.6043064484,691.9939641446,928.0674369018,809.6415461042,426.1700311481,367.092779796,833.9261620557,256.9762983824,1069.9763959857,756.0852189688,602.3098148237,990.4573440861,555.3479865408,189.9440823022,1356.4533662464,360.2262884602,127.8387370868,138.7471441395,284.5090988951,188.7041590143,186.1490637672,1211.6346597145,462.5547269591
Sde-AMat_063 ,Matnog,Historical,AMat,108.64897758032517,124.2289313583998,133.80012907803933,87.15083729701055,105.08971365571418,151.44447397808872,181.9956791970898,198.78073095830996,115.99192953796397,138.03545463774878,324.39386877837256,284.2389655305021,1236.814247941157,353.15656214461035,361.9998861007142,521.4632629650627,659.0574656896619,627.0494164396375,359.7850342171142,272.15886729351666,685.6093129496566,189.15514204298003,787.417121532603,629.1903007896418,505.84860927471186,790.3260864086419,428.1150332178141,140.3980216842102,1029.6271446128692,243.14161382897842,93.61425354875199,108.51413222414867,200.56069042215137,133.03878028112706,154.13263639917406,874.4541789077916,362.3633715778264,137.418089758,161.0840634569,158.5435524883,107.3368995304,138.5342794122,198.3164080346,232.5716933557,251.5299440048,152.9810841694,166.3547124306,405.4091104706,358.7168263063,1661.9901654556,471.9804174936,493.3155519639,696.2936435833,872.6089797858,833.0038365048,465.9603665279,348.8185266628,916.3430019827,248.741155342,1048.8825833141,838.9828296898,682.3598421603,1055.0772020897,584.7873869791,176.8268169172,1386.3890356294,318.942574414,120.1917373091,140.4673254352,268.0803385213,172.9832250856,203.3800873029,1177.8900437978,484.0974836525
Sde-CMat_134 ,Matnog,Contemporary,CMat,105.30680677154729,140.51817200355265,136.20966885981338,80.63030729948879,96.53873857809617,144.33238208974447,192.52375261741085,211.1577499124529,117.07939491644123,143.0257132799903,322.91450681096694,257.10517561573903,1328.1001108378694,419.2761333805921,451.50428626040747,564.0109098571853,712.6093182021197,665.851493692137,327.2257815735337,278.64431399251623,687.0920476173188,168.02801267422632,834.2094003947449,652.4177459238904,538.5918197206582,814.5141789588441,454.06459000839294,145.97433385646946,1111.3562450859758,279.9073304935224,109.65525631268197,109.54682777953911,208.39929838723077,153.840793480663,169.532535050031,958.2423037333512,370.32999545572864,126.3394813337,171.8684098721,155.3576471773,94.7621190512,119.5972179979,177.8859095394,232.8294161973,253.4209393944,145.0991868188,165.2868363683,383.8320870549,307.9335034704,1669.9564655675,524.9759578606,573.9300059334,705.7095874814,885.8155444014,829.8360388727,399.8572089386,337.751229163,860.3463307731,207.7655829613,1041.8428506838,815.4568479955,679.2471309047,1018.9826335845,578.2375106821,174.5579753912,1399.6217759746,345.4393952546,133.0950544575,133.81016526,260.9660029232,188.5654510496,210.1820360062,1207.1430860528,463.5513001391
Sde-AMat_075 ,Matnog,Historical,AMat,100.5135870018079,119.56962002758057,140.95028549286445,82.51683559498635,97.6628889714,151.6837258140767,197.4602767247124,206.77844943494472,109.14171455176981,133.17418938687027,316.25081396405926,264.3977270538648,1299.1745805604803,388.76261006161593,439.475080807695,522.2114411878966,708.6226437853788,619.6306524501349,306.1470814626525,251.28262275047993,630.7514016040947,200.89607093007066,818.6226094884993,563.5462421732665,442.98568083278946,757.0564293135618,430.2363791234883,144.1875112623836,1051.2695665494934,261.8144190567243,88.10540155155083,105.76213305909646,217.54729341860374,141.4185485263161,139.7175595782076,933.7489522345179,365.57972845791096,123.4077174609,150.0316152558,163.4704608913,98.9871273554,124.3232593313,191.9710184363,244.6293715259,253.9773804611,138.995131113,156.7530667422,384.2457211003,324.0002050644,1681.7610198964,500.8565289526,575.9078664181,672.258510266,905.5178509299,794.1097178635,383.7376145363,312.112072727,812.6594985144,255.1888612069,1051.6211896262,724.5984525223,575.3661939375,974.4035744435,564.9602631278,176.3784922611,1363.2659696987,331.8513889611,109.6000315048,132.5088855374,280.3090280149,177.8742127344,178.0073310423,1211.2635108667,470.8299221354
Sde-CMat_135 ,Matnog,Contemporary,CMat,124.0482377390747,154.8667758143754,158.7201820727597,96.72100055727297,129.25709302038325,176.85109380235681,245.9180333466621,265.7026644596926,147.23476232877204,158.55787445992712,368.2405744451581,307.2438351901141,1624.5368425139889,531.8652245599443,600.3507708037694,686.5794266114592,925.3441264945275,799.8383793558359,429.8003723676377,366.10941179686984,785.9319788693166,258.4476650751754,1001.5933184712495,669.6944755761765,548.3777301080067,894.2619943198972,526.1396230083417,155.2637095208023,1342.830058607343,351.03793602864334,121.83538459844075,134.04791731783814,286.4381314005695,180.06621389366748,193.19583895314616,1173.921737343955,450.61915119010445,126.5714983694,158.3544893275,161.0457486641,98.4638451075,132.3551679811,180.9865798474,251.1421025791,271.1178626153,150.770068069,161.1147114853,375.3456826361,313.4346833795,1666.2106051606,545.2541690346,616.4923070479,703.8091776329,947.8783637526,819.5506064298,439.4343444231,373.9812919512,805.720611418,264.5864617855,1026.5162602683,686.4195169054,562.6304135667,916.6871237455,540.3947660675,158.3646739308,1377.5168482276,359.2996505547,124.4735835977,137.0467336322,293.6524202802,184.1649049935,197.8426931382,1204.2840792322,461.94750836
Sde-AMat_064 ,Matnog,Historical,AMat,98.65599196526281,133.38152043866498,146.25268599167677,84.55356395398125,96.3307280737564,155.4052427445741,186.21908244838934,200.85074337273437,105.51297309928293,144.54983390492012,329.19330486144463,271.4837273327446,1188.4020620677163,397.077777933971,418.11172663894513,484.29663905934757,717.5785670299803,600.3172522125947,273.988888477252,236.05456019437537,589.9520692237971,195.60502457646626,737.8985074617035,530.7093296033149,410.7009319214652,655.6954385469598,410.50315868996654,144.26092450403894,982.1061822487626,221.81256507260804,88.48957977982484,116.11783144185912,187.4764027342109,143.7476907205469,150.85031575890048,846.3706620341704,342.0970788057682,128.0392431475,177.9565356723,176.5578855694,106.5475865751,130.8992865005,209.618091396,244.4628935719,260.8025707772,143.4546384727,177.8117872858,421.6019065112,351.4867704365,1649.5938896282,547.8504646432,589.4776256266,667.5246682165,979.8278786442,822.7522469464,365.064630862,310.9017155857,814.011513162,265.0743365389,1014.3571141376,730.3807295031,572.5211107911,903.5605634376,580.2628215836,186.3529046204,1366.3123641682,299.7639142534,116.7727201011,154.630457261,258.7035375782,192.3739983428,205.2018174008,1177.9654839877,471.7904944823
Sde-CMat_145 ,Matnog,Contemporary,CMat,99.06879403697208,143.08321566536026,151.17266386764507,81.63581502061463,106.72035683415791,158.70084622899773,204.672974814483,216.40517524467847,118.5185548268709,149.6660473200251,340.22067705658344,278.2601169382526,1409.8218856423673,461.3501639132906,493.7278069512898,612.7366011482014,794.3042709009754,719.5415423283982,365.11930840629344,292.45698360948745,618.4395486411667,209.66636121440655,854.9393145653319,592.119577099626,426.5167726150989,798.835499085237,374.38447370204864,201.80299256710737,1076.6021564148011,301.72734904751326,96.70466473733289,107.71216633695563,254.20689769091643,142.53878556996338,143.85002883590255,1045.7566847387445,364.1283339254033,114.0463182088,167.1910283094,167.3556639184,92.4928555197,125.9410175061,186.5374190835,237.0764862879,249.1897620937,139.9052105278,167.3775027203,388.8571159948,319.9085881008,1682.9642907483,548.9370128522,594.3601823764,728.6737416501,939.8211168724,853.0658026702,426.329174296,339.3578554513,735.8746965257,247.0636516306,1015.236568557,703.5751812559,510.3252256475,949.8657696903,451.327680708,231.7258674147,1286.7495361696,355.0174501355,112.3301111349,125.7317706426,302.4938809353,166.8299792663,169.8555254016,1250.1636164023,433.1571817389
Sde-AMat_065 ,Matnog,Historical,AMat,93.06935436678388,129.27960665569026,142.26712384416155,91.83272248196715,108.45113881748779,147.6384964462182,180.34451461189502,227.22586571191667,110.69096724326698,131.67535224703215,315.0984526870927,279.6770582811539,1416.9455506154777,451.39191061590816,495.5411813830411,582.0092625874609,806.8975674259838,691.2842076143935,298.61412796188995,240.52248502335493,714.4382206389087,239.90330554706827,880.5403555581595,614.4053866311395,491.5238832066657,800.8422726430217,495.25783790592345,147.8767627790115,1187.4558926046432,270.48228199577125,99.65342824991019,100.49177935935866,219.63240322696018,131.34844457506907,157.75666465240062,1029.052999416517,387.89338216011106,107.1870009202,151.1351803695,157.5468362183,104.0864819631,128.0497502708,173.6223419114,208.992319848,261.7650823446,130.7328753616,147.3092560878,360.2939008647,321.6777519615,1692.4042088165,537.3799474111,596.8889805587,692.5072358595,955.2234024685,820.0007595156,348.8437067816,279.2244222796,850.5643788307,282.8388228531,1046.1992187683,730.4493537584,588.4356196707,952.7672563684,597.3915837998,169.8769463872,1420.0322046138,318.4157349457,115.8095121162,117.3601591129,261.4939486318,153.8081982399,186.3729638816,1230.8813320977,461.6777554558
Sde-CMat_121 ,Matnog,Contemporary,CMat,110.78603185803706,137.2262069365032,133.37939040590192,93.0356251087722,96.52667895923904,165.67869846244565,194.31370568258947,201.8570001507255,120.05825174909889,142.10580281343192,347.20406885900695,270.8492677774301,1388.4064101105987,467.9232402885115,505.575644512609,634.9144684346232,794.5910682859264,753.4050649900425,408.2571333384881,343.91929243797875,685.5989813125746,186.08331607578353,857.14590094061,633.0272973577048,512.28830691715,806.4818658707773,446.11126341884705,148.74945801057564,1159.514380065422,290.5789342702084,101.18785495942697,109.34622765148319,227.84660696672654,152.58815152284927,176.796162740711,987.6696640910059,400.9071326017534,128.4302929126,161.5925648328,148.4056393436,106.0647631925,114.8525835718,196.3092451659,226.7267831474,234.0724558458,142.8957701247,159.8082098641,399.4822142593,313.5540250007,1672.0478898305,561.5874625304,614.2584546083,761.5771734249,948.051692632,900.8000030938,480.3839290107,402.0332909501,822.8647636066,221.0696985952,1026.5850715204,758.6564056642,618.4384945043,967.2443070866,542.8134716397,171.9831301756,1398.1784487992,344.6742049842,118.4156827858,128.6240122482,273.4794141372,179.9937832225,210.4885360397,1191.2432466556,481.0395368761
Sde-AMat_067 ,Matnog,Historical,AMat,111.77966439142678,122.49196996905553,137.217926943676,103.81449894740136,104.03905772377027,159.14596899855803,197.15079650503571,229.57881385539477,120.81702397431417,134.00298386263643,328.8140852706435,295.84509126422904,1343.7198977833327,418.1209926954756,485.3436364137269,568.7441563676324,754.9967710566516,666.7633680287183,331.24654951748556,264.3001986171974,669.3194860677597,216.31986762026744,826.7553516380526,579.9639600675632,465.5439372310201,771.9854300014282,449.00381916372385,137.74816387455053,1137.2061057958358,253.62427372047802,97.42579746273572,109.96268678624588,214.14163070136547,137.284689925716,173.66469719920056,944.2278601427729,399.9131678827418,132.7265885623,148.1180886595,155.3438385767,120.896741169,127.3319861737,193.8305649533,235.8672250679,272.6911801358,147.9193272167,153.5937986006,387.030542812,350.7234221936,1667.7788069534,516.8931082907,608.6025535702,702.6386296962,926.9898789575,820.6557421945,400.1923099509,316.886263127,827.4662114113,264.2755155253,1019.5927881676,715.7792053889,579.4429577272,953.5814484887,564.0026193424,163.0579746832,1413.5565433274,309.288915878,116.9586557113,132.8018554639,264.7558322123,166.3401266691,212.6950557247,1174.0042718801,494.2441198472
Sde-CMat_116 ,Matnog,Contemporary,CMat,115.03800787287652,164.45182405874976,155.5853332279428,93.13689358637637,118.04127788981278,173.89623637264268,223.11723887230224,239.02442815170582,141.00427133335361,153.03866063377575,376.5638901947052,313.5478645574388,1618.0303774550991,512.5633983193297,538.3074371459119,664.7155794593805,881.3068967150207,781.4380327685939,408.81711645106066,346.2681023346072,803.4510212085178,229.97449246873023,1022.4621327357263,744.9903964033427,593.1404800643436,960.4468467504279,540.1221115169143,187.8812837864643,1303.2915791638072,326.81438911285727,112.11832250992686,134.50598739926033,267.9656253498947,176.7883645478118,194.16805615396686,1151.4679639165302,466.6061044580217,118.6554850241,170.180648501,159.1041833602,95.7297860685,122.4193453947,180.1877148756,230.4463054726,246.555525204,146.2434698725,156.8495152054,387.7931185629,323.3144258227,1682.2880040417,532.5363418335,560.7213121838,690.5360872426,914.5209575533,811.2449416997,422.9913554572,357.7815885909,834.7651651496,238.4268231474,1061.841746649,773.7887691098,617.0085951526,997.7273795538,562.785930552,193.6817209733,1355.4122531225,338.7152513937,115.8728479416,139.1603311291,278.4126585589,183.0133554465,201.3950847402,1197.5760556769,484.7634988672
Sde-AMat_080 ,Matnog,Historical,AMat,88.46458187687321,127.69193357906363,138.1418388391077,93.90084732296084,91.91953537926528,136.90457980951552,187.76405328134555,199.80877564814315,104.50585832545467,149.4722667189469,316.9581612889784,266.23894208911287,1172.8920630356147,389.4963248598117,407.61650014126025,472.33491201006944,607.8124719481331,568.440902859972,296.27547421023564,237.93142827596358,708.3882700644472,115.66335168176654,755.8399729630868,686.2292083209808,593.4714382903697,757.784276899145,533.9709233179276,105.44088897842234,1093.8850694616187,166.5057752853035,83.53525323382925,91.55741723334049,91.15102569998872,118.10264157079634,246.91445944782183,825.8286769959069,347.4545930382991,116.1481461489,172.5588785302,168.1655315912,119.5463119111,126.6160401435,187.1316099162,249.4852680237,262.4737722698,144.0350955658,185.5641495212,410.4127287257,348.6688896454,1651.9243888141,545.1195152238,583.505815457,660.3721083821,841.4957599573,790.0360389776,399.8179417775,317.2263921946,991.4899320741,158.869070765,1053.7931630685,957.8889551387,839.5881306565,1059.202592754,766.4689857359,137.7620430947,1544.2766696786,228.0475543869,111.5997027122,123.4834479058,127.5916650325,160.1104058894,340.4948080757,1166.3577797766,486.0618236899
Sde-CMat_109 ,Matnog,Contemporary,CMat,126.27972997159914,137.69355267713158,147.76465907871878,107.4302118177657,134.27862783406738,162.04575255677017,245.9250050737013,272.6247348590366,146.1987718040066,155.9505839679352,354.27057500292057,322.18935383385957,1486.5903020768906,471.17803017484806,544.6409760680149,590.5194915344454,795.7284836434661,687.7481452121334,385.7464140684783,329.2310811165313,741.6065227376375,205.00898051014738,959.5215498884639,671.2145043138221,552.30300615242,892.0993758242406,505.8662601251048,153.1640131599128,1248.968046581581,329.49717993368324,119.46555955738862,127.0198245517603,254.0174203007542,166.84334176706005,216.45548723236388,1031.3485557868491,455.33863254984215,137.0567844094,150.7473765731,156.7696645584,115.5233656639,147.8569613875,178.0181771892,267.8740169453,295.9381005673,161.0099952429,166.433883327,382.9040800738,349.4192552749,1647.8937869118,521.3119082551,606.6975537025,653.1479763283,877.5299797901,759.3318190572,422.1389167107,358.9842743654,820.5305427273,225.5462375069,1060.3937768422,742.0451273548,613.0517992991,986.6404836039,563.966945211,165.9912677474,1385.4678431976,362.1922649616,130.340906592,138.9790675524,281.059251813,182.8361088437,238.4233497968,1144.2140119239,503.719175769
Sde-AMat_068 ,Matnog,Historical,AMat,107.78390347403455,149.17671505221583,144.72131376918884,90.54665624908522,104.86049145054581,167.73701274375907,194.28947774599123,216.908724331918,122.97367185739392,150.44951916975342,355.91251096758316,302.87728917437835,1310.0165348034848,438.4585242256444,451.35814393349546,545.245996175763,779.6943913937178,659.2746085792323,345.3711286955093,289.29545776378853,691.4106600573135,215.15462653424402,839.8556639646421,596.8321675881839,485.860311987921,744.175567392272,493.7749130567084,137.8288936958068,1116.5158431965933,237.2174975633964,93.08585867257175,122.54406776747702,194.13868013894077,146.02690956262134,204.2495350249052,918.9863202397412,391.14566699408795,129.3515313952,182.5214612862,165.1029092648,106.4458202026,129.9541528125,206.8052988625,235.0410718092,260.40407319,152.4599411385,173.9090614357,423.1799844663,362.8662671118,1647.8624233895,549.2050150525,573.9793077997,682.4914075433,969.5663626701,821.948316602,422.1745830447,350.7769200819,866.0863543264,266.1337836078,1049.2925674353,746.2645988044,612.9873748867,931.3429055617,629.0669935541,164.8678831773,1406.6734462933,292.8601571359,113.0211744617,149.7372811425,243.2016629259,179.0500390549,253.3162105292,1158.1469721091,489.794516013
Sde-CMat_131 ,Matnog,Contemporary,CMat,113.77767500669891,143.27571738358182,143.2661068626142,81.57628393902237,105.6877757103914,152.52419412961999,204.93265387917074,215.07218181996484,124.39586431988003,149.37537669994342,348.88854837076553,276.73858049867204,1344.0787862749787,441.43465463034283,455.92559215845745,575.0627847083916,738.4830251556025,682.818535513807,354.23199950507006,282.15802152178844,690.3662062566212,178.5256528684043,831.2109717455851,617.8200433617866,521.2944729579336,798.7611040750855,453.7089252869068,127.47788224743151,1112.6030843117594,283.1270208115255,100.58074869198383,109.14836198514391,224.9086752271018,154.40834512745744,179.3243031054351,969.2991002728776,374.78941391508096,134.8490964765,172.8955065563,161.9741728556,94.8434457835,129.068422288,185.3712132324,244.7038418833,254.9868747089,151.9690655197,170.9619269681,409.9381755867,327.4714599066,1664.3433823349,544.4679964404,570.3203696016,708.827503792,904.7104027099,838.537194793,427.0905195464,337.6360319165,851.5365505558,217.6324770382,1022.7735305825,760.7728361392,647.3042871101,984.4111773384,568.5135777742,150.6264893487,1379.7354430316,344.5290905312,120.5085246295,131.550498108,277.4324834536,186.7011088557,219.1471654941,1202.3501272221,462.1379269832
Sde-AMat_051 ,Matnog,Historical,AMat,102.19097244796137,137.24807778071064,142.58878787352108,87.61106316179483,101.62544360562464,150.47578403032168,197.16489267496382,204.6932328594426,112.21216873922366,145.28744487411842,334.06101420747973,286.9290009161848,1235.453216641893,431.64527970661277,443.5674291467533,518.9199741056419,734.5985857446908,619.3913520914059,317.24486856559247,271.0135271744936,644.3717076155657,190.72967113409487,781.1309575175279,572.7218884081872,465.4561185316615,695.8953499974045,456.40924055172246,136.62771247942328,1057.4400625961266,228.24357208344347,93.97817864956738,117.40111644379702,176.0705577071023,144.86574286573068,202.71359239537944,863.0936828702895,372.40003900370374,128.8079644993,177.2924812884,168.5398213086,107.5763223828,133.4286747079,196.2744140167,251.0567922736,258.123736075,147.39966226639999,174.6185582318,416.1351444821,360.8846099634,1653.0214582623,574.4423397053,601.748993442,689.9815954927,968.6535038373,819.4287734157,409.3194226846,346.095494157,857.5909909223,249.8118316381,1036.1664918673,760.4872877323,625.1374494705,925.1061900968,620.6066189616,171.5001758062,1417.6736118408,298.2172105107,120.219954384,151.4001358108,234.3514921097,187.6412033762,266.4037230258,1157.5469740235,495.4084966703
Sde-CMat_139 ,Matnog,Contemporary,CMat,116.94815333509973,129.96564455370506,144.8126325313161,91.6238990853915,117.36132922875402,142.48641719385043,196.96908386449888,240.80331648640146,128.66373766376446,149.6203192953751,321.88006859252715,284.8930656678923,1349.399115420197,453.1175356644233,485.90812176419723,567.4831010047083,758.6347041194595,659.4181539745625,381.4356129785996,326.79923214873077,659.071422784519,199.76231736681473,880.4112049635445,575.790070490322,475.3142839545747,794.7789603216484,438.3586011831525,134.7179989311004,1107.2304534922891,330.6964106355104,123.5610600233342,101.93520765020293,231.98270750512864,170.23422651452907,159.37425925211386,982.0424144837381,367.3780571768543,137.6087384302,155.5853665515,162.8702657805,105.8446370773,142.111377471,171.7412286033,233.4272790789,283.4338024635,155.8502310161,170.2620407016,375.6187632452,334.7160307862,1655.8121173467,553.9136332388,602.0659706173,693.2907694385,921.4078965298,802.7559176757,456.2454694161,388.0805859784,805.7136918319,241.4782773149,1073.7994076288,702.7692455254,584.7999363687,970.8362174128,544.0347596488,158.0556867778,1360.5637792633,399.0695539959,146.9081166344,121.8853035637,283.6155545655,204.1809824493,193.1126172823,1207.0456918587,448.9809705196
Sde-AMat_052 ,Matnog,Historical,AMat,97.48163693275774,122.05139609988085,137.963673256151,87.15167013574674,107.71865655980857,146.3932028015645,179.5853471293524,226.31285289846002,109.6211129814417,138.63335641139903,303.62507500028715,271.3816958050414,1267.5990416962295,402.47941437570444,448.11562864436,504.1778463218411,729.4108818984538,603.7851087730551,309.77132306603204,276.7621800407166,624.6494616727049,210.85385345326281,821.3873697431925,530.6887853523571,434.9055622440463,724.0891657709083,433.05359957012257,122.8252904830679,1046.7363305157464,292.45909494534436,103.44459735529935,99.09291852221325,233.55354304527242,137.36283687464376,165.115331894891,887.1288310014503,380.47379076956145,121.3531264514,155.5078369237,161.6143015216,105.8382208148,139.3745930912,188.2422389982,225.7221440387,281.8520567301,141.9009918512,164.9827799678,373.782889147,337.1496781259,1669.702629037,527.4648351103,598.0372752832,660.1943675169,947.623879954,786.8594119458,394.2413583895,348.8227112663,818.6706170709,272.194145798,1073.1491243743,694.0178998132,574.9213074509,947.9718616447,579.2045910353,152.3030161894,1381.3895824811,376.6680342073,130.5901356824,126.0553742767,306.1219908777,175.4663812172,213.8300406274,1171.1624915562,498.445610541
Sde-CMat_117 ,Matnog,Contemporary,CMat,109.3986786498813,124.61324291025417,143.10066403832653,84.97607443086552,86.04369649718684,159.13945532120567,181.65788213080648,214.75875699882417,122.06980307778822,137.14899188780066,321.967864675343,254.83239581036395,1291.1414307836922,399.50921519456847,428.69381283732105,534.6272477528431,752.0402448075769,649.1400188959311,347.2867979266704,295.36122945540774,684.3406193645457,222.26103751870238,838.6345793377473,583.8926725048364,479.123214788889,750.024433635605,467.91974538526375,135.03050479058436,1084.927041232566,264.8147027300599,96.13144476725617,97.87396482435977,198.82271323168783,131.6823663403722,167.05246036981913,930.0349520985758,361.2175203574155,133.3428595843,155.1070015644,165.0944514046,101.2815685479,108.5988321383,199.7318815423,223.3492820786,261.8633265443,154.1323285442,160.5012339248,388.500012248,310.0357492817,1656.1358017447,510.0988390797,556.419869037,682.1057589462,952.6810304579,824.6422286818,431.831201485,364.0519561185,873.8172823082,279.9432167522,1067.8038425682,744.0979047835,616.5602688375,956.752357575,608.5372595289,164.0010873667,1394.0074796722,332.8448561174,118.6620866163,121.6494629197,253.8903220525,164.2867221614,211.0134506543,1195.3657563293,461.0570303327
Sde-AMat_076 ,Matnog,Historical,AMat,105.84196163379629,124.53061057366575,133.96724358827424,93.93418004379447,87.28785446927883,131.16426195332323,178.88559081206066,179.08363744655733,103.10703397659155,113.48658920669877,327.48231844728656,259.55656399353495,1318.6543530604715,444.93346635003763,456.65186984648386,562.0057027070545,736.1621639852187,661.2332353110891,295.15401527143416,238.9043901369123,668.7854967290259,185.01841111246196,814.6328675423366,598.6089926215943,490.8708195736329,760.7505177536457,483.31249611525664,122.38874307406694,1109.2863655755355,232.58544793421635,80.25846487841642,122.44237192753162,215.49945716070854,142.5371413246386,163.6295288007638,948.861310552496,369.9329595584719,129.3117656343,155.4082798498,154.82034303,112.1925991347,110.4746358544,165.0664181537,220.4819406805,218.8790298653,130.5505146728,133.058481829,396.0378996078,316.5206899266,1696.442805833,569.750876712,594.5492509985,719.1174975215,935.193822017,842.399466103,367.9595007412,295.1985384004,856.4416908029,233.6756846299,1040.2282842813,765.0552678968,633.5755143169,973.2490370179,630.52344922299994,148.9911361615,1429.5626656336,293.1321632541,99.3173500805,152.5801913378,275.9874615684,178.2976850997,207.2649112877,1223.2095432441,473.5540752845
Sde-CMat_097 ,Matnog,Contemporary,CMat,125.98365298009894,159.58293944607613,151.06011127895417,103.73531107973794,125.38881478768349,178.07701816172127,228.9415395285006,252.20917104350113,135.77371194163473,159.8541889161807,389.123803162464,338.0660490930433,1693.2026792705708,557.270553792267,583.6369129685424,754.571018759593,920.100128364609,872.7638971068866,451.98747190647885,350.70128126924493,860.086153486527,228.28687035929147,1021.5875046296767,780.3037863724874,645.5891578352986,1013.4718567216162,536.9101782931293,168.440178527126,1401.550986509053,350.8847057814858,118.15157227713905,137.8075206867898,283.6086473336802,179.42572037575883,221.6088124971793,1199.2405198185058,493.96216193040516,125.3597524308,158.7091244757,150.5193659058,103.2795762473,124.6587477032,177.0650937371,227.758135731,250.9577645134,134.981780959,159.2249840751,387.2947139575,336.4074207387,1682.6621537506,553.8652341182,579.8317247428,749.9742127313,914.6583690282,867.540930709,449.5240231249,348.8667458267,854.8293891803,226.9694777782,1015.4157678617,775.5727741514,641.5181328049,1007.3022911468,533.3831327586,167.6209590768,1392.7663278242,348.8781008061,117.5291941601,137.0578804696,281.8747400729,178.432869434,220.3140431699,1191.7144777566,490.9477192462
Sde-AMat_054 ,Matnog,Historical,AMat,122.79559372717733,147.58902318112956,159.42989913124828,87.25932594754558,107.30146031946623,186.00652179109204,211.45886598603514,239.59413761045994,130.96012391296824,159.6666384338632,374.0571422588399,305.17134663439487,1427.5139727454757,464.33685382916786,501.8268642933337,607.4097005379155,839.9275380743807,736.5052073395409,339.00929733712326,275.8528990208549,715.3269478160038,225.75654388079218,854.5254336760493,624.7974265646507,503.19276098087886,789.5991171205109,491.46096043662493,145.34541437640897,1192.9026929509382,240.47308398147194,83.04001460139568,139.27750024235772,231.98744417972267,147.02727993797603,177.51384041431803,1026.5252919023965,401.0038864684606,137.9363420382,167.842281101,173.3983994852,96.7376296076,123.0270185457,212.5649592414,238.7470713282,269.196674714,150.1894175552,175.1171622026,417.6969658879,342.4280958459,1652.3300827435,536.016143667,584.9057649653,700.8650398307,965.1099845586,847.6722020087,385.30051363,311.9061222903,825.7745755008,258.5275390189,984.8261829677,720.437122478,583.5484176711,910.9916351577,573.4908010189,162.926191662,1382.1577362084,275.0427516372,93.9740085652,158.2565148184,267.8182114576,167.431502895,203.6260705321,1189.6047982429,462.8178068824
Sde-CMat_136 ,Matnog,Contemporary,CMat,97.75670218414696,116.08535172673595,131.78855292645866,91.51134949261755,105.99425861587982,147.05165801190412,179.44645824384503,238.87187706393988,115.32138649378963,137.40802785638107,292.0528823087353,264.90670673446533,1292.437740091278,396.1588807524703,447.03152500757705,534.2628257975376,700.2502775507197,637.8268476125006,340.2798166042765,263.2105947758182,669.1115944055147,192.96518534429993,814.642671968692,591.9293809812197,490.3916550264797,777.9838251595016,419.03007672959455,139.50155683719098,1080.7193999446527,296.6674901016962,109.51307900776061,96.64137224791462,222.530398594529,145.45412849761263,153.66272551598186,944.8492669537984,348.0956605212997,120.0859213422,145.7442819509,152.9028968913,109.8280637799,135.0123036731,186.2208606365,222.4343015784,293.5507757433,146.9560033773,161.8039873989,355.0220056744,324.7928067148,1674.1454799327,510.7163381538,586.2155292982,688.217198043,895.3806622411,817.9487282978,426.7675939932,327.1088942046,862.6418177668,245.2646916754,1047.179296056,761.5826533599,637.3650568613,1001.9859211989,550.628470863,170.7343660261,1402.3880891906,376.2559967915,136.3065410462,121.1513896301,286.915751652,183.0574921316,195.8955391735,1226.4791394157,448.6024984282
Sde-AMat_053 ,Matnog,Historical,AMat,111.27735864388589,135.7438997917033,136.74285134031686,95.93306535913464,114.80097594589516,154.07283369692396,203.1345043937637,236.74058222757245,131.38148164962212,131.31793074984088,332.22506219051263,303.6427355499387,1465.6913475619383,478.9147010145543,520.8617801267914,624.1077885737767,809.1992096042234,720.1291767650093,365.6599756370528,305.0852718693743,702.5838748073002,211.9396974565171,915.3316355034441,629.4914740482275,509.2144529589081,859.9766379629159,460.97306216959134,151.91187373964556,1193.6140804246613,325.0582207476223,108.53960231012437,110.3971530721694,263.64636598536697,153.46189824239764,154.6336670330559,1059.894975171078,405.8166504998164,124.1744811303,153.2473833793,148.0152804376,105.7319504779,130.6063287767,174.7409575915,227.7715610019,264.2349690947,149.5037875962,143.2710028176,368.6647530971,338.489256586,1682.4743634657,548.3514279733,601.8282367735,714.2977585031,922.4881015219,822.22768831609994,412.5775359231,342.5588443236,804.4711983816,240.8422000282,1046.4284204331,719.9967397759,585.579366346,984.1560217475,533.2149551941,169.1852263535,1371.4539206848,368.9597394674,121.9705264099,124.5330952074,301.8921027349,173.4728852703,176.0018627584,1218.0244596737,464.5710751402
Sde-CMat_143 ,Matnog,Contemporary,CMat,128.15073445852744,142.94969636949213,153.7176714651246,95.67363390370406,120.13386187357838,161.55776397873925,220.85991900544107,224.27952439215218,135.0633715744206,144.07366199222537,377.45887022016046,298.71724624576,1504.689591205183,462.1170612448863,478.53581464426475,639.8449124933402,803.8130833049,755.7521092900371,421.53215267758634,342.78846647267756,812.107667761295,210.94037869097033,931.793575783011,723.7870503958261,615.7600468989199,900.4758165686627,528.3966085737966,138.58751483813393,1259.3210702846038,307.8061107302614,111.52209851863428,119.99439922163019,247.65279502079102,163.7762590638826,198.55948091229493,1096.394515802601,408.4457898191632,139.9798705962,157.6127510659,163.8406349974,103.4663314721,133.2807454143,178.7898623111,242.1833660083,245.0237680514,149.8716847548,154.5417722866,410.450354677,326.0225731012,1681.4294235758,515.340137583,537.5712795975,713.297758001,893.2457000577,840.8911679401,464.5600822032,376.3008359838,905.6592889137,233.8085826548,1037.820967937,806.4590333509,689.0813806542,1003.7696658797,594.1080532986,151.1403248197,1408.3136495619,340.8579518581,122.5050258637,132.2180189513,276.1904588283,180.7625886234,220.3683675134,1226.283468578,455.4211369575
Sde-AMat_070 ,Matnog,Historical,AMat,106.69288369900775,109.54875132487821,126.57126493280371,119.53786414094913,118.40103198916809,164.77626644732544,186.991604946666,235.66941420653214,111.72805972060017,145.01435775570636,314.4295933566845,297.3904778572441,1346.213283991244,420.0924855181891,511.44435990974614,528.7271570268072,848.7132454569152,642.8018755098727,343.84740331164346,322.7361386550939,653.3590523364317,308.7301356041551,859.9857674951662,488.82309574107694,373.88517267102213,687.0963789129224,450.5491910360509,149.192981397417,1137.0968890061258,272.78015297568857,90.78195785402535,111.47355786234696,232.2215019175443,136.9980310645376,147.0236062060783,957.9842519036782,388.49781572739886,126.3343812729,132.05983693620001,143.0029408529,138.8640470922,144.4356821217,200.0476500015,223.0637922082,279.1458291898,136.3434968725,165.8478140471,369.1227464673,351.5844792644,1665.0328144752,517.5483870905,638.9837964827,650.9663934806,1038.5951128683,788.5053462782,414.1447680361,385.8124589127,804.9625909241,375.9500104505,1056.9763838144,601.2412182771,463.7113226651,845.82263071,563.8560175251,176.1234939096,1408.4461721821,331.5809878768,108.660503922,134.215380593,286.1234132343,165.477106555,179.4757961332,1186.9108231008,478.4908733571
Sde-CMat_140 ,Matnog,Contemporary,CMat,102.6432272579151,128.51505625042535,137.26531785014018,81.99350652265093,91.88050488678212,160.89554951862408,175.47279725507312,219.08225881385286,113.54892090376728,142.10859325811373,315.3723958066876,261.73858903136545,1261.9805186440637,433.62757662401964,467.89527074148765,525.3474001359197,736.3322324351216,642.7382123719501,305.0533453723955,262.4635361054941,627.3699091644419,169.91687793003373,789.4418350477507,578.2415341416508,469.1442243752874,727.2759527399212,444.1418079781389,134.84579552214444,1062.3337889049985,242.42357680079311,84.76234996836756,117.1400010674833,210.59964259836707,128.33918454630293,148.663587454225,936.4284646671363,325.55359888935334,127.5279626993,163.3879805281,160.5682519581,99.4007685378,118.6076478186,206.424392476,220.1012938746,272.3105814242,146.645618314,168.8548582599,387.5215729016,324.5374847201,1658.1999183531,566.9092413088,622.8204827094,686.2536882794,954.3733961948,835.6367027136,387.3982996701,330.1154120305,820.2441011189,218.8463563299,1028.9422313543,754.3885538311,618.6326987906,949.8465123642,592.4879585739,166.8861869793,1398.4904836816,311.5179315722,106.7819985362,148.6917010872,275.3670555831,163.580114952,192.0786419755,1233.171134696,425.4649037061
Sde-AMat_078 ,Matnog,Historical,AMat,116.85687115172135,128.52744100514096,153.36437272851217,79.51043203114921,100.69143352683983,161.27362519175296,199.1673233777569,188.39258560285754,115.78472262582831,131.13278448389636,353.41926503098273,271.9492616335996,1349.1755484476769,412.2247725564901,452.8966895361899,553.8300346963949,723.9178225920466,674.4535901405967,277.9935987697558,217.2472483591219,651.8360303141887,172.2892518089563,839.6377000853463,624.6446447074048,487.2773943164305,815.6250297774341,459.47628907920813,152.22796094676553,1095.283851680997,244.64695045105313,89.3631714130604,101.56374576240287,215.3833751659817,117.62263973015567,138.8470462706715,976.1287743790007,373.3018627456337,138.7646849044,155.4279230954,173.6317012381,92.5991328614,123.2447441354,196.4372787836,238.2966931732,223.7858985863,141.7695271283,150.3121149995,416.0189450783,322.4167384364,1674.6935906029,509.6468728667,567.9662589496,684.2707482444,888.9032581366,830.1892444829,335.880447278,260.4902344037,805.9195246931,210.5005215345,1035.5659506108,770.987458756,606.5462968538,1007.5708710802,577.2094682864,180.2103349576,1361.564239519,298.3647451552,107.2873279888,122.6676366667,266.3134706341,142.5275737288,170.06596102,1213.7730160477,461.3945101589
Sde-CMat_110 ,Matnog,Contemporary,CMat,146.44331567599798,152.4175110117273,155.07007514027325,103.8371793571551,136.9257432683861,180.93670658492712,240.22054840204655,257.2315527582299,153.29344761763303,163.25594772264802,381.4470351035514,331.3409633538389,1674.159056372318,536.7146349097254,588.3685579726791,744.8575926606375,947.3345342520562,865.53681926804245,475.9464673458141,387.33263702631615,855.3633550560196,268.29852664418434,1018.3669709958391,740.0360177087937,607.8910911684837,951.2872230917642,543.4021531566561,168.7251228470735,1407.9250445417895,337.8315187090305,124.968075996272,125.92396817667397,254.4090137637421,173.72758343133086,215.0260112753803,1221.2034793338128,452.95970875833984,145.8762397893,151.7648866752,154.6360887114,103.4804964151,136.3022942049,180.1326768355,239.2495929788,256.2335478158,152.5942376288,162.7535367192,380.0450616,330.0698305592,1666.0086150916,534.1497914528,585.3685115325,741.3090171917,942.9530234632,861.4861608525,473.9179934709,385.7482671435,851.2749597546,267.0877556589,1013.5557151138,736.5271533884,604.8932524905,946.7584653906,540.610391963,168.0834693738,1401.023780478,336.3207270828,124.4533224278,125.3883170402,253.1926466528,172.9758458408,214.0435640418,1215.2099604943,450.7979950975
Sde-AMat_049 ,Matnog,Historical,AMat,123.17520985494603,131.43668410900364,135.3968930885048,96.53484485060305,123.8723699717172,168.33208269922872,205.7942093649139,250.80929365820958,133.67086795887877,143.51325970017547,331.7713532977945,304.1257874630824,1536.7501091642355,478.266843662573,535.5453197758151,621.6099269963119,854.2536201722412,735.4613717075425,376.99377102679034,309.26915244045915,742.8540111549778,248.91100650843055,967.3146326660009,653.3107954909364,516.1220547740235,887.4245357484547,482.9631194830926,180.14920358069864,1239.3070279943142,331.5886155249604,114.93175789850258,114.29796644599577,269.67423116124746,150.46017777554962,168.0977066366166,1109.0989222481464,427.65134658959056,132.8794410557,142.935914696,143.0206181156,103.2506710219,135.4294155872,183.6419470733,222.7476366476,270.6086980892,146.1652260235,152.4247713994,356.5295198761,327.8543866763,1690.5576549236,525.2097548749,591.8201780239,682.4254230973,935.2733339762,806.0821784388,409.8168410669,335.0658697905,815.7816710598,271.9180414525,1061.1263782705,716.9091923547,568.4835876124,974.1803793968,534.117937933,194.0777230557,1364.2379021087,361.9479110337,124.5883862723,124.2293227839,296.1570796403,163.7692710037,183.8378342861,1221.0514443199,469.5675367747
Sde-CMat_146 ,Matnog,Contemporary,CMat,115.93643047243607,131.55494349970277,140.5068552443261,86.79510051846245,129.31529411763324,150.81665254586437,219.22885645765254,240.48969897939497,124.76600934248877,150.75062106820658,327.3584712272618,293.6205897165251,1411.35090064953,453.19658252702,495.1493426455598,569.244694846443,768.2137220728683,667.0362348374485,379.1539118723293,314.6535863617162,707.4590546038689,206.89610782167958,893.9373695246275,629.9720007952733,513.2246840536412,827.5004569794268,477.09282394172527,147.07097141842775,1164.4443605358438,293.8911131578498,99.82125187053117,110.0345010180442,238.60403160049478,140.1069745340681,165.93885175717585,1030.0405378029984,381.32681925121653,132.6779941456,152.7193804821,154.8857817772,97.8244594192,151.5487273197,176.0723702567,252.3757852203,275.2888701126,146.25844268,167.8011394829,372.0644762682,335.5984251555,1672.3175050357,535.3170409967,591.4502243195,672.048555347,902.5578999349,785.1892821064,439.8470400713,362.8426759251,835.6798132918,242.1261723743,1053.9202300526,743.1555598368,609.4661194327,976.8272585881,570.6518386865,167.9014710665,1381.3649639244,343.4455236063,115.2238922242,127.6116966106,281.8630047973,162.9046299699,194.5762361892,1222.1861412924,450.3241439208
Sde-AMat_066 ,Matnog,Historical,AMat,108.95029248813422,118.0721714616954,131.883168039936,84.24627945761162,89.65977537586186,142.52316807943893,192.50410699681188,183.70122805523107,109.69529523347843,125.57947762472979,332.39997927885014,252.60632309255442,1282.5239571186187,384.3084936027955,416.8945659075565,546.4610354678273,708.0766955525793,649.2702462078561,319.6339199074467,258.3772140771125,666.6361821875558,202.08709291651965,807.2307370571874,610.4617702138357,483.16859451774184,768.9051661800953,434.8247481606814,157.76647688644124,1066.4396525388813,244.9430072741208,96.30525774333402,107.6301361055072,196.9840859035318,135.17565523806422,170.50581102636943,907.0979417522675,375.43490058863733,135.1102149701,149.8000295153,154.0633287323,101.9618974732,115.4856279012,182.4595234312,240.9914707743,227.9042649887,141.3557088024,148.9924213262,407.7175390142,312.6321095069,1681.2184553359,501.2679864024,553.5619087566,712.1865194522,915.6945031961,842.2152511334,405.0766602812,324.3319047179,869.5638142808,259.7113215635,1049.7197169975,794.5943989728,635.6035010982,1001.8994840277,578.6150131522,194.8933430698,1400.5615087398,314.0735391662,121.0814607881,136.3388324918,256.9675811623,171.9326723187,219.8119479417,1191.7056754695,489.5201463878
Sde-CMat_108 ,Matnog,Contemporary,CMat,129.41513669169458,130.97323373380533,151.07620052149176,98.04744817367761,130.66830308261447,187.72855452237414,227.3971899082748,243.65106736456136,133.51781100317663,148.86087339677277,363.7153046361673,312.48477187939886,1583.604923416207,500.1626035162666,559.7140787384307,657.6932369779774,876.8072547841402,793.3807747187034,415.7536068950454,339.39787651163937,801.0608088035513,225.30563888791147,978.08706539416,714.2056087410405,591.9044701222401,930.5087781190944,525.2842541322174,154.58981262622086,1319.7595419086804,330.24669488412735,111.32432335859929,129.15471535426025,276.24288765425246,164.740959235674,203.9255842375105,1123.4291752663225,460.1766980428716,135.3815511163,137.6674895988,156.0757635276,102.0460871656,137.782569266,197.6967385685,238.3518964576,254.9062919981,140.8004635356,154.2874832475,379.6109692349,326.7540397225,1675.9789989265,528.784521455,593.959618182,695.2107026869,925.321374104,837.814983815,436.9023075109,355.9495758037,846.9109212709,237.4604339808,1033.4030962105,754.7474527407,626.8932146155,983.5492864841,557.6747738553,161.5860782607,1397.286971294,347.8973857845,116.7923500719,135.7115990687,292.0590069069,173.2526530973,215.0679578688,1189.5088791279,486.4742690741
Sde-AMat_062 ,Matnog,Historical,AMat,120.1177710426313,133.05959024685146,137.57586638378842,96.70381039493739,110.73731232123167,171.80148497449025,187.74402688581068,264.75262892498347,120.88567413539951,158.35216358979756,335.38863681885533,298.93490868102043,1391.1897865350293,432.04465679632,490.73044945265,555.7376870622056,790.8387309438632,663.7264828672198,359.33432517642956,322.0822800875733,690.4339668980373,220.76536619091783,902.59881342648,612.174552614767,491.49178045950066,814.005480375384,479.6203171557268,154.6780815372366,1152.6669912136808,286.1482465279315,103.58660865908284,104.00640916409922,222.8016062500672,142.3606015835842,152.92675749050582,1007.7209196192863,383.4699840311363,137.8334688405,154.9264040231,151.9498636141,109.2526806779,130.1879374269,201.1917054355,216.7383810934,303.8807313946,142.1596357745,176.6395812294,382.1658611127,342.5844199517,1654.0165431003,512.0303512074,588.2534949473,658.2785285116,932.1312371706,783.8388718775,418.0912844388,372.4662390114,818.2832429127,259.1686682782,1067.6320405016,724.5445455899,585.6621308118,964.0820508284,575.7276927534,177.0532054906,1372.0608761364,335.4380366572,119.9129824288,120.9777490921,264.0717580591,166.0234606051,179.8888882257,1199.7893528531,454.3598574929
Sde-CMat_133 ,Matnog,Contemporary,CMat,134.1374790300235,127.4995286165404,156.48202413124005,102.24842154581167,140.39796389691696,186.09399920924372,219.6615612256273,285.17719299340894,137.94088043361188,159.61243132049583,356.2029929316709,312.2286791455903,1671.8459249857983,520.4074484513552,606.392690225748,653.6643085396203,937.2121185615666,781.7134976850854,424.94306756775075,374.87838109030764,742.6069751739475,271.12306638233497,1071.9476256576347,705.6161646972098,497.2037934315867,942.4033756468673,500.0949814490143,253.6780094646755,1304.3087897255082,342.52035758011544,117.93656820664245,128.15101937339386,274.99268098458543,174.66811379688056,162.03328097647102,1208.5925804169947,463.35559449521065,134.4260415649,127.8029134395,156.7251142933,102.4434761439,140.7532886752,186.5536092673,220.1548699781,285.7918657276,138.2906069577,159.8851443873,356.9301942001,312.8940971891,1676.3711094568,521.7900154741,608.1120480137,655.3955428723,939.6216444162,783.7471628515,425.9495175836,375.7304111863,744.5802466789,271.8031233661,1074.7629898116,707.4760872462,498.5671013351,944.8975302908,501.5237315944,254.2139274154,1307.8634366183,343.3717153528,118.2064978094,128.453949917,275.7236170224,175.0881467207,162.4447874031,1211.8905206801,464.584946099
Sde-AMat_073 ,Matnog,Historical,AMat,113.03504850744304,112.16292287560981,140.65998491372733,84.24101533012295,97.42293749035699,139.71506859179513,186.14920564332257,220.47574388798418,116.50592695468332,135.34437546366672,300.8527721776384,255.2040441273806,1339.0227813961533,424.78469479731723,467.24006748459624,534.7596494142766,740.6813289296078,634.054637711081,295.88535764179005,247.4631709972213,646.9206656951377,207.14029501960744,857.8580146306265,584.0246343975912,456.848088814444,776.4224147369782,443.83326074936076,162.4954991687154,1084.4505825856015,288.44706803301017,97.41500351711753,94.51012181242804,230.71634302320228,129.23542865654136,151.1826292712229,973.2263338538368,365.82533237528816,135.0907124524,136.6046856192,159.9884948732,98.668542358,120.1478612421,171.4366730276,224.2183395569,263.5862679084,143.7356208701,155.9327970392,356.3055227273,304.4941499537,1675.5652220531,529.3536675246,590.930518226,665.9494856196,916.4894431251,786.5424119774,360.0328921846,298.7395778277,806.2074417846,254.981898938,1066.3599641103,726.5413140949,573.339129702,966.7447666539,562.3297245879,193.5816696791,1359.1011228399,354.4003868927,117.7555486178,114.9562169986,287.5430075638,157.7267415627,186.5833882257,1220.0544406111,455.7463882521
Sde-CMat_119 ,Matnog,Contemporary,CMat,116.35398349197159,143.89010823937832,145.2804223532544,91.75364322466984,87.33106528011669,171.3748033099674,176.53754639039252,226.9266630420057,123.18460526039769,161.1680114485502,350.0668866813455,266.7892809776472,1407.113966090537,454.6953933370889,483.8916284088102,624.098103137159,787.3512774127696,750.2022159877762,403.63605411336835,329.9867388036222,738.5516670637809,188.99803637434974,886.7878852098962,670.6145489420059,558.9596562691174,854.8576083898943,490.12172470524104,138.3812239937196,1190.31180081088,283.1737364014537,104.63632422844358,119.55115908162495,218.69161100654972,164.14623325181722,180.31001640019895,1025.8635919394742,381.3556484917461,132.156105592,165.6525259715,159.2784094623,102.7242133236,101.4428307813,198.3498425214,201.6370824795,257.8091815186,143.1279549509,178.3259465381,395.0384821576,302.6629566401,1651.5664675592,532.1131559387,572.2920268992,730.005227445,916.7497755885,875.076580777,464.3794962458,377.5064790699,864.3262313146,219.2457369995,1035.9181149593,783.830352254,657.4337628448,999.8104449057,580.3996229596,156.8160312669,1398.637654119,328.0525044633,119.8174329988,137.5052578313,255.9466326405,189.254566948,209.5551794752,1205.6526959132,446.1926989055
Sde-AMat_090 ,Matnog,Historical,AMat,113.66620899502192,125.90665742783422,136.7773465354918,82.09557546871815,102.74764668536214,135.16485232341282,244.6512408307998,189.19659012387092,112.15441378171434,129.13860607161598,331.0653447854971,252.12067054355148,1236.4396277951666,435.631116571957,485.48382873839364,682.4858809827865,735.9157206446945,774.051215060425,397.8241493740169,268.47562145572925,615.2836616088632,200.38952288320866,579.7698219476845,517.0353996801766,426.86115286033004,624.1208669567858,283.342961831929,114.92961976048632,1071.0317223656823,213.43809915385305,73.98916439459218,122.34200953490996,197.80811118859623,151.43541764465144,174.55388246945412,899.104702840965,337.34962015910145,142.7693009919,162.0108932414,161.2606874764,100.490145968,134.3454050749,175.5934618785,310.381678053,237.7431890623,146.7148017364,154.7766906455,411.0298615417,316.0020211004,1647.0421121858,577.2359453522,655.5697698133,903.5488222612,966.3228240297,1019.6940329246,511.3028401488,341.5835309887,815.3306863128,261.3905884817,765.7690290038,683.5939876903,570.7396320912,826.1112724868,383.4842650349,143.766737596,1429.5167344187,277.742532436,94.2960369298,157.1636869804,262.1435475333,195.3815491842,228.4467116066,1200.4800211077,446.8394441698
Sde-CMat_106 ,Matnog,Contemporary,CMat,126.124155688948,133.17192226520575,171.82582928448218,89.57819161224452,103.68092165451657,163.90235121492316,221.11883703667124,236.2450621156345,129.002298108212,157.08325797799077,373.37955155849124,293.8357994394318,1436.8113400941718,479.4984598896329,502.2305470822139,615.1325538990194,842.6802767992141,724.9301076854307,370.8164903492833,326.5755723064571,709.5403068360529,229.95046903776912,905.2917593672439,589.6089002133194,502.87832280591493,809.0789107094623,481.7394137734216,122.15099626450049,1179.807515628079,326.06746520045516,107.27541942313724,121.03801724668992,279.7420739739555,156.9412339476149,194.19484205601344,1017.3493309110789,419.54915182801886,140.540348333,150.1055054463,185.7977715819,98.6024881394,117.756514907,185.5833164482,247.5662367671,263.3033138732,146.5485886441,171.1864624122,413.7697082084,327.0918392679,1646.3504918755,548.0486315309,579.2054245651,702.7839515336,959.0119314744,826.2754333528,417.7357039302,366.1336889688,810.9989911491,260.8726472883,1033.1406509058,673.1964175322,577.2373044647,924.2770626744,556.1758758432,135.8488968859,1353.1305072582,369.4926747283,120.3661399195,136.321525801,319.7558088551,177.1217950332,220.6560341845,1167.0071797867,479.4432950432
Sde-AMat_061 ,Matnog,Historical,AMat,123.86338651340837,139.1187368448981,147.54239952993177,96.15590143106137,124.39367407525192,173.38813924467266,243.14904502516555,229.58991135295994,123.90723351774102,169.9435974758979,373.301441097138,332.75415878159964,1351.1332688957702,410.77062253586246,447.0574759833236,532.0032913266703,771.1595359831844,639.3426399301082,338.335116524268,282.7367932016631,717.8650973189948,233.889849872734,882.7731843667203,624.8874756090091,496.20560211271277,792.181122845552,509.3691307848954,153.44725738259396,1147.6482919370071,242.78997597314415,105.06233927645039,112.4182737512456,196.8915849136524,139.07583590433674,182.06694296120853,952.7659154161898,398.40303120879986,144.3339833923,164.7596450965,164.777861505,110.1253274975,148.9121725762,206.6656885387,285.242079509,267.6127581,148.3772100193,191.8996093292,431.6196519749,387.1956741837,1637.766119458,496.1485257398,546.8697653815,642.2055049108,925.7907459715,769.211261149,400.3788714844,332.3208673554,867.1040680943,279.5427184928,1063.9649459741,753.6546450832,602.9787728867,956.1479073067,624.0480879827,178.3169005178,1392.9523078581,289.71219009,123.6272817856,132.9902424905,237.8373977883,165.0044188983,218.0893094068,1156.6966858367,481.0890448266
Sde-CMat_104 ,Matnog,Contemporary,CMat,122.60114507532136,139.63385416971778,156.34915865808165,92.01391444868541,107.65179398356536,172.95546431347577,219.70389421368935,224.68077666881075,129.41515379467737,150.55155497974772,363.2760535021541,300.3375750574677,1464.999743028131,485.0166438227044,510.404123081358,629.6571028282378,835.9221615790611,746.88324190623,397.6153014440088,333.2709521564248,755.002433669826,213.19155132546877,919.5898748510068,687.3227083582792,557.1496281303973,854.2713753078938,507.0191533239055,170.805778504827,1228.0969990492,276.18939190845117,106.9623124015651,123.19118735627974,216.18868072949624,151.53759212367072,204.77696580953625,1052.4057104923936,412.59564389616384,135.6074226192,156.1062423324,168.1613269091,100.6210474421,121.2068525255,194.1775164275,244.0891963927,248.5647117429,145.7412284236,163.1066504386,399.7558669105,331.8874153231,1663.0970319139,549.3138979638,582.9203733989,712.8555209521,942.946371363,843.7149602732,444.2912324492,370.7304198747,855.1117638548,239.7826044057,1040.0215144665,777.6811500856,633.5315296011,967.0619487688,579.6391738538,188.5842975106,1395.3749684104,310.3078074823,119.0737027322,137.6230592994,244.8633012873,169.6146036523,230.6566070644,1195.9450609711,467.2145961369
Sde-AMat_077 ,Matnog,Historical,AMat,116.53976574199899,114.530163266495,136.95211824203375,96.61705588973408,92.0020015043695,157.8654858677476,209.6907541292653,195.55535541145377,119.85645934671192,119.88282109401662,348.01793881495536,288.8682653893467,1236.5869961477883,564.4604090090376,619.7008230987594,546.0734044225646,909.1074677467457,648.6526878757614,238.96990372128448,321.14201489903195,469.16485232659966,219.41909969665375,744.3654802946265,377.9439161833404,287.0195764393258,511.08774266143365,420.39126855423643,127.55800340319678,1061.9400718320408,216.6868546588833,81.61797617780032,114.81069282436192,188.24606780543928,131.43871916634762,163.66519081649585,888.0157982327344,349.2703046172262,146.6931024248,147.722373698,161.7172613102,118.4906760652,120.5992392705,205.5898622229,266.6250438544,246.2625598139,157.1872478934,143.9285279111,432.958122995,362.8312246934,1651.6913779009,749.9266206188,839.1784559266,724.8635197239,1196.8041738084,856.7208835938,307.8621936027,409.518858388,623.3542284341,286.9300074709,985.748485499,501.0108360441,384.8137699393,678.2842711977,570.5927363635,159.9003910236,1421.2399545381,282.6700424482,104.2564070313,147.8369668854,250.1337937743,169.9891529002,214.7394747181,1188.9054951469,463.8549697145
Sde-CMat_111 ,Matnog,Contemporary,CMat,122.9770129674648,119.51612392112624,138.569154796044,88.94843721465827,96.61958150877075,153.5574499090812,190.90793780136542,208.29906112080772,123.40570895371901,122.41327247851842,336.2039572661958,270.52058963668554,1365.513653280032,428.28825375683607,454.273397674352,580.6788905240572,764.0695150813701,691.3483094768729,354.82444828045607,285.1266793834804,726.6120433852511,211.90235781269647,853.7939789163952,634.9185060950421,530.3792718316676,806.5981193468281,479.53069195541593,134.75472274844392,1152.1821490633372,274.80533790659894,99.55527417113572,121.77164305490025,228.50416045717867,152.95227981681086,185.35103466331125,983.3437001039767,382.1876812412457,144.6631660168,143.0327511273,155.8175031151,102.7290354167,116.957871949,185.0273074866,226.1797416745,245.1080884694,149.4330865523,139.2712689814,392.2323752904,317.744063287,1675.0102788897,523.3845459632,562.6663441488,709.1735362963,927.7059976511,841.3488489916,424.2875430369,338.4959142149,887.9824300034,256.0719496618,1040.9884275083,774.678057796,652.3217323633,984.9425877479,594.9165468932,158.0563714442,1415.3107160054,331.5181023592,118.3320108321,145.5603088625,279.2685426566,183.3968116951,224.5160934793,1208.2265794066,466.9228720679
Sde-AMat_081 ,Matnog,Historical,AMat,116.72474852767942,114.1465579481484,133.2432503332533,92.36581069562484,105.62605103159923,136.44958962404394,190.85113208409325,231.45002119690986,121.17275369405452,135.766160391314,312.562607073111,286.1711232511065,1316.5452450008772,456.53269030326834,481.5331951735934,546.2777659042878,757.8318892707802,632.4652526778447,304.96220782523193,253.68203235666897,669.8600214774427,210.34216473234756,832.237979741516,582.5874544589851,468.4302196389661,744.3947176771809,485.32541141304375,134.20266157796573,1124.5986886286548,238.48263047628845,86.7767758908454,111.93032323946004,210.88089795012235,124.66988573685308,162.3425064465866,942.8204051875257,373.7250264853692,140.5440801343,140.1714009346,152.3708185426,108.9023865997,131.4115728572,168.8685203639,231.6775805026,278.7806899173,150.8119895934,157.3477348081,372.8016935449,343.972959506,1662.9574477346,574.1770167533,615.0180652541,686.5635276965,946.0998248107,791.6735284023,374.1350693721,308.6681925581,842.5146807614,261.1830387199,1043.9682290589,731.4015196133,593.4848124665,935.4029020182,621.0147711585,161.0509023045,1422.7857754761,295.5456212759,105.731160064,137.2646499388,265.2531396934,153.427627557,202.1269856319,1193.1620370879,469.8867107779
Sde-CMat_099 ,Matnog,Contemporary,CMat,123.65343677108206,141.81676469825422,148.50193164255475,103.37089795430823,124.44011245868431,178.31437804265812,214.05019626800166,254.18839618379516,132.94972115461545,151.8830879072782,354.38204034047783,315.6308567796406,1594.0965426561588,484.01531085581377,544.8304708039741,666.2881228647932,885.886787075922,789.1233507117945,406.8386054980033,324.43170527229614,799.3432627833989,261.46412020583256,986.0010972149068,695.2155691914631,557.4127411240614,913.919568014434,517.4368101268502,168.86359509382135,1314.5100081553771,334.44547320416814,118.84298292806368,114.44688715404187,262.3096016307635,174.18439881542201,186.49915686321484,1141.477135022581,452.6343609927995,128.7159283699,148.2519577056,152.8690983717,107.1156849071,130.4540347742,186.7194335327,223.206353474,264.6156332632,139.3865668317,156.8024737268,368.1374675503,328.4303335061,1676.6178788712,508.5974884172,574.4093844323,700.0207435428,929.3938199929,828.3501059906,425.2120114164,338.4800456031,839.9484681573,273.9850525226,1035.4936662736,730.2410436142,586.6531951996,960.154906885,545.7476629077,175.6504847056,1383.0372727614,350.3129933223,124.0259004269,119.6052675829,275.638555986,182.1740002377,195.5443110168,1201.0607419497,475.5913047786
Sde-CMat_112 ,Matnog,Contemporary,CMat,113.48725981307328,114.7717283087608,137.98901430396558,88.05461520130558,103.50853942404947,141.34959414847995,192.8277789043114,235.52616426749708,118.53908259008927,138.23864636754078,317.18802342062037,273.6049129177508,1339.023315715309,438.4426243076738,467.2231672893051,553.3327970880906,743.3023981499454,642.5103435371993,358.39922843009856,293.3594648919479,700.0484002061929,207.08525162357637,854.3829619646215,614.3614120360184,503.6931848171565,786.921389439409,479.95781409207217,149.89048637268476,1131.1650493381148,244.95801002955574,91.57105310899274,105.11786592530295,202.10885458544345,120.0456523702545,185.53965551288502,951.1455794963302,387.8881906970231,135.4572894534,139.5838151089,156.8051364809,103.0180128872,127.4605331796,173.1871101207,231.9519334675,281.2178936952,146.0230835335,159.105123804,375.1946202132,326.0343697753,1672.864503517,545.509121125,589.9112745312,687.9919729573,918.3240497876,795.7965068328,435.4842945973,353.6663583955,871.0355748249,254.5332288128,1060.3787453673,763.0810054828,631.096812433,978.2726497824,607.0642699095,178.3404536999,1415.3453617547,300.5219077086,110.5404094736,127.6787393804,251.4905285272,146.3010738918,228.6389818959,1190.4356046683,482.4686710974
Sde-AMat_060 ,Matnog,Historical,AMat,122.91709484644515,137.39783434745254,154.85411314114322,85.7048456032679,114.28592840070036,175.98016425296345,200.69771762010652,227.6972986754564,130.29313368938514,158.5342623442958,353.30438625673753,292.7298100787311,1481.9624831915044,489.7906030373388,531.8151458961752,618.4083809623944,858.5847749359466,744.2087350013098,361.1427592842061,305.64587356749973,717.4519360305608,226.83630843630388,917.319179929516,627.1195518735564,502.60428419384766,829.081673570487,508.63666676165803,150.86913555847016,1221.596354323297,273.4193433844978,92.9121321049624,116.82511840015417,236.15102797838935,138.0088934364739,184.82659328205455,1045.9992940219797,436.0155604577089,135.3189263136,152.8094723221,165.9884271788,93.3316840406,127.9664140797,196.5095281021,221.8814040254,250.7175919707,145.9190174505,171.1145078172,387.0512649811,321.9766747706,1672.4296533985,551.5087443243,603.6210631005,696.0790373967,963.0828398202,835.9265045137,401.4531786736,338.3150454172,807.8762795241,253.7341756601,1031.5145350134,705.486918268,568.093432334,933.1325776451,577.8687446418,165.8048980418,1379.7453926661,305.5309481457,102.9163528325,129.8384953343,265.9238858112,153.66212414540001,207.0323666004,1181.5963395117,490.8797631085
Sde-CMat_102 ,Matnog,Contemporary,CMat,118.10673061265389,129.63465916663648,149.82675894382152,91.74410544732558,96.35805402585713,157.9808016903953,197.09083300308515,225.89992035138036,126.24743852090623,148.07521148017986,340.01246411749383,268.0037444462297,1424.8023381305984,451.4585868717638,496.2026748169037,596.129725502428,786.4036127293034,709.6069664740477,335.8365409946482,288.1662866905149,734.9879201615768,198.51906497676757,883.146936066864,657.1406897402184,554.8452051631067,825.3372250029013,510.66538073154123,131.5196101904197,1206.6414985932026,285.83373936230834,100.27834421329442,115.56876884457145,228.52065144491888,155.2153160761205,202.10773121887246,1019.0662325174454,405.77540469126524,134.2900557851,149.4171938676,164.3894007292,102.8107446454,112.0689979968,183.0715840952,225.3633580435,256.9171270028,146.8711306516,163.9781746377,384.0810147443,304.3621701299,1674.5729754321,529.021456844,587.6774511226,698.2067624698,916.8140632147,828.79220593,386.8307373707,330.0353595749,861.2892984134,230.577064359,1033.0088812955,769.0860185845,653.4820035963,966.55166797,605.5842363549,149.196529122,1419.741938532,331.5423481904,114.9575502859,133.080663953,267.8027055659,179.1710229836,235.1842489357,1199.2850808251,475.3890337605
Sde-AMat_056 ,Matnog,Historical,AMat,100.80578399025525,109.4266019014572,140.6982830882097,85.26517864661984,100.21272653241202,137.97720493708374,218.59940102173198,186.39329324696743,101.46153803215282,115.36606131518928,371.2567667162041,287.4284297035524,1316.9446569175564,461.9419032320081,446.20744623456255,593.2468651323156,776.9958328887999,679.2506292906692,367.1846076294729,291.1962098180709,687.6332086303352,223.42545236610792,817.7941416978051,586.2519829163994,476.2070496971355,734.6590480747924,451.46292426683283,139.7076935703972,1099.4164332730434,266.86343547382046,100.27030399320623,99.5691731091505,210.1450082458299,138.35400245475373,163.60142776886144,968.1550668353754,348.8411843708967,124.0187688385,137.6141185061,163.4184081912,102.4689366117,127.8750970668,175.0327161264,271.3945102587,229.4067393401,129.5246360146,136.0118162851,451.9507641632,352.9339764964,1709.1365339412,596.6342117643,586.301291965,765.6212128132,995.3078365595,872.6638190426,461.2775483083,362.4667466053,888.1767307426,284.4814413806,1053.171489871,755.6758916474,620.1223825267,947.9474020766,594.4385925013,171.2406409925,1429.3837167957,339.0477320845,125.0032677772,125.029191277,271.453198879,174.4162136082,208.9382138548,1259.1426748925,450.4018721056
Sde-CMat_115 ,Matnog,Contemporary,CMat,116.04721141681947,126.16657824519143,142.00797559549252,89.42540230231006,115.87703460932197,164.76293240859732,202.27745288830383,240.01741254636093,122.22085152382961,154.1508113043846,327.9886849980346,281.6131759662534,1408.1127686677441,460.89737864002876,515.3955268921238,605.6399202173682,792.9161552371727,715.2209271261713,401.0654251790972,330.75783490124616,707.5927585958254,205.08279110303238,878.8441093644594,627.1518937401369,514.3616861160637,817.7737428311634,468.1151246514473,139.8912578406527,1185.223594676321,295.1197955597862,111.01682036772628,110.48515814809703,220.13870122638608,154.80332148532858,181.2095443678396,1014.139541691502,393.99310479399264,132.8616686157,146.5335398795,156.588962175,100.8272974201,135.8684366775,192.4486891721,232.9655084448,274.8661788117,143.3471813929,171.644300768,372.9323250069,322.0109698146,1669.3798038948,544.7012242919,615.9815941132,715.3937094677,932.0571561246,842.345109671,465.4854780516,381.585916436,836.2799752017,240.1239576814,1036.6676572959,740.217068771,611.1497997174,965.8540114002,560.2320728951,159.7720464069,1406.7780306194,345.0520744075,128.2053691655,128.1946586866,260.1875337547,180.07849950600001,212.5897641165,1203.972714852,465.5280635985
Sde-AMat_055 ,Matnog,Historical,AMat,131.96645584530182,133.77107771450449,136.29089665689344,98.64195697055084,108.27144799484302,170.6217422787905,199.01426259032286,236.45077960922436,137.685056366913,147.74953056196148,359.11624267236925,313.48348999730433,1484.1514478391514,486.0340694276998,519.1601015892594,646.8956856206416,868.394514009393,752.5384661557507,400.60017347381404,337.1876076148706,770.4595965708,252.09540883818153,956.545510216132,657.4229719923165,535.108200016978,860.6795688450844,527.398243765838,147.67169227797183,1262.9774044228861,308.2869108718209,126.12913097334045,118.32560050508954,241.1576594877509,144.64426013485632,202.99591782348736,1058.1149440462177,426.0928688385196,144.8803690958,148.3218550894,145.7991228687,107.1570919135,120.838519275,189.9225355629,219.3864137945,259.636110666,153.6961112339,159.1242249717,392.3877072353,343.8610981819,1669.0875298582,545.4146020266,587.11551478,725.6715578841,970.8751762861,842.4630353585,443.9620218118,372.1400066972,864.6089315278,281.081396384,1072.0017356947,737.077559978,602.706389425,965.4088079473,596.989606327,161.8510360061,1421.4993999037,343.3954140013,139.2997881615,131.1074019023,270.6362251139,160.5533704718,226.6440902465,1191.1009097402,478.0765898099
Sde-CMat_114 ,Matnog,Contemporary,CMat,147.1897699816465,153.11609503096008,176.6392225277274,114.11188427052632,150.12005488841262,202.76852863341492,304.64030508757367,285.80118147719406,157.123484332292,175.03790350632624,414.74233918779015,381.8995061398875,1812.1030435960313,592.0703191874848,654.7583416048399,784.4683562075974,1015.5946952525156,903.7368201927871,482.0228028343057,383.20611567296254,928.8991655120377,280.3915711963538,1076.9135046136992,820.9141629853634,674.0753634608226,1024.2467409916615,578.4450182102358,201.20428617939515,1526.5117879678492,349.30314328880576,128.7257574150954,140.23917002948926,276.43219545394857,180.178305463255,253.47827637539282,1292.0761173720725,520.0367643732604,137.3768219234,141.8669326463,168.0516493159,107.3387171915,138.4184366049,187.32905551,283.4706456825,266.711629907,144.8550995767,165.7021851177,388.4550376316,356.6678806141,1661.4695334483,543.7234728051,597.8622193491,720.5998688316,935.2286079116,831.4072206835,446.7677409524,356.2680150783,853.0335683193,258.7222218944,989.935730838,754.3832520352,617.3447500169,940.9141640222,527.8156104774,188.0229630324,1398.7846097813,322.5428316608,119.6156307013,130.0011681271,253.8487756984,166.8059652845,233.6541807241,1183.8346175636,477.626299315
Sde-AMat_058 ,Matnog,Historical,AMat,115.49171182699646,133.16947642767093,136.61856344000256,95.10020896659476,102.01314435252941,173.98621689562083,189.87635355051452,224.1731731890549,116.4037414259954,140.47010772577207,332.6510547865585,273.3390799100084,1396.717957982126,448.54160440027186,508.6320317997776,574.5959432295446,819.235203615494,704.4632664515589,330.1604688216929,276.3694937319241,708.1622678574452,228.126397461495,864.9696047884224,621.3960592890818,496.1142351964515,778.86163499171,491.2843999423958,156.83208461459665,1186.5299618921426,251.1942625976158,96.90534172871985,118.7167268132422,211.76442307727237,130.56017829265554,167.60046063853758,1024.785136187079,371.96819252862207,133.2298403054,155.9664945733,151.4717066494,107.9475269564,120.6818825525,204.9943490514,220.4169229904,258.6748699526,137.747075249,157.3539617803,380.9591201829,314.9013475701,1671.7039046291,535.073600623,613.9880751356,685.0738051244,971.7393595845,837.2993793693,386.3963479487,321.3982207594,844.809082055,269.4710841829,1029.7671225424,740.2523355867,595.178759028,928.4956997371,593.895857276,180.4562209133,1421.8877056119,296.272748885,112.8133899379,138.8954265699,252.6398030942,153.1668363439,198.3876574747,1228.3391175764,443.6232637229
Sde-CMat_141 ,Matnog,Contemporary,CMat,100.88820274487004,115.98392032281886,139.18199934305443,79.31851127460725,99.46823072770526,136.00703432411134,184.96952764628557,216.28334287133626,110.87137252329835,136.46088741467278,303.2311254022087,256.8151147730211,1243.6703664922834,430.85855206204275,456.2803112134031,541.7853668724729,724.870822687222,630.2823997514924,341.58788815322487,302.1146663325864,622.3307978527578,185.52128889626118,775.8085222200449,554.1629945387999,456.36081808831926,707.4513356549693,418.90218080727385,129.23433730046355,1044.1888710598528,252.6523972279108,97.61344003793735,101.0498418962147,189.75769999617935,137.0362549630206,172.93398107647906,882.3919993982096,361.2785226591253,127.7630124509,150.6024445666,165.0706568468,97.7995168471,131.3179934919,178.3585365206,236.6826618075,274.0223805086,146.4445890248,164.6215894205,379.4139525002,324.5115209329,1673.8504984667,576.7215050432,622.8280276131,724.5504556555,961.1916538582,838.5735365011,443.0063493528,387.7271446022,833.0623630643,244.3207390243,1035.0077684164,740.0789022081,616.5915938493,945.9031173277,573.1597118813,162.9677788925,1408.2388509097,331.9005279869,125.4941967326,130.9860638401,254.035036208,178.4317081595,228.5278838997,1190.4804170295,483.3976173171
Sde-AMat_057 ,Matnog,Historical,AMat,77.76298206145393,92.62772773856649,83.11506018412067,97.61656035868093,92.57276089741521,112.19222171278184,137.6556495093827,160.5245603794011,82.73564942647153,91.69730340468038,246.84696426614204,278.6020047430025,1390.0167652477073,524.629296107118,523.6754749857969,627.1730401883359,821.0401487299936,666.4084577155139,427.0603585867107,420.40476084958885,577.3710030690925,221.2260313331367,965.3090343174097,506.6179962504688,424.81765604061235,824.6154247672123,337.29690485155663,162.34074182521158,1028.2738033752928,475.93787113686375,168.15095290529874,170.1049151112336,391.7688338306276,213.06306406967866,199.48003838331795,974.2223825122168,416.1853696058524,96.8675184065,118.1019362397,97.4080688293,118.6140350257,119.8676102384,144.3700168807,173.1356817893,200.0465770528,107.1791797579,109.1811297139,304.0692938222,346.3386540209,1832.4234127942,688.088837271,699.4642337477,821.8953403453,1067.4787994146,869.1411007066,543.8952768246,530.2227887698,757.3035695406,285.7962416147,1262.1665418685,663.0569505364,562.0424250833,1080.4276389399,451.5133400158,201.4282444054,1358.1214503258,613.4286007074,212.4206328267,216.5409686948,513.9019401854,272.3595218225,258.5281499891,1287.1820189643,545.6592446451
Sde-CMat_130 ,Matnog,Contemporary,CMat,108.09588949492945,114.74275635707899,142.03034939906334,84.05219982843991,96.77671181585994,140.0865062202637,199.23278030409557,210.11011910817146,109.94299183363168,139.90049664776032,306.48376974647454,252.96358761839616,1243.334898033772,392.8457390185619,438.2400803400004,511.36912338575945,670.9579555568291,605.853660701031,305.1271452342449,248.50898114522946,633.613536460996,167.7848501127559,786.3777009571419,568.9372828960062,475.7268748780649,745.6743064133028,433.1134012243098,115.8089902030064,1047.0820615240812,266.9445917524646,102.28967408785707,91.69532696168329,198.38123969176107,136.20131836296594,153.31590579913745,900.4480813027757,342.9204160865899,136.1863362044,148.1431872494,167.8222845282,103.1630759598,126.9917412158,182.623688897,253.564425008,264.8287921691,144.33828864,168.0807803342,381.6108713467,318.0153008368,1662.5756220608,522.5012903277,594.1507152685,679.5450873812,884.2350756216,801.0598247914,393.4794067749,317.1973994773,842.7796054719,219.6380300228,1042.5230168241,755.023439328,638.5460017902,990.7034405258,588.5594564517,145.3000999312,1402.9446418614,348.592065638,130.7863314376,118.1884655378,263.8926722427,176.3249496451,201.3732086121,1206.9196414788,455.9248755744
Sde-AMat_059 ,Matnog,Historical,AMat,120.37199222514349,124.49568299736337,141.65857040098206,93.60331885339323,111.75122780506713,156.8177817044037,191.09315770756942,232.23494130240175,127.58298404054516,144.4491115966104,324.85426621894624,288.26695474386236,1396.2648811013369,422.9806147937397,470.54701918989997,627.1029302786744,791.2621908912937,722.8222059307601,429.6096115165605,347.26543516716436,726.4902083842906,247.89640089862138,877.6558802470873,609.7694070279682,495.4530472293414,812.2279389249362,459.28283942725307,140.43989868324454,1174.3769937362747,292.61326761391047,113.1629268813775,92.63516052579612,209.32450413654405,147.2834117236561,171.47284723620243,999.0537080397079,397.2158798253666,138.5106947226,145.4026316644,156.7744415591,106.0115708822,131.8113553012,184.2332052163,221.2475123577,267.3026235923,150.529112659,161.4880853058,371.1426720864,331.2722057171,1665.8804656929,503.016227478,566.1341782524,745.3642043414,935.7413812669,856.5103533192,501.393729049,402.7730512773,863.9846598247,291.9663929854,1041.6661468749,724.1661503993,592.4827931153,965.2801536618,553.3586724282,161.1959908145,1402.846220487,344.1228810257,131.3876338726,108.0814548224,248.9538898353,172.300440803,202.3694335088,1193.6816056955,472.2670558985
Sde-CMat_129 ,Matnog,Contemporary,CMat,93.5047820138093,140.35842217081242,140.14993141246987,81.17899383584394,89.96169115823689,151.07441740086242,179.50297094736345,206.43769846135174,110.19345927236336,140.24291050021031,320.5048532936904,255.0741817348435,1244.0484305500852,399.65697908251275,418.1031165106163,536.8934293426396,714.3206051772132,647.0484326352162,338.63300939043137,270.4853359289742,661.126805413311,194.0254713986028,778.5488824345201,570.7040207541908,481.16465339989384,733.0954063577877,427.00299543751464,122.56725512811313,1046.9630441210616,261.4977674353837,99.24571731314148,112.43351959269077,200.39778204034593,149.08061725455792,168.4901202796176,912.9785616536678,331.0925902834584,117.6414565438,180.9396500512,165.435823348,99.515035235,117.8580069736,196.6371385713,228.1261889286,259.8413705892,144.4326686829,168.3080265518,398.5479105905,320.2316754852,1660.6520488264,530.6579393382,565.8226245442,712.2559444575,939.8344190962,854.1049743334,436.0259983638,344.7463879195,877.8819844581,253.5809730047,1030.4115049273,756.0920859171,644.7131284996,972.3435563308,579.1966385118,153.5716471049,1400.3418804902,340.9367245488,126.7086840955,144.6994566373,266.1222706051,192.7016771954,220.9445741094,1221.5808481383,439.4529029961
Sde-CMat_120 ,Matnog,Contemporary,CMat,92.8209114991875,136.0882968894093,136.13665462089924,84.33198519357879,84.8108956281562,138.17322808771607,186.31966905901263,197.59627221648182,117.98771021636111,125.00493429725084,315.68875425596013,249.9662650610678,1215.313847723332,408.2469976862659,428.7842054281034,535.9249716099913,697.9144259144741,627.5617497136437,345.04884600218566,295.031094832121,636.9708470983661,178.28705833727807,777.308313979569,565.1339830562307,470.72916980388,708.6679314439451,437.6477460473092,121.49650565448367,1039.7993374572327,248.80151105176193,95.11908227737482,94.50846843267531,190.6513128138382,126.57363771560014,173.80175854487206,872.3987411108409,342.963801721829,118.5952712286,178.451635242,162.497917796,104.8033022782,113.1430718696,183.0558361429,240.6306915993,252.5840646003,157.4835511076,151.8691735981,398.344596402,318.6484476963,1654.0593767459,552.4795445774,592.18416495,724.5902133965,935.3191436213,843.9670422758,451.891086265,382.2052824832,862.0619640077,237.2370486824,1048.3104467854,762.985770784,643.2424893116,957.9361032861,605.9097301015,154.5521939557,1418.180075347,330.2120802948,123.4481929991,123.7079721165,258.0466031749,166.4525835644,232.0947157552,1190.3274574498,463.9445351006
Sde-AMat_004 ,Matnog,Historical,AMat,118.58476522901243,165.8421419039805,153.15246552324905,100.87255937097066,117.50136002876724,186.84900270004118,236.39254735767366,243.264057885418,142.00734866692636,152.0172841692023,378.0625359439493,321.9952750486876,1529.6278505629173,498.688090299989,546.0719966624273,619.1842268341305,878.4096132435824,749.3932380882148,355.3105021335704,295.0022984740966,765.7777076046874,235.8428040984291,952.7313500916666,671.2198188214425,544.2454754206415,862.8636117297389,536.95828126591,157.83333322783878,1277.6860050828216,294.496694517884,103.33728359120902,137.33988961609052,254.2131988148724,164.37297038835186,205.4291006839343,1075.1343937281886,454.50054213966575,126.1691071144,177.6120232691,160.1667699958,106.5740299726,126.3897604936,200.6303294156,252.1968132128,258.8535399726,152.7692720671,159.6915009658,400.9739000346,342.3914233481,1653.6834487474,538.3575847619,592.5491488803,668.2813305793,945.9481773434,807.7229170832,380.4058888829,314.9701241365,826.705957295,253.5186339754,1027.6226369644,724.1799294522,588.9818066145,931.2314560669,583.0214227298,167.7411435734,1382.0485089325,316.3615033335,110.3825471805,147.0207538288,274.4456906798,176.1665643351,221.0247749728,1163.0671956582,490.6048797976
Sde-CMat_142 ,Matnog,Contemporary,CMat,96.27891804403494,134.83644413139942,133.4101766063219,89.85377540092571,114.40559075543472,144.20937607277835,196.46522236630068,236.65919767889855,115.06317855899859,144.02199951483112,317.14072240291057,282.13747516060323,1327.4129095949384,445.2319178152101,481.0044420926797,588.306498801951,743.9685606328402,683.5840901041582,374.63164728575714,295.7419861969044,664.7140516246741,193.9085174952611,811.14928683288,629.1169223490973,481.90507208324755,779.7484439999606,417.46117599174426,179.29684580705822,1111.1333840552988,240.14068727219038,104.78758187380777,106.97992350441271,177.57116205062687,140.31330691082016,174.54591573935494,935.178827015737,392.2651409182443,115.5541896964,164.9912527016,152.2081093711,105.6392204012,141.7975869882,177.8150559081,237.6942122485,284.1391260802,142.6669476568,166.4905163614,377.1106757203,338.0470485308,1669.9233412349,557.7476348444,611.7480089711,736.4676570037,925.2342849875,852.3434627205,457.9847925936,358.6256004353,832.7324021766,239.8772926163,1013.5325111916,786.7143997464,608.062932667,975.9644928704,531.9035178482,214.4887946147,1400.0425613843,296.4980660809,127.2404233371,130.7315462312,222.4704826432,172.0606460887,216.4985870795,1178.680223065,491.2476885637
Sde-CMat_200 ,Matnog,Contemporary,CMat,147.29227045765163,205.36036856728225,186.0531327397633,125.58266771752386,174.08346732854903,234.07759741344321,297.66142678476155,331.69820064252684,186.95796222306237,189.96938866696394,462.6413336659944,423.26252899798493,2180.8248141179793,686.4900270949462,775.1519337140687,913.8619255808014,1207.9532361827341,1058.3096257572734,545.3355040444461,456.9844356387206,1105.0429598097805,341.2765002417982,1345.1188180532752,948.1544918373219,788.1277755194839,1242.6965491837339,757.2585958014937,195.94922126918493,1839.8515306164302,424.64788046720537,156.21255008686097,150.80608806427557,316.02747796443265,219.45903425352526,250.0740893741093,1610.466404411343,570.449566652618,119.1067004299,162.3667800255,159.5899225798,104.0209906061,135.599334119,183.4318030957,238.4680927343,268.1149890358,145.5631598307,160.4738013427,378.1813392704,342.9455367359,1669.5202604076,528.1357974827,585.9344948289,703.6274435262,937.2010730938,818.6257045856,431.636398081,365.1326016476,850.0965190938,266.4229766022,1037.9328140262,730.9399340622,601.2547489359,956.9943429905,571.19334007,159.0579786685,1405.9081737264,332.2518640571,124.6183333148,119.4178517996,243.0970864231,173.0823089046,194.6219752305,1230.2088878787,439.0163366737
Sde-AMat_018 ,Matnog,Historical,AMat,141.63479245104293,228.00357610645062,181.49937842386677,124.12954756161,155.30151362977756,238.86810359051708,290.75270630370755,330.2086037183768,186.3664438429032,209.18863788344248,480.58628828838846,420.6929021109103,2145.5387932539206,738.7045521505875,808.7675719333522,923.4371414865063,1230.0332179026143,1076.0619833279586,502.8082026338571,423.7358437244128,1076.6126942760288,307.82146220861534,1310.138692764182,949.2371636198247,783.8613819013156,1194.7895724605064,778.1623691601902,202.8347306278931,1845.4340735849114,369.2091269609271,140.51800505856878,182.483851889311,315.68833253937345,206.0413461590659,327.59351743776944,1511.2634148805757,634.3306037394148,115.2266950201,181.4794740138,156.3655769634,103.3704012606,121.8331798611,188.4900132023,234.4086839323,268.5334290356,146.1404942923,177.560132553,395.1119160533,342.9122263578,1655.0516880072,572.5658857572,616.2360681057,716.3130354752,961.2542328354,838.4670411152,400.6346053821,340.7372462081,834.435029587,242.0062387963,1018.4324883397,737.2168557594,602.6267498953,926.9721663058,591.6932229321,165.6280940782,1421.0183246064,290.9012271496,112.8217031772,145.4658516979,244.6574067229,163.6024108563,256.7787457866,1163.3181702527,491.8334724423
Sde-CMat_171 ,Matnog,Contemporary,CMat,133.91542942954706,171.83456574374088,160.40080534691836,107.0390198924205,142.38579977416984,201.84804059205027,258.89173257174514,276.9927884958921,158.37271127217596,163.32922902815037,400.4977781392176,350.996425137821,1784.9465942552592,578.3598530904613,636.5998432275176,722.1974956575592,978.6139784024854,854.4989719451394,469.0380266873999,399.47524049978364,923.1685098312441,245.1153975707158,1130.071936857119,839.5800990038114,691.328751055451,1040.5982978369511,655.5105264068685,188.83252828429747,1513.1742558182848,324.77246733707295,123.5975553443112,145.614426573228,262.0819474607321,184.50694105111592,242.13605081515632,1287.9130155984953,497.0542224762201,126.8956211855,161.9005742078,154.2820203401,102.0477530242,133.6477694075,189.7502773975,244.7416547838,262.4455970597,148.6368809246,156.4902963754,380.5462469979,332.7641205803,1668.059800785,541.1618082088,593.0024052539,675.8867155227,917.637373182,800.6434015922,442.0445172703,377.3860919958,863.7823585947,230.2026535007,1058.1906963046,785.9900708663,645.4884370452,973.916792384,610.2889929134,179.1069935677,1413.4269224271,305.186724556,116.7166235909,137.2499101201,245.2176882497,173.7306520105,227.2264893642,1202.9115260882,465.1267467611
Sde-AMat_040 ,Matnog,Historical,AMat,114.63762362789102,207.12569194998486,172.07280316566585,123.37150456750543,149.459599253611,213.64666747283934,279.6196989734629,309.1574308899917,171.28462581825607,218.7960948913394,439.6961699039918,395.1225258987521,1927.2570899723396,634.3281392396368,694.8981342963731,800.5669667233404,1092.551229388192,933.8821631936654,493.6908402462111,422.31837547851256,963.2847755722341,298.24889361907105,1203.3125611316664,823.1108599060334,685.6031478284283,1083.600715487287,669.6760762752092,171.92532329182924,1614.0182726674223,397.64383075713647,132.3536253752046,129.7210705455747,328.34776284451846,187.1275960766076,226.36528352883505,1379.724353645992,547.661287707101,101.6787424721,181.3910656827,157.7903314461,110.920369812,129.7913346711,186.1635951501,246.7085791392,274.1460577918,148.7070429464,198.9083962734,392.3826492494,350.8487851674,1657.331092522,547.0064938499,593.3071792383,690.6758989408,946.6594289157,807.8005896356,432.6179631687,372.0507335633,830.6548560679,259.325893573,1039.4164683563,710.6244892495,588.4237146518,934.9583877248,571.086350658,152.8192024115,1386.5262499589,346.1871276258,116.4963133102,113.702693191,283.1266019376,163.6473781865,196.4802364793,1185.0289622344,472.3636005832
Sde-CMat_167 ,Matnog,Contemporary,CMat,122.81287634747427,198.1875486411041,166.73817156446214,111.56418348202082,150.83083893146645,207.31339476177124,261.097303635254,299.691634114034,172.06002879442974,190.63245792256896,413.6441393963295,372.54088597453307,2018.8391748201439,661.459950480458,739.7611187192592,855.096134096167,1105.0547911177844,980.2323450457651,504.1844245243996,418.1002799720302,992.1342906209624,289.79233552233575,1252.9086412874003,884.2186699595355,717.9512335064339,1156.3585064586373,687.5089623347175,202.36290730230186,1687.9903273886998,396.2490126980255,148.16680799706813,151.3721504373908,303.08395439904115,206.24641414094938,257.4286263849458,1441.9914636668555,576.8545077613243,106.4250034023,169.1548123303,150.3506155355,98.2564209592,127.4466162259,175.8849431525,224.8393026463,259.6295910882,145.3410646404,170.131324774,361.0733891684,323.2607702979,1686.0210114742,554.2530999101,612.5453403589,716.8958630059,931.2449805528,824.3768903547,430.6424756104,359.3925832264,831.304252232,245.2313207565,1051.9587275651,741.9338790932,598.1893319741,969.5919152787,568.4634071547,175.811431415,1407.9718478435,335.8253291743,127.2268874041,129.3318963097,253.9390248819,175.7378288434,217.3906653448,1202.5069456372,483.474305231
Sde-AMat_037 ,Matnog,Historical,AMat,99.29235652204052,189.3568925721216,157.39752926869588,104.94617942893395,120.99225589619364,187.83239381429928,208.99290554497293,250.74591356933416,144.59767976205563,187.2641963099727,402.05071476730393,349.7598180835672,1613.154930534944,559.9653064080399,585.2465748267222,728.9621338969056,956.6964408227565,848.6780033400655,427.41940264728277,357.2467404982304,817.0543539282805,250.35664108876753,987.4592320922467,712.9840060669312,580.4356864377052,893.719645190817,566.1188649577047,162.36550818865427,1376.0835888498523,290.0647963149786,107.13537513449964,133.03913852039938,232.90678283598817,171.3557407067531,253.85167527585855,1118.076544129265,495.1212243775861,101.7480016214,194.5430001133,160.199814065,107.2448490777,124.5195284808,193.174426696,214.3913618775,256.9593576344,148.8207063663,190.9341052606,411.4815535434,358.3283499026,1663.496868508,577.1129611883,604.3915844068,751.2151290423,985.0348307127,874.1199994828,439.0704737642,366.587176697,842.0797446134,257.5893972671,1017.3483221546,734.6440855849,598.7886851473,920.9821615496,584.7811378887,166.3081017824,1419.3266766868,298.3678014101,109.9563893236,136.6585690483,240.0426092242,176.0992579892,261.2782587041,1153.2567185458,510.2626283622
Sde-CMat_193 ,Matnog,Contemporary,CMat,84.41874992920707,156.59535555453104,141.05514670273476,94.04661764066799,120.07551561663188,172.44795486064777,224.60862008271187,240.55959238558748,130.4766708569773,161.75943300401374,322.9807056291289,308.21304004420386,1398.6374107469383,446.0852766702012,508.9954417088034,563.5052977065789,793.5602767628179,664.2552114580661,365.8314543250895,308.90977131848706,704.0203233294052,224.65160480043326,886.9452550004481,595.1150362894639,495.3612490849582,790.851780891015,479.9288237354473,130.24139038201318,1175.559908059551,308.8491650305049,114.62164235557792,108.56931221892307,230.94933985105914,165.27268597684255,187.30335257821739,991.2195023681536,407.4180508142588,97.1157869154,182.8431001237,156.078864123,106.490375547,141.5888952993,202.5386413265,259.98485105,276.8159999276,153.8985757685,180.8049306952,368.9159229487,354.1075624745,1668.194340848,530.3314524377,612.1943775856,669.5701370598,938.183005301,786.8769114797,426.8430610322,358.1933457664,837.0075982326,264.5132907073,1052.375104328,706.5493637155,592.1871791353,939.5913617267,578.044616596,149.4540641636,1403.8213929027,363.1135255187,133.0464146571,126.6382530043,274.5892106913,193.2921018043,220.9880968752,1183.951444672,484.2498063394
Sde-CMat_157 ,Matnog,Contemporary,CMat,83.28772848919581,143.656850284976,143.668616571783,81.66609734094068,95.40001981938995,157.30713756120537,180.17855168426675,205.58382697600513,111.93923409421741,150.06578930592408,319.79746038544454,252.1012374319888,1268.2053473294297,407.7419191169949,446.42223660150484,554.7649086845527,729.580330684874,667.5985032708209,353.6059100737006,297.8224575078414,656.6807908772497,188.22476418505616,779.8292286936928,581.7794141125655,485.24112831157476,732.8537878539007,428.52612222365167,122.4599094336182,1073.4434841904347,259.9315211671143,95.0512202164707,96.0286519220176,197.0635320702692,127.18068222949584,181.78675914378366,901.1517684437845,367.1354074016832,103.6929601907,183.0544190142,168.3084480922,99.1845851102,123.4492098096,202.2975506873,226.4895759141,256.0596286971,144.9174902304,178.6012240416,393.7266828346,313.2253477849,1670.6952856715,534.4224696057,595.8498238087,726.5180248919,947.948594711,870.1188594826,450.0747296324,375.4030663474,860.7492707763,243.0080975785,1018.9679116357,760.9186557468,641.5376376681,959.555399689,573.2193970948,151.8637140991,1416.8009756504,334.810373167,120.005987584,122.1697361278,258.3234689785,162.4765304611,235.4457703582,1189.8144775224,481.0262125705
Sde-AMat_030 ,Matnog,Historical,AMat,94.46309608206795,184.90264321728884,148.90383602463027,98.06526436052677,125.8568829919524,175.31799055570423,214.02782168991487,233.0213699574569,135.20422409651263,176.25390124317815,369.2482350483073,313.23059526888494,1446.500143305489,314.61310174809944,312.6714645562815,459.2901126259633,590.9322353276389,579.4965590901468,416.0190486793243,328.9636418977635,901.2057663171327,153.21624924716707,1060.1922710137299,900.8244732266992,749.8408091564236,1106.6716536628605,628.0796701836161,171.41101807071794,1193.4175733480465,289.2597686262125,117.35293860832797,103.42829628472074,216.83316048141708,143.0865300910257,204.40023772207317,992.8409081019979,453.6626933035602,105.0765167688,208.0115003103,160.8086818031,107.7773289678,142.6494164488,198.1110442325,239.1901657352,259.2558754626,153.277991752,191.8116978833,408.5131217447,348.0783306269,1653.8114418358,358.8155569312,359.763717853,523.6072928579,671.106831537,659.1155827277,467.7566248516,368.1304780669,1027.8496671239,173.4658346793,1207.3377303187,1026.3319675316,858.8020789567,1261.5260484915,723.4470040142,190.3058783756,1365.7127327447,327.1216500781,131.4287377178,116.2646788025,247.3138660174,161.1703198477,231.7732685879,1136.3713609042,517.3105066082
Sde-CMat_191 ,Matnog,Contemporary,CMat,91.11282989392878,161.91112821594444,164.72112854728138,86.63544789178388,121.56434589681301,177.74858635865428,221.73935440595565,253.29750476577934,129.92251115815148,170.60715110056205,347.30020458531266,300.8850247470119,1462.423351851963,476.84061598585544,536.4616028841207,595.9253881386913,828.5963278009685,706.1528693643112,359.99467509706307,316.6144236154759,706.8206308474307,212.14044962656232,921.6447681767418,621.4547484943773,508.4219622927789,822.510189758765,509.52472268187336,138.3779878217992,1214.4118847418777,299.0037596670149,114.26304442382062,112.81207882673743,227.92624646801883,161.31044428185675,188.76595055054287,1043.231596390418,419.21996805745067,101.0912690071,181.6326745971,177.5626278797,95.0000768597,137.3707783286,200.2695484308,247.1483968879,281.094433032,146.8475637325,185.2901268163,383.3008309468,333.5142060013,1666.6529999754,542.1232166007,615.1854720605,677.2437472897,938.148183635,800.6969056928,403.6282520891,353.3560789509,803.6091873451,239.4635028732,1046.2936961612,705.8269151922,580.4097941564,934.661246536,584.9038181084,153.2466583147,1385.2492395412,337.1446941771,127.6209403044,126.4576583332,259.1473261771,181.1794139962,213.4008719653,1190.1852481881,476.5322833777
Sde-AMat_003 ,Matnog,Historical,AMat,86.72682261192321,179.5567697438334,148.4532040809157,95.3440376911425,108.879897118706,168.09614903774565,218.91150238525609,226.21871358738204,126.13142294606843,180.22451334410644,369.92244813171317,312.08838385375714,1471.362481019718,470.9774797398703,501.6739503885466,848.4429575472061,842.6943459382234,954.5373724160884,534.5134277578161,356.5566129250165,748.5139965272596,247.1178968756614,716.148653988465,633.6400326944629,517.1308879641209,837.0733283071982,282.9603905500556,150.34091494653057,1223.2611497089981,297.5891856154221,106.82164097616192,120.881215678864,246.32542799737539,154.69145844822847,200.33432512617506,1037.5067443292744,433.8959344147972,95.7880453575,200.4164617936,159.5013310742,104.1284000861,122.3802488541,188.4074340289,242.8402257029,249.9020423575,141.8002508771,195.0288968195,406.5087068782,344.3765229424,1667.2700057321,532.4575008754,571.85397566459994,958.8337734134,948.9366351399,1076.3982633344,596.3051737655,396.0249740529,846.2431490389,277.4701148847,808.5019287179,715.6661025497,586.9387240694,945.9011856334,322.8651920172,165.7526289403,1387.324991492,333.7904008954,118.7334165216,134.8270495315,278.4969683956,172.8637216229,225.2658264483,1176.843534462,490.4550918359
Sde-CMat_198 ,Matnog,Contemporary,CMat,90.47895198431513,155.89007666134495,159.1721031202704,92.02597103437704,133.1545190655202,183.44667631647079,227.78579385677241,272.883629513388,132.44766252844934,165.91053603891467,341.284528487258,327.7965649094115,1546.5771842941979,488.8933692872097,550.1928167895778,605.6937243300775,867.136359453852,716.3869255334018,376.41266239668397,323.24436206461513,562.4386496132357,246.31465515880302,989.892266584521,480.35859337666676,355.4617379617109,878.5384409320745,320.3000787162565,187.1080466866402,1059.807691004991,487.5928504644939,114.65450196568843,122.50766925152084,449.05617289890375,159.18660720311868,195.702617662718,1121.9921060079566,424.6678052379765,96.5883959395,167.57267658520001,166.8649529282,97.5163905872,143.7918522311,197.7351262874,243.8650104062,291.3464385263,143.0480334351,174.7500411166,363.1184246322,349.7176107352,1679.0598798209,529.9687390507,599.6587345343,656.4191724545,937.5492446097,775.2778063538,404.4857448027,346.3460316204,609.7027052444,265.8102178309,1072.0745017411,520.388275228,386.3239873248,952.0586387627,349.3255367715,199.5080906478,1151.2423469945,525.8227426076,122.9081102277,131.6260801461,486.8040099167,171.2473723161,211.3931616394,1218.9186132619,460.2975531972
Sde-AMat_023 ,Matnog,Historical,AMat,126.39833798662067,200.48183804330006,191.96072600823845,109.21747803579787,134.2888528023082,231.30915540107787,236.3339034995402,309.2790803417845,185.09997515569796,192.0504112056259,454.8478440788414,401.78102922564665,1875.907900492964,632.3211093923086,663.3042851363617,796.3532441909496,1109.0135449956822,940.375406250339,463.0098265664457,397.97759158872253,920.5430460506235,300.4721646083212,1176.0468367002268,797.7822983184134,636.4453954757236,1045.168850146353,659.0770063816595,196.5659678732814,1550.2034632635873,342.17237058032606,122.82707888425892,174.69155411035186,310.3172017778745,207.28924873039128,229.9803711341689,1337.0552881770482,539.086896775659,114.1512830938,179.1116680683,178.3368651557,99.7788603467,119.1185271902,205.7722425491,212.4823667789,279.2572435513,164.1547055793,177.1145128852,412.9148120033,363.1960141167,1650.2062607949,557.5597792168,579.9577219911,702.4700916411,981.8658805685,831.3578509749,413.8723031559,357.3547878372,811.6843265557,266.8128557226,1038.4863915827,704.1509581412,558.9382136415,922.0361146858,575.6740717403,177.8452189991,1362.4893911633,304.168610664,110.2065231806,156.1860185083,273.6103455019,184.9723340279,203.9150600326,1174.9604960763,475.4288057219
Sde-CMat_180 ,Matnog,Contemporary,CMat,100.38321900686392,181.46588052890274,160.36543485792072,103.47451578596538,155.51511302796263,197.94292084944587,267.33743392027986,278.9890671190002,153.1796429713818,170.27650322225904,386.19303219800594,350.0941566411099,1703.227741510797,534.369206231843,621.8838268265623,677.9072362618649,937.4809852657547,805.7052002946797,418.0224820632139,352.45061477313385,845.5870682905755,251.899677909302,1072.1562500254147,732.5302155643068,609.8985403795947,979.6293081140639,588.9298557657272,152.48728992873447,1430.1052192370325,362.43803234513064,131.23108166166276,123.00086266124333,280.54802114377867,170.12843969119328,216.4017115282595,1222.6922000861953,480.54024872142577,98.8429680012,178.388958505,158.5842290875,102.0652098571,152.712226416,194.4605621865,263.0569029571,274.7001312912,150.413994904,168.1976721267,380.567074186,344.772059955,1670.4205012146,524.2643637284,609.3422894931,665.1272233146,920.3195583632,790.7823744509,410.967158549,346.7399323885,829.5940414285,247.3996562037,1052.1106914787,718.7855503877,597.9995074382,961.1744101578,576.9635965584,150.1892466753,1402.3715049158,356.0213892697,129.0899879564,120.928846698,275.2402944696,167.2134425033,212.4880275966,1198.9512591649,471.4653206331
Sde-AMat_007 ,Matnog,Historical,AMat,98.09632555039968,176.00960624821022,163.8599049469088,94.73799992241761,113.40540104615827,179.65152793672533,212.90636771148954,262.2086894968395,150.4455499406014,162.15568673558755,377.8839995802415,327.5257529270331,1532.6056007328207,508.35461316617346,534.7474904744948,636.8759386495066,903.4709314832659,747.6236173589022,384.9243707335767,341.18772660341983,790.4530023247682,259.3741444863193,970.4427600548165,679.1819204462086,549.332731930849,849.3643697531938,569.023710586826,160.46168252517478,1295.2149071731108,272.03580607273017,98.17319535642108,130.2692028059202,231.02611130571358,154.97974604560426,239.35368003899575,1052.3780003311358,480.25269500846105,104.1858492672,188.1327028526,171.1458083998,99.9358521194,121.7304511624,192.510750178,226.7214530482,278.5182269914,161.5100042761,170.1025412737,400.1123556268,347.6625015119,1653.2205852993,547.5959549828,578.9101372645,685.8810904284,970.882433177,804.0942060713,411.3097463618,363.6016676308,851.4827186813,278.2392994703,1044.4690030265,731.1843271335,593.1489452558,914.6706622663,616.3885597764,170.2385316531,1397.8743862938,291.6365245441,104.6692500725,139.1809333965,248.8688500563,165.7713529079,256.9877716156,1135.8990914869,517.2734138197
Sde-CMat_166 ,Matnog,Contemporary,CMat,84.68440933400902,162.42108740739303,161.864486098032,92.48707411546764,91.53598772444634,155.2096118363808,198.49166527307892,231.49688025617104,133.73457366249758,139.8898416969581,345.858288775692,280.214972078028,1330.7200291757279,427.7399038734287,465.8812708582735,553.7247675257086,762.8482666582195,645.8209663442339,331.94308496169936,317.7831523721954,684.3078704479512,203.70448987432738,867.3822698046637,617.2640454590645,508.323817411392,785.7807602375108,492.7282540815375,137.61686969394398,1129.7646229011646,260.8837963166936,89.33243753984334,109.49335569339351,208.06809748695264,145.95270126931533,186.30765133297675,932.5900260098217,398.26292227779635,99.0638339903,193.1845258889,181.2806611974,106.2888237132,110.0796214851,185.8244965082,233.7993616025,270.8871699948,160.8795738648,158.4509532892,401.3653324681,327.3170737934,1620.9184127944,519.1271473472,572.8187921747,671.6281434274,920.0709242276,780.6611894943,394.4970337709,375.048427416,830.5427125055,244.5698506706,1050.380526103,748.0091239854,620.7677813996,952.9622825981,606.7799637007,160.5317020193,1378.0048103097,312.7021324434,105.5528880908,130.083762298,252.5463882127,173.9163844647,224.194010988,1137.789867484,483.2274250934
Sde-CMat_168 ,Matnog,Contemporary,CMat,82.35168183953502,165.315252883332,150.97001511585006,89.91569284285141,112.41494069784495,168.71410901240594,199.44282899831222,227.4416744934182,125.27647214593009,169.85247925290935,339.6783236480214,285.0091068045721,1445.0862410536058,481.17175379983587,522.7355760636538,619.7220257455516,850.9714175245723,739.905413162642,389.6001054375628,318.6832776362764,731.2945933011471,241.26153328610013,896.9801829684753,623.9168642258037,506.42612741722763,804.444930318266,482.83165560618534,149.33213458291542,1212.5190775406588,301.41332177758824,112.8828704617754,115.1694173338129,231.59037055663592,154.21361543638096,193.79971314449872,1030.704311847937,414.4032998663138,92.4361946723,187.8448621002,164.1082013917,99.616129483,128.7760371127,192.6372672783,225.0038354877,255.3504226244,143.5440658072,186.1774915052,379.0369005635,319.5663757193,1671.0895579374,554.9347618335,608.6730630867,714.4106771684,976.9223365039,850.8123155971,442.4332938419,360.0483832612,843.424660255,276.0413332378,1032.8068755625,718.7598646417,586.7360782016,927.2624553859,562.8594078613,167.2716597947,1403.549937499,344.4444454958,127.6442353659,130.7552855164,267.1117624584,175.4677174116,222.1105108983,1193.3101229447,477.8397902921
Sde-AMat_039 ,Matnog,Historical,AMat,98.33241319753114,193.84773886132896,167.02705330122424,102.5386062897775,127.15372163208598,181.47407765311826,233.63340818001612,258.19269413476826,138.0441469988496,195.04549959683766,406.3925084643417,342.5013597365856,1687.3212066443602,572.6614732682651,600.3195897034345,737.2749092669436,976.9539704732563,855.2423462508682,436.83015735752497,360.4863616286891,860.4014769296309,268.43627600771487,1028.9564919388429,730.4485258228947,606.8639308619025,933.1040603634516,592.4320675784609,155.99748001887727,1426.3018362094365,310.96089714148934,111.56705998528406,130.91234476259277,251.20027937317235,174.5743446339123,228.54741788267927,1216.3161164799635,471.1664158821595,97.52096179,192.0793321947,166.0302846254,101.7878152186,125.920415525,179.7561177208,231.6211839865,256.0579553042,136.7028468472,193.7657746975,403.2090872885,339.7012104892,1669.825551927,566.8325871913,593.8010236414,729.7934889201,967.3289251621,846.7167673304,432.8635260821,357.3443946487,851.6420976488,265.8556750867,1018.6018577783,723.0714757426,600.4900165561,923.6422953988,585.950546289,154.7331812565,1411.4116428815,307.9984120011,110.5878642983,129.7258818461,248.6421536573,172.9649604749,226.3229989094,1203.6022230545,466.3769766231
Sde-CMat_179 ,Matnog,Contemporary,CMat,83.337564362597,199.24746212659772,151.31100171236722,100.63681350107426,144.73409843533761,193.54725971464956,243.57127807937454,259.12827820562154,142.0355477311578,164.6708923913999,373.62904087199917,337.12404968623935,1677.2964871533386,553.9548654937513,617.1509124895143,702.3349709848143,947.9881568055583,831.7639116031243,442.58933632653185,366.82731268269816,827.5970854111316,247.14766333358264,1023.0622608959291,710.4363097322662,597.6715024369576,940.1492171467464,549.9105333922602,156.09276390098947,1395.5980271740284,348.2564204916254,116.67180290460061,115.59386946737277,279.3841904264627,159.3922544720727,216.1426735768761,1210.962715589101,466.3350000001716,83.5413878121,199.7864864675,151.5782280415,100.8550728089,145.1505555997,194.0907317035,244.1931732323,259.7632692953,142.444966318,164.9907572178,374.4962382876,337.9408849174,1682.4581529375,555.6280953115,619.1404287751,704.4498408977,950.7591316887,834.2241024689,443.781106157,367.7751926568,830.0973462145,247.8524691364,1026.1171869378,712.5653770591,599.534718067,942.9781429532,551.6967753624,156.4676683953,1399.9223384632,349.2405637002,116.9753985621,115.9045296863,280.2284940046,159.8280351517,216.7667646485,1214.7196558765,467.7416891316
Sde-AMat_013 ,Matnog,Historical,AMat,104.5505204654668,219.04445674914945,178.05172457847743,112.90762139421763,157.76332030510136,226.13634519961627,266.96087957146455,293.9310001480279,173.82496737408002,202.0546863225399,449.10746029519476,409.72900658807396,2112.178680874121,706.5830430718246,784.7995147286026,953.1662840787068,1206.5012479218121,1085.8557313847407,513.0426788462048,426.97295915661914,1033.0492517768166,323.70750523627055,1240.6323911852737,909.8483532756487,729.1382998384121,1148.378288672426,713.6576469375286,207.92298511073736,1792.9793571688467,347.1611865117413,125.60759143304203,159.5409143405227,288.43402912839525,199.16730070219856,251.94241673821026,1544.3782705032665,567.9607965717702,87.6136021627,180.1537865951,156.7123003687,96.5275848845,128.1518340684,184.6140951235,221.9853174395,246.2308154281,141.1467074525,175.5877277208,379.7571243481,343.9195696149,1691.1595344701,568.0651917497,621.7688449228,766.8237340188,976.8267925191,876.9440051996,422.3366951414,354.2525727343,830.4958034805,263.435766115,999.9021032711,732.7326500429,582.1142027644,924.0174119643,564.4063402462,174.7935914145,1433.3962393293,283.0498288111,104.07826895,131.3834209531,231.8646179573,163.4667428922,204.5062140617,1234.304602179,456.7513602577
Sde-CMat_194 ,Matnog,Contemporary,CMat,96.29052965479002,175.2694925858177,150.82843940454336,98.71056952591243,110.97994073781979,177.1780949628085,221.3950430499518,254.46961428763944,139.54616551471418,165.56270388520477,363.27292881964104,313.5297944207695,1539.706837386848,504.74079403242223,550.6685316721304,655.0075500023187,884.5733183725869,766.3122345451688,396.7696274444906,339.6956777254606,769.2616190883566,241.69991048479912,961.1570959742689,668.9180231911008,546.0164618930826,874.6423366882545,528.2402975765481,153.027102668939,1287.857201379633,303.7116397469152,112.54987936026419,126.59790721291574,245.02963556770024,169.1207734207717,194.25174619807154,1101.8700852295653,438.0186384573148,102.3403807401,187.4883524759,157.6154893916,104.1917761402,119.2261778118,190.0146227354,235.9352377992,270.4895704447,149.9340497297,173.774231088,384.9003338521,333.0395475641,1662.3603418708,544.178613598,596.7023588504,706.0227992521,951.3792144745,824.9002030076,424.2974998366,362.2824527837,829.3799354945,259.4936303355,1035.3693041256,720.7593503571,590.1002337969,942.7127136115,572.748431813,162.4638784413,1391.180285333,325.8610547323,120.0876397031,135.3637330924,264.1848301561,181.0402485104,208.7373554886,1190.3872449279,472.195704402
Sde-CMat_153 ,Matnog,Contemporary,CMat,76.04818208905458,149.70322577927305,135.22131533578573,90.18803337660712,107.56531465756048,143.71418273239425,190.0358915491492,222.81792354810688,120.74911337119622,145.46802178850172,310.80222584029224,270.1491989919644,1265.1204003439393,414.0817568193267,457.758843832099,527.445867249645,708.7713896822656,624.9066987434605,335.70037735940963,274.7314399799193,606.28379645406994,186.8665679609116,808.073798532436,533.5556995143901,431.56963636230256,744.6661398010251,396.79220985978293,131.75243973832136,1032.7261788018836,298.99195104485665,104.3622689460133,99.85905324486116,229.81247647595194,143.7033067295252,149.38938830331966,904.8332417298781,360.290216189241,94.4887275893,190.3333946119,158.1814682111,109.3385789978,138.8610483383,184.3890072032,238.3774521164,276.9641141147,155.9512755121,172.8516366325,381.9192516069,334.9783078266,1662.4028482708,541.380420221,609.3574278417,689.0262085754,918.6918365868,812.4898798317,426.3354105376,345.5589402701,792.7115773422,240.6872636127,1053.2742316361,696.1217770574,569.112098693,972.6028559402,529.3492530507,163.0637407437,1359.5776665103,384.2255344524,131.4787703204,126.7612679346,300.5022776413,183.1706657129,193.0248171736,1191.6195838861,470.8835158995
Sde-AMat_045 ,Matnog,Historical,AMat,88.58577467347678,163.06745113927548,149.59758070784432,93.23464524612086,119.30987077396408,177.39722658669163,213.4016470976735,235.31006223334353,137.18752449056728,148.09789327958043,357.2456203912652,301.19068517299803,1569.744044497908,503.8075159862644,560.6370307188245,643.9438457089408,890.6323445159625,771.9670377551171,357.80157663823957,304.0167550242749,785.5358090185576,241.05197059771143,961.6707022874357,699.3831821229976,560.2585962794324,878.5812838800746,558.80443356874855,165.17221821810708,1319.8238391255177,265.6535922908065,94.16841589004251,130.32344385581584,239.70171098940867,153.2933452415988,198.388991101447,1112.1210687992022,457.62340535839076,93.8766005857,173.8723650097,155.9993510554,98.1568694983,127.7349064856,189.6120396751,226.7236657284,249.3920192412,146.8927694948,155.0824936223,377.4650846684,319.0070418849,1688.5673776506,541.214715381,605.1678489882,691.603429057,954.5544936193,828.0542880985,381.3960061094,323.2310087965,843.8728824905,257.9171821058,1032.2313524675,750.8907147844,603.24012452,943.5581444178,603.5400320819,174.8550475937,1420.4407453264,284.0661540746,100.1630068085,138.9002035931,257.5084647513,163.5618105096,212.4485209087,1197.0143754309,491.5544749403
Sde-CMat_174 ,Matnog,Contemporary,CMat,92.04264421777549,131.8485671570609,127.70210780633187,86.45818630829584,104.0180930874048,159.74243262953027,183.20775242311666,217.60807813847353,115.55750807013798,144.63328081523974,300.58453688812733,267.0915264342544,1273.425093194323,431.2544046936216,479.58331441205286,537.3444002967929,745.3524933613625,647.776918833822,347.1543509322763,289.8918816735646,639.8811763245112,191.48280803092996,799.2500012636847,555.84841931595,460.3261017255161,722.0835717490326,432.7021559401918,124.46416951673267,1080.6853799989756,271.94243944077584,100.414511093218,94.27181005268746,202.61162055676863,135.83595478679422,177.365098997097,898.8259080505525,374.6758968052389,114.1983603236,167.3682676537,149.2314585742,104.6840286281,134.0563413959,204.617871589,229.4699268954,270.1013851029,148.9951531722,171.6648435756,368.8631655823,330.7185124524,1670.3114926443,562.8388116576,637.2091927149,700.723980692,964.4597869048,840.7718760412,440.1890619836,364.0779878378,835.1653546204,246.2226872158,1039.95811973,723.938829838,605.9294196855,941.4523753864,576.1620095426,153.8274474308,1420.1440672537,348.8888091142,126.3131606685,119.481138647,264.4674219543,172.8663654911,228.7859335087,1181.5659588068,488.8232370885
Sde-AMat_041 ,Matnog,Historical,AMat,109.21989493173848,157.90907998877074,147.2368593716261,93.64383902879032,120.48198493505166,185.6637891382162,224.7703243750162,225.32849728636188,140.0684292403538,160.4032459244201,373.8612524806629,330.30069486218156,1648.8496053945523,549.6224209522843,602.6316133740828,720.0883588959482,957.6811461369647,835.634465513253,387.1634059800719,328.38174130333437,821.6123732622885,262.20447274453585,996.7639329684037,696.4975593684806,575.6231631816512,904.1822587917162,581.7262725505528,144.91448005634226,1402.830683755905,291.52702910028773,103.81616752702821,132.48469050180836,258.0721989816802,158.2706496750424,229.37120503727138,1169.5435932275548,479.65199014941044,111.6125731913,161.7394103986,149.5597629731,95.4609865993,123.5924821825,190.3401355261,229.9129306545,230.2744077335,143.6910906779,163.1885366094,381.6298651333,337.4684700849,1694.4125492169,564.5262882101,620.0861913329,739.5537223286,982.8021476132,857.8180125381,396.510524751,335.9863443831,843.8960917943,268.9128486663,1023.4807837086,715.2344113129,591.7391970229,928.6061230388,598.7052003643,148.0315290215,1441.8651992328,298.9172611277,106.2373725131,135.6769606795,265.073744437,162.1509368,235.3137395765,1202.1282803792,492.6409021126
Sde-CMat_156 ,Matnog,Contemporary,CMat,95.49722665470446,134.3612969473725,166.68825498111738,78.84102901262769,90.33557888766745,142.40702551952978,183.9287132561961,195.59250246410267,112.08101335574194,152.20435455695738,334.08050796097046,258.4547668784231,1211.0409713271513,392.2931726296801,397.1079320807883,449.058829035406,630.6121940353676,550.1499334029679,280.4985001233518,255.16116003187082,445.60449969084686,117.022286116107,825.1274181368353,462.22769117633993,342.8236810555682,773.8544515516144,296.3392897804137,158.251876665776,808.1911828519351,376.0877304903206,85.12728885739277,97.96891178741335,351.7964016702843,122.56049908938847,138.68197100636402,843.5803029688695,367.4612219138778,122.0201906934,176.1957351329,198.9718953847,97.9833151684,120.5196779901,188.6745641842,237.5538619499,250.033866875,149.6074876974,184.9204577672,421.56967627,329.4838774077,1648.3365281556,530.9185514327,548.4690539846,607.1773797445,845.1682775696,739.9008697724,367.3711865673,330.5703923615,603.1043312172,155.7234019561,1112.8619510654,624.0864236609,468.4887230298,1046.1089135899,410.2968817396,201.3164687981,1102.3525632938,499.1734931185,110.4858147518,128.2438529655,476.1827938342,161.1830904352,185.2055450865,1151.0718896577,497.1108121861
Sde-AMat_021 ,Matnog,Historical,AMat,145.72504890244505,241.66119676555442,187.09339442454933,126.24512791113968,160.49782957591663,266.9090456318969,311.7373014949606,308.2290105116811,180.59165119309918,227.80664225263496,524.0618609012967,439.9250693685574,2278.3392191397334,793.5094893484576,873.3309401000345,991.4548215440582,1345.4882934194743,1172.7969879558568,470.0012235253118,398.3394610118861,1089.4540264192383,337.5303812640426,1322.983244999346,925.9839270991749,769.5540896763789,1193.1724370057498,795.0060269606515,186.29168329211578,1931.5547432915382,376.32666361406007,127.6597750869472,199.28020649086056,347.9704385265508,236.65099549820204,305.4997047048657,1640.1148720821536,638.6089817699799,114.0230811455,184.2360311813,156.7108708772,101.5606923224,120.2684807694,201.4030267035,241.3077670742,241.0605739615,135.2564454216,187.4686554154,415.2110953053,345.0082881162,1673.4198972032,586.1528687841,632.124855607,733.0555536812,1003.6424473714,871.7839364684,358.7680906153,307.3956912704,804.7146825369,253.5773207268,980.6440619399,685.6327675385,562.9667793927,882.3928648093,574.0213186915,146.4078416393,1415.7068522809,283.4565804421,98.3352983721,152.1967831104,257.0016456698,179.8982970643,228.695803834,1201.6301321886,471.921121082
Sde-CMat_151 ,Matnog,Contemporary,CMat,92.02586075935395,131.78883891532695,145.0072847624215,81.62301102630315,102.36247977481784,166.06942226614146,170.02651008807422,225.4954368917695,116.0804601326597,148.17349585553418,313.3444054695249,267.5258563764632,1333.3982758641396,444.49868185822555,480.75736487139744,551.3029054954454,773.4630311883951,673.6360208921803,339.59040088061965,287.2007160659771,569.3352488832656,194.70853568544456,840.4504476483133,577.330711930311,397.43183864028805,766.6650397816246,348.47489182380133,228.66677922286823,1002.6855047533599,291.47571260336616,101.49228258838214,111.3136111713208,238.8056441632819,147.64103725252002,137.96023181337438,926.4825195438606,406.9400106661423,110.4363617634,161.2406076173,165.4248995348,95.952234348,126.8530407905,204.7409345739,205.6813790762,270.7029674398,143.9078569849,171.2732936152,372.5539156323,320.5016945167,1677.199060677,556.7463273795,611.3367781456,690.0426746803,961.7766143154,839.817200619,415.0920684632,348.2239012415,713.1388575029,240.8331587064,1049.9900373009,721.848959918,501.3985297022,959.4466760467,443.9344408386,273.5165938707,1263.2041693677,359.8305883021,123.2232544628,136.0094022443,299.1437626564,181.021987582,171.095098678,1167.5412916064,509.5498981436
Sde-AMat_009 ,Matnog,Historical,AMat,88.30206468577053,144.00201663508045,160.45146002081134,92.41645999609595,119.26407708379755,154.19159418133012,201.00859860359208,226.9077181098298,105.14993187149479,175.6070699583875,349.0872738521702,309.67128963014966,1443.9821951621873,331.2742646060662,336.03467436252754,611.6007522007311,664.2052693633196,705.7396203378694,474.3468776146102,335.5228063196897,864.1424183881844,226.15275200644814,920.4532826769047,789.840100780411,649.3371464800778,1003.8824634325523,475.8188025291246,166.37911227903572,1183.5960128583445,303.6410264217271,114.55833697854548,98.78628582596879,236.20796287077198,136.218754348144,170.42558888899288,1027.5949539126882,416.5365546890333,99.8055334131,164.8878206452,175.2913661671,103.0188496027,137.7418905946,177.4636998948,228.4191955257,256.528609,121.4720559619,193.5493763187,392.1103374137,349.6144603192,1684.4541258127,385.3460859947,394.8730649088,711.0972525238,768.8628331033,818.3636936293,542.8038382798,381.863332069,1005.2207228747,260.8565438834,1068.8507911866,917.674364864,758.9927680587,1167.0689824429,559.8186424286,187.6411002902,1382.1660043003,349.7834201794,130.498797058,113.0135355794,274.7833049468,156.1997572163,196.928451482,1200.2270833063,484.4274075254
Sde-CMat_169 ,Matnog,Contemporary,CMat,96.14597028861894,156.30172441316827,155.08455592359937,91.45500335186696,118.30773990255251,173.6317689061826,200.20690552668262,231.71913428564764,122.3312421442699,173.48795079918378,349.15579205735656,299.20395355558065,1462.9127745733647,469.88169784389345,505.9653983465667,610.185205083809,815.1307897929324,731.8468446345861,388.0281141386666,320.62969142468694,731.7491337741645,206.82549980396522,910.7325313887769,661.174607018668,537.3238000581773,846.3079245395494,492.7600738877796,152.23795439971585,1204.302817932118,299.9023247713327,106.60821521951283,112.87901981878643,238.0849191063767,159.90866302749205,203.87310800105547,1020.3985682768572,442.5250804565093,107.2227736845,176.334930121,167.7937314697,100.7410087581,134.497649383,196.7833580183,224.3434661047,258.4695354859,139.1034039082,189.1861844259,387.2243126646,333.3360138524,1677.9741007179,537.5965647624,584.1382923508,697.8298278022,928.5611226689,834.9797469535,437.5166288032,359.7765613446,837.2239036069,234.860550077,1040.3820253171,755.6602774891,617.415602937,967.7743756049,569.51396428,169.4450554647,1382.6477482047,340.1623296673,119.7210550114,127.2459388395,272.413627997,180.6349164447,231.8755441039,1171.7127303824,506.2065775714
Sde-AMat_034 ,Matnog,Historical,AMat,84.34165887152088,157.66279874700942,144.5315213624004,87.33859436474803,100.38675381348875,166.06777510212513,180.75223393861552,218.55240434994076,118.1249506501061,165.07101006421448,337.48194986797444,277.5930516361135,1256.3991375440728,424.4527707008755,458.07170944411087,528.7152527561976,768.548912680826,655.2283901546696,291.0266834810856,241.49127092042065,624.7334775092817,209.8990347294622,770.9428924260538,534.4466299395666,426.02349676965014,692.4279403938074,440.4538449917768,128.5150986111748,1060.9410906595003,218.93523814646642,88.94687071932316,122.19295654746233,189.01698813863274,138.1204749964682,185.83013284405746,870.5967153110215,386.14322959934185,104.7716869886,200.4076197865,169.0473891408,105.8647680328,129.5625489925,213.0189217697,226.6835087876,271.606043509,152.525100361,196.1127269572,414.6227874064,344.1383387557,1650.5156098337,554.7987644084,609.6086076105,690.5095536673,995.9290783166,851.701552527,369.5166474278,303.6832214859,816.6268625023,270.2886205958,1004.6240356642,697.1084189194,561.6511059184,904.1460758295,587.4365068568,159.0248984793,1396.3584741432,281.28019685,112.0334532041,155.0769017877,247.095373521,176.0140521522,240.0512978148,1146.2326784582,504.544243108
Sde-CMat_164 ,Matnog,Contemporary,CMat,77.07785707062696,141.16462558534278,140.16095424232807,93.83580552608902,99.07024545386973,174.79452282151175,183.32534709431212,225.33000014920339,112.46839357259441,137.40819833605275,318.33652949520257,265.1144278173106,1196.9154216502225,374.7907347174554,450.85875621512554,486.66350431045265,682.3778527338427,609.6042565889528,311.88100807574034,266.8349181828345,688.3435640455208,158.57846028947304,754.5440210121938,624.6904551755295,537.2357727187292,709.2982984641159,508.4650190467876,105.94879608867683,1119.120988214992,183.16594212964364,80.3578569054699,109.23723972899536,122.26282134487981,131.43663326291497,219.0365269260129,869.0054563343663,328.06436634387774,98.4839184429,185.1148573343,167.3054116157,116.6175126292,132.1710049409,231.5814300062,236.7715929641,288.0450319155,150.1224296561,166.9422856065,401.6980465933,337.9697119937,1629.0855937458,507.2236706584,622.6975475575,658.0132800979,914.5331894216,819.849458193,408.4676768222,345.6897463022,931.6261068254,211.0198834543,1017.6500239023,843.4264414318,734.1529675801,958.8266041165,703.9844855172,134.7787125415,1526.4296636395,243.1089834234,104.2942772808,142.9924872929,165.4894191142,172.8540316952,292.5124299167,1185.7465255278,443.8071343478
Sde-CMat_182 ,Matnog,Contemporary,CMat,106.65853862195,178.8544594010728,156.67333809918014,104.8038848357254,138.74021346159884,195.7506802275281,242.4017151508834,263.21602839530874,136.05874686244908,198.65557847138348,386.17120155042636,344.055528621137,1712.3112725941683,563.2561110652418,622.0462161926637,735.5193730187261,971.5385792736386,864.8847696367649,460.0731785352846,372.0032500239212,859.9932862179797,261.31396388222345,1057.3725001653913,743.8230415858063,618.1702901581731,983.1106854948989,552.1843389147867,170.26392590105527,1431.0498182779,373.0517429497012,139.96046023702561,130.1347872738492,290.2896247383978,179.62189409492927,246.55278158692505,1199.9837563740687,512.3424034939522,104.8032204069,175.41677528,154.6999343146,103.1854597014,135.9058968717,191.8471043107,238.0017808661,258.6286324985,133.2743286798,195.905467109,379.7931609588,338.1259609506,1674.9298304987,551.1840664541,607.8290292845,719.8033142354,951.3801971313,846.728297784,451.2709790844,365.1703754682,841.5578219109,256.02260286,1034.9656293415,728.0043926354,604.5014645269,962.1192953935,539.4691174903,167.3548994124,1399.5964418106,365.5654689501,137.371842197,127.6497878087,284.0649111543,176.1332240023,241.4986540345,1173.576218554,501.3760747721
Sde-AMat_019 ,Matnog,Historical,AMat,139.00843393136262,206.3312867940778,174.27563776271202,118.43386949741193,145.99323630596726,209.6274825129806,288.90241135388607,302.273581372984,171.29338096318838,220.6974670689494,455.89809844922587,396.38582224778173,2106.547355928791,711.7791292471634,785.3223329749703,930.2296303025023,1153.4713263493377,1051.2759961683992,482.672405365834,391.85242204284,1043.5839196243924,285.64851694696404,1269.9491477583028,918.5546530599034,771.0713005449043,1201.8697747933256,736.9564329126181,177.47733050564491,1800.1582974698254,381.91947429551163,137.16501438048974,160.46819718813427,325.0610674733133,190.76625059850082,280.6055372566443,1510.4296013931732,596.182683603474,115.6798703931,168.3939749839,152.6180250561,100.627811239,117.6221408565,169.7720189797,238.4878018008,251.4563777312,137.9527655793,190.7289205455,382.9561480222,330.4287314359,1671.920019887,567.3366554873,616.4923008459,741.9748566305,926.1423820225,841.8886203039,394.2971902506,322.727160561,831.7708344746,230.580826489,1014.8548143427,733.4515324983,610.1457973795,958.7986989484,577.4613697736,148.1806717701,1426.4805548682,308.8906325285,112.8146328015,131.138372668,259.0667725525,155.3558982412,225.9054129129,1196.5435669545,475.3423037593
Sde-CMat_158 ,Matnog,Contemporary,CMat,114.35514731366492,169.45499259523157,171.46409219851247,99.79816874762781,103.68900729879715,215.46162796660565,229.95811040554764,241.8680964203836,140.84102153314566,175.5476410477794,402.5184167076085,327.3440207265897,1626.4770540913787,510.2430464555592,551.395841408765,689.5461574064494,947.6991158143496,833.7314647544615,435.0510715367221,362.7643006945971,846.0294809472128,262.5095017668695,1008.9014157095279,727.0595552247146,604.4171634530576,923.4306665837179,563.826334508384,158.03134675639492,1356.7006157957367,326.78339740845155,113.85717035782159,130.56117601247342,266.3594286490346,175.2335835558071,223.26865314288975,1154.8792900459557,471.5990576572855,116.2660565522,172.5894847424,173.5289906302,101.275783926,105.730020267,219.5995885929,233.9708956974,245.9176612407,143.6183015435,177.8740339723,408.8992487199,332.762675367,1660.7374951807,520.790601458,563.5680265792,703.7558434821,966.6518145824,850.6051353573,443.0607136209,369.171393028,863.5217476804,267.6303196948,1029.5170898941,741.9702528473,617.3160647147,942.4461817728,576.3685248646,160.6243130565,1385.4767332466,333.0997738915,115.8823221928,132.960228646,271.8682698405,178.5096404292,227.6788843114,1179.4058475233,481.3346293915
Sde-AMat_002 ,Matnog,Historical,AMat,90.47198159170607,195.63984147982228,236.52820914766176,142.33537983368717,130.52135450450248,242.29287127897516,255.01533586735522,324.5441825496492,144.7912287097875,141.17163879391646,478.9540591330238,434.36350691781195,1936.7908514225614,693.2190368554589,754.7973706379746,381.79951864722136,1137.2482386062466,504.32040392339866,512.4397536520368,680.1424447218759,923.5721968659733,256.8915090177369,1631.6478761440073,843.1476762904587,683.9462626109525,1050.3048089202487,1149.5223495985801,199.63291507286564,1643.1931847778096,336.2465010747322,119.34850386762277,169.47965700416663,297.11218520264345,217.28598136624004,251.88146451606949,1401.7135705700364,535.3378536904428,79.6997286625,170.0455429051,215.8304842244,127.199070674,112.4401762337,209.4793623601,223.4048574916,285.8315551907,124.7002402939,127.6466285812,424.6601722189,383.0970756229,1651.310681616,592.78078184,638.6876125953,326.6392728376,977.3951395796,432.6528123056,445.6906532208,594.8873189853,789.7346198399,221.59799624,1397.7333996901,721.8703697615,581.9254580993,898.6640642726,971.45892289,176.2637922286,1399.4556651381,290.4388499116,104.2903298214,147.4433978957,254.0448506237,188.5794003542,216.8758661975,1193.5539819557,457.8701633487
Sde-CMat_184 ,Matnog,Contemporary,CMat,112.67177605296722,163.20186309622815,161.1285156315914,101.44170680469651,136.41603534496957,202.25586985084018,238.23257997857894,274.3275110416926,146.960527842717,169.98801395760228,371.06369828082074,332.6786739598587,1727.4685350902719,571.4635875129927,642.5175400075004,712.6969967809392,978.2810373442235,846.909137241493,448.28167195999663,367.39742013334825,857.3246956952773,258.84997870560085,1077.73317728692,739.0576090483337,611.570250092244,975.4398263818427,586.8810317954141,166.25802262751097,1445.8240443077054,359.8504273750415,131.04442424231533,132.0364216427041,277.5056891543127,188.1116134671382,228.97150233705938,1228.66122246063,498.8093881657002,110.086843937,159.0659331073,158.4496937735,99.3749889886,132.7423022818,196.9385690391,232.5300274129,268.0218282999,142.995900925,166.8825232078,362.9796424741,325.116580416,1677.7658168163,555.320432114,623.1666967835,692.6253022834,951.5243263526,823.4740711527,436.9732134153,358.4985446983,833.1016357824,251.9402365015,1047.6304017097,718.341185746,593.748672441,947.9880828678,569.0735869788,162.5113928227,1403.9433285254,350.3303501739,127.8483678694,128.7119902831,269.6626578423,183.2945340345,222.7840920365,1193.0268688394,484.7371708982
Sde-AMat_008 ,Matnog,Historical,AMat,94.64013088716644,143.07856322122475,136.77435888385656,92.70468918911277,95.88514043505381,163.48077022527752,193.6302649001442,197.12689881852754,105.97400393101131,131.12159966603514,343.0770296452533,298.5395739349308,1293.3406086352118,426.49877110890964,437.67559782863157,553.0282459361096,749.1487675948482,661.1358316486861,333.62617881314407,263.5399034879538,655.4035260801164,200.7660177576374,794.7878453094007,573.6056782510176,466.89356313105236,742.5446378338745,429.01330791947464,133.43663620250624,1063.6611052943506,261.1749562240032,91.29780113650047,111.12615720706806,220.63931182896687,144.59191094141474,167.4420674293052,916.414530118663,376.9991840106422,116.5099570386,180.0655691683,158.9363634235,111.4745289855,122.447665536,207.5422723911,240.5601121065,242.7773005292,135.390122676,154.6677661146,417.9069334164,366.8163966122,1679.892816569,551.3042914686,575.5894987089,714.2948651934,960.3913199403,850.0668830681,419.4232792266,328.2696333247,847.2355817989,255.8259593727,1024.3658525714,739.9710331051,608.5041911113,958.8980374141,565.3729443329,163.6598783817,1384.0499984603,332.0728732646,113.8972778628,139.6422286098,285.240868647,182.4141408416,214.0092949769,1192.8458848214,487.1527622746
Sde-CMat_192 ,Matnog,Contemporary,CMat,103.14460298653538,154.98355083404815,155.42996109029306,86.33259856589514,115.39026768168101,183.5477564272851,207.4355701369705,229.53071085926607,130.04375028220312,157.04865531818479,359.7334581528524,295.2052826936537,1445.06942892505,463.56616080893997,510.06285672831535,610.8932749477112,828.1453304588815,741.3695362671236,365.49590810978987,317.83703920116034,717.2791112832228,205.41014845902822,895.5400083980672,646.2316883982089,535.7666758618064,837.0593021717459,475.16435026656836,145.55614844660454,1194.914460852324,311.2995853052974,116.81401846632116,122.85876842521233,244.45792540427067,167.17887952672132,204.13910936261078,1020.0478154106406,425.037009454765,115.6871964677,175.9568374306,168.8633406093,95.5818881605,132.0660252249,209.391124404,233.8349422934,257.4992105406,148.8728248579,172.0389237675,401.1257540381,330.7491589014,1669.4698425607,534.1277143333,593.32121026,703.5730383772,949.8529388594,851.7111812204,414.7124744159,358.8034628697,826.4824143386,234.8130861885,1030.1903997058,743.7725073763,620.1273436986,963.9526853634,553.3614275436,162.920145228,1381.8380718965,355.4292309923,131.9824558954,139.3685523804,281.687785781,190.0580134847,233.7500708772,1179.8323043193,489.6412298242
Sde-AMat_010 ,Matnog,Historical,AMat,102.18617178708672,161.3353442839479,154.1977519853322,100.63639910852336,117.32528003090384,177.80377685420524,215.22221579627882,261.2350044699408,128.5737144271721,169.83948841668123,363.2089148223375,319.7413494888642,1520.0553227979728,495.5203938847723,531.880435415799,599.8222432538242,850.8730081181915,718.817176772599,379.80524164472763,319.3985057837466,761.2113368692297,225.08143594432661,991.0569307545405,683.3915204228173,548.5292364474659,896.1476841514238,535.8998155092144,165.7830373500558,1251.9038786799008,324.2686410636867,117.07747080459167,112.68444128738444,260.3874096895624,151.01684174703826,194.80573714149168,1056.6644379774737,463.45340676313936,109.6038881696,174.3366233831,162.2040411249,107.089305872,127.405687215,192.6972493181,231.5563262008,280.236057387,139.6409914613,179.5625034365,388.1859896261,342.7276910165,1660.1245735776,540.302054271,583.3279279803,653.8556923072,925.1849772672,782.3741378333,410.2643331345,343.9415623309,830.0183420066,244.2409186666,1079.5573003374,744.6473286138,599.7619845637,976.8139306832,588.1484910352,177.5937459568,1368.0914681934,351.6111362287,126.1393283092,121.7032196071,283.9315779577,163.320707947,211.6037165811,1154.8610551848,505.2787076208
Sde-CMat_165 ,Matnog,Contemporary,CMat,87.29885273255312,119.46535540335535,143.3285919267332,74.6995359523069,75.29463572851655,150.84357247851165,182.43667738229067,193.3141751277438,106.04002635467417,131.40579851931955,291.3420444743429,233.4722634329397,1123.7278555160055,343.73633791908003,395.51197102252155,463.7627806107127,635.4890828150944,556.9018086101175,267.92469121281084,232.20072664548235,540.6157429300871,167.08689955436358,714.0187241537086,488.8343217504782,387.69694116275923,657.5919623064138,374.2028336958579,120.00001487504078,919.953268222908,236.40733568620493,84.97925058012682,89.64812280137261,188.65649276036055,109.99823138437273,141.4708505752687,796.8811229252515,327.1142897910302,118.6244128134,167.6949443143,178.8643817245,98.043574736,107.9934632542,214.479363293,251.2593553128,262.8370468068,152.1882720572,167.6496822608,389.7485294687,316.3447416386,1652.5850077039,501.9241408657,592.3996242701,676.3976441123,916.6863652674,806.8308434801,375.4973015827,321.0303751388,789.4661536415,238.8814097894,1038.1247295514,711.6849057066,573.0249191707,958.8356679722,562.2055463015,162.164824148,1356.4963147856,336.8961144533,117.7556392734,125.5602569369,275.5281069962,154.9618256825,203.1629104705,1175.5973122388,477.4112465533
Sde-AMat_001 ,Matnog,Historical,AMat,118.01866229118174,242.56588571777777,169.22709431828582,108.38566866011394,165.5347640734115,277.96965793715685,274.0412646194912,282.95958122065775,174.7966282092707,169.16203985457258,486.3187028654461,417.1847627585649,2115.899125945101,697.6604754306209,786.1865970347369,958.7144135008506,1255.3904607719228,1148.49055196658,524.3718189843921,417.21963054602315,1040.9034865808887,326.98578574788246,1207.0859777639869,896.0170454730257,731.128224595529,1130.3911829592623,698.9286838564077,194.52510546672374,1796.749745823889,341.22067272926176,131.5209272771447,163.89570308583438,285.35846450457706,204.04140589458794,265.156371735171,1549.3309064547861,566.707446634408,98.5776156581,198.7800929224,148.5944960832,92.393773843,133.949297859,226.0812291377,227.0976554695,236.2658536825,141.3907917383,146.622930503,409.9502388895,349.0471561247,1687.1962646538,558.6357269164,620.19452076,768.1944099011,1012.452497999,923.8746968622,430.1144041106,344.9686524139,833.4434829242,265.0929131201,968.9963205409,718.7140234958,581.2799778628,905.8999096856,550.3673880729,163.0070525135,1430.4841184021,277.1591998137,108.6002414743,134.4864071085,228.469113145,166.8572568988,214.4045180793,1233.1476180078,453.912733179
Sde-CMat_195 ,Matnog,Contemporary,CMat,111.82920954044164,169.99424715119034,157.98359670927863,97.32671601199749,128.80344580833233,192.16407127847805,242.22589604850265,246.98782893612392,143.26395259729506,157.0652217945462,382.63588284059296,335.6667559189322,1563.2541682997073,545.156653533239,583.2881859318771,666.7222762708999,933.738385217942,793.913574489497,420.52754425256154,362.7102911217712,785.9508217154621,241.67845262093596,972.9615287646731,688.87248382234,562.439975955977,869.0588621182399,541.0012833866108,162.26490925951913,1322.1336055515458,306.43083297933646,121.64625188755308,141.30440611633443,242.24320823967375,176.76793764809273,222.86211631912676,1103.1010035433249,460.1993383571513,117.1874663648,179.0252166319,163.4158775361,101.4515339161,136.0928929803,202.7701370138,254.3539998527,258.8455729037,151.3865581805,163.0148480764,400.0148239275,351.5968206505,1658.0460948422,577.5860181472,620.3889057245,706.2574121304,987.442010602,840.1334550375,442.7616947572,381.094917961,832.7135663196,255.2308697956,1030.1611807813,729.5210272815,597.0018815086,920.55376066,575.6819184107,169.8969927786,1402.8715556448,323.4545701828,127.8564234511,148.7606574254,256.660718765,186.2609221565,235.5197075757,1170.5507126305,487.5372905464
Sde-AMat_017 ,Matnog,Historical,AMat,127.2041137410658,195.3013324234374,176.60576272256796,117.46498976026861,141.2332301907026,226.97066031454375,263.6267951031533,310.5413289659204,169.69031232716264,200.1171481186458,430.6007950896747,401.9684502465585,1911.651604877259,620.1305338433918,686.6353646057347,818.8592799915319,1110.6372513690553,951.7128101862716,466.2360521480079,398.9144159491356,956.2964018618077,317.0679682938029,1166.580267686819,806.8244343140891,664.4176041029917,1061.992851211669,659.3621823303488,177.83441113353175,1611.7107855622517,350.261631960225,123.95633315809275,169.50360899296533,306.3210159168974,192.1857931149959,243.8461996087083,1364.379731300667,547.3008560117917,113.7808383292,172.6396354567,162.9372546222,106.4033433522,123.8709993997,199.698743314,234.6561133356,277.7114502814,148.7951299524,183.1510264522,387.3559273226,359.9241628404,1661.4542198965,540.3642191759,592.8072425285,713.8335174948,972.0828674601,831.6663841054,412.3726873073,354.5796298197,833.2671928037,278.4145479459,1018.1205246628,703.8019000912,576.4059543319,925.874996611,568.6258387755,159.3870669605,1399.4211202113,307.9236745536,110.0890360219,149.9567251199,266.9012549547,169.6636635089,213.7720286776,1184.4572660635,476.9901720841
Sde-CMat_152 ,Matnog,Contemporary,CMat,88.35879078178927,135.232941328694,139.44634567549622,78.3890894373063,91.35693580046343,144.95385511182508,189.21596375583644,223.8161284869569,114.66195703218223,140.07230966872075,306.6740524014544,252.51635054498945,1245.4845780971236,383.05748439706804,428.19678852832385,495.6061469325517,681.7672118727991,584.9732166843282,296.76675981062976,260.1884840649178,696.8556393475624,183.19801084209405,793.788221205228,629.3807451200028,524.5087899549443,727.8367167815594,521.6053091946054,122.80237716514283,1107.0611869371494,188.01644641650375,82.04040584864278,100.67401533012385,131.4103896844158,122.75393264641261,221.28881022961826,883.1833583548548,362.63661665117326,111.3515598605,174.6521890338,164.8025282982,96.2363583803,119.9195134799,189.0300420986,240.8867143491,282.1837696382,150.5834777713,168.3248182345,381.9497670664,317.5415459824,1666.0396362713,509.6595046007,580.7496043883,658.8261825672,898.7823491411,773.7148360428,382.816742193,332.2038658077,927.221032338,239.8932279001,1052.7087902889,835.5244570662,704.2761208379,967.3390823416,709.0762407826,154.11694927,1483.8369651323,245.6028268605,104.9272643211,129.8014450759,174.8668006036,158.9660698863,290.7489447885,1184.2011967393,482.3055440966
Sde-AMat_012 ,Matnog,Historical,AMat,79.92104917454472,140.93659097001742,138.88221295029106,85.29849618580627,98.18504438232934,143.1437923075255,184.17119594116772,207.42477687393082,98.8458030988671,142.91848869792875,310.70194678710976,265.89027001562124,1319.1180338632703,422.29944973229607,455.9123160356605,533.2176952172724,866.7295184593922,631.7101381204832,296.0558666998173,298.47030908827435,670.3776600620355,348.61390893613236,830.1414184964874,443.0364084016572,351.1186785845492,613.9625338583863,472.24186913107354,128.79473343673652,1101.261382168761,258.6593393740308,99.19201643700973,96.01164332418239,201.70781783808,139.19729432215985,173.0766655219876,929.8498635696517,389.27122249588393,97.5369787967,175.6708629238,160.3744050803,101.7801990189,124.1077420377,179.9176957596,226.7392028146,253.2421132307,124.9949067852,167.4215824499,375.3573085202,323.8954819325,1694.720769968,540.0421315148,592.7369153364,681.3694859077,1099.6328607187,803.7306622616,368.6424614852,368.3770139003,857.3291118956,439.7369909913,1058.6262267608,565.4715369697,452.5677732407,784.4097972162,615.1925084741,156.6222634282,1417.2683881889,325.5845523281,122.6051782757,119.501040902,257.9780832947,173.9085189545,218.9502622435,1197.0502152492,497.6417706842
Sde-CMat_178 ,Matnog,Contemporary,CMat,100.55986306081569,177.25544718651105,157.08104029990375,97.5568916850573,121.81632757327726,193.6488265881826,224.16277081185888,257.5826872207059,137.8936191487119,171.8496696418704,369.3499206754754,321.56249542272496,1647.6059867748265,528.5154947305235,588.0104018352397,680.9341980079574,923.2827252496876,807.711075036761,416.457923025232,356.6129591745791,820.9389544034564,239.69168464058163,1048.6505704882634,729.2638129524115,599.8700564170211,960.9168721969712,565.1665464850252,163.33245982195314,1369.8298314902768,355.4340960988973,133.5793902901569,125.67207840491058,270.3371833977708,184.1601980482211,203.29619864722028,1182.501684878673,465.1115109109749,101.7580679293,179.5928046792,158.4308033278,98.587124630900007,123.5253933468,196.2997719195,226.9516998911,260.6578386684,139.8317038107,173.4743606412,373.5253791415,325.3581275974,1672.3377071567,536.3014579106,597.2591797988,690.9344312865,936.4427377699,819.361607094,421.9238274021,361.1034870657,833.0352147651,243.0244006132,1063.9218014435,739.9224711019,608.9925208168,975.0186668173,574.1240795446,165.2434863228,1390.5341925578,360.3310839698,135.2733101339,127.3182865562,274.3217147479,186.6145141742,206.1583913451,1200.3973218987,471.9542068134
Sde-AMat_016 ,Matnog,Historical,AMat,114.3277594694307,201.17608527069015,177.76041252621457,104.9876164645145,125.87964365456399,217.65756681820181,249.1401392002502,284.61610500266846,154.265296917356,189.12618328547217,439.64962113251045,370.1141875318481,1873.3574530723015,625.9810685377794,670.8150432667712,793.8123080621135,1093.542965699734,934.9106747980792,428.9956366156186,377.66062162779156,945.6009686062085,292.88689812077615,1139.9393007583737,817.7531567855243,673.3298798819268,1026.5535127871124,686.0843236237366,168.48591609935838,1585.7591409050744,319.8113433339881,107.01775924494962,164.16986785549298,280.2730515983477,199.0240780554957,246.54504626069857,1354.077647148763,519.868717335531,104.2646021121,181.6857692282,166.3147190079,96.7497684894,112.9506813129,195.8129388092,226.2938114139,259.5179136964,138.394259256,175.7775667886,402.838049871,337.8264126659,1668.3528853138,558.6720982929,594.12855177,708.705481809,979.5446004896,836.3541213667,387.617111752,342.6321571957,843.905891772,263.0583065948,1018.685762702,730.4737498745,598.7431313279,916.5690075622,607.0921270332,153.9100664556,1411.1034974378,287.5200240995,97.0255041621,148.3640155034,250.1224252531,179.5482211447,221.1394148793,1204.7625297111,464.0400105096
Sde-CMat_149 ,Matnog,Contemporary,CMat,103.8861704012618,149.81243322134517,146.6252606243548,90.11745761754494,86.72488644950766,168.4992114421905,196.94673839558752,229.9938537338118,126.03819473492945,155.9909770249869,339.3210323812097,277.05342395222266,1349.091541138762,435.6518116268656,470.2143881085096,587.7922658263548,784.0762758542118,699.1635785897319,359.64994578207575,296.67615804086785,722.9247113888,213.12545040351227,840.8111715105836,635.8222098719422,525.6919865237057,784.4520296074771,484.9551370219825,140.9937691460159,1162.998180689153,248.14507463822454,98.56831564128503,108.19088605330857,184.77126054906378,134.93420632056203,226.20704493470126,928.0123957912201,421.08338807651864,121.6108023569,178.3251557775,164.2961505253,103.629640248,104.3794240533,201.8969433483,232.1484954701,269.3164344806,151.7456032774,176.7863225498,394.0395124768,323.8476674243,1644.7378731899,529.1847059743,578.6777859344,713.5615486146,946.4620252851,845.8537565272,427.7533231432,350.3958576213,878.1675136798,256.0887875471,1019.0702503248,771.1564054779,642.5483766634,952.1668951701,597.7605518386,164.5835286633,1419.7936333179,297.6727883701,116.5521665919,128.6348468861,224.462636303,160.9121362573,272.4311602441,1133.2063040395,511.3556919325
Sde-AMat_020 ,Matnog,Historical,AMat,130.54094265547494,189.52348855516567,181.10034048684167,117.90258822371115,159.52899028693818,235.03613751806338,273.3500641314174,309.48646590319584,179.02868730616888,164.1568152334834,455.4002229325102,403.1929889341951,1967.1530240968368,627.372033048653,713.1015616643257,837.4801630451493,1101.6569069527272,987.8915022952672,491.1764646528679,393.22094008494764,990.7106633923147,292.90536768785904,1189.0690691457078,870.1440826236767,709.1047543723286,1121.21967916205,688.7844238484566,187.61272365391403,1674.772831387714,328.0717650869243,118.13185740472375,156.43177299883814,280.08795254519634,172.8538844140044,253.821213887965,1411.0552000589666,556.3794448844782,114.3889757799,163.765105686,164.620487826,104.8696665672,136.5739848588,201.9709992523,238.1436477231,271.1241709409,153.2255792715,147.8051081221,401.7473722893,353.7403771286,1666.036320557,532.9697225012,599.200388961,711.8198066957,940.8204812059,842.083196642,424.7080358274,342.0078113721,841.60896865,251.105342177,1012.0247951644,740.1551421987,599.2641752138,953.097434704,578.0026763416,164.7894158232,1416.7941989154,281.6453941342,102.6458925445,135.300636447,237.923148864,149.1300073642,217.1810532021,1193.4478916954,472.7624950619
Sde-CMat_187 ,Matnog,Contemporary,CMat,95.00518640032239,149.91841480285206,152.90104968328373,95.68262865416062,130.57881915502213,179.2130298711843,219.01646836201607,238.89573481709547,120.26980035956657,163.56284142570405,348.333431667605,300.93180333371214,1493.2886001974632,468.62058103239565,546.7649065617234,625.82557228346775,818.6151497864794,749.5113593979612,379.662382429824,299.1664125225958,736.831366748756,209.00946257432932,913.9592839770767,674.2657712704167,537.810886584764,869.1494228153467,487.795439702187,166.34617981186113,1253.4143482473821,287.0877305714058,114.57456811160176,106.64884529407723,202.99561629838215,156.06189552879334,203.19538914660424,1054.0617211942479,439.2663288896154,104.3378722855,166.2885441508,163.6085218148,103.9738654681,145.7938009762,199.5640766861,241.5224443025,262.4107962841,134.3098439915,176.2028563779,380.7295628563,330.205077478,1680.0865250093,526.0959551528,618.6126054441,702.3314938208,915.595697479,839.4215625919,420.9164700085,330.2970183621,827.22099179480006,233.1344377241,1024.7033728097,756.2781410421,606.014781362,975.3198614341,552.4121216813,182.3799390472,1411.3478060932,319.9085037887,126.5847668407,118.213751281,227.90569314,173.293099685,226.9584844565,1187.0534589012,493.0652984463
Sde-AMat_022 ,Matnog,Historical,AMat,110.20641572512916,184.55628087033506,164.30706542963995,117.22176273973184,128.00553189803952,246.26254287426664,226.59490135843743,278.9642576526606,144.18521941645056,158.30406634448786,408.73856315000415,370.5365609457317,1853.539518882346,609.6428624849962,704.5169579701328,750.806014321176,1083.4741159378198,911.5521627552698,407.9228377453879,361.75969731202787,904.8523955603202,276.8799064183605,1144.4525435324788,786.5249396989836,641.4637405380682,1000.8414441262363,681.8757673726207,175.7075054799878,1578.579758488731,324.224963703229,114.47987630762913,149.81435389377765,276.2856618204428,186.0675078029477,254.66769805572122,1318.627612054537,534.9281005352492,102.1567454232,169.7063700977,155.547281153,109.5960054322,117.0803173075,225.7289331966,209.3459659928,258.5503189977,131.8582012208,149.0473637671,380.3504448891,343.7146284338,1684.8777275339,555.144934323,637.5156715772,683.8863009923,989.6016861504,831.6787556912,375.2463756918,333.9034788227,823.9496355922,253.4494089387,1043.2584429762,716.7399842594,582.3710595939,911.6974856835,616.5594541167,163.0954027379,1433.9980415799,297.0255505276,105.6053574715,137.8357697395,251.5759212653,170.9439434551,232.8597591669,1197.7100834469,487.1700690611
Sde-CMat_177 ,Matnog,Contemporary,CMat,110.46439322831587,161.55938014566044,160.1665743112463,98.67888852784067,138.1980130696531,189.78763965917275,240.02740793828102,243.7065318437116,136.99187826218022,162.55023129783606,381.0290761431469,314.1557868640494,1662.8564261613958,522.8821589466215,591.0720410888422,679.0391309786573,920.5897018890936,817.0857065207115,413.19903229181216,339.9373747666473,817.1211450796327,244.78955121338421,1042.7823125741106,714.425472634655,587.5604179018528,963.4737537604283,554.9697704306425,159.45286713712622,1371.5710937548151,357.1614839642708,126.11611762978619,128.36945598840882,274.80926470337556,175.75443091213947,223.2094234274395,1166.3573013290395,496.50314544442693,111.5897505406,163.3806737819,161.3435587666,99.569945705,139.8555038984,192.0087004786,242.5805806315,246.194117296,138.6378359904,163.8643903384,384.7121036974,317.3262957964,1684.1928365394,529.4668094963,599.018673645,687.5637600639,931.8067046475,827.1606162399,417.8353624024,343.5970275755,827.4131718662,247.6991839326,1055.7635601495,723.3513864377,595.1981964445,975.5603632566,562.4880927134,161.0479929531,1389.2915929888,361.3681540464,127.4834116844,129.8070378911,278.2716619372,177.7568680115,225.8958605189,1181.4455498482,502.7472052961
Sde-CMat_196 ,Matnog,Contemporary,CMat,105.96024834082826,152.27498837238502,156.38274996456613,98.88153287894559,126.54386667918757,177.3026831183894,222.85684894012118,244.03258938693006,134.2915759118568,144.2659545468022,359.95593817939715,308.19579475010687,1582.859492196995,498.23684463196815,545.5696749061938,665.8200768253388,870.6777030158116,788.2855022643763,443.34828516172263,358.9599393809984,834.9269707772352,236.78249448388277,991.3624709481843,729.0334119615164,611.4883027587365,923.0366534764261,553.1032002466538,150.5919653215601,1339.6683322677295,329.95941093051124,120.62666762470063,111.44401127472048,253.3937777282821,159.5139682160782,215.8761301988713,1134.4641324089228,448.6102796971999,111.0894818281,160.4479779959,161.8148977962,103.1152069337,133.7793530652,187.1894434157,234.1299681764,255.8688842452,141.9840659461,149.7866459028,376.4726241606,322.9724514486,1679.8327811147,528.1814473171,580.6306184623,705.7097384768,921.27149940260006,834.6517616499,467.0305272522,377.3417381635,885.117147857,250.1973763683,1050.2460666118,772.496258899,649.4529492125,978.2951500822,588.9268789752,157.7477897304,1422.3232257226,348.4793818229,126.8481811266,117.3851957473,268.630805859,168.1686565994,228.2635080343,1204.5490619572,475.5352126915
Sde-AMat_038 ,Matnog,Historical,AMat,92.8331931354836,169.05140226156067,158.2729240023384,121.12694369297027,161.15474947019095,223.4924260416223,231.70715191735013,340.71961502754726,147.67720718448734,165.0752037888792,393.9974419669752,412.5346452907076,1889.8320263245673,629.2961660248853,736.1787753544245,784.675028651798,1059.5688464850975,905.5818480083454,442.2627752203886,369.7076913653406,909.9625712449716,275.0175939997475,1172.1546096097945,782.6535851247407,649.5013873873482,1062.8151309743384,643.0464313473485,163.0342674925732,1608.478206270791,398.62662893616374,142.01028934640607,130.68895790161457,309.93834726643627,179.36846569160366,259.7609006920788,1330.4358750716324,559.4256285627607,85.2700811204,153.8866416672,148.8495197639,112.3334750913,145.8251420652,202.720780205,212.0376680835,312.9098270587,133.6059324727,154.2988939831,363.468705552,379.2255041963,1698.2440984953,566.6154212985,658.1974341709,706.7462233532,957.2631934431,817.1574595399,402.7653262383,337.9625242053,819.3093530362,249.0783486042,1056.6647525004,705.2765685114,582.8452113059,957.3356638411,574.4415041103,149.9804731421,1444.3528982682,361.3525900205,129.7348128789,119.0389370843,279.0525696153,163.1156384123,234.9699387287,1194.5195837182,503.7748700484
Sde-CMat_201 ,Matnog,Contemporary,CMat,115.487064533003,199.66211892094105,176.21680187456582,110.15252531580933,156.21382364185956,221.3034515068619,244.08159175947708,290.52727661801396,164.22048577214724,175.26677431860838,423.56669404240233,379.4865907649571,1912.3061743022138,609.3994711123484,669.3467735879586,797.847142345932,1086.2678556807111,948.3859470714441,484.5832236695365,417.7877638210698,965.0537534731887,295.24658032947656,1173.0003460588791,846.5401328614021,696.4326769044084,1073.2235535277634,658.1571724945419,184.17809901950898,1594.5408753615382,375.8234930833355,137.3405057343246,156.39439573159262,304.54433779252867,210.43030620138813,248.79845295517808,1365.0879982626836,547.2282781042018,104.2556150066,178.300609936,163.6631334437,100.5974885044,138.501650017,196.781017322,219.3567307489,262.2208119294,145.5693960191,161.5849143985,384.3719020571,342.9070180369,1681.3809853114,537.0835342847,584.9332949688,703.4422448645,961.2694781827,838.0352662566,432.965937204,374.9847413698,850.5121632381,262.0507026968,1035.2918083046,746.8211585948,611.3092185371,946.3210297002,574.5661395283,166.5718620133,1400.7498113473,333.9282456026,123.176378357,139.7658275998,268.3880009433,187.6914823752,220.4964652914,1198.9877910089,482.3713898451
Sde-AMat_027 ,Matnog,Historical,AMat,121.78190209747916,198.80801641535987,168.7861614568268,119.24305240545463,164.5093935652612,210.2349471792452,260.8053342106522,309.7555253762716,156.09874159864327,187.13394660683565,420.63175609091854,388.3256225418302,1992.5824660008452,659.50305590317,744.9243816964645,858.4612740388583,1123.5255631539007,1001.5313764938969,470.32080628120207,366.052721900835,966.9445721077503,306.79246315678944,1207.3460140990405,831.1190081538325,674.7413015393457,1119.039776974121,650.8708755444817,190.30291598659244,1675.089011734463,396.94723882294477,146.53254156329947,124.48591723548505,276.04729466096916,195.6382880423973,264.39175030654786,1398.1045304467941,594.5187840558442,106.1129794857,170.718556202,152.8025175775,105.532276442,139.9056762065,179.4919794186,225.8796041925,269.8293757473,132.7147515873,167.7395476353,369.09239298,338.7964666208,1675.6325308572,556.3745338318,621.3018347624,724.6004843053,953.0462654363,847.9028934729,404.155246914,316.4848784473,815.7133175797,261.2854533464,1020.5242982809,702.0879826108,566.1366419238,944.6624811252,542.1089515606,166.2282385555,1406.9664304573,338.5590071457,126.5611472941,107.0043436719,232.8612974069,167.7256636222,224.7233347249,1174.0596898394,501.6659323231
Sde-CMat_175 ,Matnog,Contemporary,CMat,100.83039547636419,168.99356427757834,160.64117418825097,99.62478177009974,125.95586123340982,185.74133553695043,241.14511651943113,260.2552252759779,142.07300267021182,159.86386077184545,368.1564028731403,321.0446731800731,1579.6779198741747,514.3950769952021,575.2459062543686,668.8367697368469,904.2002360173325,790.109784391163,418.84223718264144,353.3769659913475,807.4999661619561,244.5902024133633,977.4233228055488,708.649455065232,583.5506471449158,895.7458748087486,539.0978297572714,161.8907510545308,1341.181468724218,316.68669450647894,116.69356713242608,128.7189398460462,247.81730893430338,171.0492053474672,214.17305672341237,1133.4550847207136,446.2262399002998,104.627131864,176.0452227209,164.9880591449,102.9447633561,131.552843801,193.7917954752,250.6316250225,270.0743435413,148.3976152039,164.6276814324,381.3005074385,333.0188469314,1654.8577626383,538.4141076442,603.9546321139,699.9688560448,945.0294513478,826.2208417344,436.2366053863,367.4491513489,845.2127123354,255.3600379281,1022.5312142822,741.4741088847,611.6926883334,937.4089747443,566.2119660775,167.8752820865,1405.4594531932,330.5021863627,121.3737636787,134.054057401,259.3946952166,178.2638651331,223.7238455151,1187.847454832,467.0337554209
Sde-AMat_005 ,Matnog,Historical,AMat,122.78609566335273,206.01246281099108,172.41914768940248,126.17916175629009,146.3887695004299,218.41601996284518,249.41130048933232,312.22253081191946,167.61303300376136,199.43922943493334,428.5830330227505,403.88117707315854,1959.4975260570145,686.8285939904731,744.896985796157,830.2210287661954,1139.5448270023298,965.7652029841258,485.3751874789335,418.8572948929026,949.0344801829699,292.6613593507178,1228.8255184059453,828.9731343831596,668.3395068130344,1087.6914173969747,699.5771300189067,198.96760619761702,1655.3242116412725,349.72723318895237,125.07737714027263,156.6119869302475,291.87361349435116,187.4288520245749,257.4694234973157,1387.1444044580794,572.4048895151404,107.6608480212,178.1360180607,156.7999773706,112.293518172,125.4166206852,187.8235931118,217.4297816296,273.692261731,143.5608314935,179.6621287416,378.313765442,354.5634218455,1660.8566264863,583.929695576,626.4324034376,706.1924153149,973.90329229,823.8443635438,419.9804032251,364.5456824484,806.8269303989,251.0788548713,1046.659188163,705.6741957406,565.2630435387,925.306960843,587.5463708901,174.8701621872,1401.4492528639,300.4529837673,108.7531397541,135.5494689089,248.1258902555,161.8174816559,220.465052555,1174.153861201,486.7541224361
Sde-CMat_190 ,Matnog,Contemporary,CMat,97.83537799426132,180.4753931753856,160.9318471187726,102.55285654578326,135.26217791138066,218.5461325314405,225.93050184924127,266.00179308703923,138.9360899984234,168.81535151152576,383.24476146370216,335.9272185074916,1669.9976658847668,504.73542518647344,579.0315070189015,640.7296977695431,933.0573699850187,792.3071258476728,420.27873646597914,357.24291757519836,866.5125192196358,254.90910938803268,1078.1728286041575,752.8073004089424,625.2461795339175,971.7743110008876,621.2625018293313,159.65060562728846,1406.9168213442115,331.4759950724185,114.78007584750944,133.02892980716663,262.8601187658754,175.01411828695424,219.871723252923,1196.899909899675,473.0998706067882,97.8162644246,180.4363984943,160.9091357986,102.5350876263,135.2310960237,218.4971229444,225.8844260005,265.9497253371,138.9041072402,168.7891508696,383.1737030832,335.86220137830003,1669.5872911063,504.6136824514,578.8824649587,640.5756290575,932.8395694769,792.1199822327,420.1883499597,357.1691856637,866.3034745413,254.8510548934,1077.9157338993,752.6271431946,625.0905374652,971.5408088283,621.1013748811,159.6199753263,1406.568720699,331.4011859038,114.7562201515,133.0003754164,262.7966851884,174.9759028419,219.821023479,1196.603399285,472.9859107363
Sde-AMat_015 ,Matnog,Historical,AMat,139.98254343888743,208.28471027408608,184.6409535885796,115.74498788785631,154.69759580384562,243.48919189526663,255.60195219262317,316.7045849244687,185.66503144364583,192.83277156386046,469.0662982297705,410.4130815371508,1965.8277872170647,654.338035276454,719.8888569416947,821.7175083537225,1152.513537795457,986.4637376123056,464.88267311333516,412.96727832960323,957.9670913219514,297.00381061185067,1205.0525631913158,819.0446259440081,677.9964118946057,1079.5233217216755,707.9657344143429,170.1986762727609,1651.921693441702,341.4307267056672,110.27736142454621,166.68675452608693,325.12554456154317,196.44079341480986,249.63779172080487,1402.355634279215,564.2297401146453,121.6580961497,178.347513677,166.8451863455,102.2026928232,131.1633323015,207.2696803826,220.7786120871,275.171679878,157.3735788629,172.4944353237,410.5874176393,357.1542462272,1647.7863025337,550.2644977529,598.386842512,691.3908109215,974.6315791029,832.5497873748,398.35104986060003,356.0764080152,805.573533932,252.1903802011,1015.3884422308,689.7085248669,567.0038474184,908.4213208629,587.6502414122,148.291751775,1382.988536751,290.3433881343,94.9866644206,142.8740084548,273.3903130637,167.9295264788,211.5389172399,1173.7894279578,474.5978245375
Sde-CMat_147 ,Matnog,Contemporary,CMat,98.81007573825654,153.3788975548136,147.52508864803298,94.79695979539643,130.7608864743965,181.2039300634509,211.38240957877744,272.82165286980063,128.84548271980665,159.3075284359468,336.6016905148428,313.52196649714995,1548.7787456308051,494.7959532482253,561.9402029551721,623.9229218453589,883.0865829989323,737.0414982616174,407.62931434244274,347.19670379339726,769.9672764247841,256.897401503577,982.4379393381754,670.9967569414622,530.5525902685707,868.9668654695874,529.5935122078914,171.96604909775058,1289.037618453899,312.905576871746,116.62346267801352,122.20343483306847,230.11434666332755,166.1387555274506,209.67263195097732,1081.4548648577895,467.3260268812449,105.5092199896,164.9202493416,154.6837916644,100.4756353149,141.2497579852,195.3754136073,226.3645400427,291.3553991808,139.1997682676,167.8295482668,358.2234980784,334.5737205772,1681.9945274496,536.5377253329,612.6700358483,676.3892836993,955.0883500281,797.8785668835,438.154690447,372.1113773759,834.936177176,277.3137791961,1064.3356467696,727.1421141783,576.8059022468,941.9842469028,577.7824597449,183.4089575143,1400.7055822942,337.539404642,125.0530496366,131.3363392354,249.5371780691,178.7776762659,226.5520474778,1175.2629971178,506.6955990859
Sde-AMat_043 ,Matnog,Historical,AMat,83.53966972809984,158.5066552439045,136.38643601480317,95.43623269728327,102.10024519270264,163.58549511215838,204.10266329494573,225.28596354404772,119.13115593764715,135.1327356932435,337.4623041423441,286.8790891341681,1362.2207267710066,444.156489748208,480.9868138257118,565.5382680433926,873.7221131731816,676.6869237766089,361.97804707364514,324.5342109658702,723.4109864944685,314.76208727489717,850.9594902598831,547.5734334583902,431.3098722652776,676.648290457044,504.17030409599687,144.3652533470572,1172.235221600874,239.0311848836675,93.33163605894855,114.53420340356857,195.54424246405205,148.6795616795059,198.52524156058843,951.6791063618294,410.5420843655859,97.8262504594,188.7453247241,152.8610539154,109.7791376187,122.9340819771,196.0861064447,240.6691895083,263.8938585866,143.4874669167,153.1889762491,392.0080143417,335.446296518,1661.4574299735,539.7427191675,592.2013330281,686.8343808707,1055.1041434969,818.9992353779,430.6840726136,383.4364603995,879.1286904479,378.3645821574,1031.799878213,664.4016986328,527.4153413122,821.6597270129,621.7270253888,168.5755955139,1431.6890263528,286.8529275176,110.4001332141,136.227888857,237.6499802148,177.3714426086,239.1890828125,1162.6090956962,498.7643972783
Sde-CMat_181 ,Matnog,Contemporary,CMat,96.95495986616673,165.40801651044606,149.7198717714185,97.04710645171244,109.42734340648136,171.79527467415977,205.84813413711092,236.3834073628054,135.00784382297942,156.01202099546688,345.66148882594655,297.2968468061846,1455.1036734131387,471.68604862567213,509.8879737729553,596.248659072924,830.8181890360189,715.1524512046434,383.00436193631003,328.2255906675163,712.1788870937977,223.46355399608245,938.4112115440436,638.5360073300486,508.5793829575084,853.4543750261286,475.71899162736827,163.44519286916938,1181.7106252335427,328.5928523687634,115.66850167219233,112.13539582379872,250.41737446129827,162.89699188017556,186.09256215657842,1012.123399192381,443.01670755524566,107.4395712779,185.3005642107,161.2470305582,106.2997196736,123.4749836428,193.2859386908,229.1386669155,261.997653335,152.3720092349,169.2716494447,381.0424363681,329.1313252103,1655.7201210761,535.4405264356,583.75534525,676.5751249653,939.2676452832,809.6835484436,428.8395995587,365.8339092293,808.4591522525,251.8797056872,1063.7125140572,724.1236879702,579.6705848173,968.343036155,545.1963685011,180.7864876328,1345.8272060244,369.9764813563,129.0199615683,125.5275587735,284.2823932264,182.7073454849,210.0701377359,1152.8762362722,502.8110394252
Sde-CMat_155 ,Matnog,Contemporary,CMat,88.68665135565782,144.27970674301358,156.34049380758657,79.95496448689099,94.80655064145093,169.0900333792622,190.5079406892007,201.88093178554527,113.00096783346594,145.8271022466331,343.7885024903102,268.9872685843886,1266.3506143345173,407.2465764282493,423.04256863831074,534.0788802104049,745.742389062235,663.858621852364,327.1371259279662,282.31031909246605,651.5859714935859,190.20173429871775,786.6247583200009,595.8468258279221,482.8836194457212,741.6515563804137,431.917713560222,134.62935741586972,1044.9610386805145,256.5527388708995,91.55873189510645,119.69242844457627,214.41853560958765,140.38487219155775,170.5136226962527,893.0760210750482,373.2786476952707,109.8148038151,182.7438646827,182.4343852044,96.638415782,121.8977466213,216.0950129424,238.1161005528,250.0790277017,145.3560728654,172.8071482403,421.0814230078,332.40692085,1656.8608186579,530.1955486019,560.6065790329,694.7540717341,962.6622447146,859.5648962846,413.89556646,353.8082598087,848.3455629949,244.0061052862,1021.0362616239,774.1349155882,634.0050336557,964.5905867757,573.5932572182,166.0644588309,1369.7260771305,328.3853740902,114.9286509973,151.3666981128,279.1886555153,178.2566511026,219.4297684855,1171.0351520203,485.8014513184
Sde-CMat_150 ,Matnog,Contemporary,CMat,104.3227313335881,159.24813076384916,158.92339615503437,98.51742862889795,117.73503966963277,186.0368993188717,223.52003760479738,254.67002232163094,138.1766513527521,157.1082379042232,364.8369162188086,306.7301713895129,1604.5855261737158,495.8496114997872,548.3427339767802,683.114361285561,887.8380580776261,813.7991352787983,426.26730551719544,325.23179672475135,835.6862817122226,249.7219143162251,980.6010398613496,726.8470348659955,598.5687212046416,933.4588910148586,538.7615505300004,152.71993629284268,1345.7820711522836,328.5507541004892,113.1516934146811,107.82835995228712,233.16202558652236,167.73011021045085,198.14560488310107,1156.1460975466423,448.50716648389243,107.9320478553,165.3526820741,162.8762964981,101.5344729702,122.5407101747,193.4438988327,231.5987654487,263.4983135877,143.8269103635,161.4111673722,376.8059057407,317.2417917689,1674.7238482689,517.1154921666,573.4750936875,712.3194611323,924.662889149,847.962555964,442.5303499268,337.1306949028,871.5341622471,259.8224905403,1022.167787224,757.7708253836,625.080572569,973.3374754034,563.6466318886,157.9072498512,1405.0204908682001,341.7171022745,117.3210003664,111.9341577204,243.1668859432,174.2292596176,206.262106497,1207.1025716435,467.7164118094
Sde-AMat_035 ,Matnog,Historical,AMat,91.15014626082615,148.67160866453287,147.57383827565786,93.30060896735881,132.6978753902639,158.65651086167247,234.30594087485275,234.196713810634,114.9870449128944,158.0846374732536,339.56942219234054,317.9244036886285,1348.9701158009875,424.8677395981485,475.93580277307365,544.3025173645719,753.3217807728447,646.5998106648116,321.19315206755266,245.93757146479263,665.882811843916,220.46570062685464,843.4789340524396,584.6918073443137,460.30508921115586,781.4553896679197,430.74679951856865,158.99357760327914,1111.5454384106886,285.5789697823704,112.62395744800484,101.40120636979626,218.52808817074296,135.45327307968608,163.77443868015553,961.2725513706557,387.70417904216606,107.6299062527,178.6703825648,166.3967417359,108.1173099427,161.346346822,192.002625025,278.6933664433,276.6278277434,139.8603839823,180.3959450768,397.5823793548,374.8238896975,1662.603183426,521.6332247895,592.4407068338,667.847554944,918.7967282295,790.4956962387,385.6737905491,293.1397315125,817.5733758087,267.5968122707,1033.1674776718,716.7062237633,568.8696776604,958.6872595828,537.0825121005,187.1801093264,1371.9456322884,346.0227642224,134.4049131096,121.7148416573,268.3261107514,163.102308567,199.2673520967,1186.7827657005,475.8751182485
Sde-CMat_170 ,Matnog,Contemporary,CMat,115.81068227313924,154.52113924851835,159.7517654670833,97.27253256341179,115.27032495312913,169.62857571567943,209.85943489888652,245.5034863999491,141.56094136703106,160.19679061544898,353.9284850529694,292.0988183695545,1484.5273388978894,483.4857703229952,532.4074763410823,643.0917946960994,835.9001872938298,765.3924447919904,389.22826208189196,309.2073275021147,724.5167855053738,217.64092594521358,911.9350627216884,629.7874684384328,520.2298336286088,858.4515959890865,466.0452402398827,137.4238626652591,1223.015094736627,335.2055244795944,117.61274843098424,107.32479478857616,265.7948598287031,149.69724488433314,184.83802972951747,1053.7967028506825,430.7382498171714,126.1971087149,169.9189055441,169.9767735224,104.9714918866,127.5239792438,187.2043863959,229.5442354002,267.5657568355,156.6374592829,171.5086288475,383.9865262821,318.0410589398,1653.8918261438,537.5725151107,596.1981204627,714.7998763631,926.2393307587,849.1466565956,427.8254336362,338.575976868,805.5839913746,240.5606442471,1012.7277580359,699.6599164734,580.3959366291,954.1004859137,522.3335163243,149.5179815758,1363.5557399782,370.1703731196,128.8656068549,117.9459422242,295.54442398,164.7801394939,204.5587475879,1175.0527178394,478.8564175029
Sde-AMat_014 ,Matnog,Historical,AMat,119.27629854015424,213.3257231278029,179.86623525056058,119.42264019732606,142.434100328573,218.0354735340101,251.70530443542498,302.47933197342593,182.4071476502223,182.5932029391018,447.1222105480559,399.5504914958934,1984.9781562039666,686.510407841061,726.9377148794591,886.9833765589578,1156.1738729043009,1029.539314343503,494.9908338805983,409.00692013637126,995.4885626616159,299.8432742891027,1203.1990146625785,862.3742491513993,713.7622930876636,1116.6901650857499,684.0630365101157,180.9027375565112,1685.247044525876,367.18417486732733,130.0463472129841,142.16613042243935,290.5907126644107,183.82348244500753,263.61825771983223,1413.2865478444562,571.691608402152,103.5175790924,182.3817447092,162.36660075,105.3193859594,120.5670591506,185.3046304224,217.0957739465,262.4440518794,154.3576309335,163.1535396919,390.8601557763,347.2200256413,1660.9149910994,576.3241219801,603.1339563654,745.0221689234,976.0950349616,867.4369357088,423.4979889582,352.141133766,835.6820442889,254.1867884581,1012.0980189308,724.9532788922,595.8521802005,938.0828014858,566.7567757934,157.4017920992,1408.3925136521,311.7395230529,111.8480650379,121.6693425076,243.9291663811,156.8981150991,223.017407703,1180.8433751284,480.0460840089
Sde-CMat_189 ,Matnog,Contemporary,CMat,101.93387928701623,126.94325115499447,149.29840134368484,82.16970537126198,86.44281035979797,152.9622483264744,183.1124070140797,210.61122524547454,116.359459297214,132.0771808588069,324.2851402331596,254.01677091627238,1249.6277555805368,404.40407730764775,429.7719228068418,518.2675886706596,708.8964090551807,621.0299930625655,343.7167148432703,297.84514227638493,644.9436601916946,180.65516621500197,811.3060072122972,565.0573919889555,473.56568629875414,732.7966998317065,465.6554437309736,115.59268461580955,1049.1252683451153,248.38480259758242,89.73737073599828,95.0965831667994,195.47926912081996,128.43338367889402,171.44073925948874,887.4605200382099,362.1730611146555,127.5256593231,162.628986972,175.5188887176,100.2273155908,112.4997300966,197.810515879,231.3482980199,263.6018955501,151.5051256686,157.8001254714,401.0976533171,317.128611079,1656.3166523502,533.2378046616,577.3113908581,682.7936805555,926.4382926182,814.1938741238,439.8345980862,377.3643020044,850.4537457694,234.5605843883,1066.4047384157,743.4608584076,629.9909809361,965.2334743152,626.9176255293,144.0334347603,1393.2539402414,321.7387524273,113.884367151,121.6317210039,257.7897583136,164.970623911,223.3233083659,1178.9814847272,477.3766756228
Sde-AMat_011 ,Matnog,Historical,AMat,102.16472718751811,164.40709036245977,160.33783082703837,97.88528527148499,106.66007982764685,189.04406167983694,217.60611337039686,243.51364668710048,140.02124631087244,136.41917283552925,380.09256143797387,329.9250791974596,1541.2603027250136,537.6371737594417,570.3806812484801,647.2765477335324,924.6183625805514,772.3320981436742,337.77793944098823,293.4817195837076,802.7879495374601,243.7581587418357,949.6305502438091,725.2452018564204,571.0297252431697,835.4058926990218,600.6674714465233,179.51059952273025,1344.4720165838335,225.60381596464612,99.66880294254534,126.5674711496203,166.57443636404713,147.05785389434328,262.58644338923887,1069.8964600174588,471.397541666787,108.8646655482,176.372137013,167.8659053908,103.5577775134,114.9342241744,203.3426823485,232.5239997889,259.5150665766,150.9033834035,143.4795519385,403.7104079346,351.3535741726,1669.4563822265,581.4980442105,620.170766723,699.9127876104,997.5244915685,833.9824416815,362.242197973,313.8514995084,868.2933637009,262.4931400882,1026.185103962,783.9300499429,619.1688264089,903.2896638704,653.5167406724,191.0649041904,1457.099198997,242.780726203,106.6367021204,135.7160522998,180.1707172024,157.8777882605,283.0299949745,1159.6396594413,509.8011487602
Sde-CMat_173 ,Matnog,Contemporary,CMat,96.9492960359177,152.32380838611536,143.36314522289194,96.57207330155026,115.7814244754745,171.93988673931946,201.5614175507059,244.75357502271544,133.81178469451038,137.33253702629975,336.5312333932915,302.53790884373484,1451.5094068364353,475.3245157337038,529.6560171108132,593.5425354635335,837.1555006719182,702.710009723506,384.0733000190978,339.16026510598203,722.4668607500275,228.9562683352434,925.9747118242269,618.5859527802098,509.74520352819394,820.6384001248296,513.9380488039001,136.2547007812943,1219.0267185940963,295.6451176732671,102.19167970656912,111.39807823997693,232.84144143904015,148.58938909158354,169.23345236238015,1059.3427481812766,392.19437085200485,108.3989689088,172.3399987442,155.4021432648,106.6222167964,132.0271182278,195.4459415582,226.472603159,273.7179146487,152.62293507,150.0675843255,374.1415953151,337.9160171206,1670.3257719467,545.5651018916,613.5789219381,680.9635068041,956.6057550977,804.2508021105,434.2935985976,381.6120806799,829.251025534,260.7771177776,1061.1425136655,709.2315201827,587.6619525861,941.4140616004,596.0360878077,152.0413828307,1404.1493136928,336.3381910349,115.0778523005,125.9342757986,267.2676055403,168.3349930294,193.0672140675,1220.4326480898,450.067661254
Sde-AMat_042 ,Matnog,Historical,AMat,91.65542264879913,146.1805273949988,151.3893772075174,91.00266099142378,99.62127787922618,160.4636365589725,196.29582334397742,225.10882538008144,123.94422817158531,145.01320257038668,338.3645113506586,291.63363074021487,1373.7488233559002,426.6431547293827,456.1262739525208,574.934184767648,755.1769024122559,676.6873892197565,354.92629103660386,265.043178920643,710.6807280791354,217.14749030776284,859.24349335171,623.032183030893,499.3611564821698,815.4799971541977,477.7547350313652,145.26606176079116,1142.3392050557313,249.25636489367736,88.67605687422058,113.3985293735769,216.01057559758496,132.92008993906828,174.43343812185216,968.6584676536771,405.5761255069757,106.8745176401,173.2510489373,169.1559031121,104.2852460091,119.3508559085,191.4074855919,230.4385764283,262.5653735822,148.5384810054,163.8353029794,391.4730895849,339.5723033448,1666.5803335389,515.745678702,558.4550272303,694.600704272,907.3278280123,814.8001512594,420.3217662834,311.7444009291,859.13513644,259.7347811985,1036.4511625562,752.032695301,607.330500076,985.0789220516,585.8357968691,168.9206261739,1387.6829324495,297.6580946624,104.4197197446,134.2484579708,261.1479784584,157.8189147047,209.1104464271,1176.9883203637,490.1547589763
Sde-CMat_188 ,Matnog,Contemporary,CMat,100.44544522406183,151.31513470185325,154.15337761852643,92.96481264569941,124.57339538577247,156.66499111345837,221.3901518477505,243.18609899120463,126.44554828423182,152.5403207078378,350.3055998915519,307.4577829106461,1449.628312945315,471.35889150847675,510.77149860603015,585.467463146587,827.4686549613587,679.5394174749247,389.61992262460103,355.6407896642341,851.9154583553993,237.27215568835737,951.398649946572,733.5526104427753,630.8249132810862,821.0899323457571,642.9536887785075,138.27475815650524,1334.447973777779,243.45068555305,115.87459943387086,103.62793855500536,131.65733103116563,151.08183131005535,302.44325116664453,1028.8480650210893,420.7879068821252,112.2056574896,171.0262271472,166.9884726972,102.5565875855,141.9004550362,177.8965125083,248.5153404639,271.7166021087,144.0662946456,166.5649156229,389.1185058552,343.10114831880003,1666.2489923272,540.4047651316,590.9917781599,670.9456781581,944.5071806422,776.8751881608,440.1234928291,399.7701630081,976.7323851733,269.9616621249,1089.0649622594,840.1061541103,726.404781651,940.8763014224,744.7590253947,154.1573894222,1535.3245824919,276.6680611515,130.3596501385,117.0329184243,150.9530687807,170.9843087844,344.666303697,1183.9310832507,482.3379728656
Sde-AMat_047 ,Matnog,Historical,AMat,109.14576706414225,100.36168028291476,146.01895109313722,87.16997205597812,104.29240990048119,160.1532204925333,199.84612358757425,207.40741256466703,131.19002177010262,103.1646725126872,327.0386268782634,283.6747409361644,1283.9171217901958,510.91250155696906,568.5698029542634,529.8331650370048,798.1245962652824,638.355286044895,258.4257594066234,267.394071001135,540.570837497446,155.52786410804353,817.7056789776198,508.8886923530919,404.2028077579867,687.94324170153,430.1811675447451,143.76555770962665,1073.1659307774635,276.63747547953443,104.50565115939891,96.62948000610373,200.28161411594942,138.3619718997962,174.06930935245313,905.2338555008313,378.68335232217447,134.5809752663,126.527847603,169.8734660742,104.9668016433,133.4327393998,203.6885115586,248.6940603799,255.8449550383,167.91920873,121.8439523472,398.9706468961,349.1002380786,1670.9843816682,661.7148336706,749.2939218977,685.6736899482,1025.1187542885,822.3524185744,325.4518623477,333.6292056474,700.1626575192,198.5481762712,1055.9465883007,657.761080046,527.8651940631,890.1229323955,568.1073913964,176.6032486175,1399.2266558267,352.3780923911,130.5947945169,121.6374206402,259.43054765,174.8644046684,222.8966689259,1180.6657064581,490.2872372957
Sde-CMat_185 ,Matnog,Contemporary,CMat,103.29963133883875,158.84313599586224,156.9566983842996,91.66313060511304,121.77608844945703,183.5191595813908,220.00678194148932,240.40063145850922,132.05977397303846,156.12129066161984,366.0953336747274,306.65723116130823,1592.4648585816049,526.3453525569312,568.1630386715595,659.9664925857147,887.9631176067223,791.2064865045345,402.2750561974854,329.0854046748351,804.4306354783114,218.6422283377343,1002.1257395656542,722.7806010822441,594.9693799946767,932.7898981660393,563.2724789409206,154.672474251109,1332.8214266925106,315.9892107744186,121.25499007974865,117.87986346802414,242.05977952117556,164.1589661760818,202.52597527764183,1145.1330342134272,447.3437908517789,107.9315765939,166.7389385716,162.0094263873,95.299240362,128.2238832637,192.9960098055,230.3148277804,251.2014642843,139.0647992678,161.6573549408,381.6571817512,320.2768460309,1682.796655653,555.6362068656,601.9665896687,696.5770845631,935.7428050317,834.2994328466,422.1762994437,344.6939834224,849.2057998079,230.1132406932,1057.2411693604,762.6796957261,629.1700420844,984.4965030007,597.0471365663,161.4807876027,1408.9587776433,332.4136451094,127.0474025819,123.7000492279,255.5371456409,172.4076367199,213.2875288804,1210.6333102169,472.2041041891
Sde-CMat_183 ,Matnog,Contemporary,CMat,90.68812890191307,149.94057803746787,142.06262221868917,86.7674554899474,113.629103551555,169.859844644813,196.15500883548705,236.9126434339248,120.85182880986947,144.9516756947984,315.1710456615582,277.1781101599656,1300.1917248657217,412.9530851531806,474.8393443192551,522.2369456239188,749.3939272574338,641.0990232199078,328.4548858940752,267.09245653892964,636.7176332191843,207.5222836624779,817.7491202632077,559.8233993659429,439.35803177050263,736.8522463175709,436.0866099540892,153.505598617412,1080.9621128948877,246.66994489659672,97.02588084959604,99.02082158940115,192.2952928651403,132.49199618754332,164.70793078671102,914.5234716505094,385.6713011944239,109.5713431159,184.8295252672,162.861228484,102.6149424555,141.9426436685,211.0500667065,238.9743580522,286.3475873307,151.0247001913,168.4540203031,377.1445527464,334.3031094361,1649.4367522068,521.5822760051,609.2291219574,659.1394271904,939.4266236996,805.8318637152,404.4883404459,326.1709106183,804.2458781749,258.7190715929,1030.117989482,705.7965010849,559.1015359031,929.858795452,560.5688371653,184.8401523117,1373.5619943022,306.9115942088,118.6532397875,121.8939575477,242.9075687473,163.6834509753,205.9080939528,1162.4212660632,486.9720364138
Sde-AMat_048 ,Matnog,Historical,AMat,100.55179285388208,156.5937144544761,160.6689839416743,100.76888362942202,118.56321763704793,178.73460883133407,208.88588733059493,280.44046454778953,142.76395574773068,160.88159172599583,359.2779786375029,335.14067693507457,1596.87931325732,553.5965934990298,584.025927834116,655.0241561855564,913.9576321188198,767.0661833519518,384.46682538654755,333.291339550385,780.7508340579855,230.56696244249736,1011.7614912922115,704.850168253339,564.0191868094206,913.1242270191116,562.3428313913942,167.39409025362892,1323.1552642513045,312.4599403562158,110.04417209720846,125.791279277063,260.51435514729314,158.398918384691,193.08917388670454,1130.691505306487,466.2072146134591,104.3404354027,163.1321041856,165.0193596366,104.1291136544,123.8350462161,186.4862983726,217.108542728,291.0278459992,149.1233636093,165.6787634359,372.1132137591,347.6485084529,1672.9261413049,579.4625241176,613.1913962704,685.5326950483,955.2536624609,802.146337961,400.4437214286,346.5720853183,817.2374957441,240.7257708534,1058.4837607849,737.5195926224,591.2366186639,955.6226321197,590.6440966763,173.5859763133,1386.6096585603,326.0996933018,114.4604804202,131.0083582577,272.6926525619,165.0842421053,201.7052213336,1184.9857746994,487.9602632258
Sde-CMat_161 ,Matnog,Contemporary,CMat,87.94540002666426,124.85075233081297,137.26686947767115,87.05345184770098,113.08750593805672,146.80275475565847,183.90152128321282,217.8438270609934,111.79586107513104,131.40070840752722,307.8814149606306,268.0484095625266,1209.003945515154,418.9279037918697,460.4300574285741,512.2250694007956,714.1192800518692,620.1339564042595,323.4942568099161,279.53513169038337,732.5164646721875,176.41338295650917,757.34990088846,644.222119661604,565.6445734838796,689.1749074370309,543.4488082872573,105.60856177928937,1166.3692774382564,183.09136775186866,100.33786015004522,92.38875787264385,76.59739782192345,131.30647139817597,272.1149504547665,866.8662982793599,342.3251518384968,113.0849364945,164.8749084274,164.603628418,108.799114517,152.0019653756,195.9176759811,239.0943427081,280.2514690236,150.3447246324,160.4503865388,390.8519244671,343.8649637959,1658.7262901391,571.4162342202,641.2560339892,698.005505337,964.3578950016,840.4341836981,426.647489481,364.5790804241,999.2106872617,236.4958343853,1029.3766218277,876.5848637503,779.2501863438,938.923696757,758.7861325545,135.1857395258,1603.7113452491,244.7979982329,131.107908775,121.7838294801,104.494670449,173.9119930621,366.1281046717,1192.384278311,466.7368649085
Sde-AMat_044 ,Matnog,Historical,AMat,91.42410662970683,159.92047884786362,144.85963417132467,102.08007146274926,118.37358705598137,186.2416990542397,213.97190289007574,245.41395292323952,137.02306909604678,137.55238227820706,360.3857543714651,326.0790959620227,1499.6265008843036,452.32815764990806,500.12400178861645,583.874849080657,817.4665101944789,710.7682564530087,358.3728757174571,283.95924663847455,779.1964334214063,224.99345344807253,982.030018506914,715.4290674212572,566.9916575190944,920.1476364624102,532.3951032632062,179.2051752879921,1246.7850811904752,311.646941865647,122.21069538256465,113.18921281646071,234.35905724014603,152.9641510035603,208.80927690093182,1036.256055687787,463.3756814534076,99.742396135,176.0885412564,154.264387597,110.2761937798,131.1410848643,205.8206113675,234.3341991877,267.7881821065,151.8296482916,147.4049314882,391.4352805783,355.4592409229,1673.2234265044,503.6709297375,560.9278912685,649.9339145792,907.1060014137,789.6837330208,394.4281617011,311.322079056,867.6595663647,249.033686135,1092.1597745392,795.9658870748,633.528542227,1024.1729226844,597.6431383389,195.2049409818,1392.1597753018,344.6292165036,134.0735849481,124.5539276255,260.9745479854,168.6009465556,231.4132692191,1157.24370992,515.8983737423
Sde-CMat_148 ,Matnog,Contemporary,CMat,102.60829224317108,141.9357830980264,158.48782093839267,92.45357445491226,112.38655993320555,168.92706136368443,206.73007621500074,248.0066553757177,138.45942601794937,141.463941923375,347.6015392660108,302.6634645222975,1492.0769343511245,497.405419787139,531.3201972760776,650.3621306306586,854.8827900661294,762.594434059966,398.3601746815186,329.9888154654488,813.1795729516083,225.56919647859718,925.183875087115,709.6211738328348,603.748676276611,866.3265073212526,551.8743684907735,139.60155178868908,1307.3003437429556,277.0267246426777,113.52295167502483,119.2871929020043,193.32974372185967,157.31954964088223,240.65901073321567,1065.3600371779157,426.75794880887696,112.3071688076,156.8461481987,169.1724988571,100.1639422948,124.9833211984,187.3807755277,227.1696163377,271.496450688,154.0075725539,151.9870386432,378.7113862126,330.9936815858,1671.5929161668,556.083009848,598.4640945714,726.833910394,952.3016562625,850.5868440331,440.0037954959,363.0265919201,909.1280448975,250.6149731525,1033.0124312465,792.6413187701,677.3875088646,968.1142900394,622.1779544831,152.5496504646,1465.7283181208,307.4928803052,124.9721972587,131.7318958409,216.1482873821,174.0301397834,267.7318620097,1194.6398802057,477.0304190783
Sde-CMat_162 ,Matnog,Contemporary,CMat,89.1258458740224,136.6232130830263,134.87385311986907,85.4208658235796,86.6685624727329,156.37652874373444,182.3840753005865,218.46913456234495,113.18055175638612,138.40146789774306,311.5780897540294,257.9511680028218,1337.5855202260077,429.7932197436809,464.191212389248,820.5047736237492,755.5921399230474,925.8064122807208,535.4154362865904,371.02752818680443,733.1154312335882,206.95262756604473,591.094403116152,577.776800969795,536.3092584013816,761.3067308346158,254.69116847525353,73.01521124813664,1163.766174011502,277.82075130911295,94.67193958090226,109.74735671532146,233.87562453844993,150.1642631887161,204.45793590604399,964.487168617022,373.09837840038915,107.2934815292,167.7384709685,154.2149953014,100.6976245568,107.8028241599,193.4889972061,221.3567340664,263.0967359455,140.8343219355,160.3785019317,371.5625215188,309.9965073298,1689.1427636958,540.4242008975,592.7249831123,1030.979252685,943.0962203058,1158.5985725045,656.7276249336,451.3608159689,921.8644452889,256.9190974783,741.3085815855,725.1985179848,679.3258519903,956.4379070545,325.819191349,87.6066102976,1471.9953290271,344.2231801152,115.3282547676,134.5603752397,294.1098081211,184.7648066161,254.5081377546,1220.2969918919,468.992372948
Sde-CMat_159 ,Matnog,Contemporary,CMat,73.13756340766352,133.54608840639995,137.4654722106246,73.5812325068016,98.44314734342866,146.05560025339662,171.96423669181914,196.69186359676905,103.39136034239031,123.29294884834249,304.54569411108076,254.40358372169212,1166.8831497095587,389.39388186843667,402.288829206641,479.3079584424299,670.2121135963524,584.201091521002,313.97582831234,265.1878126261461,685.3786328887194,165.8761753442007,737.74872259804,616.5175462228467,527.5950305114803,674.9314481871473,498.1609573770408,113.08263625194634,1057.1404363564568,199.20792000078708,88.53218486657825,96.57231540255214,117.98506343109717,132.14607362596897,230.68023218258202,831.8384858687713,335.11925438603197,97.7191187219,183.9950924987,169.4698453632,95.1416354492,138.420777212,203.6887086453,232.7020361342,262.9472479474,145.466395821,155.2051766181,400.9410774427,338.9926637329,1680.0197587379,556.8729564626,589.3047547513,684.704313847,947.4818707541,829.2932622524,431.9415686252,360.1604808127,980.229983318,232.5321426687,1050.7654872891,879.2181716443,763.2140107217,963.9091401727,731.8654368359,150.305993135,1525.8316349556,278.4056061845,120.4968467756,132.7742690838,168.7606009562,182.6856684469,324.7433531143,1201.1948417047,479.0258528417
Sde-CMat_163 ,Matnog,Contemporary,CMat,85.3172969347365,134.21983268131427,133.6413204702797,78.4641559726478,93.61043291861226,133.8435215842739,182.66379313788488,203.28505479055755,115.08552419361874,127.138529591505,304.2150761471397,250.9370076094995,1214.5494173288173,408.15917387755724,434.8510993369799,513.6418575261366,665.6233081955364,603.6007948527736,304.6560836177246,252.46625608981887,700.2969250092777,152.73882191047576,765.6668036587521,641.9931745129771,554.2957266601376,721.0531997238761,509.1232234675216,114.40765451769387,1109.4938563104754,214.8540126599687,96.38173684163407,86.31870525650847,123.94573468159355,133.48966004634963,220.70817588301986,876.6221769842011,338.62149656111626,109.72549671,177.2830807094,160.2770651174,98.0800303302,125.8495198522,178.6599743813,237.5301530666,261.569487487,154.8018210629,155.2683276603,386.26409058629997,321.9715602109,1666.7150877109,556.852515484,605.7762534595,700.0925620307,899.063161029,818.2072407145,401.8826551873,329.3381003862,955.4748404392,204.8015837803,1040.9114237404,873.7462432425,763.7923016726,982.5736635879,711.0306405924,146.4752534828,1525.8606718478,287.3257423698,125.9629073683,113.8051816417,169.1255011599,176.8394461352,297.0244084097,1206.0812033088,461.7905353559
Sde-CMat_186 ,Matnog,Contemporary,CMat,118.8933762845517,157.5907563058506,167.82041962729087,97.71043198481927,129.7351557113954,192.14681888399815,238.48188013257945,250.80892332423105,147.93199346794458,158.04401542614642,379.473604794286,323.9749986910101,1589.6174416390506,502.76006656632956,543.5793446081079,641.3973613785607,908.6077302935573,775.4374551221651,425.5393163245905,346.817096295569,833.5154621261441,264.8343488686653,1006.8676920773106,703.802216504211,582.5794555892012,903.475553389797,569.7557963083482,150.1337628772757,1333.1980127660631,326.8190596890578,121.15591435043518,121.65368640649581,249.02110142885488,175.09366067907771,243.0512107060773,1091.8290231080368,497.79116199467626,123.115386333,163.7915356587,172.1042738825,100.781597557,135.1708585149,199.9995493103,247.3290831449,259.7328864506,154.1413411497,162.4864302521,392.251107892,335.3706314465,1660.9439145394,524.8938312435,569.1546812358,669.5457039349,947.2922152461,808.8528843273,442.2039070509,359.8409878994,870.217910476,275.8297618359,1050.678824974,734.5390815631,609.0675069993,943.0961625542,596.7711345202,155.367805319,1393.4388071844,340.2626705582,125.7381286169,126.4084020848,259.989686259,182.0575894254,253.270784595,1141.2269704568,519.6762801473
Sde-CMat_160 ,Matnog,Contemporary,CMat,84.3081982944126,133.94486472310163,146.96307615812893,84.23244833251611,90.06135811156744,138.84504929114323,174.87603800921386,217.076395472769,118.19947936035926,129.03922193662672,312.7038909614813,264.48615896558744,1223.1487915983485,420.3277496186161,424.1693614090721,522.1736704202635,703.5356533608372,618.6099081665682,314.8006634992372,247.56212356071356,611.4006157414628,184.7429050217897,774.8841541731513,539.7886639879443,433.49556511947145,715.0762627439186,415.2668988099581,131.26645023097106,1005.4433254984091,248.7279097601232,85.4854397689454,96.32421889374444,209.90460789806397,120.43964086196873,141.59014776109953,876.5761685843963,346.57377677233467,107.1195038497,174.5606139919,174.7152728066,104.1629680469,119.361711122,182.7717118905,224.5398797577,275.9385135655,156.7325362097,156.0772160477,392.4946449693,335.2996655398,1653.0820653633,564.923914826,581.5205865364,701.1668062385,936.5886276937,826.3358728042,409.7525994798,318.8258529727,821.7749670251,244.2339551537,1037.9493147078,723.8038299497,588.1676188446,959.988845744,570.6818785486,166.0679463871,1361.6672321859,327.99377790569997,110.2888805389,125.3142594066,282.1548564677,157.4014645618,187.8384307217,1187.5961146978,465.61414518510003
Sde-CMat_154 ,Matnog,Contemporary,CMat,87.69850395035256,130.79208262830744,147.54483450205905,89.27445442796053,102.23706917561755,145.02776681328996,194.35966399705987,235.3946833889202,115.69206848016853,135.21236216134236,312.8367524170554,274.6143210857366,1275.2298620759827,439.1834864984907,475.0724778123439,544.4529566102474,730.0400033123186,637.2494051052304,339.10373518180245,291.17131598431877,578.1840668569483,179.44306093591373,793.9080640267423,511.7650628016334,415.2970670525015,726.9317832109488,376.7121479174916,133.02033561546133,1017.5471707300061,297.5230158387919,86.62984241033801,104.13049428366323,257.23964711259043,135.2822072589001,140.213634205237,932.2487715458411,343.04232872343897,107.9622578281,164.5996038569,171.4497519037,107.348037738,130.5564273864,184.1119348554,241.46168832,289.9017830818,147.8025316835,159.4908121099,381.0642195091,337.4132640819,1656.3310775955,567.6881026849,624.7552913282,703.2031491253,935.8738934144,819.3363924813,426.3008976064,362.6807729123,747.3976575788,228.65032538,1023.2091198258,660.179735994,541.2456747974,938.7150050375,496.4360904387,163.1463583718,1324.0152896567,378.2799028806,108.0717310991,130.8487821905,332.5500043768,170.6657269096,179.2045108558,1213.4283184398,443.2642291791
Sde-CMat_176 ,Matnog,Contemporary,CMat,88.94502599437475,137.36381821575142,143.43511737876466,87.97131707124774,99.4789042803548,152.6603092304283,188.7183638150776,230.71142768005663,114.85261885847444,132.81884551357916,317.74041002107367,267.81763814842367,1281.8677103090045,418.5609147358363,451.58777831904393,540.4427293946048,728.2346981990491,647.7131883115705,343.15181035665546,276.6564885757065,692.3340082885212,192.98226569405296,804.6406230500918,615.0386402572117,511.72265885129616,755.736352602546,461.5605432614015,133.36373228880464,1107.4826652548293,251.87881006555511,102.80341650237114,103.94375028850935,172.2370583717685,146.90799216938467,205.0774959326597,898.3461089006842,383.5333033900056,109.1229409252,172.2173455489,166.2629163245,105.4607011245,126.5242325094,193.0420306186,233.617668613,283.1620807971,146.1399457196,156.2424244303,385.7830573241,327.9492188463,1657.8051993491,538.7515617306,591.2009992265,695.0913023568,929.7522542998,829.3534383372,429.7687200814,343.3583221486,891.1832169891,244.9237789109,1032.7212479682,790.0860396169,664.0144585305,971.8147058139,605.4948275986,163.0190541525,1434.8092561178,318.9836334554,127.7826542477,130.1242171839,221.7230393693,184.6251458943,261.0498700164,1164.2397249198,493.499348389
Sde-CMat_172 ,Matnog,Contemporary,CMat,88.65748981924764,143.63962387308035,135.01573224435737,87.54178145868406,112.21709367012676,156.63565658702998,200.50866153670265,234.12189493904663,123.73764721154996,136.13682619629418,310.12156430335506,270.04842433385903,1366.8395453041442,430.80911700052275,492.2175313540143,552.9368034816005,760.5329336100115,656.7949932644738,359.6041177397166,303.8298276787354,690.149632291259,209.4599591005641,873.0882131568436,598.3039523059831,492.86009056247394,789.9923362567258,481.0504232824663,129.2495230544779,1150.889983924024,286.99871401279825,105.51364568741815,107.2801914310838,224.44827247639904,150.98377636633685,182.59931342214853,959.7189145189543,407.1240205642011,104.057305508,171.4758026424,151.575289843,100.9029578409,135.4797184004,188.2496699592,236.9971373305,274.8739560614,149.4384291449,154.6082275428,361.0318114869,316.4834358871,1671.899596892,525.0050887939,607.8600499904,673.4255527197,920.933545599,797.1277632365,428.9394703335,359.8437450754,841.0827029202,252.4575822731,1061.5942874762,727.9951319375,604.4414023169,961.9999954208,595.022451072,151.2647087105,1409.7017977875,345.3293774186,125.1144127474,127.9213485122,273.5504742458,180.5819139712,220.5964781954,1175.8402806772,496.0103018961
Sde-CTlk_033 ,Taluksangay,Contemporary,CTlk,166.65415113260752,202.52627703883266,192.28387901425845,139.3847506441433,167.69122814703215,280.5205006981486,298.13989953417837,349.1768088355955,201.81683527607402,187.01079285209715,485.23283509119614,426.47628161843886,2370.3592738140014,766.3890791237895,871.4230853168168,943.5103989514317,1333.1780814810488,1148.6219338708145,551.9685637798224,469.4862907255546,1234.8153785131442,340.44787642304345,1479.0990678237213,1084.5730747812986,910.2915558308997,1345.5477392239343,910.6090046803843,209.5709185096064,2049.577286696796,414.4961811522032,145.86921614545682,194.9137185859423,345.8654126111627,249.81605306042684,331.6325187602837,1689.7597411126117,680.6002771286243,125.398096239,147.865000289,156.5724936953,108.3088175978,120.0096551031,202.3820127809,221.550874679,262.5919993265,144.3462238857,149.1890218606,370.4401673496,321.7511589271,1657.4393789868,539.4349848622,599.0675107143,664.8233629531,949.0612542034,814.3833907517,403.5828949172,347.6361203201,869.084436667,244.3706656699,1045.2596736823,765.4944646059,633.5534001047,948.3499449438,624.2265393012,158.4977033968,1429.6207819237,298.4160444973,107.783122754,142.6012742938,243.4004196836,181.784281804,237.060014705,1178.1068457497,479.2758447582
Sde-CTlk_036 ,Taluksangay,Contemporary,CTlk,146.48985857338388,200.6115776502692,196.98682233819596,122.96813282655802,174.56969283426602,239.4522988597103,228.67073126939528,400.58831616124303,200.01493817637726,163.69894573273828,481.14638508038274,426.58578190521075,2255.8665242243433,762.8738983509463,832.7633023892504,972.8371502848768,1270.477875656558,1135.9269347430052,542.2447777207357,461.8479717514844,1098.6637897265252,312.2816632568906,1342.2576011180713,989.3987070527281,812.1971542652929,1262.1659373169755,752.1078505702226,222.39499361993302,1882.567853509456,404.3740429759182,138.84723682814138,171.20771121757338,335.04234068248724,231.10174744923503,290.39605351271587,1598.2760211978434,657.6037395352996,115.6443401947,154.4510222285,166.0599208845,99.7069428905,132.1872945825,182.5368491474,178.6572754328,316.0943030213,151.3801708184,135.6666838521,384.4371253335,337.5044632274,1675.5333089858,569.7379142356,609.8585741841,727.1985898867,957.8031064742,853.4955272801,417.9819519653,359.7655205727,820.4693391179,237.0510339955,1005.7783145854,740.6035237341,600.9264534864,943.6712394358,549.4901050597,176.3132237848,1395.4150419193,307.7244117867,107.9685417007,132.039465925,250.1838117088,177.4329693158,219.6807886094,1184.2432667261,491.3103374925
Sde-CTlk_038 ,Taluksangay,Contemporary,CTlk,154.7018334260457,187.15988525584214,187.90934034435332,113.97612878603134,119.89069830274573,216.89830631853727,278.8075717962122,285.72666548659754,185.0334222750041,184.01445322593548,452.8832597883256,352.88867609063345,1862.9423661908172,604.5274969699641,660.7671828852428,780.4325759384021,1066.0440482056733,929.4437132298544,444.17931521699654,374.9186995579709,932.2608534444637,286.26419798458903,1156.0190593312943,799.0524274276374,667.6128696209802,1061.8449905172083,644.5116558573941,160.13687846951422,1552.002985637753,386.50089997862904,131.7762892907521,148.74436228714683,329.9097505546634,183.9837954098404,213.68563116653397,1353.0070370651772,509.9398986598815,139.5368829071,166.9774734737,174.4145863164,104.0102575831,106.1897902319,192.6741820443,250.3407766413,257.6663716967,163.8528274529,169.5341495009,410.6412014876,318.602057084,1636.2117368898,532.2257093707,576.7834162894,687.3621009717,942.4064002521,820.4456950465,396.4912079114,336.2028541194,820.7415261958,253.824287258,1019.2363309878,704.1869315012,585.3717909613,935.3005542132,562.0132932655,144.7068681675,1361.9012871536,343.0752259727,118.078198179,132.8039509631,290.4340388716,163.9454793151,189.1862386398,1187.0847781946,449.027192316
Sde-CTlk_090 ,Taluksangay,Contemporary,CTlk,169.13347889356618,213.53763616760864,216.2351695750023,132.61035279192944,164.49900670824732,241.0448211212388,321.41007123089656,330.36343107566915,214.3016695732966,188.7147065557955,509.87014077972833,422.2484056195002,2385.9809975579315,788.4225286401005,854.3673337036302,1057.7346208989334,1311.1897823560555,1225.5688465158373,604.0237057839369,472.1866382450482,1232.0311768669005,334.2540490181084,1434.6840659953118,1070.3207580247893,911.8122579212455,1392.6843555164394,831.4983075506289,191.8549347148515,2038.667460061854,440.3607230536803,164.38718822101063,190.32528007639962,366.994015652422,227.7508281620288,330.41706642031994,1706.4147400948748,679.8202057742625,126.4706881489,154.8304077868,175.2823240041,102.4751476486,116.8627855773,172.6589789622,237.2898728424,246.8927362055,152.1510790395,149.8026533272,386.9467957789,316.5949831874,1655.2972952802,550.6775405169,582.5252873986,739.5970358491,926.4632755273,862.3975983825,438.6156761641,347.3345094762,860.4576934279,238.1829316593,1006.1666499191,749.6731343147,629.5776176769,974.0550132562,565.2856083885,144.2112515947,1410.798686968,314.7562535822,120.6610881444,138.2913468039,256.2831463127,164.574274,234.4551036158,1180.3263211146,475.0512881233
Sde-CTlk_057 ,Taluksangay,Contemporary,CTlk,162.28462459099444,200.03897483822993,195.66086481698383,125.01825068992925,151.12419783902905,233.571341894163,285.0943639486582,333.2569821957974,204.50459400463353,185.33390309236466,459.66494900017125,391.4219964125675,2090.8033859904185,707.9428034115257,791.0781496966592,877.1767193722198,1203.6266799376167,1036.192278119756,489.38346038230594,425.3028537480556,1019.1072563788417,308.9381787391128,1289.6490671923932,891.6809274876804,731.7055776236027,1164.724524311002,727.1415026576673,193.37060189325555,1763.2856362262185,408.11120447495676,151.23065916106418,167.23789403723643,321.5661215479017,216.89163306997347,261.2051855622511,1516.1704247573887,574.8475112584206,134.0619329788,161.9383202189,170.4393624581,105.5328549032,120.7090666546,187.5760441637,233.5474617989,275.1991055798,163.281049405,159.2359272311,383.4392403527,323.92619771,1644.1701172798,559.1869641123,615.0323601815,693.3643615381,957.9722689036,822.4758132878,396.5613848982,347.5703718455,804.9310958521,247.255354279,1021.4032762856,705.6185262689,573.6045315088,920.8130787542,564.2440772963,160.2905099785,1384.3298167466,327.28642831130003,123.4155209647,135.5726884522,253.9676298081,175.188329433,208.472468016,1189.9609560194,454.2012164875
Sde-ASac_017 ,Taluksangay,Historical,ASac,90.40990154638814,111.7618958193713,131.4585391774152,70.71740465444128,84.0621995756119,126.38672808174914,162.8439152562969,172.43110676787876,107.07151757293626,103.09396677332772,287.362709653845,229.63284406704543,1070.646933613229,365.72509343315505,382.69671321998567,466.6146770809186,626.5322639413871,563.6111139349365,241.52903987057124,189.95915189455866,524.3073111087905,157.08164412082021,640.180820354765,489.3540999926843,376.50115649757305,599.069103016672,355.20044455159405,129.41882711584134,889.4623084701285,189.87955245431237,75.77927741731241,91.05916276932271,157.93019091323225,117.9688833754054,129.3388637210022,767.636175698156,303.0291960667156,128.5457012931,164.94265216,169.5089547793,96.6223789833,127.1679670985,189.2979804521,235.1371297016,245.331062454,162.0951159787,136.3491105308,401.3149554413,325.4258921421,1666.8575306107,564.755371322,608.4633766751,719.5860444523,954.0386923158,862.5270359991,355.8144718429,275.5049971126,809.7080723403,236.7571170851,983.6913749093,753.0991689719,589.54759644,923.56026078,566.7389611834,182.8502983014,1388.9924670914,285.1302680321,110.1924174984,134.0457325384,243.9295017165,174.8229183674,195.9433066809,1199.4200957814,467.668524008
Sde-CTlk_029 ,Taluksangay,Contemporary,CTlk,156.030253430064,201.36308664263672,182.52000136930198,117.56803410468343,161.24219574494137,241.04953176013427,275.40677812243473,280.97589635486526,194.82974167749643,155.87754654330428,464.6016152528207,387.7077837379719,2004.2431270575382,630.7518077064861,685.9760647079822,822.9425322622778,1128.7079263602698,1005.4667946309963,511.1548201438094,419.291979885962,1023.8193353436973,300.4845830498463,1238.732488124958,904.0221058064011,741.4418864687171,1150.4455353697713,697.9376558926734,197.68054184023765,1665.172441830437,386.10410951679853,136.70080250463033,149.90023334621597,305.57466073612864,206.30386686671676,298.47792559477483,1377.6677502510174,626.5866545131327,134.2476244236,170.5128604511,163.734407819,102.890278118,135.104006411,202.8368616455,235.3999408829,241.6799743029,163.1956161182,138.3269351137,402.8147643345,334.0492460443,1658.8603800219,523.8817053273,562.6892628436,683.8999766769,943.0947295023,838.3281873384,433.1767298236,357.7075698603,850.3197592495,252.1709521879,1031.0283314724,751.9426074499,612.1646703117,956.1967401353,571.6400621073,170.5429713497,1376.4315293677,324.538502248,116.4927750138,127.0731475714,253.7769035435,174.3890227669,249.9395359526,1138.5073357451,520.5512733864
Sde-CTlk_069 ,Taluksangay,Contemporary,CTlk,199.81282851313628,195.11145309071426,198.13699633965382,132.9276516549511,162.46073980839185,231.38901909105368,319.5171580116004,304.9203422164713,209.19452347291502,156.97151735576105,544.7125237026224,429.5467083835354,2422.8652067967837,819.1129887188213,863.3289953257506,1034.173729031409,1322.1889269129622,1202.2022096019164,525.4894386200831,426.071591015219,1210.0000809471046,316.2674006170887,1468.7656206890738,1088.1120223126154,906.2912333155881,1390.3354831359807,876.8789959345871,206.29328919778263,2037.3512408894471,426.8443172938001,144.2882810682837,177.37705059226224,363.51135053288243,234.08210672943372,291.35182424457213,1751.2314490367085,671.7260648024687,148.8961690218,140.9306536704,160.2115234887,102.4061442138,114.9467947166,165.0867114238,235.04332567309999,227.090883998,147.921787716,124.263300665,412.0361477665,320.9668895059,1673.5986558003,569.6787256335,585.9626419012,720.0547155375,930.3871931607,842.4295614911,380.1392717414,312.2712450284,841.4740179549,224.4603167325,1025.7347958328,758.9164238441,623.0173362972,968.2896412516,593.4097321038,154.5389847569,1403.7334431744,303.8801306047,105.5199058398,128.3948864251,252.7702583939,168.4975114984,205.8942971294,1206.0317421094,467.4002654288
Sde-CTlk_096 ,Taluksangay,Contemporary,CTlk,146.77427459459642,189.27139828693083,172.36125274347484,110.40632159310442,156.37313495715944,245.9897784979896,270.0692420022132,251.0072416659926,169.1188414939329,159.757892978876,462.2858953090501,355.12674106197636,1904.4331214745507,580.0037805164034,673.4095846790199,782.1681875977828,1108.481996301487,979.1324495510963,423.8908048533726,332.8953414218348,984.6460529937902,317.7592331557968,1154.320569929532,831.9406360195179,687.7515231045365,1064.0178827088573,673.9201936755494,178.29589316103167,1625.6843688770648,346.9591038941619,144.9058290856856,155.17739567269447,276.64734839374466,192.2798584258112,257.4593164545614,1375.2187157807773,529.2317541082451,132.3113000563,168.7552969962,159.9174934186,100.7018712192,138.41061612,218.3742364521,242.350975909,226.2279091124,149.6598221344,147.1199973854,418.9410299266,320.4423905908,1671.4587810986,510.2772383907,587.3794244892,688.4095113499,979.2579730614,863.714248075,378.14451134,298.3400314741,866.252749977,281.5638429989,1017.033798633,732.6608544099,602.5935491021,936.5602809234,587.2147429004,161.0263648167,1425.5322247257,307.7742651955,129.7645284492,138.4611832604,243.3740706576,171.2293007996,227.7885096501,1205.7042541527,465.6885193491
Sde-CTlk_028 ,Taluksangay,Contemporary,CTlk,166.5032296056749,227.5731865851731,197.86300834034137,141.42210729079807,211.75478797514825,268.2808284908186,375.4534184737835,352.5969902000073,220.65526323859604,189.37638365255575,519.4378572415761,452.53372925187574,2591.756072453349,853.9433359285674,992.0896833929985,1085.1139959760267,1436.1350015003811,1279.987496165279,586.8752565547896,495.0396032169144,1268.779199359467,359.66497776042905,1549.1070733871175,1115.2506105170667,935.6017274851303,1451.330328517516,886.8521320637391,212.10825617568506,2206.0326591954095,499.927828667989,171.97356769367195,184.545292947314,411.231772088697,240.49522124100508,308.0762409346264,1876.2187036114124,715.6127071293247,117.1366125535,154.2429279444,153.4763098639,103.5296705055,140.0191641068,179.1732567139,260.0895137647,247.8868295872,145.7973980263,143.2172680598,372.0356355552,319.4062254586,1665.2607559034,553.1732633106,624.1920190846,703.8633332337,943.4220374661,836.6569843864,398.4871826107,341.4196739461,821.8286169144,238.6989998208,1008.4663262818,724.903493554,597.6963561284,941.7056345656,556.0191517604,150.1650683082,1413.125999167,333.0205748819,118.2984716722,125.3996158759,266.333195108,162.3305443878,203.4175838562,1201.1826240599,463.8333059774
Sde-CTlk_008 ,Taluksangay,Contemporary,CTlk,177.54510759984348,203.8788365148281,221.35090998514104,127.72579181547474,159.74096694915178,278.1113325335737,299.7543286886279,328.1316186013472,208.14786675306095,210.30494052173376,540.3660881085063,438.49904069963486,2292.5368726245606,752.6336346735841,824.7701319872403,1006.4448859879113,1289.9175448426656,1211.1550630551399,532.4766371243437,433.90493761386256,1148.2876408560749,294.9973465877957,1359.62015491478,1064.2683583519524,871.765535016503,1332.5880471444877,789.969193918573,214.6782724480754,1940.2961464000591,395.10395079016854,146.2842225688062,203.7816131344778,351.0962582735535,240.36542936764016,281.3259726371706,1674.523375722274,619.1860484305506,136.4740415098,152.4069349223,183.0406340669,101.145232776,117.2254039176,205.6188412933,227.7676650634,252.0975484646,152.6648046983,170.6401055375,420.9692967473,337.8890503912,1646.6289441125,543.8940895313,583.1616507246,728.0400194585,941.9766497473,881.160988782,398.5840788009,328.6140976076,829.7624715291,217.0796792159,986.1775829221,771.0557375774,623.4619291078,964.190510009,557.0863561799,165.7983712876,1390.4665683292,291.5532354449,110.5714108337,152.6255628786,253.6804372158,179.1287072815,206.2283990807,1199.5039385549,447.6516835729
Sde-CTlk_014 ,Taluksangay,Contemporary,CTlk,141.12666735561533,219.78194083447806,191.6581348573026,115.43750047679477,187.14381773473042,255.56195875875187,276.7351201375062,340.46644013845554,182.79421995706673,179.72591374337202,496.0766388557417,430.2141501896584,2234.6656517610954,717.1037856923223,798.0372702395923,955.8740563666796,1252.1971013338316,1125.340761188228,537.5566174380982,431.87825941810263,1111.6385367128514,333.1313823363989,1323.0104081889492,974.2590879017192,799.615323357932,1238.0518260092506,748.3020272490246,212.7387330187899,1867.153723131518,409.84336301354205,153.4954726846689,183.9011710264238,341.9546678193034,225.50859890735873,306.5978889238476,1598.4772128272082,636.2237421701585,113.0326065487,171.9372340772,163.2637062345,94.808525531,144.1386777517,198.0769668741,219.4965852242,272.5728943008,140.7233944923,150.6694521807,401.8415816239,345.2845937723,1690.2416976956,545.199311822,595.6651960724,727.3452359406,960.4679791621,860.4489717872,421.0147009742,341.5970011112,845.1106499654,257.1753897795,1009.0026101818,742.299497101,602.6154451551,942.2465255173,557.3025235358,171.0691121341,1409.5602747198,317.1384102823,121.2088328214,144.0995031242,259.9458021013,175.9587741764,235.9284740851,1206.3030010904,483.8848996994
Sde-ASac_006 ,Taluksangay,Historical,ASac,72.5092783183642,115.07727762738395,120.63699289894457,61.96169069675229,75.52964227771767,110.21881530287833,155.07322703435946,143.81132548794616,92.90475370792392,101.72496519871606,265.73554716390504,200.09483892457095,943.2843133227648,305.85808674305144,315.5258637459693,404.84186585806566,537.2423780027037,489.70760282422617,235.31264053977216,185.49601892151216,479.72405272639816,140.91472125924247,586.2228931038773,431.0278486699554,346.53080183465653,551.0217654501589,320.4459144340585,100.67520497143275,780.3017800003792,188.9181087858969,73.39796819694662,72.52528460344024,150.46617655170886,99.51150407570974,125.87235805370463,666.5917410700494,276.70882002813005,114.1073996368,190.0110116729,167.3879564717,92.6332609349,128.7481795875,185.48016702,248.9429026874,226.5133786534,158.515813357,145.8354802762,408.636947616,313.5610657671,1668.5502580977,535.3616236574,573.4446089067,707.3979174606,923.549436023,847.2729603605,387.6351129906,299.4819803809,839.7816142222,239.0668780549,1019.5787157774,751.1558633146,617.5327102441,962.4360116546,585.0356209252,157.1477740572,1385.6710235406,318.9768175599,118.8991073611,119.3572151837,263.443018283,165.1851024329,214.9604324218,1184.5986966251,483.9780541555
Sde-CTlk_099 ,Taluksangay,Contemporary,CTlk,138.45895753186213,209.91574636613143,179.19849451292828,122.1286036414484,143.4047000954292,245.2267320098891,280.12465858545903,278.7341584436684,180.8667647145821,173.77872501560717,464.4546626279254,383.4811616505823,2033.795920505489,648.6222331489495,718.6930710234656,842.5779530649255,1143.6781479082,1018.8737713049884,491.42119796770055,405.7733327457091,1056.0824032164771,293.31102542674734,1248.4352212362041,905.8397333663169,779.3156098686844,1156.4539368304686,742.4810725192661,168.90567088573465,1732.3138096947127,382.6667870090241,139.76756426524713,139.2794464686373,308.4744963347859,198.8379171541736,269.39853880888063,1468.516745521773,565.4229324886019,118.2164551615,176.249266105,159.8639576725,106.1547657903,119.0757198694,204.5377192049,237.5174454958,237.9109428383,150.1327144076,153.2730270677,399.7581045704,327.8990848669,1667.1106155323,533.6317941056,583.5811040362,693.61905383,946.8597846362,841.6419558248,412.9416815876,343.3725443417,868.8225414453,243.9531993343,1029.3929858057,746.3876173269,637.1584964897,952.1389929027,601.943974283,144.6216057005,1418.0473149801,318.8035041128,118.1354034271,117.0759770035,253.7623058443,166.6390713331,223.5499794263,1201.8040896334,465.3036247063
Sde-CTlk_052 ,Taluksangay,Contemporary,CTlk,138.78574302240128,191.35829868957865,183.4972819684259,109.61184871413312,149.77111870457537,237.19837824953615,267.80347378277224,277.5281538515507,172.9916437700388,178.07131679863548,449.2678861121725,353.3854844537053,1919.4217992267488,616.4689126124771,698.5266407032018,804.7179578854259,1097.2692286655085,979.2648945801133,476.6175507680766,398.90121509937774,948.809429404114,281.10514409707974,1152.1323657502032,831.2840811034697,685.4966691310472,1066.0810432931448,654.8673671103181,175.9881714285363,1606.1100093734367,353.3331486003544,124.59840855628957,156.9740813427811,293.63897544816854,205.13894538114894,258.72497451713105,1372.13511684927,548.0259643174672,123.9496139383,168.8667716287,169.1075075417,99.1544500653,131.1219844645,208.3295816477,237.991571804,247.8063817046,151.4154146651,162.775348569,403.5590762968,315.9412347626,1664.984717991,536.1549712149,601.8532799071,700.1798057932,958.6200615403,854.1540351508,420.8420187019,353.992510193,825.1754146849,246.393941392,1003.6262698532,723.7740285514,593.5290085915,927.6834416133,563.5981344295,157.4943907953,1391.8454987585,310.0727620128,110.4784472464,138.637714975,255.3658397991,180.7879363874,226.4045772609,1188.8700367792,476.717644839
Sde-CTlk_041 ,Taluksangay,Contemporary,CTlk,159.50196469385574,220.6637719843699,196.48819459562958,124.68596494048553,159.9966321615865,250.5811273572893,276.7271848946178,300.09551205341273,192.99398264661,195.93483999557097,494.369125153766,396.0283799196214,2124.2009214606533,688.0257399125776,750.1837658377979,929.6072235564061,1198.339939413525,1122.8712820874975,543.9111779231607,431.19803770217925,1073.4771259589093,298.59720076499383,1262.8155112989741,947.7373355402013,790.2639309232643,1215.3490304684328,713.3654161869355,189.88158986918683,1783.3734745901597,394.1658864570092,140.5700497593994,167.1022803906639,324.24923741621967,217.80303115944008,293.2071483231778,1497.395713975798,626.8058978184554,130.6236722388,176.9269647063,170.089514265,104.4446802103,126.4968431254,199.2397863658,224.6469536773,245.6675087969,152.5216773754,167.1864738131,409.002946988,324.9301695144,1652.2821589646,537.658047531,576.6018482961,726.9940426699,943.9171955916,881.9661519304,436.5524924442,349.1692896888,838.828720223,236.571428267,989.6035677445,742.0403642631,612.691312483,950.6257603356,547.2076488257,156.0614649202,1384.7828898139,312.9469675312,113.6605119138,134.176131696,253.3537459566,174.2248307842,231.6269131588,1162.3522176448,489.9790680633
Sde-CTlk_034 ,Taluksangay,Contemporary,CTlk,137.6977746728319,230.26921516505416,147.72305228829384,107.00074917424642,156.06437017951922,221.18575527483688,226.2651530874562,288.1907559595207,183.15231778063853,165.13283314668226,446.4133561499812,373.0070811064583,1957.4129702746964,636.7793158975957,675.1055435937184,825.3787210706367,1126.254367850185,1004.3712712474905,449.0374370291302,356.889854313288,974.8543890152264,304.7465818482794,1208.8588238007942,859.4825470195656,688.6668034470372,1123.5430243350006,663.4668598946296,202.15203260457187,1614.649215356828,383.12867490831326,143.01233278413434,161.04760692726853,326.11274763486324,193.16768748463085,235.93904168568628,1399.1873559137282,558.2445699920778,121.1878062491,199.9353397105,134.7042880629,95.54184393,134.2952298625,191.0232726139,198.0228114463,253.5740797246,157.5627223336,149.2000709307,395.4531510113,328.674241857,1666.9089521397,543.8829765436,570.5433029342,705.3111295132,966.853382063,860.6581201456,390.1405625992,311.8423622641,832.6123746903,262.5887390316,1034.3610232455,735.00362665,585.2361679228,960.210697138,559.9908991862,178.3223208841,1373.4995132128,330.5727881454,124.8428248584,139.96219547,278.5161223169,167.4703553209,202.922417382,1189.9749244472,476.905639597
Sde-CTlk_023 ,Taluksangay,Contemporary,CTlk,153.8093412184384,219.89112407734876,196.53107796022996,122.16062981059004,157.7340938949154,261.0883383541479,240.18040479447936,382.33251189677816,207.98154548411262,183.97214233848015,486.32964090018197,425.39073381476004,2321.6539254064633,761.3861633257399,834.0560030369664,962.8599856449536,1285.4263031016483,1131.242002178831,518.8631334970813,430.74700891920304,1188.4351600476189,321.7018998039799,1389.3917553526649,1038.2099423245236,880.7571532249736,1282.706759777526,869.3965707487232,182.87516531090296,1978.527524447858,392.65773000465674,135.6783669280037,167.02530120445834,321.92095240546234,231.69351211609276,335.9317346456122,1653.8875311921906,667.8197604130625,119.0280193836,165.605757516,163.3091037038,97.3178089455,116.6733474042,194.5312748752,183.7882376686,295.7280884657,153.7582835601,150.0746968753,381.3021053449,329.9828772333,1681.7301440656,554.813769484,594.9840737481,702.3099210079,946.2817921695,829.7508203129,391.2842170745,328.5520198505,865.9460418215,238.5968641642,1016.0911006398,758.4083035163,635.3216954035,935.8195827368,618.6053409769,142.1737923854,1430.0107508093,292.0114147785,103.2922904263,126.025507457,234.5434694282,173.9708554739,248.2231474533,1194.8840771616,486.8386369034
Sde-CTlk_100 ,Taluksangay,Contemporary,CTlk,145.65441249152047,234.9411665959161,199.38055313079062,119.17309885859308,166.02417859302903,248.61591957050942,294.9379547626416,315.83741970832085,200.34380227249358,192.12529277700526,514.9640890937251,421.57656328273276,2177.6218581646767,702.0694040470145,740.0799323117064,907.433969180816,1205.70534322912,1086.6306744445696,536.8726569140582,424.0073487080265,1144.7120661846104,310.34763231655245,1330.6743235046508,1009.5478768440304,844.2325564216591,1257.8919285114482,807.9389571349805,189.21868391741856,1842.0058024975326,374.83903329407974,140.12830866388134,174.6242631327042,309.4690666082153,225.85482306304638,305.8323424385327,1547.914933562158,629.7717214856825,117.4106559415,185.1065797208,170.6317930461,98.4356455114,128.8419077118,194.1191572956,235.5080641639,254.4875500795,155.4054818098,161.8880652011,419.6914838314,340.511829913,1660.4551261018,538.0182744048,557.0993682952,695.9660353423,931.9316650421,837.3274498558,423.4623592905,337.6546614863,877.1838194372,241.3869940979,1022.8342864702,775.2617711529,641.4684396127,964.9385486923,606.8698227515,153.1186878814,1401.9324237519,292.2118956705,111.411980809,137.799335886,237.1247689605,177.4985012619,237.130142405,1177.6981774176,482.78576032
Sde-CTlk_022 ,Taluksangay,Contemporary,CTlk,152.5416576393806,216.76715401665453,198.6318983347085,130.74869443619698,171.42501711570574,272.1743815275053,335.6099023103609,351.01324428041175,204.54601139804706,169.01906260543512,518.2600282020021,430.1053569241495,2318.25434586414,733.8682055549824,837.5123631154826,990.7295970618017,1288.1779639827564,1160.4854529466709,588.1095329972557,472.6185806197637,1174.012847565494,344.77680892845746,1386.9791564208022,1005.291364313894,849.1209631761836,1304.124236439826,787.9199375440945,199.22385513798315,1958.1421583940323,438.0271998545408,162.75821161406876,165.42249657857894,350.8615266785599,223.66537817516596,292.56936332302433,1662.1440862962668,656.6574086088115,117.5792915351,162.5377988645,164.5821571292,103.7933055074,126.2095807268,201.8692247693,255.7496920946,270.4253497964,150.512710833,137.4426245138,404.8087551181,332.3304770493,1670.9029377147,532.1470320766,594.3328110747,719.115549977,943.81985098,847.1246601412,441.5701997264,358.9808000565,851.2538579603,254.5301497089,1009.4235481846,730.7988008705,609.4108453435,946.8106272032,557.6849529466,154.2811917222,1408.1789437319,324.261230986,123.3860321469,124.272904364,254.3783321429,167.1992577186,215.1716688878,1194.8190668672,476.3638359505
Sde-CTlk_093 ,Taluksangay,Contemporary,CTlk,121.72642654814153,176.92841342331084,169.19452248902735,103.07038545479494,131.32629537529795,192.05889504495752,230.31799435782258,279.36115059616304,161.07625850751592,156.05049843957562,397.9976957924505,327.9913425305156,1787.8695532673655,610.5197967480252,668.8589743094205,768.2808589997086,1019.6758469896304,906.1302278779249,424.7168224890085,346.3125464609101,861.9005011324452,258.28166660612993,1081.9722939430378,755.2191131862061,616.6258238288111,991.6701703221487,596.7928537566784,173.02244128043017,1490.696858060421,344.2592832749757,127.37339688741909,131.02162945468226,282.57388895090816,176.2166506259837,241.16901585618348,1256.903129172479,530.9989572863961,115.5551758627,167.0350143046,162.9538580917,98.4225323408,123.5305006465,180.924519841,218.1427077876,265.17151848460003,151.4979942234,149.732151219,378.8229055539,311.5138420997,1674.6114283696,572.5353242833,624.5445277834,720.6236024176,958.2172025064,850.8863442503,401.074863199,327.7911865861,808.2658083385,243.0818502043,1015.3983076853,708.5880337925,577.0723802543,930.1989127897,556.9629356526,164.4040571295,1395.6367428817,324.1775951163,120.5148122485,123.7419657785,264.9846601069,166.2616180214,226.8045217976,1176.6542315512,498.0047102938
Sde-CTlk_084 ,Taluksangay,Contemporary,CTlk,127.24272920218273,165.17715532270194,168.67236703532683,104.55514549193646,123.4345639195926,198.02342712078286,234.0596279496317,239.69498072813286,159.32851953244278,148.24083988644963,397.8042679730825,325.219778674422,1691.8553905499432,548.6832359415129,596.1909119019258,1062.2647765247089,966.576828328147,1212.2212154259016,665.3891136150637,461.39444313000774,845.4933760957799,252.59644010850607,701.8166139412774,742.3843724451706,609.9160727069338,955.9711169471856,232.99034179553445,165.40760091894202,1408.747351532421,318.3512010414913,117.72411054754242,127.91609632290222,258.6826948985959,177.3475403780949,220.83215669754702,1192.4978957481896,499.37353793972704,126.0173519887,163.4187844085,167.497452899,103.6616709852,122.0375634336,195.8359601776,231.707149117,237.3822228829,157.5220991165,147.1056161371,394.1675955108,322.1168653987,1671.3867461237,542.1668067465,588.6377228943,1049.6874332132,955.4652072651,1198.1210355614,658.3385219941,456.701566369,835.4499310024,249.7629090261,693.5758777399,733.6360409537,602.4417222082,944.6604387143,230.0162885,163.8431425879,1391.5875279961,314.8121960115,116.51837878,126.5632761994,255.6089392039,175.4397087303,218.3242041189,1177.9540232992,493.4506058628
Sde-CTlk_058 ,Taluksangay,Contemporary,CTlk,141.17152157570592,198.10459345386212,191.38895921669572,121.07179690204492,149.30177318739388,231.94986484574633,292.5428676924119,296.9990522760637,182.37793031504663,177.61006580858532,469.81813529851104,378.98508776827885,1962.184989823462,609.2121176007254,675.3260228728418,833.469317520669,1078.9956317231315,997.9536926847105,515.9574748587424,397.47131372526746,996.8932114537843,288.3704846057584,1198.7205510947244,890.6796046317444,724.334639347201,1156.727319215471,636.7969061115245,203.88103349806758,1624.6011734191286,396.71656119261,147.09696691737057,164.34655637511838,313.0064177888367,216.02729125712338,249.37951187274783,1389.7164718296929,572.4792161651025,123.1185487622,170.2838328387,173.377496095,107.2362590838,127.1068854898,198.2360638216,253.6050185016,258.9504207359,155.2216775851,159.316512672,412.6041091809,330.9420439295,1651.938179197,514.5188170184,563.9214612753,704.2848409964,916.2573322522,845.7933102508,443.8109021161,343.9757299609,841.9125901327,245.8536969025,1014.3465409501,753.2312958942,608.444511282,977.5581492393,531.0204979564,178.2460074376,1366.1152675393,338.7140307556,127.1702773887,141.4070265349,264.3319118326,185.3919611913,212.1886332699,1168.3476744064,483.6045820888
Sde-CTlk_030 ,Taluksangay,Contemporary,CTlk,141.0876021692197,199.6364044669709,179.8094706600851,127.49263029622537,154.86644590104083,240.76459775633543,257.25747975260117,348.3128562883087,185.51116915142876,169.60721714198954,467.52121771378467,413.0308262754731,2051.086963006342,679.9016065983739,751.4744331817551,865.447015579348,1180.5798591926255,1024.0489677256894,516.3545443011129,434.31277047778593,1033.0224793632567,314.1099844556997,1269.1947117731775,904.4231845850095,739.5296304800032,1152.3546678960822,714.4908840692091,204.0111762869867,1736.603743162409,397.27479170594233,154.4541779135806,160.3005511742241,311.35431401450023,222.91981652253355,273.4072950836537,1467.3621078516985,583.8285280636773,119.2100395454,165.6947553911,159.2041800709,109.7961401073,127.0238961876,198.4243583025,215.7646747501,294.2063712376,152.1056815785,148.358513507,398.4311746742,349.5328171145,1659.3553634902,552.2038124153,601.8656507855,703.3510085528,965.2973047588,835.3091120706,428.9363403408,363.4928669121,838.9680409944,258.092611756,1033.2624790749,735.7529426451,596.6419876212,936.6620356651,571.2807497886,172.898558853,1402.89129167,327.006848693,129.1073564916,133.2095659534,252.8502737497,184.6544994526,224.0986529892,1185.0699440185,474.3067099961
Sde-CTlk_075 ,Taluksangay,Contemporary,CTlk,147.78872254813623,199.03936221403546,213.4980352667443,132.09587676475755,180.80192563067465,256.31006962290814,290.2068946639276,346.3698272693076,213.27173499001222,176.74965084392667,476.2842574096377,415.9816340447377,2333.6473843183167,736.0285396306314,849.7653853748634,967.7929090363082,1272.850875458779,1159.602169804705,508.51716256684983,394.51461053775944,1162.8935605197107,326.35189534586755,1388.822130323466,1028.698615712226,850.8374653482356,1326.2836551380137,811.6776259942676,208.45444065828883,1975.8095288354748,402.3142895461208,141.55247777559393,169.6304305898267,333.04553036658496,226.6174475051734,288.1821229588852,1679.3630366856119,654.6206753998838,113.2092887193,148.2217548899,176.1068111899,104.2858179304,132.1427849799,188.7501914437,219.7191429346,265.1899845328,155.787320434,143.0204450528,369.8319556577,319.4427425521,1668.887820397,529.6301331697,598.1057125922,697.109037065,925.6839863629,840.1372845574,379.2041732486,297.6935382314,836.7390085651,239.1871688484,1003.1192811205,742.1378659019,605.8216588249,955.5594548664,569.7755431918,160.4462889157,1409.7338890479,295.6912408725,106.6022675591,126.5660833543,239.6132239433,168.2322821966,210.3945677578,1197.7114375397,471.2578161971
Sde-CTlk_050 ,Taluksangay,Contemporary,CTlk,147.55535834692688,212.8360738396806,184.82582799695498,120.48760204290728,157.03978620059948,234.22970615427928,294.1106998215638,288.4279495542171,178.3303222912189,184.32916409385683,492.3788079079865,397.04080478371486,1983.612274070001,652.0199371802829,706.5529808549959,834.7512461589561,1109.434718395499,1002.1557225440815,504.00130730609226,420.9336179604214,999.1728677929608,265.2596755275856,1225.5927681328571,902.6485697779896,747.6536474789712,1157.3950263640368,698.8762200974932,182.99173844018227,1666.3451804772171,375.70942226401485,141.3445043609405,171.00358473227976,318.4752399311601,210.79097911734746,259.2374455645054,1417.0971543689482,566.6285957614652,127.5632720619,181.182006573,166.3755373173,105.892651558,132.3236260955,198.1809836753,252.6424918491,249.27907186,150.2176377025,164.1965235496,428.8360465018,343.7119904817,1651.6711542124,544.7470287481,583.2242231482,697.8009218478,932.2926522848,840.403304368,429.3645859815,360.923423534,834.7556038158,223.8517946639,1026.0520116956,755.2027816957,621.0590244561,967.6367301449,576.0473640433,158.6123682489,1385.7523911753,317.5473582593,121.0631826492,145.7250411685,266.054717494,179.1350800015,218.3067263135,1178.2014138195,473.5182363938
Sde-CTlk_012 ,Taluksangay,Contemporary,CTlk,124.38151608920839,187.60995254863212,174.33953327664955,110.91332805289908,147.44549551084975,195.65644434983477,264.4276095687816,275.30931639797444,163.08141982607953,160.08106480383623,429.88889329831494,333.5101057764367,1817.1787278942845,604.026206176727,676.1088819899499,782.0736675297347,1038.7460055819083,933.1604463585081,447.685078341193,352.30624057793807,880.8381058739228,279.887989402904,1104.4802142430121,743.9779460170577,613.8104548333791,1017.8974173173297,591.663257572109,164.1529382010569,1519.389559362371,372.6201619251031,137.36592200283877,137.428017289816,299.32323754471514,186.7023524464542,241.9464961357366,1283.2297574919814,534.237858670312,115.6629917482,173.1209680669,165.4237051014,103.9902656459,135.36549762800001,179.9970040121,245.1095114679,255.9755541894,149.6976861452,151.1009563669,401.2386130293,310.3426864294,1658.433318885,552.1899709872,614.3731148571,715.1554101234,952.3536229186,854.6670593357,413.2648898739,326.2701272962,805.2323212303,257.1526500517,1010.7285209859,680.6090581802,559.5235032143,930.8610647668,537.2473098168,152.8458780189,1385.7883393987,342.6147578066,127.1458612409,126.8814886904,273.6237861195,172.1367542951,222.0582291817,1170.2587451293,488.4492195289
Sde-CTlk_044 ,Taluksangay,Contemporary,CTlk,157.5400556724543,221.25678012040675,202.2424405474776,123.86572556219905,181.35816969268302,258.84384496220883,309.1028404447458,328.6829232390542,200.11811906096858,196.1269777985936,516.4655648462345,424.12997694066615,2377.4461337003727,785.7093837225376,872.9419042278242,1018.6556784674447,1340.0877710781674,1195.0564081589162,590.5869217529627,494.5197251000612,1139.172608292896,346.36757569431944,1428.5672832636374,991.1608632359782,813.5633530909315,1318.0329929599218,785.1958620758008,220.76989613715452,1961.7439329145125,447.1185181336151,155.97980661691412,181.96286264128167,377.5051366974494,233.63201193620705,343.65770287396447,1637.5780436731557,740.3545367999377,119.4493517983,162.9109299706,165.592864152,96.9041444174,130.962119544,188.3882554409,231.5367772833,249.0793056624,144.4255737842,157.4140106546,397.1533392252,322.4120757101,1678.4473095103,558.2751534756,606.1829886219,724.5542890683,962.7284927351,855.1687681344,435.4665672713,369.1398149476,809.3695046007,250.8439787756,1019.007849123,706.1417388972,571.7707298849,937.7277769641,543.7423985161,168.2248892433,1381.659666858,324.7560846098,116.1944424158,134.248453561,268.1857164538,171.4655417929,247.8811855099,1152.8404953612,526.2889486866
Sde-CTlk_061 ,Taluksangay,Contemporary,CTlk,138.9973646282907,201.07626501268123,184.6936376981622,124.92767191827437,135.96981873651222,224.9963033198768,277.99792219570634,289.23984494025024,188.05773041502442,179.07563231579,457.8679009689366,375.16299056683346,2013.3405240595268,644.8513578517532,699.0125739824498,903.6671504875729,1121.1396712363182,1062.4505887442858,558.4389427849386,426.23192774375786,1052.1345923593806,301.14227354026536,1210.3592263853075,920.4804198080479,766.0793961825628,1181.6914675787248,662.5799739643812,193.45790634616108,1702.6739161825585,389.1772540007444,146.0653691798299,154.28238768793392,305.458138713392,207.46868722149375,242.30259024577086,1479.6361704608603,533.7458470632721,118.9366618932,169.2373965195,165.0273887725,108.7991059803,113.1937579295,188.1369574988,236.2543554313,247.4209604826,156.5055972648,158.220277728,394.9098231202,321.4841711236,1654.9014581391,531.9676780141,569.24271379259994,745.9188086177,930.635098854,879.9684872857,470.3908522205,361.5214775104,867.9217353826,251.1076936472,1000.6722257677,760.4911673353,628.0891959002,975.5452163638,538.7325928848,166.0009765209,1397.6605955904,325.0497852105,123.7468196431,130.0000205545,251.9624908585,174.298873385,201.586514294,1214.2757307914,440.4247505956
Sde-CTlk_024 ,Taluksangay,Contemporary,CTlk,116.57206002957999,183.40376574108288,167.96265406943894,107.23802876540579,127.29314926986446,204.74052959678016,250.6282645083152,262.4178986115276,156.2661973877268,168.31409519258926,413.5792269586204,332.8093791570484,1737.6798497936866,585.2414183792874,636.7834375963072,728.8509569190192,1008.6857134586619,877.25839421548994,441.44767101097045,377.775829337201,754.5196254588809,257.66482603731527,1070.6174103875762,658.9855654528785,523.8794711971543,969.5842729298006,480.953804455272,183.56738364415392,1335.8880561153917,424.2448937335133,122.1301170221335,130.68274656361498,379.69205239300175,176.39302649903706,170.02480268622577,1234.0284936908708,503.6592023712561,112.6090389313,176.5204920273,163.8182470508,103.9984515828,122.2184038926,196.7710452456,241.7405779717,253.4797125918,150.0255647215,163.7523197153,400.2236653561,321.5986633887,1663.7010111284,560.7756245795,608.4154391523,698.47349287710006,967.8493989895,841.3295049402,424.9553060693,364.2210324324,722.9711765032,247.482160881,1026.3597636541,631.6479665874,501.2924479354,929.2019904877,459.3687816649,177.4368888813,1278.6327966243,407.6278615387,117.7178644324,125.8097247683,363.8114686285,169.7040498058,163.2234259036,1181.0737707709,482.6314379211
Sde-CTlk_015 ,Taluksangay,Contemporary,CTlk,133.98169822050323,207.6310125836215,194.67935762093532,127.22548083984593,168.4879840596949,235.17004337240738,320.1349380950633,305.0494030622089,183.29663202975115,175.39593881743673,479.39938918569766,398.36492496570276,2220.4389814064357,681.1258359296395,790.7219521190113,922.2283910782892,1190.77221379745,1079.1899005145895,521.752735019185,399.8376134268635,1092.4426783287074,330.8100296497825,1347.8831065678357,958.70370340491,776.2160461017859,1270.8977532866636,734.8735551875574,216.817892621896,1843.2335786726815,432.1874070987723,152.4805587127746,159.78690363233764,338.99299184232416,226.14611336755266,265.4195369414428,1580.0308186169154,640.4108440865208,107.1638921206,162.1869085105,165.6742145041,104.3637926859,129.5621238224,181.98710438,253.5589470996,243.8853625376,140.883836384,146.8804599499,387.8305901851,319.2915735709,1676.6054911553,516.9757239875,589.1464939329,700.5678041158,911.867943962,823.8034381518,408.0247084143,315.7993988968,829.1211783141,254.9780496217,1026.2639935185,729.2296768036,583.9664155865,965.62526587,546.3126230871,174.11617388,1389.1035564415,333.9024114431,120.2330147299,125.0170100305,257.2611117555,176.1877281089,203.9133897466,1190.3241557844,486.2519575187
Sde-CTlk_085 ,Taluksangay,Contemporary,CTlk,127.20922709225931,222.617895555254,184.5394537569948,108.62533389320373,182.34039112056328,249.55168564804362,305.2256023409898,287.87832961767026,182.35560626095372,161.2892465867455,487.72824941318504,415.61436778933665,1955.740021911954,636.2741447967377,705.2430931269089,825.785000852171,1107.4572303192977,998.8932137579471,467.4620652780288,362.0383193460189,963.7049850586849,277.34160592650005,1152.6616664404391,842.7549766288004,699.6852183289925,1093.5601862040517,643.6349068073918,177.61290799330996,1627.4257714415025,370.1217536017171,140.3943905697091,161.21960713104966,306.1559249313332,205.8554015231323,302.2437972522182,1350.009819965655,605.7968136245767,112.2646366348,193.8797622035,168.6101325228,97.2289058363,157.413579393,216.2013121051,267.8941306104,253.9969192015,157.3856581372,146.045518241,433.178990461,367.2149891826,1671.2458911958,545.2967857037,598.1729881936,708.0469697558,953.8405555412,858.8099621866,407.3779576198,317.2598508646,825.8851321626,239.7409891571,989.5865605689,723.1266543353,596.6834969491,937.7478364088,545.2356910441,157.0988759397,1389.18992166,320.3645751697,122.9159802881,140.5349656117,262.3602929191,179.0187114621,260.7924256845,1152.1549138978,519.284206481
Sde-CTlk_060 ,Taluksangay,Contemporary,CTlk,138.50926315640407,195.03034830920552,186.37663530265806,108.92462960676065,131.47994182996132,245.45102968408997,246.22624363477172,275.06593072834374,173.26280517145048,172.2920515237136,457.96361707503576,362.26756711982927,1871.3062147479684,633.7138176984072,693.5938095160668,780.4852436938061,1112.5383047393022,965.9527574102783,428.90999121667693,369.0269282090942,948.8482040611977,271.21863357123897,1129.3941967154824,825.44808160487,691.4794655888272,1018.4322219851499,699.0258535227508,162.69464355992173,1604.5314599352953,308.2326626223929,117.36820107205362,177.26124729700538,284.27351240256286,213.92053433927288,264.02416578222545,1338.9448141698822,532.3617286714831,125.6303230533,175.0757918267,173.6902683726,99.8933237317,117.2210823008,219.4383427785,222.3769536237,249.4425592389,154.4411780514,159.4390298519,417.4514139501,328.8818078257,1655.1280210946,561.7762961034,609.9030423705,692.1434646142,990.0841188742,858.4422331943,385.2190380771,332.8749986466,841.1176155181,242.0523303524,1002.5633747415,732.435677738,610.6222823578,903.2360800165,614.0794815946,147.8256058373,1417.9760061683,275.3693238498,105.7936633519,159.2375480857,251.9884788255,191.813657934,235.2971936918,1183.0845564588,472.0053556204
Sde-CTlk_053 ,Taluksangay,Contemporary,CTlk,134.97581214616048,218.27954055240724,198.0493931390097,130.76860756313036,168.90137216804956,220.9002279578045,278.6575343510381,346.18000242222485,211.68034356081722,172.22873750117893,471.81396541916814,417.4957662912044,2403.0630845753053,813.9514360453823,885.7061891097803,993.5226676684584,1310.0666259266739,1143.7984564657972,518.386500229327,427.6381642439785,1168.4101633246821,332.8426347971214,1482.7719810668666,1047.293806609306,846.3024281210355,1356.4190547633134,863.9577304706522,230.1231366188328,2011.0796543383606,425.22815756157297,152.4419856404395,177.30802686198373,341.20920147856486,237.17292780815012,264.0045140300636,1759.9839586675923,643.2474592579517,101.9040034508,159.9603359806,161.6594446111,101.9171624778,121.3547816256,159.98524964840001,207.8015332775,261.2169695718,152.0020651599,137.7640946711,361.3472599265,316.0270085743,1687.4298575637,575.2961750886,611.5904360349,702.967098408,936.3636068459,814.2675247935,380.4344672965,317.7762005241,825.7694533493,239.8501440742,1052.1652533446,742.2340130534,591.547021842,959.9745767527,594.8968943617,174.6169978142,1408.7551647586,307.3341585924,113.0434644769,130.2009215795,241.1232056312,173.2341418885,189.4682264899,1232.3113636614,454.8542773642
Sde-ASac_002 ,Taluksangay,Historical,ASac,78.93790894926784,85.05209803179461,117.67888137877586,66.59720051270926,79.66967323599361,103.05046377663712,150.97920260916732,180.1340055939991,92.59579683842512,103.64873087742077,235.12982577295463,206.1303423406656,1019.5161693893041,334.149644841125,370.9728600163225,423.19617931319993,564.9279662720637,487.60611866227646,233.02290085646092,187.43214955972735,479.453902352927,158.57224030888892,641.7794364825115,401.32761813616804,328.1542429423853,580.2955634031075,331.87291055379916,90.12989641267752,833.3787798929008,232.4792739717673,78.85537657769446,67.3264391653828,184.1777754438358,102.25213888599104,94.09560911971398,747.2276086149119,272.35975170858126,118.5803981499,133.3955372773,157.8905116841,95.5412780523,128.5775494686,164.4040536074,230.8877319981,270.8098854999,149.5657748985,143.2049850946,345.9644742827,308.4773584753,1700.9480532392,552.2517358114,634.1514696964,698.3380569102,918.6613624614,797.5195959347,364.709639198,288.1027380285,792.4751665614,254.8296452214,1054.621384812,660.6747189128,551.1452395731,957.2292140006,569.6283689214,134.4076804095,1395.2942855171,371.9996672904,121.5747843217,105.2830827311,304.4678829753,161.1388851835,152.1119944045,1251.866146186,449.8292574795
Sde-CTlk_074 ,Taluksangay,Contemporary,CTlk,186.66919582600232,227.0536222312043,203.62836857540253,123.42160206973492,184.40335704975655,260.1906903233857,322.47789369197073,360.1931934709067,252.35824815943704,179.585767536211,514.7401698292547,432.4221042838582,2514.029711014174,794.1096665194045,882.1661166386522,1052.33893907064,1338.2470456081417,1227.7452103258884,574.813916785215,461.3683268950741,1273.4761951459047,335.7338832379003,1508.9124640698178,1116.1716483758264,956.0978628050008,1442.8162279725057,884.6618474601977,200.25536293133288,2108.127412835944,473.6378180483903,168.5074776654138,178.3056538302696,389.51447096640726,247.7051472593171,344.07254959970294,1790.5795063332457,723.4527103342692,134.9823393426,158.6396187879,161.1148838011,92.5812284635,125.939090452,179.3388987131,229.8925046292,260.2961303529,172.232609536,138.8104684361,378.4123464377,313.6342297843,1672.130299719,532.1661788358,575.4955104384,706.0864704961,908.461905248,829.6198370573,402.2847715202,327.5701698076,853.3429122463,230.0701239085,1015.8061519736,750.3399453024,632.5556848643,968.3638495703,575.2539098642,145.6517097182,1398.2359776187,325.6842991699,119.3528982904,124.8736306639,260.9781812377,172.4121143442,234.6748528268,1187.005891441,485.0751451013
Sde-CTlk_064 ,Taluksangay,Contemporary,CTlk,167.17688121438923,222.5302282246841,198.30623876444236,141.88313965263805,184.9082945800431,263.6468404149195,348.86111421527045,335.2020678338664,204.24400305712774,223.290909504216,523.1615367589632,442.90421509595046,2467.6311394518025,796.566100934185,918.6982251026286,754.0518625113858,1345.643258585469,922.2030339005615,510.1035814861526,587.3161967521753,1208.6654488252282,340.39563374408897,1787.8903884824733,1071.7228651100804,886.6012197365003,1412.0112080568658,1129.073864943428,223.7725745130756,2078.7914008595594,479.93947553799944,172.5597466373892,159.70132697707916,356.44069293515,240.11162576510122,311.639570351857,1762.043435248794,705.6003236051483,122.3161954904,157.5130477659,158.2414282792,107.5446164728,128.0415609934,184.188915458,251.7705133673,245.1050237972,141.33856595,174.211005208,388.9166133429,324.9984607841,1665.7098118662,541.6136195542,608.6794050942,513.3162656875,926.3993036226,632.0737531317,361.6452619449,422.2018006431,821.7525574557,236.4822055769,1221.0034233789,730.9055150428,595.4257597418,961.485439851,745.7270241273,164.645603999,1399.4519769312,334.5280318329,123.7606604375,113.2977770172,242.3103558333,169.3362970572,215.5225975025,1185.6253545797,480.0099080701
Sde-CTlk_013 ,Taluksangay,Contemporary,CTlk,141.15213549305588,205.15783799918538,191.6072218731851,126.72364497354071,177.0677726349152,235.0674479295252,371.56339015491017,289.04438463469586,204.4071071752888,167.06487603682586,496.2101593006132,425.3832456707833,2289.1963235093663,741.9468951081875,827.0253841503597,969.944529336977,1248.3657302515037,1113.8531840684616,561.1160030067313,460.00764531881424,1145.7257956087226,330.3812264239753,1389.3983459975796,992.3463903462138,838.948338631891,1299.0033174057908,771.2779987324222,200.77683078047122,1917.8039448845054,467.8717332801907,169.1554807619606,159.4820576531731,365.33138348114846,222.50806862439848,293.0669639659342,1651.0964824697796,638.2671462585554,110.7948865306,156.954959476,160.8588003908,102.2320298775,133.1796826307,178.0213310103,288.5688430594,226.7741599457,153.6649964184,137.8284011806,394.3263187762,334.6509832279,1688.0973824137,550.2089243449,601.1084190779,719.9488978468,934.7216474695,831.1412661694,429.813153994,356.1727906515,849.5913435808,249.1232811331,1033.8571997071,737.6225368618,616.210682182,964.4031652003,559.2322956923,158.2827222514,1411.2706182833,353.7001826301,130.7383073078,122.2256753111,270.8802955625,169.7461237323,220.2093063068,1214.5375990349,473.5116372469
Sde-CTlk_005 ,Taluksangay,Contemporary,CTlk,142.72305775227767,226.80895372524432,199.9181016306677,130.28763524080094,202.90664503125566,268.91133452980364,347.10546110421546,335.4981670047096,203.8190284308607,191.78873743932414,512.4451407909436,432.5109302985532,2425.881773736084,747.0597064635731,877.8631971055627,969.2770748937581,1309.9996863824967,1150.9076143809284,586.9088731872778,496.9218015332392,1181.822623980896,346.8052691157387,1530.907668569532,1042.4264203885089,856.6666401627941,1405.7713024434809,828.0729261714876,226.39601861386592,2008.0698014813156,515.5498375583493,190.4180564080258,166.51320612278778,383.94429013095106,250.68661810228332,302.90474441026856,1733.4347888422683,692.5909053352419,106.4099213409,163.9211025648,161.7129730052,100.4190099735,143.6523328132,191.9729308916,255.4777065167,249.9952279627,144.2098790311,151.8889273532,387.8212079652,323.3498233042,1676.7884200107,519.9035518918,596.2393276844,675.3056062765,922.3879383796,806.9971311037,424.8153689611,364.3998190372,822.4110730938,246.2841253058,1069.817425164,727.5198289533,589.2973719648,979.6717081334,560.771635072,169.685789964,1384.4780702006,367.2540901759,139.3329510293,120.6005519085,267.1515092428,180.555642256,214.1911667382,1194.5699871901,482.2302457105
Sde-CTlk_062 ,Taluksangay,Contemporary,CTlk,163.5845205331177,214.33739411180682,212.6525276990847,123.17019549164479,172.15190572564103,250.6851340750783,321.0026110385085,340.9049788291159,206.00544619698772,210.08178524967366,510.4874370329009,432.11489193685514,2300.9540046598604,794.008711726515,869.4668374114334,978.8366215521362,1311.5970992956334,1140.2092185394395,543.5931954412233,466.05531665672476,1107.6154524767205,324.13801180669947,1395.7776382686322,967.1306345316594,802.1168666720642,1252.6519115727085,793.4498126043071,204.95438008942386,1925.5309403961937,448.11930906678197,166.98475282264573,176.8563271310645,387.07845216059235,229.06330600253287,272.3871208152104,1693.996996152691,606.9897023929564,126.2135063297,160.888401331,176.3228480214,97.8613512771,126.8894290817,186.1379799227,244.8660950464,262.8931703808,151.7599692286,170.965623766,399.1048718916,334.2041809535,1660.4581976606,576.4464032267,617.7980426497,711.3318331321,962.0929187119,833.3001938846,408.5820443972,354.3585567346,804.0729384958,239.5643714102,1017.0303284784,703.8936362656,576.3881255842,910.526690284,562.32260336,158.8702347163,1386.4290114169,332.1041015372,126.7208435082,133.0041865941,280.9724347298,171.4201756014,200.5580128355,1219.2149814698,440.8599618382
Sde-ASac_008 ,Taluksangay,Historical,ASac,84.15078248536967,116.30112991372869,138.63814588092268,71.2344374710013,83.75284465742045,164.30876348402717,155.15659133926607,173.77628684271048,112.08261239371609,105.18280178132731,295.07044967012536,237.90074562314842,1111.8717550360293,364.4451848860951,402.3474232086743,458.903502247575,670.0895168189471,583.8783860292998,276.47688202714164,229.77120077435728,553.7854580212268,168.6043748144751,697.9558866463196,479.12491198166686,390.464150164903,628.7560749275033,403.6330998534312,102.08116381311498,937.0898317425496,205.21897183252827,74.22012417862163,93.85567529185428,181.33583119880072,107.50899217349215,131.475691124101,804.8408351201185,307.113099062886,115.968040991,165.8152824115,174.7795514041,94.6703844832,122.1308016469,237.4314869781,216.8519373747,239.6292511515,163.5515161015,135.7033176281,400.0461996055,326.8728162268,1664.3653128676,541.494768548,613.9214668369,681.0103660603,982.9955474168,860.4371446541,393.5356963137,322.4318465923,822.8814315825,245.0400181277,1032.3603847352,709.6842229082,587.5618992967,932.8044147466,617.8634210336,139.8704074264,1406.624530529,297.2461753828,104.398814253,133.5026121152,269.4827262921,153.8573053272,191.9729827465,1208.7288881468,456.0692595242
Sde-CTlk_065 ,Taluksangay,Contemporary,CTlk,152.2021954906696,195.68563494096853,205.6010970041259,118.68556175323101,136.85665469775296,241.76778007807408,312.16941986238817,298.86194473644514,201.71616055698163,187.714028618135,472.4743056504978,402.7450489360484,2175.360711562248,692.802508864431,759.0847822490252,908.7790295718315,1202.92164758857,1051.7116715905931,492.7569466022878,405.0304418608064,1071.1078032827554,329.41421429448053,1318.766071171457,937.8777372792257,760.4484814084121,1209.4459184351156,751.1723338488979,209.32491653016376,1791.4410020113364,399.94558560804234,141.70281326032293,151.98357691109254,331.03940409715574,220.0441630972292,258.12491966441365,1560.6614614374062,614.9184177559574,123.47065164200001,155.2648044792,176.7646809316,98.5868293837,107.003231646,190.1537296013,250.9259163876,242.3471195397,157.6456681372,158.9713144907,387.3912482919,327.3551782765,1672.0386639289,535.0973142178,576.2082115765,702.468988485,936.8644436375,816.6684486827,391.3933592236,324.7145323949,827.2457426849,258.1214301835,1021.5715886481,725.8508002113,582.5034313076,935.0528766795,569.0092323703,170.4490332147,1374.4621515116,314.0806496153,113.427827875,120.7731808257,255.6509408135,174.1641864674,201.6460522597,1197.0001482631,475.1060807735
Sde-CTlk_097 ,Taluksangay,Contemporary,CTlk,144.65387985982267,185.4236253701507,192.97227423503097,115.86048724090539,121.61241981475416,226.98290783530382,275.24576794924565,318.68430068933424,200.6021796804063,182.06607059759924,438.1142592729435,371.8482308940706,1966.8779054633692,671.0033616221382,745.4438207830622,841.2568617534421,1142.0754245162664,978.9999635640545,452.7158090037943,381.7299352377411,956.6540562711267,303.0302551114163,1188.805846874602,841.9245463378294,673.7421681507623,1070.7971754957562,669.5443514889512,203.848185145441,1653.2718118831067,360.2461707108208,130.51567916139427,168.90136642028708,303.33718030055275,212.4597368911108,275.49415634682714,1367.7435810686227,599.1673767898998,125.6558779313,158.6856300774,174.311356388,102.2598938244,103.0515688454,193.1092703389,237.6236478948,276.7548408746,169.9357318798,162.7994497766,383.3145495645,323.4356786965,1647.6430094863,563.9353237745,619.2257365858,707.4011677747,965.2349486972,825.757502152,387.7146683021,328.9707316256,803.9790640534,257.1594749714,1001.0953575208,708.54680947480006,563.091707964,900.5312486411,555.3942509708,177.5240110348,1383.2536745011,306.1688600757,112.3597731506,144.6937333948,254.9134898727,181.5232980136,233.3131732671,1144.102200879,503.6786667123
Sde-ASac_014 ,Taluksangay,Historical,ASac,68.25271678005865,100.59993120097052,111.73243892554214,64.06927668968959,73.08290895229882,107.88167766430452,147.49392001178526,157.98708441211545,91.36741799714434,96.22812372300521,246.19227155792282,208.55943052646867,919.8925674150433,340.13444472556733,349.3366335414882,395.48865648947503,679.0171719849011,468.038756036868,225.9362821594619,261.2061977250349,466.40777856335114,265.34247081733815,575.2342416789876,312.7509157927599,238.93571132095354,380.08178335664803,336.45804811233165,108.51853835101157,791.2340775589106,165.72651161102738,70.45191884540823,81.16412124479628,124.65271006376078,105.00184016311334,125.60394784384778,665.7521414685497,254.14088145758853,109.9002631025,170.373017036,157.6218677155,97.7519699844,127.9832296497,186.3891873669,242.5116915361,254.6244836247,160.1623248072,140.4911149356,386.9132570512,334.3350384875,1674.7893785439,612.4536239786,654.3675603586,710.8367010468,1199.6916027448,832.5469277422,381.7039242733,432.0562490377,839.9208955592,462.3588498616,1028.8640560164,560.5604228836,438.4181335196,682.855411467,633.2559694131,173.2484924456,1446.4883631296,287.3305597592,116.9450514174,136.982456763,224.5178912008,178.8237406644,220.3868632314,1218.0137343243,457.2525210017
Sde-CTlk_049 ,Taluksangay,Contemporary,CTlk,149.06421307892788,221.84309493407721,200.88709934911205,125.12454975491413,144.58879981858902,242.8117221362264,296.56814560591295,310.12709403367194,184.97349191257106,214.9105636790337,509.30005370355104,418.652097456886,2189.1681408736654,737.2570052208729,772.8853400024224,923.9437054571722,1260.678791034687,1091.093636396313,513.533320218036,431.8339103605112,1101.449071603113,333.57765742089197,1344.6954127832669,939.7746186255991,784.786046664497,1226.903838271203,791.4688292643242,188.67710395540868,1830.954849316285,390.6565267072342,131.36475504202056,194.2173625198325,347.2507903925488,230.1751346636078,271.5770188882704,1580.6810029137475,608.8280858806447,119.6207345291,173.9206366134,171.3641870015,102.9405718537,111.6158505724,188.6122186472,235.7019661889,248.7643269924,142.7253970913,180.4422856708,413.3096291015,336.648272123,1659.8543522552,561.8589991434,578.3607266512,704.7212970369,969.2067361717,836.2127418141,403.0553026918,342.2592495937,839.3628708557,258.100123469,1027.9602262428,717.7206826333,592.8963047373,935.9819199637,590.9639233001,152.0084050612,1385.6165366705,302.9664760926,103.9464142569,152.506102269,264.6020336735,179.9879060416,209.4564854296,1195.7967667385,464.1524466877
Sde-CTlk_021 ,Taluksangay,Contemporary,CTlk,123.32641171350929,196.73271965966921,172.81878555715522,109.06850248504372,136.15321482396223,222.9624162765779,274.3077996819084,260.9460763638725,165.1559897236852,164.93728549657894,442.6638108696147,355.8208327102279,1724.7325072608826,540.5740717406356,604.6462640821987,720.955373494088,962.8863999164647,882.1499508211118,425.51773147690335,338.041579627418,883.4633278751529,238.44984445633432,1056.5568834603087,796.8329516586272,660.2389414171888,1020.7690800350293,586.613928027702,169.91751607615385,1451.349324950544,338.58354848125754,130.12566391073685,142.57637825390293,273.37018982853624,183.16659323525673,236.93850698018667,1221.4943631137928,503.2598537093534,118.7725407419,188.714331015,168.1852283664,105.48914297420001,130.2591467052,213.5379987641,263.7430073224,251.2922794101,157.9939854936,160.0803864203,427.1362453951,342.8021231919,1645.0093510555,516.03718091,575.4030885796,688.3293831474,920.5580200683,842.920216485,408.2534532841,324.868572715,843.3548755264,228.2171926216,1009.133110926,760.9409161098,629.3329185203,974.6080047027,558.0326763954,163.7538008457,1383.8131193007,324.1824912103,125.0200063817,136.8026529285,260.955788661,175.623653675,226.646606647,1164.5842660453,480.4464676205
Sde-CTlk_063 ,Taluksangay,Contemporary,CTlk,133.64503078532323,208.25502003534032,185.21823416175857,117.95896564933074,166.90694949923446,229.38622920271393,311.553158711158,310.35952897059565,167.15065663014903,199.719557544573,463.8330378639495,401.0329076464923,2069.0580776856536,659.5885983175876,741.6602893380499,899.9754243653766,1126.667526776169,1042.6303122552501,537.1989125134561,412.38120096145263,1043.9379578953724,298.6518447061896,1214.9721946797797,915.1879292309314,760.253694748069,1173.8329517976613,671.4235424635036,190.92075776166934,1737.445968028635,392.4980839716418,145.04018893124072,146.59719146112582,306.35461923347907,209.16559498292258,290.8013771839641,1453.8415108966485,615.223639770125,112.8351690989,172.7018436301,163.9025088397,101.5168723493,136.7765495245,188.8809872233,261.094422973,261.947766573,136.9278828387,174.5921642735,395.0010815251,339.1222510293,1672.2839149504,535.2001001866,593.4068178466,730.7238071999,920.3742079128,849.6793455094,445.8760469579,344.8586177258,847.0322906485,245.1724324808,988.1960883212,743.8125948627,612.7641353794,953.2225812875,536.3006131167,161.6829470829,1402.2121497061,322.7895674389,121.1396054941,121.7197166722,248.5549881443,173.1131441824,238.1405623813,1173.0117182333,499.3410057926
Sde-CTlk_016 ,Taluksangay,Contemporary,CTlk,131.21190735360108,204.0519061872739,177.19527388011792,127.0746010412781,148.0218039139505,234.95680416725548,300.4039239649509,334.5386293865179,175.99347368411136,198.322034104635,459.0831761568376,390.4663299873755,2145.270491556792,732.3595943179962,827.1038310399728,884.1382610115343,1210.6168884690692,1033.9654240466311,510.3254738192481,448.3871583553659,1059.812205469351,297.3662593033044,1322.9202105046395,936.5139505445768,782.5031777849147,1194.9879865190444,768.2209539472938,186.94526231696818,1826.0664176593054,419.03202749323344,145.16693982446552,155.1542011471491,323.12914963209363,221.8133640162603,285.66086483319685,1528.9296246492183,616.3410338257221,107.4492538451,163.5969586111,153.3820899897,106.439964003,117.02113702,186.8040286805,243.8526532871,273.8474796166,139.0766076632,169.2154549241,379.7887424467,320.3478850439,1668.5466637106,572.2609527917,635.6741393368,691.3849453043,953.5201787564,812.0764026732,409.5693487118,363.0657508563,828.0902687612,235.5799325913,1036.6296605227,733.1997584586,606.6286660003,934.6316707356,589.2398938829,153.6392037985,1417.8275504642,332.6666352505,117.3700240138,124.5742257435,252.4601071176,177.4210393527,225.6497630563,1186.7413446884,481.7634537016
Sde-CTlk_068 ,Taluksangay,Contemporary,CTlk,145.1854132439275,233.84950597153286,191.60044205953704,123.38635132890508,149.42013450084295,268.36635519872823,300.67874428166687,306.78836898736887,190.20318126469388,205.73483822836133,508.93435555869087,412.4495930736021,2163.145238180553,695.9672661980089,758.1882761048869,912.2496095212593,1223.6596494942537,1113.9325758469943,482.6070276809487,374.60470668233734,1122.5130996627345,304.9611111255991,1275.1826823261872,1007.7134893669727,834.5336837156665,1224.6068815779574,774.31188715269,202.4429970346218,1836.3278308939775,360.20501572022835,126.92004321812188,197.75793409681435,321.81808589704855,231.36428504678508,326.773637438824,1526.2625686071847,637.2215578293315,117.5209928397,185.0970340062,164.4674999231,102.2928512751,116.5258443701,210.5443508654,241.1380932701,248.2298138999,148.2652255738,173.930161626,416.4198647996,334.5171430649,1658.0793343942,536.0913218278,573.8707112432,703.2549598588,950.5271439456,862.698334194,382.4090378289,299.6286150553,864.6078804647,238.3517226618,985.175165941,777.810910521,637.472722428,944.2293962253,584.8358412529,164.4913538974,1405.0017800394,282.1578654772,101.3585322446,156.7702275653,247.8587261351,182.6766796066,254.6156425552,1167.3729344624,491.0116067487
Sde-CTlk_042 ,Taluksangay,Contemporary,CTlk,121.80153975582574,222.90259351925448,185.13831896355222,123.4124943296261,168.38236621727947,228.45376950989453,327.9849660941489,312.47303561990753,183.59662959575266,196.61083105182686,469.7686673541883,407.3652638657474,2138.78999644791,676.8182131878617,770.7644253682184,894.7399572344244,1202.4114172397274,1036.89479996043,527.0896410822832,454.3675794185694,1057.331762091847,346.4993925328586,1312.5378816251364,904.7078201465102,750.6197455971231,1189.3444948332212,698.1175799791895,206.6540044369818,1776.5988589012575,463.1189012528423,164.92979309075713,146.06520133816943,336.055653921549,240.75448192920518,247.83745663163992,1553.0833622543157,586.137077029734,99.9092992061,179.0396782994,160.4504985292,103.525249618,133.3784356303,181.9811631813,266.7046154407,256.2119592356,145.3697785913,167.9773939396,389.2430821414,334.7638161714,1666.993257172,529.9493942246,593.6749841962,701.1104517411,948.9429459658,816.0179072106,423.7996228805,368.5557930726,827.8522670041,275.0374961885,1030.5861074964,709.7445170666,583.1469815799,932.1243486432,536.6540132561,170.1145308546,1382.3304218961,368.3746453602,133.5850109564,117.4913155358,263.1000304522,192.9300444728,196.1572762805,1208.0367388081,459.0958810926
Sde-ASac_009 ,Taluksangay,Historical,ASac,75.21949882005329,111.02216096797972,123.09307197929543,72.43765991920222,68.47659345060909,114.77295706585242,175.99025957779597,168.10374339439917,88.2972401519436,123.84310795538848,266.4655726436907,215.1161739429418,1051.3927883964632,373.19983420727834,391.75801452566355,451.2132376662391,657.0500063937905,524.7008535955797,255.250416047085,229.36476778967167,531.139690491654,203.67028633853303,649.0397555500358,440.97706213848585,342.712400638334,536.7616076412693,377.7253500256503,120.6995717680888,895.7493544760833,185.39391750068282,73.12591870116918,86.8663822838847,145.64451570179344,118.08510987402262,156.64002821003317,726.6398251944976,324.7564666038229,108.6278819141,166.6999977608,160.5192836459,100.3504588947,105.5070313678,175.0066188462,258.2882941169,242.9387006742,136.1505832291,165.832069646,377.6769560406,309.5974920825,1669.2907994014,587.4958145094,635.7943405481,709.3133750777,1019.3170268718,818.2563463082,382.5362976665,338.1795946281,836.2009794084,312.6055759246,1016.4593889121,691.731032507,547.4039408816,843.5206455617,615.2795991258,173.1616658082,1426.6982069966,283.45272039,108.1120631429,130.0824244653,229.3269905403,178.0705469773,241.7096984992,1158.0282166942,510.9260436287
Sde-CTlk_019 ,Taluksangay,Contemporary,CTlk,125.30810686495906,219.62403602757146,187.55579194682306,120.52747550517262,142.3001573334689,263.19447195321175,273.4480744064036,294.2747095409322,175.13976688450856,206.1488846272276,462.2847542225462,369.78052367869503,1970.9296957117065,602.20742133363,692.4170699609593,821.083709245105,1121.0692856393487,1009.6547059457356,479.32838489791106,368.04041056994,994.5925083752891,306.5337887646482,1195.052607995966,848.4238576313671,704.7862637555869,1125.6887294378894,656.5190543703129,179.05671185881334,1640.4698127481558,396.2117674087429,151.87762408007958,153.44453769737137,323.845034271347,198.19565533202282,244.93459624936594,1402.9815779597536,568.0031883968609,109.318148106,188.8469314018,169.9437017626,106.7839466044,121.1909775844,225.0205733808,237.1296736451,256.656026628,149.1165816693,184.9621247577,406.109438929,323.0050320305,1659.957349018,508.8006006928,578.4329477733,694.0878184969,952.3433921252,856.0359695351,412.4465699551,318.6118609141,840.2961331079,261.4349556797,1011.6313648445,717.7731076636,592.2612863158,951.6956119525,547.6954882717,156.5913761561,1380.0091349526,338.4060745388,131.3472939495,132.0723832248,273.5914136414,170.1489227703,208.484048765,1179.9706782344,480.0097002272
Sde-CTlk_076 ,Taluksangay,Contemporary,CTlk,139.76147415496874,211.76522087342389,222.27224763289732,136.9518909613519,171.8348684989458,280.87932340882617,302.3043002912794,360.21246433498106,211.62685513445595,206.65875093254576,498.2539783122058,442.35969303979317,2422.53012605026,789.3170602541541,882.3608289177165,991.3905570910487,1346.2694059252071,1183.0344778400417,585.8174747911162,485.6583851069495,1255.0501204660952,337.98550525194133,1487.8246877270185,1062.4580849501972,934.0943064478287,1382.9111233558324,892.7787822371452,172.59591760725414,2072.174940568484,468.6229230898228,157.7708621667513,188.09523811997485,389.0762031456563,247.2275462594935,340.0867000148785,1727.83531694689,694.728968584073,104.0153089758,152.7455782873,179.5625913899,105.3878657525,121.3982361829,200.1047442691,222.0872073822,267.9295470044,149.4184092689,163.4325708264,376.4405558637,330.1263166759,1670.7019237802,548.0979407241,597.8808940379,689.1906242982,945.8985962273,827.728784755,423.1898121559,355.4666615335,871.4384942808,239.5199101622,1037.4390289764,739.8743268968,641.0941223365,961.618973962,603.1539864522,129.1347085056,1425.4373149259,333.1352106082,115.2244450479,135.9638345156,270.1237812927,177.7080041051,239.9753416319,1188.0087183258,482.6513906082
Sde-CTlk_051 ,Taluksangay,Contemporary,CTlk,140.3752194031411,233.39646439901355,188.25308335719234,123.82273600288441,155.88725587526386,264.84421395140953,307.61276801486963,315.52245163110024,193.2033828450475,217.0256072939781,494.42073462779655,403.3065129159459,2226.081893338286,743.1927460575082,833.7240866826505,967.689140722133,1276.6286262289439,1152.4852166456974,535.163360510452,436.01500447319467,1089.392011429568,317.63403132088996,1298.4802364207321,957.2350122390268,792.2273144713199,1218.0228508465511,736.6331884502896,203.30806283246625,1869.8455235439799,402.3513577665794,134.87869286974134,167.30452980445568,329.13079275888174,221.71244437297605,296.3210227797717,1582.9744451322044,643.1090147204903,111.4162764022,180.7667568016,159.3165961425,100.881079392,118.7915281851,203.1466430945,241.6899622348,250.319424598,147.1567414082,180.633508392,397.0697986963,320.7952599783,1664.6613694179,558.7462165994,614.9146294404,728.1663610104,968.659841182,871.5996530562,414.9788844234,341.5823869407,818.9795643283,242.6341278917,979.3988295929,721.2754618654,590.1916647318,916.7258531198,542.0500557491,162.0368627235,1395.4806267766,308.0980430717,105.4858531392,129.7957986135,247.4116968114,171.252968212,225.5939191107,1180.9515920994,483.6855727251
Sde-CTlk_037 ,Taluksangay,Contemporary,CTlk,130.18261694750186,216.02547462528585,186.90119412547904,118.60020792498642,194.04514839639768,227.1663950035304,364.77104995124,298.28864866094045,166.93544550304466,240.8298035052971,471.9985030676475,420.95961373776703,2208.81390976628,709.4213932565399,808.75072311436,924.1149235446478,1204.9263522171138,1059.115865700675,548.9200066382715,439.8939482264447,1091.632783301001,336.7001513462832,1303.959658961967,940.7090973346701,774.043312342042,1206.784155668096,732.3674219467235,205.21109100389754,1846.5667857929457,409.32856195639454,140.01403923235702,144.34105384903495,312.58572024844636,210.4974770960688,283.3911702929364,1580.617074990752,628.2036606938548,104.984198515,170.2842964993,160.0016138835,97.9998746461,150.6637017942,177.4591042394,291.4008155638,240.4512931107,129.5565611188,202.9967724552,384.8321737394,340.1586399229,1685.1521250394,543.9415417949,609.1373072465,709.1355406219,931.8090132289,816.5504459536,433.1701508157,350.4652675596,836.9546626958,262.0154030696,1002.8269403393,722.7797104668,588.4598390392,926.2239669265,550.420197662,166.1302520132,1406.170651367,319.2575964439,111.3721533037,113.9561970403,239.6403203485,165.5088820464,219.841899876,1203.2359622646,481.8395202805
Sde-CTlk_070 ,Taluksangay,Contemporary,CTlk,112.81715230797134,199.15617088287772,160.8039598807505,113.58504850287291,126.66486627830147,197.54429532446647,254.99034800817458,293.2718564111633,160.64602071865957,189.48859736630592,401.6493432246217,329.9183067973343,1784.9570959171483,583.0622651260928,661.193728131665,728.6626359402613,961.1319641505426,859.9779689323965,431.05667250369754,338.3977331642309,878.0404170670959,236.12379467620352,1107.9358122138487,788.4269507432126,647.9113529240632,1037.6228079846792,615.9897852440412,171.13930136952789,1492.8212278614508,352.1222385672482,123.75972570367956,141.090405454269,289.2771352378374,183.10400603209098,217.1454453896971,1288.2348240806798,496.8558682017956,106.452528986,186.767787622,154.1984094388,107.8834746797,118.3021462687,184.8058919499,239.9925387995,276.6957593192,150.0215999546,180.9458821997,380.1129972283,311.4742429287,1659.2269782951,542.7229027055,612.4923773201,678.3996658637,896.7057429894,801.6708634242,404.3636413421,318.261942286,817.2814184311,220.6683809842,1032.1254098949,734.2912090263,601.7014325264,966.0977661168,570.2864379674,161.6528116027,1386.9729648946,329.2758438342,116.3455617581,132.3697716054,269.253826685,171.5972886974,202.7608718939,1196.7819846041,462.5249960991
Sde-CTlk_083 ,Taluksangay,Contemporary,CTlk,110.86428798219922,215.8692745382955,181.58207196573682,110.5818797077532,146.0065369502681,212.20738962375933,281.2326891659822,264.1710147141241,156.33266034853372,203.45694701385844,447.73709078075046,374.23857638851183,1709.6203838251492,557.4216526590978,608.3735672527282,749.0261304421896,981.2117255254598,898.9191095822637,432.41609091244504,338.2764433557855,898.9614691676168,252.98846749020012,1014.7528488334292,775.3164103878104,660.695021570346,977.0440624663967,596.3373920793497,146.37553917236292,1477.7707619899,306.19352189417754,121.31688720306009,155.00806629737033,264.9795449547192,180.18720206354834,274.2326126211103,1201.3963631973631,508.32719483867874,106.9730084431,207.5051498655,176.955496162,107.1326661806,139.9974677991,203.6799330473,270.9363564616,254.881148254,149.8874297562,197.7631069669,432.808876774,361.2231779904,1634.4852361381,533.3658707532,580.3967445455,716.7989677105,940.2031654744,860.9129035389,415.7378714162,325.7454467958,860.1589540561,242.667146443,971.448738475,742.1134207354,631.2893997906,935.036064597,568.7106379492,141.3284408822,1412.3890946737,293.812295793,116.7919553294,149.0407500862,253.5386883423,173.133092246,262.9078702049,1148.1770779992,486.4187543662
Sde-ASac_007 ,Taluksangay,Historical,ASac,69.31664273160955,122.16500766852185,114.24965063968467,63.64364220375831,70.97580418382027,114.1206442323211,160.83708590203938,141.5523624023619,87.5638100268918,127.74628023586439,274.1402420339634,213.4631786545399,947.3468637145319,324.0066298300699,329.2630147493945,415.02661518978516,550.1146947751532,495.30413590121583,223.66582224436974,179.0091305949783,494.1567266964702,134.9371104912211,586.3291213035304,433.91706152943567,366.1825536842108,555.5284916926764,344.2030534767522,81.55776240340359,808.8233745047493,180.94104390380858,69.90032778435312,84.30566308712595,156.13909442493875,98.91586348427636,124.06625900703214,688.3422440803485,259.0253706095408,108.7212305937,200.9739025399,158.1451825043,94.8677531512,120.5136487075,191.3150400199,257.3015395156,222.2141524581,148.8190537938,182.6573980749,420.2337396377,333.4105004705,1668.7456020495,564.8057258494,595.7961536595,722.2336549882,941.9297248546,853.5192636876,367.1035120276,287.9959780345,861.5037177908,228.0404023018,1015.6350370404,753.1185207506,649.7953392899,966.3493248289,625.6422612178,126.891793054,1430.2870172804,304.3373109376,112.8335402555,138.2388504598,272.2554021372,163.5875548908,211.0465190374,1218.1069204202,451.1960353505
Sde-ASac_036 ,Taluksangay,Historical,ASac,61.94252162888109,101.79136128454124,117.73872612445741,56.30002530248102,70.87033494015672,115.36508716578862,155.676447943194,142.72904191593386,80.18051808732844,112.03015075027795,254.29727689247872,198.41101739596016,908.7503016044012,302.9091711802236,313.2837047947755,353.42700647154845,538.069614496944,434.3617898667538,220.07483403771997,204.72120384996765,453.9536119357792,142.33940098851753,586.0659942206594,391.612590793529,322.52202167072255,507.34637123965905,339.6461920352561,87.0366092589204,746.390007236485,176.06528830127183,59.715981723571986,89.76607787137617,170.6253914334264,107.07572786117306,103.89774316167801,663.7654666518062,245.1174332151838,101.2548899581,175.2896847053,167.9139042048,87.0546241756,126.3292973467,202.798228576,260.0262628882,233.5349676976,143.071751002,165.5327130996,405.4110955137,322.8532733726,1686.1821958589,555.6737872409,598.6091326483,647.1359588652,967.9470483649,786.856956805,378.0242898293,344.0627218096,832.8572161548,252.4244226107,1067.7082336722,714.9935353458,603.2686907387,928.5609595264,652.1816390497,141.0257091096,1390.8144048406,310.6192157923,100.7270416321,154.0309045354,313.0990802025,185.4549246488,185.5742164196,1237.8217367499,449.293231217
Sde-CTlk_081 ,Taluksangay,Contemporary,CTlk,135.54970372730443,195.25752549461438,187.9076399372042,116.16305475274832,148.8057940473085,235.78629405735188,271.9096294935139,301.67447209508794,169.09110751574133,189.13749621925845,426.8931359489865,370.46617249722,2101.313045759372,655.2813387539812,752.2717803482528,846.2137146355936,1141.7088996582097,1006.1003271173754,466.85128853668164,384.091644816976,1019.6204698631742,298.81401177469917,1309.5323575558414,891.7896196486253,736.083384426581,1202.9698263311718,723.5036485660319,186.73472399800198,1732.3701884924972,439.5820970168029,155.75887038075865,143.9448970238613,355.8748326125494,209.94125254089533,234.4161059028156,1525.5984400662514,575.7583914169295,113.3476356942,160.2096800733,165.1309646699,99.122017112,120.5710481129,192.0188449297,225.594698315,252.1751733751,136.9562406187,164.082746484,360.2390937527,310.3029946742,1677.9269926551,525.4274545818,594.3164582306,678.9854537021,922.0027978492,810.42879368,383.405653452,317.9534037905,817.531940185,242.5699957916,1052.6735061237,716.3049232874,586.0550888543,965.3933017395,570.5663013025,156.6510688262,1381.1854916476,357.5161863903,128.7674334829,118.2609519483,285.3216218899,171.8969144851,189.7987143269,1215.9836977975,461.7993265166
Sde-CTlk_094 ,Taluksangay,Contemporary,CTlk,108.28107274340654,221.03179351869267,176.75182631319547,114.7712099013076,143.84179123724783,218.07044113982982,272.86512986004647,294.90114511421433,165.98131520693798,203.99402310871756,446.2870830352701,374.289032139936,1893.2184875934,608.5982115676401,677.7326779592378,804.6021967378042,1060.2068377993087,953.8072510107376,442.54680488193566,348.9419440211366,959.0304860868656,279.6290805641644,1125.5964447549086,813.385054964474,697.0537544214865,1062.6903021874436,646.4200545043755,146.9960179005203,1599.9869968481773,375.23734458211896,130.72133352475404,143.77265521736032,316.89394586359623,197.7403700735892,241.07260093899094,1366.439097185751,526.78070189539994,97.5933580304,197.0332343805,163.9694625254,104.6661492463,127.2914071404,193.5486441741,244.8132532834,265.740014244,146.8517112728,187.8295183685,404.3722338269,337.6720733257,1661.234556699,535.3134536645,591.0080582324,707.9952494766,936.4063350164,841.1886489608,394.7078263809,312.660654264,843.5270037149,247.724303282,991.5049645486,716.1594369871,610.6019202137,935.1817270246,563.1162352537,132.7343598989,1402.674340106,332.7886313053,117.0394471554,128.2592702933,278.7172204763,176.0560762777,213.2443223122,1197.7295444655,463.4274333212
Sde-ASac_064 ,Taluksangay,Historical,ASac,55.38808525486324,107.24915857968307,120.18499250813304,56.8981554615789,70.30864757289817,100.58671480916153,151.97802525311877,141.35065675432853,78.95935922663001,110.42871593856373,246.83823813042014,189.83432983939338,825.3356131619186,282.1107542572775,291.5086627587764,481.4347032992637,526.5876064052073,553.8129169853676,291.09590165620676,187.08682745447365,470.43912451615876,164.94121435087106,386.1000420351699,363.06646912115133,317.91904752608,427.7226409818634,215.48072471172438,61.013451298955374,748.9700173844611,130.18054648064745,56.5932339153718,71.45283920104218,95.9849966436944,83.76824681279894,152.9552448822857,594.9279219581562,230.41336033392264,96.3177937339,197.7649113289,179.2346079217,92.9406313774,134.7862187449,189.8305339779,270.7803519292,246.0664246727,151.5450883674,171.3843824974,417.3119775559,328.4180578078,1655.3135928,558.5905112659,604.2977677478,951.2560980547,1019.9550822872,1081.1502151924,535.2508421794,335.6583349207,931.6127588299,314.3775129095,758.5680874625,715.0534366449,643.4238903747,844.7115957361,449.1724614584,105.05163251890001,1509.3486993681,246.6796421685,101.9526225479,131.2290379893,190.1184885333,155.4717799784,293.88863432,1199.9755497911,455.8117085216
Sde-CTlk_039 ,Taluksangay,Contemporary,CTlk,153.75693618201421,194.97198822887364,206.5709504845247,129.09091567550362,170.64565566861063,271.53730885248535,302.6766216916827,347.8283686663438,199.11580249806894,188.98624403445342,504.1332339866218,430.1956695001241,2342.777394697605,752.0396562091723,841.4539615049418,998.2194210833657,1318.1370856340018,1182.446247416947,601.6407157099658,488.4537768272859,1194.557663533498,351.7063244004008,1429.2580172917137,1030.9202155411883,863.1479230664986,1326.2525028006546,807.9413094027377,205.51879719714194,1979.4976457721214,468.41202309856436,169.87361183844902,175.69056518561266,381.02072239080366,233.485151227139,304.9408189656481,1682.936584218505,659.8839300939597,117.6864738852,145.0638798511,170.2940483427,101.8408960587,124.6020579663,199.7794014202,228.9680056777,266.0923924003,145.3092899628,152.8243504703,391.1581466035,330.0952089335,1673.7247183629,540.6148426321,591.6291039658,718.3147930614,957.6986669111,855.8561385806,448.2503046529,368.2656053407,858.6699729068,257.5284080571,1031.313458339,743.0089650243,613.9582036362,954.5932118655,566.5481254802,158.0619754313,1410.9289176296,343.9520822777,127.821430737,130.9720541731,273.8575677289,173.1750245218,222.4186487036,1199.037822858,474.576432387
Sde-CTlk_043 ,Taluksangay,Contemporary,CTlk,142.8271580847634,193.30419731728543,182.53946706726188,125.83753973218802,186.99303182314037,218.32799433059424,316.34450376957716,344.7869360582706,191.79187392955419,178.15307507449882,448.7531470348703,416.505084932081,2206.565415864737,715.7547822321623,825.5938796596605,917.3614113199335,1174.6757852640235,1045.9334714912225,540.0138726448516,448.3227190018481,1063.6278142283418,299.32072693991654,1345.7971265853707,947.9790312989469,782.8434179133397,1272.8783293768852,726.8984849237271,201.28456454783114,1838.5412987698185,443.9596658988293,157.88557845506352,142.81528430304633,320.55266865289065,217.63574363989486,233.2696711989152,1626.9375805788766,579.6574211444982,115.0954476158,152.2485042947,156.1835623053,103.9114263389,145.0609955894,170.4088643444,252.5183267133,277.7262812522,148.7167082862,150.0773534818,365.6210210888,336.3107949715,1681.8597013238,548.2929830125,621.2131371077,703.3078243214,907.6068851233,805.6610600217,425.7926497076,356.8994595094,814.7332740854,232.725018956,1034.0617326349,727.700961338,594.5852761581,976.0572885887,545.7698232082,162.8323111168,1398.7386593274,345.9703584312,125.4883022445,112.6593479514,245.522014176,170.9790736273,180.800861199,1237.3275663752,444.195721553
Sde-CTlk_018 ,Taluksangay,Contemporary,CTlk,168.36340322798895,206.97744654075234,194.35685153554527,128.9393215409869,164.311631529755,255.28087872302538,320.1761134828768,341.0407691029658,203.8122552619258,198.00439752389337,488.0000261770894,418.7910442963173,2353.5153742671937,804.5181015249377,893.9768478535728,1000.1158809582068,1346.4546789511558,1168.8991735696325,567.0200317433591,478.6133937528389,1163.366553220712,346.71131976906963,1409.7567748990464,1015.1245633719046,836.6559244999163,1280.7644740717358,822.3070803173226,215.99380098190338,1994.386670670171,419.3286257689189,142.450748766056,199.61750864851504,361.60194196386715,235.56297608089858,319.4857752330294,1677.8791805726808,675.6434911874752,127.9849849119,152.831797193,159.4326010799,101.1040543972,119.0124842048,186.345197136,240.476992041,259.1119777055,147.5387025239,159.2463368464,376.1821916552,319.1668831159,1666.9439744124,573.4600425301,622.9001117273,713.6258505462,970.2838145235,839.0596351745,419.2766824272,358.2397565388,829.1920511704,251.8479434973,1008.7563298614,725.4997220435,589.9329689439,914.1037806447,571.3920006477,165.0023507253,1409.2392258865,305.4789483277,106.4073582688,147.6910235559,257.706397452,173.3810832381,231.1475098458,1185.0762175087,481.8160300481
Sde-CTlk_077 ,Taluksangay,Contemporary,CTlk,165.41239691090266,219.74911469455338,196.254516784124,123.2151371542474,175.4469077233908,253.3407937371516,318.0099672055736,336.8717719056021,200.48365848003672,214.05800349720633,502.22607070945645,424.94083797777074,2296.6850606779526,783.3526236874234,846.7900981329021,994.4855658524411,1322.8852831426957,1178.5527419239243,565.0193382987525,452.9445310435816,1133.9322278237971,342.80326870158353,1352.872918446799,987.6498208858291,814.156955878662,1263.6373339740678,749.940462514965,221.56393118465868,1912.4169811629704,431.61341513609113,144.7357378443898,186.22537550368898,365.7758501339446,233.9462235087585,268.2370823175647,1690.776031771,605.9331890432808,127.7055640912,165.06748663,162.801579638,97.9526785266,129.4155557433,188.2481918708,242.7454890545,259.9496616667,147.8036782367,174.2901414933,392.8847685085,328.8642484696,1658.7132421238,569.1600012726,602.1930570771,723.2740181167,971.1159536692,861.9900262497,424.9861370397,344.6230459278,823.8288733076,253.5487442847,986.5387822886,719.3919999824,585.5175560048,919.2355711141,531.9393478259,171.85316753,1378.1039795454,320.1082198546,109.9114444336,140.1487289665,265.7194352604,175.1996866645,197.6517011018,1217.8854443663,440.4402707463
Sde-CTlk_025 ,Taluksangay,Contemporary,CTlk,151.26344957434364,215.68640810058014,198.63502424398874,148.90051652361728,180.57920487143582,247.84591177443295,329.50889127659366,367.54255367415624,206.36497362161538,181.11072782654261,483.3336248248098,452.8037791749756,2412.109869195931,776.6021988478336,893.7009186646113,1035.6261224657671,1333.0082619831355,1180.141197684421,627.3676187500356,516.6259311124056,1212.2725471923752,375.0429166472684,1476.9449117903516,1032.1746282356683,863.2207042918744,1365.0344575457023,809.6497661940004,221.04643804105984,2049.6886534213727,483.34189832851223,180.24629934276035,163.58031827395976,363.6253911109067,246.95119349881674,325.3666987535908,1701.153628616537,710.9613261480824,112.4668906994,155.4079644711,160.3554466571,114.4846047631,127.4312247627,176.3755144395,241.8292669615,273.1175384109,145.5376911236,143.1185898295,364.8336512249,337.5976711863,1661.497540162,538.6266685147,604.7953762412,719.0874827712,935.5019168174,824.7416213191,452.7241015972,377.7473487726,840.7335827222,265.482523041,1028.6403786619,717.9363400821,591.723603465,948.0623309797,546.2923824851,165.2282901117,1408.2469332361,343.2158205614,131.503805009,118.1180253718,252.1532976116,177.3180022817,229.3271100298,1168.2327044602,493.3411904961
Sde-CTlk_020 ,Taluksangay,Contemporary,CTlk,165.30507252773583,221.6373250416093,204.31167293419637,122.83281538485546,212.1757374800663,270.56835893784773,334.7848796431822,353.72429754679,214.8322975590495,161.8900502129764,503.91501767613556,415.78564051174254,2392.8923343180427,729.4775086040762,873.5508689116222,986.6576241764617,1289.0885075508234,1172.6744700395332,605.5822793070236,502.0350436813051,1209.7337421888503,336.4446060943761,1449.6278497252458,1068.3344505394555,890.7467313813956,1374.679967774409,843.1202680942085,209.91346241287158,2038.3328183423066,421.46565145749406,159.80648755717013,189.8888806301201,323.32444159081126,236.13983531932942,298.5791412302776,1762.0640330451813,631.3881273147289,123.8698049058,161.0798030717,165.8703588755,95.0978160474,151.1087453034,194.2778311289,247.7107556885,264.9122168617,152.9085951332,128.7253141021,383.1961458549,312.4035149118,1664.516546406,510.8399502848,597.2678819273,691.6972240175,913.1527332205,827.2911552248,440.7729839522,370.1170764311,847.0956463138,240.3360052519,1019.2761279615,750.2240168173,616.6930554668,963.9681599033,574.7991280261,158.1134965333,1414.3523731683,301.9879340543,117.5631816365,138.2954058076,226.3782886155,171.0402706092,212.3935695036,1222.0937406444,442.3600890882
Sde-CTlk_003 ,Taluksangay,Contemporary,CTlk,149.63674248452486,202.82492275894006,186.07108138173967,120.13076579382152,159.56027163216416,216.3086773173005,326.432191609115,298.09014006674226,184.07766122851518,198.04760904784985,466.0276929877558,390.07032007485526,2001.742761427634,634.241062256308,717.935768193959,837.927335250462,1112.853500510871,973.921809236296,503.76642471904574,423.0011269606737,1022.6131416204074,311.5101921382507,1241.0238811122088,883.5733943147508,732.6276071035337,1138.543549784816,704.8563938514353,188.02438201903504,1702.2471006837077,385.20289861842934,152.23881084996012,153.2961488296755,309.36479238756334,200.94816555778758,282.5238742319662,1410.3656082799596,591.3775219678289,128.0318793374,170.6964290378,166.2500585044,104.6152353693,132.8220743177,180.8585471494,277.3963002145,254.9744237368,153.1811205533,174.9733768505,401.9218827531,334.2361968231,1645.2288261368,523.1711688771,584.6008912359,691.597400948,923.682445617,806.579239405,424.3069360197,358.7556019003,843.4987574799,259.7325583755,1025.9399262017,729.9386377486,600.6112756111,939.8464569793,573.0555005474,161.3279262653,1397.1908349144,321.7052349464,128.9677114259,129.1594292602,255.1636939338,168.8081124943,235.0303696466,1157.3292379045,487.9394018358
Sde-ASac_010 ,Taluksangay,Historical,ASac,77.42538974147692,98.90774179370392,124.01433874068756,67.79798045502534,76.86805436499614,101.68681671466759,175.03379957267225,169.5865257606382,99.17861611541876,78.0409058974843,256.2954651194983,209.40369457048837,989.5422513219941,356.9716428582669,369.0864925337827,527.6608851838934,580.5484440766734,592.7150177581132,316.3300715079741,224.78446984560566,495.980551875575,153.37260477793933,526.0032266718524,433.0934405041596,352.5444648153336,550.8291822934314,242.91933662909582,103.09366570745277,835.769094499653,201.79999115371643,80.24711370192699,84.39687192716313,169.02645598556447,108.99910130363459,122.30937800140255,718.6485875143429,270.89423588005707,117.0377314497,156.2030514291,167.1439692146,97.8047353131,124.9717092202,163.3969590534,269.4263255229,256.5550726213,161.383219637,108.3611092444,379.3513075005,315.3229853731,1663.9742757725,594.5414420004,636.1455575514,877.4469644997,951.1414437985,976.789476211,498.5148844828,347.8068100276,826.1452996538,248.2766523664,870.9903204608,718.4496584537,596.8451768347,915.6367616391,420.4230825871,154.6869476514,1410.4200411561,325.2491034076,124.54612122179999,132.8870126286,281.5872201666,172.9759232681,199.1859335245,1213.5695567916,450.8710871626
Sde-CTlk_078 ,Taluksangay,Contemporary,CTlk,157.34582471136625,202.64358874955798,194.7824828961783,120.0220006014314,183.3187452859636,249.90833229238274,306.16081448706007,317.7969422910328,186.99670026179606,183.00408098209178,467.45022779227514,394.4979764273703,2307.200552550558,730.8355799546844,848.282025970237,957.0917290400226,1262.6465214019402,1136.3364722218944,531.082392227082,431.99781451826806,1154.329300010829,327.29859626591747,1368.8680117395577,1013.7271340731144,846.1849005573488,1286.8465264103913,802.075599651311,204.79871029925923,1955.3529732052473,405.6950631262353,140.95579879965928,182.7085893653881,348.1635233140313,226.53444854114352,309.4003812408772,1653.8539699885991,653.4202337158607,122.1794806187,153.1911362599,162.254083258,95.9028343262,136.1412489399,186.9293999741,235.1100030686,246.6496310902,138.7993772097,149.6887552115,367.6843722958,307.0513167931,1678.423162091,534.7920733837,607.849218147,701.0300598521,933.29588205540006,836.920770611,402.0007590827,330.6917245044,844.6337754175,243.7118066006,1005.2446459251,743.6142945894,613.0335239405,942.7740041246,573.2859466416,159.7504490567,1419.3595251826,302.8943291712,107.6988557425,138.3749480609,254.7307076097,170.7446976283,229.5381589272,1200.0224147664,478.3424740495
Sde-CTlk_031 ,Taluksangay,Contemporary,CTlk,155.61770018979206,207.22850498444944,206.11025919744998,122.18424000704833,184.1537275645813,260.399028197457,322.6131548528361,336.3705592921295,186.49540887638494,212.18220860922816,496.0568799874164,434.8237450020985,2181.9171859074763,697.3683521505833,793.5988315664343,894.8733945198393,1219.0313122003881,1069.2110840380396,503.38512298751937,416.80417343639925,1108.2726788925233,315.36854817746183,1316.1500333910608,977.8893362337528,811.697713155119,1227.7635721380116,782.0862678542884,197.63977221460263,1859.9994420688677,380.3286131820746,139.41643844841252,196.7286232909689,328.624168568838,223.17620923243587,319.44634111067825,1538.8912241278786,643.0259841272044,125.0432891039,162.6983867553,175.9860119307,100.6382953997,142.3771231439,202.5778244637,256.7521222682,270.1691715264,144.1217658618,178.3368142114,403.06273551,350.1058764962,1657.0819698722,532.3194647333,594.8857293134,683.6487106211,938.654784761,820.739511191,395.6598853952,330.8041229291,845.9287331372,244.3836621224,1007.7469066803,748.027644968,614.2511200169,938.1465592079,584.9736567218,159.4339725633,1409.9314959236,295.4030852879,110.4712451853,154.7002968948,250.8138195995,174.7704599375,246.7570185246,1166.1159748888,491.0155322169
Sde-CTlk_045 ,Taluksangay,Contemporary,CTlk,173.68946974557784,200.79431861646387,190.98162502809006,126.24469427179895,178.50751758693528,245.29089652396405,300.85073786796664,323.0142115164904,190.04645246912662,206.17316960528595,473.61413648044754,410.4548144257782,2216.91124080204,723.9445408728283,819.2424892123333,909.3611280888192,1253.8332913336965,1086.6173724785556,508.66101181301485,431.5838792466767,1082.2086840564714,331.2943205494021,1363.2406480135814,933.3978513904187,768.7060609295401,1244.9554758925156,777.9267988088594,192.74072058742576,1861.246578097598,417.08789150490793,151.17453472595818,163.34612355440186,350.81932116154854,195.28416655161783,271.6517284610755,1587.8005398781834,629.3365258108018,138.0236261641,155.7229990796,161.7660527042,102.9639483589,136.2213149832,188.4080706757,236.6736934512,256.5716542632,144.9572671731,171.7647217247,380.7939218484,326.8699178027,1660.3106612062,545.0829667137,605.1909021854,685.2883141361,952.7301913258,822.9797587428,394.9502956123,338.5403606213,814.7872034655,253.4236209526,1029.754282205,704.3499991161,573.5461745385,938.3818400643,573.3495978512,153.7960172139,1391.178279809,319.826015116,118.3817021141,126.8922284044,264.1068803136,151.0421752761,207.1062618138,1186.3579976383,474.0288722463
Sde-CTlk_080 ,Taluksangay,Contemporary,CTlk,172.6744805177939,183.54658298734412,202.23584397574044,126.75256815086622,179.5189199858611,232.0448679510279,337.16567278032625,317.10158202180264,183.1759873267782,207.16319369738437,497.4400380030642,415.4051881675287,2314.9116224528416,712.8815960662823,810.3161748619486,999.7849384027749,1237.1852736140572,1153.3288690197128,583.4522089898109,445.483571490577,1226.7109926359344,346.2602059727481,1372.5218722449415,1023.0739120654969,896.8149358626059,1317.4408565461904,816.3919906957991,160.25444240098307,1997.2551726677539,444.94973938205635,155.10058839295226,152.98267973087678,361.2067176556383,220.70516630337403,314.0468326257249,1682.3239223436162,632.5900506822408,133.286138314,137.84365155,167.7396495872,100.7473635167,132.3887507296,172.3852708922,257.3150112169,244.6459003944,135.0127305478,168.6500499634,389.068496196,321.4222691008,1671.4655990513,517.8328579297,576.1062272434,726.95315388,907.9922841916,843.3419179564,438.7561703094,338.8763469882,891.019643358,256.0472260689,1000.628249827,745.0159618991,644.8020174692,958.1445445894,578.9236664707,124.2753924837,1438.8826549059,329.9246213198,117.7579454669,115.106340386,262.3367844083,165.2474820692,231.3534095516,1211.4967957035,459.7057214045
Sde-CTlk_009 ,Taluksangay,Contemporary,CTlk,154.4237832733352,208.3404739398708,203.17569921823824,140.1184823449426,153.56917566243555,234.11290245607998,373.45406070385684,338.84222284494,201.65336965739004,192.21486701015093,507.0390219051981,420.4948581194543,2324.9118278204382,753.5973568645394,861.256887850849,1003.7206089678642,1276.7755772224655,1134.0981977707268,569.9521514030806,450.775661381457,1165.625680208977,361.73338691485196,1404.600227433685,988.891426193336,821.0322310453167,1305.2363469256477,793.1148923388339,208.77907731963933,1978.1432975460827,432.4844876306662,163.0936008064385,164.1307561195037,345.9846834211163,228.8728635165165,281.105309379759,1681.851476719205,643.2233702882693,117.8290100585,154.4768667667,167.118328648,110.2354575854,111.7227605727,171.6297414994,281.5917319498,258.4095565746,146.6215939446,155.0507500825,392.250595827,321.6567659248,1654.4613234999,539.6536644037,603.0706028737,719.5075016415,924.1985699404,817.7738486462,423.1861641591,338.7411310236,834.6539979956,263.9096998143,1009.6721143333,710.0014409238,581.6862036881,935.8714068441,553.8546767543,160.0786214087,1404.4081070405,316.4291751211,122.3135116379,121.9362222864,247.7198087242,169.1636942737,204.2804375862,1193.5374457941,460.8198759961
Sde-CTlk_001 ,Taluksangay,Contemporary,CTlk,156.0639150063845,203.31068066385498,177.814376696852,117.75733056561702,154.45495208056613,224.95284794107408,335.8511171914276,281.81984075158726,183.04928919184582,179.05676185458623,492.64253769665487,397.3885473059962,2056.292702386321,659.7363461334916,730.3259620857663,933.5059568131313,1140.767984802256,1076.4711590163854,540.2807696150307,422.691007049878,1044.5772620028113,303.0977267245829,1199.8245051538538,921.4772233864494,766.5288144966502,1177.4420550412704,647.2734231674895,196.45106842987676,1732.6029785639669,399.3749689384775,147.330679510956,158.67014344939005,325.8643190056865,199.73731117748133,265.68046953240633,1486.234861737636,570.0713944488091,131.7340382654,168.5603162451,157.3255550504,101.3234439084,126.5394531797,185.1833839317,281.3920688453,237.8071095364,149.9127409937,156.5014941763,419.4471542038,335.9667951328,1661.5036860814,535.1736622754,584.1677080298,757.7419670809,931.6463551899,877.02273069,448.3247027809,353.3976384768,847.3192980635,248.7579746608,975.6120293271,748.7210678093,617.6475948689,955.8930303223,516.8587136415,166.3301685068,1397.9115335026,328.3611015193,123.0236728904,131.7118481181,264.311509965,165.2690437592,217.5119118882,1198.8111945534,462.5672696221
Sde-CTlk_006 ,Taluksangay,Contemporary,CTlk,160.19816404511664,216.5596874342268,187.1367607940781,121.7183755818734,171.28181220158783,279.05307238946494,299.4741328857136,295.46316084962285,189.6531238862627,193.80673144248624,516.849653348631,416.42661497110146,2246.6381520105388,744.5354139003599,820.6388606842172,980.2401805926188,1301.314393465042,1185.3704831152368,604.6367586974926,493.3186987850349,1170.2641759440514,327.6963106079926,1334.711034960096,999.673680662845,858.946276149469,1249.012516186211,798.0207283118904,175.92219538261796,1933.7402993937785,405.0003156458155,141.54095273202753,181.95697094162128,335.6080731351528,226.69942379335674,304.09309629361866,1652.3988074719398,594.2825965427896,126.5129026715,166.7976308296,157.7984267527,98.7259405982,129.7540304567,212.8151493013,234.0652530049,233.2289745508,143.6003953,160.6658802266,413.1089566506,329.5873928818,1669.4546821938,556.2958760648,601.2721040312,733.0656782075,981.4837121525,891.0436268221,466.265564256,384.4302871725,874.3385147985,248.8593624589,1000.5746720212,748.6335024468,635.8143475803,934.2614219049,583.3201164343,139.520523932,1434.0164532627,308.3325757561,110.1064645191,140.3865297931,250.7206606794,174.124890554,230.1427649086,1224.9193447329,444.2040262469
Sde-ASac_016 ,Taluksangay,Historical,ASac,71.1050869786403,98.53248386928038,140.64113120922346,74.37101103716417,87.16868883521192,95.37979990904783,158.0724257194151,170.3762010398459,83.67764810419806,116.96510723912495,265.08767818804785,224.50560757907584,991.7155894862701,404.03291738570016,412.2519516364962,466.1301351996029,625.3263888487835,527.3792101981363,256.80976196476644,235.12607089723167,434.2342213300675,149.58916419156174,595.697175267308,377.9727600504565,301.83776850182284,516.7109585737077,297.0828461413584,102.25576182298964,820.1153181775414,208.49456910432934,78.9582868491964,75.77787873779513,159.02265243341904,108.1063553217848,115.13396213107585,717.6987615328454,274.10861706659284,107.6333361273,155.8498052016,189.7436237974,107.4192606236,141.9503109231,153.5071566703,243.6712848291,258.1089084857,136.3832608527,162.5874416588,392.8828636379,338.5294811297,1670.5469635823,674.0784451547,711.8465738484,776.4547226721,1026.2062333128,870.5783662934,405.334606381,364.3428688868,724.5381497381,242.544773249,988.0689427079,628.0795931203,511.9063632546,860.3920640648,515.1140734288,153.6392845919,1386.4416093443,336.5790193355,122.7271594157,119.4983350192,265.376763897,171.8259081011,187.8083243309,1214.1036168364,457.0035694454
Sde-CTlk_040 ,Taluksangay,Contemporary,CTlk,152.89090353909225,201.4236825894115,202.02206870102083,130.09556226255378,182.62378100962096,240.2887355111138,327.12034363900386,327.21973121553964,192.82124006654456,201.70413348360017,500.6061140108158,428.5763672635368,2108.993799024855,682.77084215356615,766.147566856601,908.8786459145906,1208.5549619270942,1072.3267738122786,561.1720026061616,467.99083353746363,1098.2309768525745,333.59028416481203,1282.9526778144584,929.4834599688637,793.5868155976634,1194.0031784622684,725.457483703387,175.97476202572375,1816.307090259918,427.4073858738168,165.6842404432297,152.407754431197,319.5585602210649,220.9850876864998,270.8138912437099,1548.6505761608719,560.3481530109741,125.4251971219,161.808007424,175.0973984881,109.1425237763,144.6788891207,191.433935162,266.03351557,268.3344555762,152.6944404539,172.344698111,414.8398497994,352.2348157622,1644.0079298894,534.6863227022,590.2084286217,712.2903559532,953.9226735532,844.0197475615,451.2603067736,379.6523452294,859.9971480327,264.8263058223,1007.4978249119,729.28390746,616.6180247259,935.9080437833,557.7558903997,144.8762133634,1413.4325991597,340.0141732239,134.2125171639,122.6086235105,250.2199448085,177.1105161346,214.371696533,1204.764692338,438.9588508448
Sde-ASac_020 ,Taluksangay,Historical,ASac,73.41487745029681,100.6714316856575,121.16441549270974,68.13925609881574,72.83391618284713,100.13004532047314,156.47982083994088,168.5516456022785,89.41421286669194,101.94626885791358,247.70773408783586,203.9893160523119,970.2461577274553,330.2422884257557,344.4473192777235,355.0774024993001,550.522406205088,423.18425554149576,205.39575424942456,199.6340690419599,488.5297275042737,148.36888987385458,660.8569668485459,417.87552873696745,345.92668833410346,557.4008678918343,400.2298748573998,86.52154555369447,815.8319801427068,189.45695886773333,64.01171082083339,74.65862408248627,162.32963888794305,86.09264189720278,121.96452500772499,689.317276243741,280.9288821267048,113.1023214988,162.3619245631,165.5577706868,99.9661006088,121.0869789313,164.4401933559,245.6876120141,259.8861521001,148.7859964185,143.7051570398,373.306138251,313.0018250586,1670.956432563,563.0678227497,608.7156441563,604.4178232162,922.6417499956,713.59713608,330.5258925427,315.149628136,833.0371859512,245.5515151858,1119.9433495455,709.5150759361,599.981234101,948.4508654373,710.3621340546,132.2643841654,1410.2789757868,312.1262007967,101.3751820289,120.0314401818,276.8475820358,139.5545963904,203.1253286109,1192.4015766439,478.6466600538
Sde-CTlk_092 ,Taluksangay,Contemporary,CTlk,137.4207460935211,181.16004021508166,181.99182309447315,113.81445247810137,134.88279061307264,203.43455029893522,270.76317808071684,289.2137082620048,167.00582919293566,182.0921628359112,445.59407894275256,356.0340131711716,1841.9810753547715,591.3393966914432,655.5503500912802,796.6586550738591,1011.8255843932097,940.4896486943065,434.0942113226229,323.01273045680415,911.935076865941,262.071644909727,1113.3514039714553,816.1376781608664,661.3105988633479,1077.845871107502,599.3766357112695,177.5832518741844,1535.1967010516958,373.1626705279617,137.02661073926478,152.43327885012485,311.1705906146818,191.52012522001436,223.51351523621557,1313.941005671339,528.1238119693243,126.0210791109,164.6143189206,170.9563535764,105.4005368404,121.8202663738,184.1848008241,247.3602186193,265.1777536866,150.8051382766,169.9863916922,410.4368325219,326.7628289148,1651.8797822591,531.3770380836,584.8619374864,716.1125423758,912.364673235,846.9986315022,394.6229579974,294.7728960626,819.4468683039,236.9062882391,1001.6756731789,733.9944179294,592.2205930992,968.9450177959,534.2821545252,163.1052503166,1375.72763573,337.6381587077,124.9666938989,138.5983610455,279.6027848251,173.8516214943,201.7962746152,1177.2924824149,474.639320726
Sde-CTlk_089 ,Taluksangay,Contemporary,CTlk,145.79924313510682,213.1906446561152,206.00747640813915,120.46923061300753,157.59844846958364,246.95961983451872,302.9996770979137,303.1377355041929,177.97758314091132,199.97578617175128,518.2029569084298,424.44131018325714,2281.188784968574,768.2980575724306,814.8071366035646,1018.5459295827656,1311.6253121949196,1189.8736086152219,560.4352572485515,452.5644153519033,1175.9155564869445,344.1577900785627,1342.3292078154896,1016.195127510775,853.6098078432325,1272.6011592358739,798.0821244077893,194.39463689988975,1945.7351066425515,390.6550440452675,144.4570188569597,168.287729583146,327.3240544329733,215.00738026563187,356.5117553322611,1582.376785463892,698.8883885853018,113.9525478396,162.3282443491,172.4129387118,96.8172578688,117.9392848557,186.1085919276,234.2682352761,236.8110358361,133.121583474,164.4184682841,410.1299102268,332.4935560972,1673.1376942344,566.739893312,588.8890903784,752.0413463026,977.0654554668,883.2724180531,427.2687071284,348.8248425534,867.3698327038,258.2166007933,993.6152893384,751.3896969146,623.5609566796,939.8286221603,575.3802433405,152.6068926759,1424.0646656129,293.8658862455,111.1406532648,128.3676579715,241.4162250411,163.2392699301,266.52818758990003,1157.6715189189,515.7488920238
Sde-CTlk_004 ,Taluksangay,Contemporary,CTlk,127.2206986012103,199.07323172028933,189.49648659539838,119.11748868650645,162.69133334077753,218.5992154557056,295.25384502004374,310.23980210284105,177.46802833471162,183.57751622410078,462.287455060431,379.36247628131326,2110.694326297347,673.5024342386373,758.7046576889652,904.2818440880586,1156.9050781148685,1057.08575335011,525.865680047757,421.14575908305187,1046.3425767892656,309.01976141051256,1279.7997528305123,911.5452208504247,755.4211946089478,1220.4814821884843,698.3675638563764,188.4230885378965,1763.854247181419,416.7672684763645,145.58059725969648,149.78070313214576,331.6642828343747,197.0811851062653,271.8830532101808,1496.246540601227,614.7347079643464,105.7488238462,162.2641528673,165.8097078068,101.1055970445,130.8982897747,176.8047159326,243.4387994866,257.7864828347,142.7322536425,158.5047864164,387.900121894,315.8783314049,1672.7926256871,536.0667017663,594.6961930208,720.2591686333,927.6253431995,845.3663332439,429.0390870321,346.4323018205,832.7874151688,249.1127185698,1021.293787346,726.8311375367,596.8876330869,972.271656354,546.3901834921,157.142215212,1395.6805833771,336.6279956758,119.5899953572,122.249913991,263.9545932226,160.2927122434,218.5866884754,1183.5826067542,489.4403076613
Sde-ASac_049 ,Taluksangay,Historical,ASac,65.56688846544421,114.4831317318844,108.53287365236395,73.63126521559981,81.97201955673654,98.79436861000733,158.90517372839062,151.17334342297255,78.614794126551,103.40561966667964,249.6269478395712,205.46216426975062,940.3876121052213,314.2697552262069,349.00740657928736,617.4765570603796,564.3968021639384,690.8159963906236,379.16252288099366,238.04307934878096,522.6506624538899,172.01636825782018,396.7954528920914,406.3209828960596,358.98867322000564,523.2090486641166,170.16956160809124,58.203384461386726,863.3354143106432,181.43336806500068,88.98046835823013,72.02743889963054,112.52020075950827,118.0308568997531,146.01100220750487,692.2137629346877,248.18060340332806,103.2874372382,189.2432117171,150.7040030519,110.1789368628,139.897522603,166.4493487359,255.3660116527,238.3524082961,134.2952283373,148.3650048161,384.2373627213,322.2973110348,1665.5605792663,550.7778129602,635.1472831433,1080.2983940465,971.4118358222,1196.6968125205,625.3031276214,384.7329250168,916.0792823583,292.1789375111,690.9792858928,708.9837562638,640.5646455584,915.0037217133,311.0979671654,90.9428805555,1535.1038866744,306.7002363085,144.2979675287,118.6707293235,197.253700087,196.1498380905,249.6527008829,1231.7226697198,434.6266517166
Sde-CTlk_026 ,Taluksangay,Contemporary,CTlk,121.67463958068667,188.20935121467792,178.97797365611785,114.01869514049,131.4424441909842,205.998070246204,268.4911545884705,264.09521986544934,161.8876762156403,163.97773300314284,433.3691919596616,345.5460800476834,1840.5232473314325,577.3383698913922,635.9464923486015,748.5738683980693,1021.5536138399493,899.0593360350862,430.278747563716,332.5576324454004,951.4536114793459,288.0635940161306,1145.9292212109087,824.0563107223011,672.8210342290139,1052.9624156081022,668.7947976182904,177.74893074010302,1552.4295377706069,340.24572236106076,127.7992217824896,145.97439628386883,277.5975280877157,191.03106742624354,244.24732598650894,1306.5511102728588,533.9809074011916,112.2949816013,172.2301886285,168.9014592378,106.1885224036,119.6068542481,187.8759396988,246.9227869081,243.69885773,147.2860170126,153.8536527942,401.5995797057,319.1469687587,1663.8649135833,522.8963521723,572.1590189976,678.191515584,928.1816294039,815.9534324301,393.9099077912,305.5347029565,861.7164586372,262.3453608605,1039.0415967881,746.9279015574,607.4441714062,954.0289752667,601.2295698542,164.2829957363,1402.4511179566,310.1310486834,117.3447869097,133.6588620853,251.4082116981,174.6480229545,222.1815166648,1180.175849648,483.691381443
Sde-CTlk_048 ,Taluksangay,Contemporary,CTlk,153.42972091929775,204.2737225659972,205.7676441743211,120.90666622022961,158.681998208902,226.29183051246017,285.5682995713985,316.629856504938,188.10838342558688,192.1335380192901,470.44158029351536,396.6387928066038,2089.2891198291563,687.8461255584783,759.4950434507456,936.2939249966328,1181.1304931250231,1085.287634603712,553.7077628073225,445.5951534363452,1074.6690514592156,314.87883881564676,1246.9493743100597,900.2681665842683,770.861201145472,1176.0024589414809,747.8129582081604,147.96806855277936,1805.1455498577948,366.5725902519308,139.46209913166354,172.1988331900075,316.3270811201598,200.24534721438596,278.8980736074738,1527.1704973391968,563.2997361641845,127.0984156434,165.873685561,179.6022042713,102.3130470112,127.1592649253,182.3085638062,234.6128710163,262.1950502579,150.6807732447,165.4415843835,393.4614089989,329.1450843865,1648.7116888536,545.1736750597,592.6358977152,742.6202114985,943.1827878884,864.3339468304,450.054960231,365.2206558027,851.7233593911,252.8246875963,990.92850803220006,714.8344711066,606.4355976291,932.9010021145,582.4216783727,122.9890146763,1422.1720316074,294.9162214534,114.147252236,140.0196447976,250.6858971698,162.2440894443,223.3221526576,1202.8102987314,446.5991759334
Sde-CTlk_098 ,Taluksangay,Contemporary,CTlk,142.22538249763997,195.14417812648165,171.47426528561067,115.60513697807725,157.33528147297415,169.44067003305318,345.9084042391858,268.9359630498867,169.14929790838625,180.97784173000295,439.79358075575635,373.37539564107595,1891.2480157249024,612.8676799649415,660.875649958485,772.6848245996359,1016.4153033954035,869.3260725700801,460.148294255841,379.47565683222683,953.9403297101134,293.37383131358195,1167.050400137869,810.0054582430231,678.625004886712,1066.8503720725835,658.359852103574,161.89535079488851,1572.4148411960534,384.96627312137366,135.1387024744947,137.95307748085938,310.17744905980845,196.26312808729512,231.72801499594306,1355.672973581199,535.5762417662776,128.4445261039,174.3425519322,159.3041220656,105.614291745,139.5610932153,150.7337641971,310.9975700322,242.8297191793,150.008567428,166.9027769798,399.2475980505,337.5175871474,1663.6961682809,540.4049406584,577.8325992205,681.5901508694,899.8816293416,768.5432349523,411.3134708301,340.7406205956,841.1299609959,260.5090276773,1030.5395215695,714.9376496989,595.9794830001,941.1607922799,575.0460109431,146.4762847226,1382.0073910316,342.2087011901,121.2528397992,123.339050835,273.4863898099,175.1328683961,205.4641040275,1191.3178270383,472.3314410352
Sde-CTlk_079 ,Taluksangay,Contemporary,CTlk,139.74236619644023,211.8877159943917,190.57277501062418,135.3609105753209,149.95134798260398,233.26683369748469,280.0303623246951,337.27441281929464,197.19504305681724,188.1391882661876,464.50759523530945,411.5228806456939,2327.252341878194,769.8682130513572,849.7774548432136,1014.2419702552493,1287.5116949151375,1160.3866446084253,581.893088195452,484.6990371493325,1173.8686776502088,336.28142902522893,1420.3631762010727,1019.2653312777247,859.6989477404283,1328.6364976217872,805.8408772508936,195.28692235705412,1974.1622044134974,459.633191222914,162.97569048177093,158.3469020796114,353.16727796249745,228.2564605338478,281.96174566696084,1695.3853969992604,631.8670137877112,107.7317066054,158.9086327681,157.9237310861,107.4706938579,110.4217035884,173.0452729085,213.4330899244,259.8845742518,145.1323592756,153.011144593,362.8810995713,318.0253176833,1677.7433516508,558.367555569,603.1703142739,736.33434498890006,943.5213486223,847.2248583079,436.9836356812,368.2220407569,851.3261834728,248.3071660672,1033.9322674839,741.1099359985,617.1349139469,964.8064722662,570.4966992876,151.2573767236,1420.0021534642,340.3217777788,123.5730181823,118.9793880715,256.1032468985,170.66337491,207.4114259914,1218.9743631626,458.4750576284
Sde-CTlk_017 ,Taluksangay,Contemporary,CTlk,163.73695016220378,232.07353081685122,196.9534073738507,138.30676846004314,178.95760210935444,263.2680824531717,337.3751233775988,342.537571051498,213.30958982197683,203.25933791587542,515.8881351502571,448.2226114491994,2327.70586265993,738.8982814249874,824.2173816770247,996.6970307290226,1271.6351314249855,1175.7439111589056,601.5783692099061,464.3652917057863,1238.1714558381,331.8405001054723,1407.928478587758,1064.662737545205,922.1444869127017,1364.7027812457331,819.600364525352,185.29394507549338,2006.5585030015172,453.5754378970382,173.0769477118485,179.14992989270186,354.83956044082817,250.41920842141886,330.4894855837474,1661.3420954845874,666.4310474878929,124.3562348578,171.1923948744,161.4576885697,108.3628297311,129.4836983996,191.9773209828,253.1570718476,260.0148733838,154.2502803285,163.3559424529,397.3409820192,341.2929965384,1646.8002543401,526.1019607337,573.6136131646,710.3997843606,915.383387025,843.0560164126,444.3904200796,347.2451477056,881.5301515967,240.7934082517,1006.3431356989,760.0666233335,649.4672029327,972.9355292817,568.8318487492,141.4251416922,1416.2263657554,330.0845831312,129.1608105331,132.4168064455,252.6062901496,184.1305723462,238.8550763533,1172.0591597299,474.719896497
Sde-CTlk_087 ,Taluksangay,Contemporary,CTlk,107.92581612649494,186.47853080159123,181.4085120285705,109.15676019088328,129.47501099640814,218.28557132172065,260.3976515431927,256.9089217612343,141.30502773125238,179.5399511191868,434.82291506696146,331.5895216665931,1857.5715137115824,588.56578125896,653.1674025072132,787.6721931735434,1050.6039456906394,960.5293674553891,441.33894315989164,330.64223751149825,946.2675129848006,284.37167379055194,1119.5321597747918,828.0709000870397,677.6309498715061,1063.6472339126349,620.5399295776621,181.37650173051668,1554.541431623107,369.4525508740735,133.3836135072445,141.8208615070787,295.6949099231164,195.44951113870815,241.97055927837573,1320.8557936870552,536.7525429971992,99.2261796868,169.9267360241,170.7233239966,101.3165776426,117.2882804532,198.2112500301,238.5261906776,236.1617630638,127.9823560353,167.9445169943,401.4882364456,305.0996118829,1671.2256019892,530.5563110008,584.7017062406,710.2656307938,950.2287338755,867.7236364677,402.3394134639,302.5512406102,852.9853724086,257.8320684394,1010.3837079741,747.0619780992,608.8154685728,959.1916361065,555.0271855972,167.007921597,1397.5797065804,335.2697217398,121.9755435245,129.3117643689,266.5372930298,177.9260777358,219.1200302313,1187.3302436143,483.9168577136
Sde-CTlk_032 ,Taluksangay,Contemporary,CTlk,143.52252467456108,197.73457242083387,178.22149956859863,117.82456960910149,157.70905856928445,219.28820640392405,307.19862545740665,266.4302684862214,174.72353764633428,170.1159253465119,483.88312606501376,385.8084048784448,2120.2676020626095,721.4384043237856,777.4429482219322,946.1553048307026,1208.1832594703048,1113.3073515024546,487.73210226690026,369.1391222620003,1021.0875822087938,310.46546992799387,1235.6823054725514,934.6732793852673,734.1424218629584,1190.8101109835438,648.6610738344718,254.89379543496145,1746.3944553032716,380.36459909672203,146.9277877082481,149.87464278669705,298.1535386270135,198.6305535057485,253.27957540662447,1515.2464466199021,605.0516479446112,119.4685173628,161.4258981724,156.1038402116,100.133991087,127.1013978219,177.6508148571,253.662438261,221.6986341653,140.7598617217,147.0472591558,406.567407286,321.6970316411,1683.3786822626,575.2266743217,610.523078198,754.9273666957,970.3832404538,891.8547787866,398.5484219441,304.1069978394,814.1107645028,250.6920978019,987.7952555491,746.5678484415,581.1231679634,950.2899864062,508.4567011056,212.873992609,1384.3483456317,307.7286375257,120.8788284644,122.5172584424,237.7009743585,161.8090336866,203.9709837601,1200.7687337815,482.5735668432
Sde-CTlk_072 ,Taluksangay,Contemporary,CTlk,126.83527347173576,195.85777940995857,169.07182004594975,109.73824766857722,137.1129828302557,196.8899911786783,276.4240042102168,262.5301996494308,158.7476780135382,173.6716852313007,439.6852011153548,348.0033629438083,1871.2210297156507,581.4133252460766,631.7686609720681,794.0204042309305,995.0112048853522,938.3571961446506,445.3570925294555,314.28253642264303,989.9919320008067,266.2668627749988,1136.2368766483332,874.5564844292276,729.9890598675092,1113.1329615215827,664.916813061604,167.3488372028918,1589.6584083916423,345.06356824504087,130.97507098085495,146.97223387143578,273.9348078177727,192.0617951976915,269.2638052285528,1322.241993730535,549.0838960637618,115.8494860962,177.1842577866,158.3616482692,101.2658654409,123.2533317298,177.4430665153,251.4797086283,239.749271304,142.6741692806,161.6114630854,403.4599390177,318.1295008387,1669.6816982181,519.8841489479,560.6824801431,710.2363486668,892.926119057,841.0018717037,403.0832508652,285.5967671719,885.2047584119,239.579104092,1017.2877058884,782.689664285,650.4011244989,995.7568231596,589.56594679,153.1027459497,1417.335177951,310.7749639124,118.940640187,133.0470706503,244.9315498006,173.5657618415,241.9565178413,1178.7372405791,491.0493713204
Sde-CTlk_035 ,Taluksangay,Contemporary,CTlk,145.74129337373813,222.76910783043957,192.07326203592208,121.17236387398738,157.83573979758202,242.99430267825218,326.9802621202845,324.466359476387,196.88232585991565,192.50062291683628,490.978118547884,384.02148564043915,2146.6637252700875,678.6191785903196,764.3071643981497,875.1374483361571,1205.1615141972134,1038.917021342826,540.4198760986128,450.2008174133072,1088.8514499462265,340.3305541082228,1338.2632136121092,936.9293254941325,766.5346593195965,1209.942988608141,763.3469342059611,203.38426568650792,1799.5554301987866,410.3087764446308,153.78353106964997,175.1732173757162,342.42956625583565,210.3819229715567,271.5018138429282,1533.7063895966824,612.9669623485104,118.4241817168,177.0760226803,165.3306665299,100.7995659216,123.6452026934,191.4799020173,263.2831273551,263.5440719266,154.1666793459,163.2383282741,403.1923407784,312.64595915,1653.4016045309,525.2090013135,581.4322095499,677.8367651338,940.4569664755,808.3405325517,430.0303000616,361.5560616711,842.660964709,267.1874981763,1038.7600504286,726.5805533665,588.3984032901,937.3331602799,579.4965419547,165.8796402437,1383.569503829,322.8323159617,123.3137698419,139.4527478765,264.985499505,166.8232286443,212.5085425497,1178.7842960159,474.5606115263
Sde-CTlk_082 ,Taluksangay,Contemporary,CTlk,147.3641264468731,211.3468294866285,199.40774722492597,143.72827760983571,166.89582827296795,259.0364964608656,310.18681106264006,364.52212851768,199.0009744933426,199.82717205457823,472.71811445016573,438.13700250904395,2407.435674240118,813.3595678415543,939.8352736965398,1012.9844040659905,1369.4918818751428,1168.7835458717109,562.2529941649132,492.4358670266515,1156.3838347882422,359.8028457924701,1480.2853764308725,988.0075381758783,817.5374724867359,1323.4792185469933,842.4688202293842,207.24323393433096,2047.423838401285,457.6345317207173,156.84527728819236,184.87921242865548,381.6096379965921,223.22099453010685,290.8357560114646,1744.198267372193,663.4342371932657,109.8991226604,152.7907316794,161.3308628275,110.8042647634,118.1943014737,184.9793479703,228.3675459718,271.6940681124,140.8446554431,158.2881831295,357.845087137,327.6414793157,1664.5901245597,566.2280537699,638.5521044951,705.9859677911,964.5809067898,819.792644738,407.0870957283,361.2107873837,804.9706029877,255.5928923502,1034.7747891199,689.7630218013,562.5694926783,922.6220151812,570.7202186458,155.3708230582,1412.0822948621,326.0971574814,114.7992191766,133.9412863662,265.6135062689,160.8210508677,205.7208884333,1202.389292813,462.0794815015
Sde-CTlk_047 ,Taluksangay,Contemporary,CTlk,137.8464073643198,203.98649895483285,190.3826618415132,120.68706875560447,160.0422733466693,248.32548610732653,282.09663444559203,302.97347148570617,161.435054196076,190.39925541138544,465.35843246985434,390.10038070820946,2132.730895431789,730.2703364796491,813.1699234253871,891.9924262830543,1239.7385272182598,1070.1480957893868,503.6065970885311,437.3132836460493,1042.980101965517,307.09214290502456,1293.4526187743602,905.1407383287365,752.2828538588395,1164.1420305069482,762.8623436093106,181.0475346158849,1808.1550904430876,383.58688825481244,140.25132853648842,170.00911355939112,326.66627033290393,202.3292040265072,308.6987792106734,1498.31225763225,634.4915790124329,113.8087372843,165.0297373652,165.7731626812,101.8251618064,127.7464823178,199.2941242222,230.9540560328,250.0483171714,128.8066828033,163.5138188535,387.9783021071,322.6499337181,1675.9371704237,576.4164915481,631.7324631937,704.5801423617,986.0409882936,848.8420478575,407.8303984044,357.1701664292,823.206223202,245.6143730694,1023.7020667292,715.7689839143,589.3067726238,919.7065144506,591.5140729475,149.99144138,1418.5301052133,307.4162337921,114.3860697459,137.7327745729,257.8137590043,163.3216705356,246.2119725083,1175.0939868356,500.9746831996
Sde-CTlk_056 ,Taluksangay,Contemporary,CTlk,140.61087486439308,226.7246883488871,199.3362522390747,123.11194368707693,159.40073739556544,237.12414343832637,313.9292490566147,307.20175814265775,196.19706452852446,190.28048526793282,497.164619028235,425.79262410300163,2153.408041246324,719.0965059153882,778.0377113382101,928.632731634913,1202.5342380259326,1078.447287638464,504.38845896590465,407.469795882161,1060.4610614531257,302.9755795361238,1280.7559679950587,930.1023505234303,775.5411666663736,1204.4410886952544,724.3186052781538,194.50253576858594,1795.8337689876116,402.62618477317136,137.67681300582177,167.86567270496363,347.7253263442998,211.0047148578676,262.92428101459177,1564.5395416156412,588.8743954770066,114.5118196958,180.667660825,171.8605069619,102.6168691518,125.2009036486,187.3356788856,253.3667590006,250.0822031086,154.0364640763,161.6433022779,409.1422983318,347.4241432636,1663.2799566461,558.0785157961,593.628351238,721.2589757615,940.9238290415,841.3749694261,402.3506422892,328.0147568346,822.9648725438,238.4832303819,996.8469596352,723.2698584188,597.0148844682,935.6472846265,551.5070900344,158.9853683705,1384.6339702168,317.6091221281,110.6619590141,133.9648954898,269.8297722073,167.736852574,206.3400572506,1205.905582987,457.1700610779
Sde-CTlk_071 ,Taluksangay,Contemporary,CTlk,123.10475175382143,217.09314661658485,180.627234346651,123.00929320035128,135.68215215053164,244.1308257021223,304.3523680271438,268.6265861018228,168.69047928416117,182.9284758312111,492.45544528405804,390.86110145130834,2036.9185377850265,663.8169972532038,727.4679674687334,846.9672234415802,1152.392136989601,1016.2231921920794,474.0472193284546,387.11398942042894,1020.4779899899064,294.94371654002043,1253.4629680893051,888.1477872848415,740.5376408283106,1161.548573610355,717.7931331475384,188.21598651559876,1704.8158896484774,380.34874281718095,136.86406800676352,169.2566816229125,325.15049745262576,214.43794134751434,287.81542017800217,1418.6115572819008,618.3408315371792,105.1794486035,182.4144841415,161.2187535787,106.98561296930001,112.754654802,203.7847416249,258.2457531663,229.4420387446,140.13921782,161.4314434809,424.1357197544,334.4375500771,1671.1177526023,546.5974974041,591.2427837676,697.8238268239,954.859846637,840.1519546778,398.644529316,327.8211865693,840.2458818423,245.5082402311,1034.4080619187,732.4277850894,605.9858500095,957.1442360077,582.4614583449,161.2646893197,1396.7560792659,317.1246055174,115.7661044963,142.3820737368,267.7083136993,179.8513384102,239.0268041947,1161.9773863631,509.2837907482
Sde-CTlk_011 ,Taluksangay,Contemporary,CTlk,158.59236385576705,232.28391926855375,209.15398122287797,138.7664240729724,206.05352919125164,298.4022782119801,357.82311615217094,369.1056807951078,214.03200285751663,204.82786777242978,536.1862930689668,497.5764961480898,2654.306670492805,836.6978382335764,960.7607702926312,1114.4291254270863,1463.4138844989548,1302.480817222181,622.6571349505602,500.7650439698841,1331.4872709332074,397.3348171690471,1589.072140266039,1133.754294884637,959.8036597762274,1483.42425119852,905.0468232551507,220.69395858645524,2238.67394558035,517.568911782006,175.25043749662927,193.04074704175784,421.38684929775604,268.2294525866986,349.45640928775384,1903.7082161733185,750.6220828676975,110.0875242454,155.1218524668,160.6730587033,100.3865395468,134.1206027797,196.2509149228,244.4363708912,256.0354964604,139.2077008873,153.2638641688,379.1828539103,346.5710343662,1676.9721693166,533.1167433312,593.9118067295,711.0646532547,946.086557265,837.6901885782,416.5978784385,340.5181275243,848.3056729884,259.6157940149,1017.7166752668,724.9438833503,602.7864955202,946.8105906597,557.4306025614,154.2027011321,1409.9256429399,339.4808757804,118.8477910417,129.2570115502,268.4340507721,178.3617677595,227.1228032692,1198.2656647979,478.5599559892
Sde-ASac_013 ,Taluksangay,Historical,ASac,75.61162975536831,111.89964232337829,119.19253605440235,73.94849988972055,93.62220550003083,151.8961730227592,152.64391127097076,178.5888836188829,106.06463943088148,99.07104277542452,269.3295383778207,233.60608950395536,1042.8987515740248,316.2876168477356,369.21709511837344,410.30719832078256,600.3819682761467,529.0219997043317,239.74084851174192,195.849491436077,608.1399300300629,154.0176222447289,660.1647281749307,536.7233843674785,459.900379501398,613.3106265635139,454.88929829737685,88.3171023202756,965.6037413003327,158.16887911738513,79.29119010962074,88.41727423580755,101.64968098739891,109.43584037823257,213.8077783343019,731.8546796344273,311.15057353514544,110.0815749815,169.5283365367,156.3442125424,103.1814976695,145.6306418554,233.7742828275,225.9253767589,260.1930515993,165.1144082589,133.5167937997,384.6798559529,338.9151245091,1672.7487228539,502.9044866101,605.6365032914,651.4664739089,940.456211142,833.1080860913,362.5082220316,291.2438242556,967.0440822469,238.6367449215,1044.1468965178,850.3110089106,742.199960559,973.4603137836,748.9774840947,127.7152927391,1553.8048272731,244.0995370268,118.2408045253,133.5876065755,161.6624641347,166.5272932285,333.0917105822,1178.3717310135,494.4302469774
Sde-CTlk_095 ,Taluksangay,Contemporary,CTlk,144.07018600074755,202.88355599530485,206.69244205284812,123.34084057995551,161.55041846073937,276.2704608280263,278.20465407472966,323.8049147442021,188.43061616045838,193.5251223531457,487.7333027148546,423.5322920866601,2234.0159740609392,736.2282623272894,833.44378189992506,928.3349547101304,1309.861582237333,1122.2440531447025,487.35382695737604,420.11417657912943,1087.0260776083712,347.1548070154869,1353.6241829903747,919.1664701875771,761.4673809486789,1215.1802972803007,784.7729811920389,193.21119992539232,1881.0222909016818,406.34749053888584,137.56769690814048,207.5661493197049,365.87241544184485,239.7657161313936,300.26349064654875,1587.3754841183134,647.0065196982173,114.2779680738,157.0264275183,174.8431532092,100.433119004,123.0171322293,211.7599934068,218.4424339263,256.7304605618,143.4164589528,160.9942467056,391.4682430677,336.6758377749,1669.2895353073,553.085803905,614.2049441794,698.01919727,993.1383493052,848.0916699636,377.6478369906,328.9094430195,816.5742291283,264.9924624317,1020.2181105084,692.0639953127,566.8273310521,913.8878887056,576.9975564775,153.8957282001,1402.7178611512,310.9348308519,107.5177854887,160.9211144088,274.8198558024,185.0689526519,228.4278257083,1183.3023665171,486.2443085238
Sde-ASac_025 ,Taluksangay,Historical,ASac,79.08806541029058,108.95805842437721,128.3560614738938,71.62597307708988,86.81813884534725,129.04541453740228,170.59672051047755,173.7824153025398,91.02198481517748,110.12634628007963,277.59188186661726,233.17334424097453,1122.8420801264306,355.03077973078615,371.8455425174813,472.7755894744356,493.3296722719301,562.8173389458519,294.9354647441539,264.7649988998547,583.6908666202855,32.267703825497115,690.3535255229743,611.9288547027343,552.646441260821,805.7287075739824,381.7200396413711,71.70133369254721,929.8162920175254,251.44783875022665,78.76094851485738,91.47794416519217,222.6840961577858,118.83943505962152,132.15399155364173,811.101977555831,311.8289066530073,109.8780933317,156.7447541311,162.7672044633,95.877450783,127.8134170617,188.217810458,240.4574545837,241.5916660699,134.0942979139,142.9990949195,379.2554782376,322.9602855931,1698.010145186,532.8120251456,573.4717483075,708.6307131995,730.7382361044,837.5680032075,423.5720228858,374.7327138294,876.0430062616,47.3412518541,1031.2675795374,915.4387354466,840.2433121761,1207.3319113977,590.6412268211,99.0294303732,1410.1072932618,367.6317723942,111.745385151,131.2843921991,334.2601656984,171.6201239822,194.8182550073,1230.7164732713,467.7232865875
Sde-CTlk_091 ,Taluksangay,Contemporary,CTlk,144.7419896180787,200.2784767647787,193.31217943404397,113.81222355902733,135.515560749384,248.74891579024015,240.0444954295974,283.6457237651574,167.90376871172364,177.95692716848646,464.54110332251554,374.8908177537162,2026.6380509783808,652.0744541503601,712.2105625850406,885.0276257938167,1148.7933759044095,1075.0020402012733,471.4370730598623,348.7239801490714,1018.1825239361557,290.3363455696857,1207.1900628020467,885.7490858476798,737.2296610699818,1159.9396318641068,688.2686810790175,174.61141661117122,1698.746952958592,376.79883083183756,138.56016820139894,162.1403354136163,324.1817021687063,198.51778232098,267.20825926112417,1445.7993857789709,580.955105454802,123.9557016708,168.7217393759,172.8324828171,99.192157922,112.9264958531,208.197913238,204.1779027471,242.8388127294,139.8706557617,157.336234602,400.9832151054,321.5169110161,1667.5829018642,538.4814322113,580.6292438219,731.2846028196,954.5421502007,891.2638653592,397.4717599915,296.0419169194,840.7810412763,242.3330396836,999.0702567321,732.5457388184,605.0797422252,958.5723725087,560.2406116042,149.9522802603,1395.9131548913,315.0148901567,117.4927703512,136.7466640276,267.6830249914,166.9348176393,222.5263806596,1187.7648277241,479.8738694319
Sde-CTlk_010 ,Taluksangay,Contemporary,CTlk,117.63642364820517,185.0301231821457,162.61974051685732,106.02775633663104,118.04955825944461,227.665307447336,272.9681477471867,257.6452252047377,145.45537102492983,162.59899494194298,445.78927685924657,322.02919537333884,1810.974498938696,564.134846386234,644.9250909106032,774.3791349271362,1027.2346728769285,943.4368660793418,430.76037625733403,332.90289064915015,899.0535783879402,271.9562248781962,1075.199312750171,797.4715757484778,645.1131096691184,1026.7274041600135,586.7101213725907,182.4438358028026,1504.5228817015345,345.34980198610214,119.4414637388958,144.22310731879958,293.55685652397904,182.93316878576178,212.6641534066332,1301.1691942124246,509.81202097742863,110.4656289508,172.5969344431,155.3970450116,100.2755119291,109.6316718386,211.8082108297,255.6221645504,241.9104728756,135.0654983582,154.6745269734,419.9586581211,302.5763598355,1673.2257187418,521.9861051269,593.6360596698,716.693621296,952.8681329088,874.355526914,401.9450359016,311.5021502659,831.8690898134,252.7298282575,995.7472572773,738.3378418449,595.430696534,950.2970013611,539.7108839623,171.5160715854,1389.3288979719,321.1477471038,111.7110924214,134.5934223039,271.6136079304,170.5151225546,197.4487424894,1201.4245990072,471.7708605522
Sde-CTlk_002 ,Taluksangay,Contemporary,CTlk,134.90519920352406,211.75393334153205,190.34094151837115,133.8912017469781,154.86304140885258,229.63829232621464,317.90385506445176,325.6342935113292,174.4231637111095,207.98056408102175,480.97000849929293,403.64107792033496,2240.326750995488,743.2483748409342,838.4053718252168,954.9015993920264,1252.4051063954707,1104.8080020011848,526.1892227373723,435.303132674232,1116.5873803246927,332.56992794322235,1356.9591610025855,969.5473436368384,806.2048950465384,1248.866142878107,771.602762219654,196.00314147801296,1904.7302116515555,446.113972052087,155.1600559559387,157.49642869919296,342.8115677357461,229.78698112001476,301.4107589556814,1596.4046380334814,643.9577426140708,106.5753195985,163.1587562047,160.5404995087,108.632756058,117.363922311,175.1995525265,248.559696001,257.1344467479,132.1226671234,172.4635202867,384.5575767147,319.5778987494,1665.4913857575,555.5721588124,614.5702708324,714.4214062095,944.9867551888,830.8331930699,405.9257564337,339.3446346311,834.5924960841,252.6626549222,1017.6839791,726.3811919707,597.0376779657,934.5506321208,564.2695081932,155.4993079939,1413.1240224086,339.7691405673,120.7454911311,121.5606447181,256.2119074639,176.5648557747,228.2061557358,1183.931741188,481.5402839161
Sde-CTlk_027 ,Taluksangay,Contemporary,CTlk,144.5317309356323,222.95662947407507,183.60426363744932,127.96916573850905,149.09034144504457,263.7097638086235,292.37547572205847,293.5128811491754,178.9268230597358,192.30104446123005,502.6356948382894,396.81933216552085,2242.182574328667,722.265361996725,817.8889930987763,937.8322935316421,1237.4137767623447,1123.7155831285156,532.8163902287166,433.9096082630689,1117.637092116761,299.6689097478915,1363.048134603382,1004.0496433209316,829.63576860039,1277.9972561403604,794.1586600070855,203.6453818415976,1892.0247953656947,406.6312300180595,134.32551026670265,169.86428469013163,348.09034145485873,213.88557828745732,306.292861946471,1583.5677881718516,658.7019691557327,114.4185134986,172.1869983557,155.0918513072,104.0199987917,113.2663734211,201.6758479354,229.0976969399,232.2545232198,135.8673696418,159.7258442214,402.6759864042,314.8262329181,1671.2465879664,541.2785594942,601.1798942104,703.4530390968,936.0032260805,847.1840930036,411.9823896442,339.0039016327,837.5298938403,228.2206564531,1024.8543654732,754.15313755,616.0232709112,958.80468713,582.3736723511,161.8933050213,1407.4079016324,310.4448578929,104.7640870452,131.4071061349,260.8278129519,164.729743573,232.4737029563,1177.5195792046,493.8331685163
Sde-CTlk_059 ,Taluksangay,Contemporary,CTlk,137.47904551639863,211.60279179937584,188.35095278572396,125.70134724373482,134.80002274217162,252.0515808701465,266.1011140632448,291.67329789231644,178.06321512847623,194.61345042799582,471.2241653818064,379.14241381180244,2023.292912149808,663.9472860610019,724.0154016885068,851.3643494387113,1149.528128374704,1036.21256479787,531.0346015058624,437.1742669120519,1036.9116426556122,280.67726576978066,1257.64756511314,901.0003926509077,768.8774481122202,1172.9471729524564,721.1397523681592,165.9957737612918,1707.8008887616993,406.0059222671635,137.84638749568288,157.38220711316123,339.2973686862456,197.6365842065684,250.05650929277965,1475.2578155466963,548.0369853577769,117.0793332506,177.1628194131,167.7181084002,109.0121282284,111.5939069308,209.6125417548,225.0240145506,248.3165137243,147.3598399572,171.3001280063,404.5992479633,323.3670504624,1653.1628428981,544.5140948653,585.9208099821,698.644552725,948.792872929,853.3162237849,444.9715685184,368.9441910682,850.3552854942,232.7489349018,1033.7498520663,740.0728192008,626.5746877829,962.678669562,582.6561481688,141.7727672008,1393.4506908115,337.2475192938,116.1943039492,131.9208264143,278.2359981671,165.1584551404,206.8729474283,1203.4031400085,449.5731652262
Sde-ASac_015 ,Taluksangay,Historical,ASac,91.33898348832223,119.65649432604985,126.49748107250987,72.67525582892708,71.42018648540486,151.22916108508963,196.41254946178975,140.8859171901152,100.09519252736368,106.06666020842741,342.9987786681026,250.61479579571915,1040.1348239449394,360.7001664631304,367.2099446009054,239.53829255402985,646.2546204328446,335.4778033849631,257.8170581070422,347.91480386152006,328.52872899697826,159.30672972768602,850.4231940563475,295.37878599046337,196.44883625259783,565.1641108437442,401.85294818502945,143.3063720159016,671.8252937038989,305.9597571909744,57.536808399840844,103.15415756022634,329.47869683783824,119.92745468257053,138.5625440147518,748.6826636884349,292.40916922073416,132.6657819457,180.8082088436,165.6439059133,101.1932394403,110.7876249721,232.1190727703,289.992364181,204.7781381139,155.3895512931,142.6773856739,488.8063909131,362.7435841515,1663.3783709444,571.8554473606,600.4770597242,379.2262349535,1009.466532474,526.8102305522,388.8310998871,516.0908196001,520.8977199701,246.1546867137,1341.2056386472,466.6089564222,316.0841604057,894.4451993868,659.5864159278,206.7562619528,1077.8489240046,470.8993668781,85.585378748,155.4502700631,522.4761684978,182.0122982335,215.2674510666,1201.8703538125,463.3014904789
Sde-CTlk_054 ,Taluksangay,Contemporary,CTlk,133.49646197546997,225.5817013492229,178.9332564463074,122.4810149584416,145.40218445033764,254.4457928821972,282.97099058645574,303.74387533486515,195.7799807995141,182.74970732871225,491.53694175979285,402.2544373741202,2062.6098394058554,675.4470321672603,745.0177796886327,882.0761044195677,1176.3826254170874,1056.3903109837054,519.6558383595435,432.5663964066672,1053.3054963320185,292.5974765544124,1255.3748955886604,918.4785113027959,778.7605517801283,1176.6499604093353,727.7385753385893,174.80706049324806,1753.4739174324604,390.3544509810154,139.92187685333562,170.1169860209143,322.1832899131328,219.3564885369019,271.7350517766155,1494.250707037186,568.4402212873047,112.2790678635,186.2801319206,157.9035680064,105.0513185529,118.6185259073,208.5968149605,236.1955733462,255.382601332,159.6588458322,159.2722203974,417.0756604102,338.8675457983,1659.0637615064,545.4834582551,593.0939770287,712.8238598753,956.6006629207,856.91732756,429.5013580166,360.2786473726,850.6021332826,239.1325948692,1016.2974915367,742.9944147335,624.6262117651,951.0215401558,578.3355029532,147.4814006572,1408.3027547988,319.6100235966,116.3897210069,140.6553351519,260.1640505066,180.772333218,221.5236782662,1199.7766536483,459.1969540186
Sde-CTlk_073 ,Taluksangay,Contemporary,CTlk,164.03841956276585,217.73388032129955,197.30337473051492,135.56900506181347,154.26556168665775,269.58602538234436,307.29558336782185,325.06718070515825,193.51769191226418,203.51431089635932,515.5548727573138,419.7408103263966,2368.164396588636,771.4243750018338,856.7198649339001,1014.7652575031577,1323.0467296896584,1213.09473028651,523.508767048805,404.69886684916725,1173.2790438115906,330.3740797210943,1389.9487750497283,1019.9908650973103,862.5165392368774,1332.7451254249781,793.1408608864883,203.78516802319044,1979.9353885412017,439.0931085765754,143.0833068694251,160.21216032576953,381.22650997143455,206.57268396581378,284.2425048858106,1721.4724715536897,646.755180235837,124.2630028796,160.1552165483,161.4423238941,105.9741476822,111.2784683619,196.0009523313,229.9637426204,246.1140057911,139.5118574182,163.224741709,396.1096391666,318.7870608138,1669.9754685946,547.507579643,594.2029136208,720.976381671,949.4497090887,867.1190191631,385.6190050032,301.8007681021,832.6623734424,239.0067410599,990.3566450961,725.8690343418,605.4701036723,947.130629592,548.5788864865,155.143488328,1392.8603397151,318.5907607304,106.4839350718,118.0827146851,270.5241540507,151.4517140328,204.8040152862,1210.4990682729,459.2355468302
Sde-CTlk_055 ,Taluksangay,Contemporary,CTlk,136.01211923755176,214.41704093518317,192.58075728774148,122.9309836684796,124.17299203905011,226.48053591531877,264.98643900445177,301.55872053557,176.37773654078342,188.33086654290105,479.4341436549759,382.1520386472903,2062.695562262509,712.7687760611431,750.1541757403006,928.1972137358417,1207.0237719474874,1089.033021275962,506.8883763055136,412.60485350054955,1023.4735818413882,310.7766516674154,1252.8039567114283,890.2873256031953,735.0397249255922,1164.2658027873363,682.5376224251381,197.32810614304265,1725.5999735723835,417.02213426657596,159.76855670390856,155.72087173516604,328.31417480663265,218.12974690997558,264.0235909479303,1476.8389108314454,585.863904510288,114.1692842712,176.6744443482,169.7049274596,105.2528116837,101.0648812973,185.2503847188,220.7285379932,253.0443473559,143.502085389,163.8791653516,406.0447976825,321.3038487299,1655.0178373568,574.2227585816,595.6316393665,748.2748342319,979.2046562356,881.2902354378,418.0394164514,342.936971426,824.4987361286,253.4061134331,1011.775211302,718.4498699621,588.0775473763,938.7299657877,540.9944655969,166.1595275397,1382.4549605919,340.666879175,132.6197479087,128.4734389057,264.4690344653,179.3651602838,214.7361957857,1182.8313976057,472.1215247073
Sde-CTlk_007 ,Taluksangay,Contemporary,CTlk,156.46168182459243,231.46285429953983,192.19455196742706,121.58193858513685,165.164318848261,243.28158129182322,309.6688112015965,332.84109371966076,201.95785085254792,198.69966251536516,502.60074727685196,425.2478961189814,2027.1871223554872,661.7434889964615,714.3298845069271,871.9121219092782,1167.141722479584,1025.6079011167815,528.1965586741455,419.8208818393387,1026.1745152791314,327.18467971145907,1211.6574878908477,870.4474562956742,718.8151557141028,1117.9237953727613,674.487134637044,188.87654396764032,1691.1776704072813,390.74804950669943,149.51536270982302,169.58324699438901,311.17264694146894,231.92736781201572,294.6262826511579,1415.1040996701975,612.1068246412225,132.3231572006,192.3078488614,170.2843424439,104.7922698052,135.6186402607,200.7128579409,259.9748917079,281.4000501573,165.7723196112,173.9346556365,428.7048740683,360.2033802844,1641.9396504596,538.0735710328,572.8175431067,709.416785813,955.3706485423,837.521886539,439.2229398428,351.7094270982,834.3641174205,269.1272177988,987.541253362,708.9206551387,580.6174559064,909.715738638,539.9614471707,160.2182827146,1367.8045164303,321.9802464565,125.1027389189,141.0675403067,252.9932026429,192.3156530377,241.7560443897,1144.2139213823,497.8507468085
Sde-CTlk_066 ,Taluksangay,Contemporary,CTlk,135.42029170622845,225.6497032870418,194.98046368949375,123.04602415754847,166.89172755723996,246.74660384185634,304.9085985940377,319.5635632969597,189.1747211723596,183.16641614935853,490.6627228966655,412.1839156683943,2229.511229081764,722.4930457067388,806.4795767576634,944.2448326152705,1241.123743731897,1118.6978141239617,505.73710053461576,403.1187512763577,1089.9565633539025,319.97625499291354,1341.6978694321645,950.7142165777315,788.1034173492967,1264.9708279964404,746.2914960671933,193.49801749757026,1855.6804765573113,438.8915151091555,152.5465626115844,178.07219883319812,374.6466803229545,222.94584818210902,264.3129186945656,1607.0593161240347,622.5122183917437,107.5541689306,174.8938783643,165.0882304464,100.306700732,127.2756313908,189.4077957496,239.7296559794,253.6923681408,144.199822836,152.5316049949,394.2974979532,328.0699123335,1668.6041086731,543.6245541952,595.3354851339,711.0997668805,942.4595190844,846.7192461294,392.4447504382,316.0301022616,820.0690067461,244.610569386,1012.8082134684,716.9387825277,587.6111368898,952.8301140093,549.6362644251,154.3177684075,1386.0619006703,336.333595961,119.3869418458,138.2491701615,281.8551894233,172.3321552622,201.3817329787,1199.9189119165,468.574020353
Sde-CTlk_088 ,Taluksangay,Contemporary,CTlk,119.75509681479114,213.92274551307068,185.05980871588517,126.97148664491571,142.7528842900556,208.35462017214786,265.730604336817,320.4274455610349,184.28369271327296,164.72030295892486,455.15363931314454,392.0409925525774,2104.437419749668,738.7804644738314,799.6160166833204,891.8319886999008,1200.970126291083,1023.3474329622858,488.1568149982647,444.28054982121375,1007.31180751456,298.2532393719974,1324.4680328533,914.4427874231608,731.1803786339182,1177.9465638551735,744.8492827767238,232.26519110921467,1765.7379924534812,379.54165282283594,153.50451649707261,144.062913235468,283.5774361633872,210.32113341623568,249.41180534377273,1526.7654413266926,577.7045951403277,99.7134572783,174.6977521369,162.1275713956,107.9354071511,115.0872485898,168.849628679,219.4877948102,266.7078303736,148.5125705253,142.4162270305,382.5339845991,326.9881633004,1671.4219570805,589.2657130982,628.1762737217,711.8382412588,964.9252220758,820.0775942199,399.0232585137,366.1231006589,803.4159834375,240.9127664937,1059.1459782886,730.669170344,578.9931254778,940.361079235,584.0799459224,194.0311963582,1400.1976259501,307.1660700371,126.3286598854,117.8040265914,226.1615399099,171.388176077,200.9251824197,1210.3435282354,460.9275901021
Sde-CTlk_046 ,Taluksangay,Contemporary,CTlk,117.11090426774953,208.7864245898186,187.8435416587166,116.60958798186364,157.97699791694362,230.9950549167016,278.48627427361663,316.0803043933298,168.92580764871306,180.80828737104392,432.0393657653895,370.8729828020369,1966.7717184078401,620.0039058423099,719.9065145583903,801.2713635249671,1095.6098808892925,965.7687902704508,443.0998224054712,358.0080895650264,963.9897968162372,290.40981932737753,1202.179251857908,844.4710625791091,689.3836212181793,1116.3274945362762,670.6908520137204,190.7382627968491,1646.380432503375,370.2138553893547,137.60618257389456,142.36372653808291,294.80602781659695,186.2697870220772,263.42938072022264,1379.3290802356414,587.4780666893103,102.2831032211,179.753800442,170.3441845317,103.4169701199,134.722208308,197.7491323363,241.7853323152,275.988114605,144.0186162931,162.3723822487,379.9488696967,324.3241740055,1658.8245591766,524.5721049721,602.2981578377,678.2877707488,931.9801748138,819.952944198,381.7502675092,310.2991546479,815.5845550127,248.0115251602,1019.0765439108,715.4241070597,580.1571560897,945.1011887231,560.3628361659,166.993537929,1386.9757937889,316.616473148,119.1489601796,122.6880053931,249.4084351479,160.1139001667,224.5274040458,1161.7505677607,497.1636168485
