sample_id,site,LM1-4,LM4-5,LM5-6,LM6-11,LM7-11,LM7-9,LM9-10,LM1-10,LM1-2,LM2-3,LM6-10,LM6-9,LM11-17,LM7-12,LM6-12,LM7-14,LM9-13,LM9-14,LM12-14,LM13-14,LM12-15,LM12-13,LM14-18,LM13-16,LM13-15,LM14-15,LM15-16,LM6-15,LM16-18,LM17-18,LM17-19,LM16-19,LM18-19,LM15-20,LM11-20,LM17-20,LM1-4_norm,LM4-5_norm,LM5-6_norm,LM6-11_norm,LM7-11_norm,LM7-9_norm,LM9-10_norm,LM1-10_norm,LM1-2_norm,LM2-3_norm,LM6-10_norm,LM6-9_norm,LM11-17_norm,LM7-12_norm,LM6-12_norm,LM7-14_norm,LM9-13_norm,LM9-14_norm,LM12-14_norm,LM13-14_norm,LM12-15_norm,LM12-13_norm,LM14-18_norm,LM13-16_norm,LM13-15_norm,LM14-15_norm,LM15-16_norm,LM6-15_norm,LM16-18_norm,LM17-18_norm,LM17-19_norm,LM16-19_norm,LM18-19_norm,LM15-20_norm,LM11-20_norm,LM17-20_norm,centroid_size
Sde-CMat_107 ,Matnog,138.73778629976763,143.8762364425759,158.9333410463645,109.81714334223958,103.13031896547206,192.48791206257604,231.29319329805188,259.92340582211904,159.520962749759,148.91439865053343,376.3333804361899,321.50034496183673,1689.0529899418545,573.99122873929,629.4811471816213,739.8379944303751,971.0889375639803,864.2048688813608,429.3007992774297,349.4746168014066,830.9323592858568,251.00830167588083,1039.0152554796732,727.3485804573279,596.5620460222475,551.3673873475291,174.60120376686965,1413.129289506891,354.4090406914165,122.78311069968078,135.13992721457268,291.10839921953465,182.4380937981155,220.7209841533877,1201.132341809261,487.9443115209356,0.029438636119787986,0.03052895886464541,0.03372391126565009,0.023301992981072984,0.02188312221143813,0.040843823098231286,0.04907787803225558,0.05515289501938781,0.03384859814414002,0.031598001610015906,0.07985381446445415,0.06821884592614172,0.3583985133689671,0.12179464131203492,0.13356899320929622,0.15698550543808137,0.20605441844898034,0.18337479173105473,0.09109291962144822,0.07415467949654164,0.17631473023736896,0.053261207729783426,0.22046763787109583,0.15433538881803158,0.12658392110840946,0.11699411038151536,0.037048459838215246,0.29985053137666773,0.07520171010898723,0.026053229000883974,0.0286752098950789,0.061770008478592875,0.03871136192202215,0.046834571242571094,0.25486710495604087,0.1035364295243145,4712.77900699045
Sde-AMat_083 ,Matnog,95.98431651082377,137.88200140428052,138.40957103466508,76.91360279046872,98.13215504461317,137.95026311486322,189.10942410599216,190.50262135868365,110.81621444648796,140.67041876929912,329.39857755122443,263.85672186777805,1229.1898295296012,388.47185737652865,393.26427528106336,487.99787118920915,682.2195751669178,582.3016714303506,302.0080236906463,254.2357056025176,637.1394432876763,188.62548114790846,796.1704106881957,518.2745006801321,458.4755497832029,455.52989065592624,77.78398232213361,1008.7980885733527,274.621076793024,87.07388473267969,109.76419110752835,257.04744434226535,127.33221110390728,142.95139739142112,888.2275169842129,341.22634640544686,0.02790377185791572,0.040083922565245324,0.04023729327350843,0.022359690656270626,0.02852817382912464,0.040103767048885686,0.054976337992054994,0.05538135685039936,0.03221557936211349,0.04089454835106686,0.09576004802070805,0.07670625824944796,0.3573399678206443,0.11293334656639518,0.11432655892354988,0.14186673156417903,0.1983292695563987,0.16928195753983655,0.08779729125198805,0.07390931545018502,0.1852239440093729,0.05483565007151237,0.23145612020231707,0.15066850452722438,0.13328424484994209,0.13242790703094592,0.02261272024239721,0.29326949169949035,0.07983558306990259,0.025313404342355846,0.03190974378077431,0.07472672103445187,0.037016974209601504,0.04155765571483392,0.2582182057738103,0.0991985198012428,3439.8330447786766
Sde-CMat_118 ,Matnog,115.46857073489737,147.10035815296305,153.79098657918806,94.13806865859311,112.93874609973324,164.59610748495842,220.96765071632095,232.43658590809235,130.35570283328616,165.21066268376873,341.9250894630869,288.6130246285673,1457.297143706365,485.8625875420849,532.5905688471962,579.5330985150374,835.3944377671725,699.7176753338449,338.91674208839254,301.2948880980393,712.8612816958148,217.52509707387787,946.3032992907773,647.1448186134305,511.969054973052,514.396881917659,168.09568709401793,1210.1587465578968,301.89884245490265,109.77287716444367,116.56479242532878,233.89134945912375,160.67800653792048,178.87345175908578,1035.796589150177,421.5271341599374,0.027677564255009217,0.03525963462439425,0.03686336364775236,0.022564689487000224,0.027071170814369713,0.03945332753358939,0.052965463346911,0.055714542067523014,0.03124597730977857,0.03960063507273243,0.08195869727825618,0.06917991175563701,0.34931094302862353,0.11646020124969765,0.12766079632806226,0.1389128181804613,0.20024222247162785,0.16772079879538299,0.0812376029819073,0.07221972673572737,0.17087129253849145,0.05214029075636435,0.22682683438578363,0.15511919984349695,0.12271786448388472,0.12329980930083131,0.04029216912380569,0.2900724089113094,0.07236449327620492,0.026312318943927944,0.027940326200372765,0.05606324571392008,0.03851416729258988,0.042875575778484484,0.24827818053747808,0.10103913356412196,4171.919525541317
Sde-AMat_093 ,Matnog,90.10211747484075,129.21468023045986,141.34144557237977,80.73029713570983,87.34133907514811,143.05909211388843,175.55311556121697,175.06748639367618,100.8012608541183,137.0135747815157,323.91487623982323,261.8349782344024,1166.2150153438174,381.27033675228387,385.4578587719544,488.9330973304425,678.653774585613,591.1379386670509,293.57290193956936,246.79340743992734,576.7004718683436,181.50864111168377,749.3813915108648,532.7930415276086,409.6302971016182,388.42248001660516,150.84818860046013,940.1566272291283,232.89978044448642,86.61849476156914,98.89815224846208,194.63764069493342,129.41696567683852,162.606643349065,791.6058566022487,375.0140675761379,0.026401022739565183,0.0378614821344524,0.041414772739845736,0.023654964724295967,0.02559208089278186,0.04191806419038871,0.05143921059599266,0.051296915308661366,0.029536002644216686,0.04014665365046466,0.09491102154928718,0.07672085194124602,0.3417152671013729,0.11171687317259146,0.1129438683549702,0.14326337918031115,0.19885385868017502,0.1732106480774589,0.08602045187218736,0.07231348767819636,0.16898029367584538,0.053184252442848697,0.21957791572889235,0.15611487941757002,0.12002668851389033,0.11381253864916253,0.04420036475363649,0.27547739376002933,0.06824248499233722,0.025380278665544608,0.028978368539914735,0.057031209942398055,0.037920754245024245,0.0476457358492353,0.23195020057952173,0.1098837097640801,3412.8267818887043
Sde-CMat_128 ,Matnog,106.24684002802154,140.0492628407947,160.63129457054742,88.38865195017964,81.85971369391666,156.71571718002627,203.36997094765493,217.04885462070516,124.81600332733781,159.68210108327727,331.91919856181863,257.3638771609761,1288.7145353464941,413.5820793173949,448.23502014661904,565.943075469627,725.0414033620493,674.5237674626223,344.5699842343206,273.971883139055,638.0658217563531,184.59595800731938,792.6651265529789,623.868762930987,469.7047885845002,389.95510114459347,190.87375041291037,1050.8867125535703,254.13778345261835,98.5013624119483,108.03766304974391,196.070611588504,140.45629956239057,175.09770188580436,889.9952787181795,398.7192580174176,0.026430176411430563,0.0348389347127573,0.03995896208843788,0.021987737830091263,0.020363586092055037,0.038984915225897886,0.050590720698294636,0.053993507157588896,0.03104947861076328,0.03972283881822566,0.08256888364882954,0.06402235279186033,0.32058320514943667,0.10288350518549128,0.11150384004956537,0.14078513129938536,0.18036274953114942,0.16779588139315935,0.08571591839338516,0.06815379357378806,0.15872652990599118,0.045920459692577374,0.1971849621547214,0.1551948411594937,0.11684470258416974,0.09700601084296338,0.04748213588652675,0.2614206803128806,0.06321982326901322,0.02450339590925647,0.026875665127831825,0.04877491746591705,0.03494018998166574,0.04355765450395828,0.2213970054606604,0.09918620003433229,4019.906578530128
Sde-AMat_091 ,Matnog,99.44494912467901,134.56892292461143,143.92591761420175,89.57737649680303,85.24809623029715,145.54044705939992,204.6653248595864,202.33832927179165,115.00534669240385,133.96768319956868,330.6553278718037,260.2351514955849,1267.5251431241904,398.17400284379437,427.9539260605164,507.5149081501449,722.6869063798306,609.2510840483585,294.5001049440221,228.90778339298552,643.252840573938,222.74982653472495,819.9186273118816,546.0695183707749,431.50953761914695,438.3322644204965,144.117414336228,1042.00531677122,264.0609456992079,93.95575202189607,101.64902881528181,224.88609808969946,120.35561423087002,166.45617642878258,876.17680156092365,391.4017941538974,0.026826793229166198,0.03630202139119257,0.03882621355975944,0.02416486486687278,0.02299697542087335,0.03926175752624514,0.05521159595852903,0.054583853373023905,0.03102444803001099,0.036139827796376,0.08919932273098907,0.0702024050651384,0.3419342583677118,0.10741351609650576,0.11544710502734053,0.1369098945849268,0.19495582608796558,0.16435478121587732,0.0794458993728861,0.061751369251859006,0.17352727413551827,0.06009016637725584,0.22118556722333307,0.14731058929616034,0.11640628552797133,0.11824682024361001,0.03887787272406169,0.2810968422505447,0.07123447145907118,0.02534599850840193,0.027421377374875537,0.0606664582431685,0.032467764379795636,0.044904094839185456,0.236362068607403,0.1055866094126796,3706.9264401144324
Sde-CMat_132 ,Matnog,113.69019072268281,149.4390302063354,147.88097596124388,98.80019217536974,104.17540599748098,161.13750181075173,213.91461227379955,230.68299270767665,131.34493428617645,154.23971805374904,354.1819200448407,292.4206921496835,1456.7481055451765,476.062623021604,511.69202796262124,618.7119181533519,830.9705655790463,732.5539050718453,358.16885527752135,299.05746672880446,749.3978598877636,224.6217141920167,921.4936315194802,680.7121948226651,546.4873251640884,499.42510770509926,172.58769368842593,1227.0934990815413,298.74221140883316,114.34848961398643,116.13926328374035,229.15321470712558,158.91198502784488,203.68554106700847,1029.854058560246,426.8965076845324,0.027763582570303008,0.03649358689598733,0.036113104046872194,0.024127387560758187,0.025440035484335332,0.03935039873059671,0.05223877243151695,0.05633367553429903,0.03207493896408543,0.03766593336315995,0.08649258937439268,0.07141025958489405,0.35574349955212736,0.116256326591405,0.12495716454165161,0.15109183402446305,0.20292621346040457,0.17889248581058367,0.08746621431803432,0.07303098550554422,0.18300584446861343,0.054853487969466715,0.2250322949066449,0.16623254044555513,0.133454310168468,0.12196153535598357,0.04214657969942849,0.2996609599005207,0.07295399894187402,0.027924341695681098,0.02836165552485931,0.05596009785303599,0.03880691895832202,0.04974079383492909,0.25149432865270455,0.1042497718117455,4094.939492581559
Sde-AMat_094 ,Matnog,93.04298525052812,133.3158023692991,146.22840901770755,83.36457446565659,86.38034861298024,158.55910407037499,182.83154857291453,197.2690187662523,112.0560072164808,139.03976933417283,323.7075242641882,265.98704728813385,1268.3262816807867,414.22309033623407,444.9918607317217,549.5535483224361,760.6579776195409,657.0651019809985,323.336051743631,262.4676946458173,646.9164878144938,223.5292388612506,793.1978084715627,577.4984529332091,434.5260114320086,444.41864574515773,168.94736978763527,1070.4844857275607,198.3697396359888,86.15218800332342,121.52390858905078,175.14714906686316,131.65354063222145,168.15310895728334,897.1752650457769,371.4566342660338,0.024817731569404724,0.035559862876844824,0.039004094645619596,0.022236169937105206,0.023040579566275008,0.042293110782164405,0.048767398022361054,0.05261836280852697,0.029889151775921913,0.037086639723738504,0.08634381649034191,0.07094780033939203,0.3383057961480906,0.11048739932552401,0.11869447783165486,0.1465846394390349,0.20289337722620934,0.1752616307471218,0.08624473212330688,0.07000906918260563,0.1725546498661065,0.05962285746781088,0.21157285784718097,0.15403849680931794,0.11590287954117924,0.11854158188114554,0.04506401489007136,0.28553465416510876,0.05291196253562523,0.022979721364553212,0.03241456338172276,0.04671770707897888,0.03511648108424857,0.04485215848810092,0.23930718515385602,0.09908012962037506,3749.0527685951533
Sde-CMat_123 ,Matnog,90.17891786897864,146.73644795295408,159.18545425766766,95.60160147330163,104.28544178398056,144.0000277822543,188.39257947047696,217.18857956959891,128.01767330056427,141.3065467245237,342.412846361304,287.77729035483327,1414.0096883328804,471.24041999821065,488.2354465786051,608.7559951479576,776.5142519086304,705.9578468784451,353.25980586600855,294.6157367495667,735.8337192362145,190.40296390014515,901.553410317991,678.9242992038288,552.3559952669657,535.5299656094792,141.3049519417135,1207.750085938399,244.87477071727915,88.41870829417284,106.10190217243989,200.4206408775303,133.21180152313832,188.01507489943472,1007.9947238205217,406.4819850290538,0.02147926106465157,0.03495041355298151,0.03791557950011492,0.02277086268907432,0.024839222761301148,0.034298639450807925,0.04487227716536495,0.05173105101587199,0.030491883143986962,0.033657092799119936,0.08155758676956694,0.06854421958123579,0.3367958272439683,0.11224237598485896,0.11629033554511177,0.14499651640810754,0.18495400844575458,0.16814853462504936,0.08414116927936992,0.0701730345954336,0.1752645177957399,0.04535112048069385,0.21473645416861317,0.16170955041756052,0.13156288524333534,0.12755517820675483,0.03365671294585566,0.28766789411264476,0.0583254850765122,0.02106000563467752,0.025271876288525806,0.0477371803729985,0.03172904631618246,0.04478236125789868,0.240089173127905,0.09681789137458988,4198.41807395256
Sde-AMat_088 ,Matnog,70.41462733679701,86.54522102952885,142.9619193593175,89.67593702465555,96.46687297191717,141.77056840151977,157.91283749857075,217.08986863223257,91.03011895197103,113.85477360304225,320.4917468886367,268.363446224183,1279.9119595386003,408.6929572692561,435.1369760847726,890.805712162585,728.94546556226,987.5109958661626,601.0653272394442,409.6137160362188,702.2081419229629,217.0671318211488,487.2975626626506,603.060105609018,493.9332624118769,144.5513659369567,128.39144625028567,1115.3605512943786,226.5603819025736,93.82060757685386,108.11459829440255,183.24937280004545,140.4617583119691,184.24898824102124,898.457121476195,381.4912093590754,0.01979225798049919,0.024326271491898168,0.040183968819618866,0.025206258235885976,0.02711506555733024,0.03984910195468091,0.044386397207715846,0.061019973369602326,0.02558689389457889,0.03200248494796969,0.09008434149201144,0.0754320339550981,0.35975973535084144,0.11487608116416391,0.12230900898375584,0.2503891184610533,0.20489317708259575,0.27757119689461124,0.16894841980707961,0.11513488953598652,0.19737780666607826,0.061013582469761705,0.1369703914977272,0.16950911535568608,0.1388355647761376,0.04063073304888032,0.03608847653940648,0.3135073578803705,0.0636819606433229,0.026371248975962203,0.030389027135880722,0.05150803175987028,0.03948121948594377,0.05178900529388406,0.2525397890358619,0.10723016961820513,3557.6854043724957
Sde-CMat_101 ,Matnog,107.64519542905757,170.4576072047535,166.89429123708814,107.5403719698328,110.36374797957892,198.8863710180765,248.91992623912216,246.33395143544462,149.56284032583093,148.5474737789237,388.01925863802177,315.510203664937,1668.6799735824873,531.1172174824122,598.0219481864607,694.6964666201276,937.8500962995313,833.1170778217968,411.18003631087197,340.3719318720185,817.1197632441406,245.31713991517202,1033.957276692751,726.736422886599,591.4360914964864,543.7454807290358,177.6009657194743,1373.1921550207933,350.52272382008283,107.16064892492027,142.7667079803972,306.93499216609376,183.72604016918777,220.020147725521,1164.267479853955,504.41409544350563,0.022786735999256628,0.036083101330793024,0.035328805331668406,0.02276454657888944,0.023362209331084627,0.04210100796580245,0.052692297334379676,0.05214488855392032,0.03166001923466916,0.031445082661284415,0.08213736222940766,0.06678837534112464,0.3532323934543816,0.11242887126725012,0.12659151391542334,0.14705593613717527,0.19852760233352781,0.17635732680060617,0.0870401219323851,0.07205119859005817,0.17297095565301188,0.051929646103190376,0.2188719283252671,0.15383827344411963,0.12519739523576257,0.1151020690777327,0.037595234073682225,0.29068243118505754,0.07419995604627329,0.022684165390088884,0.030221388620881407,0.06497314262420595,0.038891812652086084,0.04657468455285599,0.24645647759946823,0.1067762549119061,4724.02872585917
Sde-AMat_095 ,Matnog,92.80914513780415,135.7595207062842,135.54583816038027,95.76404716865301,90.66401503159896,136.75589983415705,181.33030821283018,227.1792071430174,119.78802061658753,138.60769750522516,300.03314499918173,263.0463404728908,1286.4548008465938,437.3017775466845,482.28682050524657,536.1524318400599,761.7397441589876,625.643348149471,288.62218477906373,249.56400754187288,646.931614956179,226.48307045790415,826.3478951412717,541.5112857004923,431.1563918825859,474.0062380041953,130.18204631749356,1107.8597292317695,239.2537877775188,94.59291146571196,109.2723954969416,201.38526130233558,126.34501096853808,179.43605877930426,888.2952676260411,398.1858461348041,0.024514678456397522,0.03585962345162854,0.035803181180807046,0.02529518853489095,0.0239480621523396,0.036122807795199434,0.047896726056862425,0.06000728922587473,0.031640899223710266,0.0366119430458812,0.07925098399511729,0.06948126120815117,0.3398051533026901,0.11550922540069082,0.1273916089938048,0.14161971269812768,0.2012065176097571,0.16525791165832876,0.07623688425031756,0.06592002749400316,0.17088101070622497,0.05982341115036918,0.21827216393848214,0.14303520444830234,0.11388597853937946,0.12520436960975992,0.03438638510817675,0.29263091472917563,0.06319667817360326,0.02498584385615506,0.028863293975936767,0.05319405667786283,0.03337286766153065,0.04739637756523317,0.23463499020337172,0.10517711341257865,3785.860185883206
Sde-CMat_122 ,Matnog,102.11175373618848,137.7984364965365,140.5998732865716,88.72892909333457,89.0186863639315,153.46728712354306,185.85705627379332,199.5275805094123,117.01472754850136,147.22337084420397,322.58496138854645,262.6820498702757,1299.3384707588702,411.91203598002573,434.27477813810464,545.6582265596296,711.2845495270442,650.9176343620904,366.1474360695293,307.2083538034245,686.2570222615211,175.3401331972804,851.7806472211962,630.7419440571555,521.5434711196085,465.2905108869511,142.72708940733716,1089.3814818922938,277.4707002482425,100.77004736448232,98.16351048347848,215.2287327635648,147.11448775548934,163.08131834149492,947.2883489339453,352.10331665577945,0.028199121131372157,0.03805433420053385,0.0388279773169588,0.024503328243917277,0.02458334743929187,0.042381434663051346,0.05132617403208435,0.05510141786782858,0.032314717508619965,0.04065711845994192,0.08908487092344185,0.0725421185348211,0.3588245386740031,0.11375338267209008,0.11992906423539498,0.1506886510522394,0.19642791781645966,0.1797570264569618,0.10111505800146492,0.08483847612541812,0.18951633078405433,0.04842182681530742,0.23522723652758665,0.17418531983161295,0.14402913454385166,0.12849435052968985,0.03941542805467751,0.30084294160220115,0.07662614342048912,0.027828596298391378,0.027108776624833394,0.059437438728471674,0.04062704937097343,0.04503643980160022,0.26160258658312374,0.09723664234370472,3621.0970285377743
Sde-AMat_087 ,Matnog,89.47411651645407,140.30640511127777,137.81734984395115,99.69019496540261,87.07008072449457,144.34002362175912,187.7822225467044,242.55673420315503,116.20391904733678,149.00416020047896,309.8790110163643,273.5596625064814,1317.0685060101089,442.45822333128814,487.6172709760084,533.4337920858127,768.421053304606,621.0872280321339,296.4394869223903,264.3098145861406,670.4302576268541,224.54042086058806,853.7068315380639,571.4535505150353,458.88455047033347,496.6413330733156,138.41072327836454,1132.1503429894192,242.1228144344106,93.86736876700031,102.94250140369618,197.35332132561118,136.09311494520946,166.6120283468153,936.5701160088871,380.6305979936451,0.02263389946286674,0.03549273455749533,0.03486308847803022,0.02521821883388549,0.0220257604106042,0.03651310245149967,0.04750249694004149,0.06135857999766785,0.029395627733578664,0.03769296990941875,0.07838881962815636,0.06920126332992417,0.3331734060236163,0.11192683798735652,0.12335053663926152,0.13494055365101842,0.1943843151829077,0.15711388303414814,0.07498907846261109,0.06686136732394014,0.16959598640126855,0.05680106726925576,0.2159587079269081,0.14455825565684102,0.11608213844166097,0.12563331653370793,0.035013191716612956,0.28639541844886773,0.06124881309743915,0.023745242425784855,0.026040941424649865,0.049923658455183186,0.03442691586333546,0.04214715993549518,0.23692029238167764,0.0962865577543278,3953.1021450035882
Sde-CMat_105 ,Matnog,112.51410348796279,167.8920177747888,158.6751025993996,106.02798612630531,113.72354758175639,182.91742212312636,240.09328316079566,242.20898693524978,133.31808643241172,175.56466789604903,388.432494004222,323.4396898060749,1573.188833695755,511.13303796536184,560.812936001587,676.0190759722168,891.652551817904,801.2265763386658,384.2810171804092,305.0849819525701,784.5308879628703,236.74954941838854,980.744139903089,700.2756442903394,562.2645636764245,522.5703440418715,163.8226002018342,1316.060405643985,323.8010890809355,118.5182008908758,127.24575617064801,256.4632429774099,168.7032258313101,172.07508676043133,1156.2801240475253,417.0052614790969,0.02533438861752233,0.03780363076475579,0.03572829173018729,0.0238739333255627,0.02560671471472678,0.041186846033736874,0.05406092526616604,0.054537310536634055,0.03001874526587231,0.039531253292709206,0.08746192210320701,0.07282773040763393,0.3542291681314325,0.1150899542158698,0.1262761949120263,0.15221673952519882,0.20077013955834402,0.18040925383031922,0.08652714927090725,0.06869486806143457,0.17664994682402285,0.05330802898527689,0.2208305661638297,0.15767850217759857,0.12660305259921587,0.11766525053781797,0.036887334913442926,0.2963325016786523,0.0729091053587874,0.026686309240692284,0.02865146089976685,0.05774688916572018,0.03798628751192326,0.03874551708843352,0.2603553608412379,0.09389554751234538,4441.1611895044225
Sde-AMat_092 ,Matnog,86.93769938352403,122.16865388277802,143.89320380587813,83.81347383476002,82.88115999339057,136.24805591879095,177.03477990191652,198.92593115996718,107.76800446087884,132.65277638379825,307.5248577277778,259.6092467733959,1191.949276136552,396.62854983842254,408.76894695772836,504.3528064332447,689.3633476591064,589.2183859045982,303.5131493363013,255.0186238282412,592.1205474451633,192.16679632415682,766.3965770404312,511.38555570959363,413.07949821869636,404.7181052458117,123.61821642476478,976.1105644054111,252.01619765604352,83.5454239283037,98.61827281006289,214.43089804002133,124.14624716502713,156.96012946251668,818.9651994671631,373.21496846021597,0.023512692155390584,0.03304106239471763,0.03891656471624642,0.02266773129177224,0.022415582816487374,0.03684890005492939,0.04787985316091719,0.05380041356345279,0.029146341932871734,0.03587654052024771,0.0831714821206076,0.07021248944197968,0.32236804738762986,0.1072699767594402,0.11055340181134037,0.13640448688500234,0.18644142059951802,0.15935676488233028,0.08208649752710154,0.06897093480140046,0.16014166753529205,0.05197237512031331,0.2072754042570375,0.13830652558528309,0.11171920980416584,0.10945783343515945,0.033433103109521495,0.2639934961844474,0.06815891512746428,0.0225952359879227,0.026671755819648216,0.05799380165303145,0.03357591140019872,0.0424505735819117,0.2214928248342716,0.10093766827756556,3697.479591404103
Sde-CMat_138 ,Matnog,103.81653803344628,129.97016497739014,152.51321395528322,95.6284266202263,105.00102360205823,170.44565088605225,201.77510341826115,229.13218881302996,125.85138769151496,141.579675540877,326.9376601436121,292.32020126582086,1323.4578528556813,418.17917829452017,466.30939313389354,572.1064209339029,754.9508373207424,687.3731282422452,360.19534478035655,281.6788808111819,668.5118907094247,204.08924984172972,831.7694337329366,605.9611012859572,477.8505720338628,419.62898971025584,157.10559749595183,1105.5666660374895,284.23473587730257,110.21493024558875,100.95804911986964,199.7099517617737,155.75946475655982,165.98041960918164,933.0222554281168,390.4513769984683,0.025853349532005528,0.03236636635687424,0.03798024383518918,0.023814270687893234,0.026148321026923566,0.04244594427862387,0.05024789281499894,0.05706060593648659,0.03134067053968267,0.03525747349817228,0.08141702432945452,0.07279626619948266,0.32957965184441285,0.10413882670574157,0.11612465565808014,0.14247120497452676,0.18800480392098354,0.1711759810140233,0.0896991589664423,0.07014626666754654,0.16647898209863765,0.05082418285016558,0.20713487761851612,0.15090200897758452,0.11899874621979956,0.10449987208441168,0.039123881439668766,0.275318383654759,0.07078274921290244,0.027446736033201403,0.025141502321378538,0.04973360974774265,0.03878865507894418,0.04133397130082155,0.23234978691884342,0.097233794499506,4015.593333657795
Sde-AMat_086 ,Matnog,99.22087096916657,136.27007321323342,139.13917607622238,81.42889139961319,93.76066289020144,159.98528256914759,181.9803453480622,205.96669357641298,120.1982427359069,139.17978348898237,328.44629453852883,267.1739950861423,1177.1676039492847,387.28407885371433,409.0179027005174,452.46718212719037,670.7300471599583,566.8144407149928,299.8638649474958,260.36794680269304,634.175810491854,156.37599505358858,786.4001727529121,591.0991786695023,481.9990536961666,490.73666759500446,125.35580356632883,1019.8492388048979,197.7752321323376,75.5158920111522,121.66407989279321,174.2891528444612,138.6788131180823,183.8120034301622,824.0605685227816,353.38094955445746,0.027784388151416463,0.0381591148172343,0.03896253719009775,0.022802177639515583,0.02625538987543266,0.04479998155626528,0.050959163144724075,0.057675955720740066,0.033658590160233745,0.03897390830694975,0.09197338468424449,0.07481556965716249,0.3296371147312712,0.10844947304563825,0.11453550103426316,0.12670241342576175,0.1878216124599565,0.1587225779901424,0.08396957147125043,0.07290970161309543,0.1775854888476072,0.04378928850043112,0.22021221370751493,0.16552292734096805,0.13497209473873065,0.1374188506854504,0.03510283944596634,0.2855839384406073,0.05538213646611692,0.021146386186131325,0.034069062152022184,0.04880543202162476,0.03883362375692023,0.05147207437616812,0.23075809023314212,0.09895572747782382,3571.1015275356435
Sde-CMat_126 ,Matnog,85.65785713552495,134.08809920440368,136.3057695965215,78.00394053591143,83.09906149084959,152.4770764809582,172.2983585785135,188.67375275140947,102.23620160222109,130.2416794616839,319.61814816824784,255.37528542646803,1166.908514672037,385.45132812666503,391.61889149725647,463.66859784850647,686.9818537986721,580.0985647469402,276.9920378587262,250.8463738665561,608.5809784480125,171.0321007393935,777.7930913112817,556.8236893032208,456.2865640014946,433.82315797994244,132.25565084048372,969.7601724573763,253.35857668965932,92.78472112713375,97.27350685998736,198.95369075945803,127.64271592613495,156.70031104694723,829.2305270189828,337.77792684359935,0.02534540604246277,0.039675488430916755,0.0403316775819907,0.02308067948357368,0.02458828093143679,0.0451166249636984,0.05098156788714664,0.05582690290131543,0.030250792262379846,0.038537366681796484,0.09457219704956403,0.07556329937256014,0.34527795940512646,0.11405165559441946,0.11587658331439425,0.1371954573065769,0.20327188433844112,0.17164605979926342,0.08195950616592097,0.074223234301416,0.1800737553366491,0.05060689333702137,0.23014213027903274,0.16475922900012874,0.13501117846131352,0.12836445432236915,0.03913328308760639,0.28694350006740094,0.07496657300660718,0.027454182373289497,0.02878237456535876,0.05886864608306588,0.0377683562453829,0.046366242902636585,0.24536201479858225,0.09994551573345105,3379.620629948358
Sde-AMat_084 ,Matnog,90.90006256653514,122.07154688951881,137.40594519786984,89.64906442902792,92.56528601657322,134.51607522957994,172.08510561443137,206.87937392415415,111.33212499350762,127.42505687822936,299.1232101207962,256.71921394492466,1204.8204209430799,387.9246559824987,420.76496543972144,499.08796037672545,684.2291713625852,590.4141025741932,300.7588307328314,254.4457723882242,607.8415889367394,190.8875511193436,779.8778593884365,554.4244480631152,432.04188374855516,414.9869888303007,153.1547790253048,1006.0015050132928,230.8788065770438,90.5333714138603,96.2465398248165,178.03731277934415,131.29747876867245,154.85235047889975,837.0489556267603,367.80978224333575,0.02630631342833701,0.03532728451982213,0.039765031609810944,0.025944276833703834,0.026788226077988427,0.038928708476399156,0.049801117808122346,0.059870516022180256,0.03221931527910982,0.03687658061190864,0.08656571510463276,0.07429407543221796,0.34867284711702584,0.11226469266053445,0.12176861872255379,0.14443515156405495,0.19801468261367308,0.1708647716656799,0.08703906074659591,0.07363614556437223,0.1759082546466255,0.055242511473934226,0.22569523964712437,0.16044943085056224,0.12503213845138558,0.12009648275941552,0.04432271558821365,0.291135013035747,0.06681590835353392,0.026200193673066193,0.02785357426097811,0.05152367577837653,0.037997252491558726,0.044813989691491404,0.24224045132490654,0.10644348464138122,3455.446648355452
Sde-CMat_137 ,Matnog,102.60840058791482,155.12555002371465,152.45520696716136,103.82903661505291,101.60786082961299,158.898635243384,206.30423045032308,251.79152424575375,129.5896633520205,164.60554930150437,341.70213084411694,290.7393919776437,1447.4828528791975,489.5887167697903,524.6681721165959,589.2689317831121,821.3294256637893,701.28360602364,349.4078677920118,307.5831799078259,723.1537199207718,204.89901381434228,937.4832817303995,673.5331959839024,535.8221580159222,511.3148857809735,168.9922497520226,1209.226357811481,299.8111379561473,109.9471386849151,110.04179988876952,231.8573022146167,160.4233884898334,166.6359755215241,1039.3760331158403,408.13818339386,0.02330264020998896,0.035229424285607866,0.034622982287413104,0.023579849892673553,0.023075414974336638,0.03608630195694677,0.046852238495458484,0.05718252369011756,0.029430156621907178,0.037382357292023986,0.07760146117105401,0.06602768786285847,0.328727199113413,0.111186897489759,0.11915353493879123,0.1338245389811064,0.18652609328728154,0.15926336891228432,0.07935145449149139,0.0698529568238934,0.16423012984585614,0.046533110066424105,0.2129049424011411,0.15296117711190035,0.12168663475157504,0.11612096815754254,0.03837858861150391,0.2746185164866036,0.06808790546104974,0.024969287116966266,0.024990784927697404,0.052655408939316806,0.036432577467601285,0.037843472477593114,0.23604505677712165,0.09268926510005242,4403.295062845732
Sde-AMat_082 ,Matnog,105.12805146263294,134.25558837925522,138.47119255502201,105.4242310310111,76.98925424219922,171.02390039020855,181.8814706516857,195.33726538766228,112.53002459503865,155.64247132360757,330.2780309625967,277.9596253689553,1260.140024935122,408.8150858225514,448.79720615508523,556.0719229143835,762.890615780303,678.9273738448466,328.1024660677819,256.29165402933046,654.1021119360798,216.46847112318687,773.6299166527946,548.3120130123815,451.41129278542644,425.74956833993383,122.93124247741093,1079.1099657643838,255.41639258749623,89.27006959922228,102.63270907098753,217.0460758111281,129.09632819333012,160.99820381994942,907.814003895732,352.32702391728344,0.026969383978317028,0.034441716210463554,0.03552318063537266,0.02704536541614442,0.01975070146334986,0.04387420079532652,0.046659584690294034,0.05011151298078421,0.02886827445357702,0.039928273320585336,0.08472900346487278,0.07130732247718917,0.3232743280798,0.10487677524961979,0.11513372513609851,0.14265381123295784,0.19571075145197428,0.17417095422072307,0.084170887489149,0.06574865539490979,0.16780232081161062,0.05553247906431086,0.19846579470502884,0.14066309622518824,0.11580433878398216,0.10922112059923106,0.03153658643129442,0.27683316314364154,0.06552411720954608,0.022901202403130833,0.02632923278953962,0.05568065685701255,0.03311816776585346,0.041302224460831996,0.23288916812711752,0.0903854172293904,3898.051640599366
Sde-CMat_098 ,Matnog,93.77809539402047,134.126847900411,137.51085692908032,86.80413954374531,97.02480910370299,151.13965936474116,188.0464995157581,224.84255900340577,112.12112359074003,146.59129971676356,306.9635175938666,270.1490127094489,1351.7264513630855,447.59539767983546,498.61921065002105,543.0649877222429,762.3102741291174,637.9482475359971,307.12311558528114,277.7256932212791,647.066872032528,196.75364332405638,872.0309470553497,585.7882870452771,464.2716087428671,477.70879824559444,150.30461490669546,1120.5189779860268,267.89601651620353,99.00818784827857,105.66521336092596,206.41505294420747,142.91996807867687,150.25789887470143,999.7391494001222,352.08642346083155,0.026255632043825715,0.03755232126303041,0.038499763152486724,0.024303090590244585,0.027164634515617268,0.04231550306963078,0.052648538847697775,0.06295055867984721,0.031391242837359674,0.041042070752429986,0.08594247020010258,0.07563528609639848,0.3784511956846418,0.1253160454647166,0.13960149723455065,0.1520452557029549,0.21342871143486905,0.17861030744901,0.08598715383459002,0.07775657609270739,0.18116330501758715,0.05508633162886714,0.24414788528722894,0.16400676144702803,0.12998498717990584,0.13374708004183083,0.04208171051990406,0.3137186126516348,0.07500450084961512,0.02771993330156853,0.029583741812842422,0.057791296097867643,0.04001418537903386,0.042068631144156134,0.2799031387465201,0.09857580859552875,3571.7325424688593
Sde-AMat_096 ,Matnog,94.86599968255221,114.42055018767394,142.8443017187945,77.39268467607265,122.99696517577172,158.96312949036331,173.31746262301442,201.97980624696123,106.73457070968153,124.76265186897879,300.7258419109505,250.46052550821264,1285.4622412595165,432.8311312391935,497.4036977963875,553.8085667387694,758.2277246970334,680.1632776731483,315.8638286576195,272.05524021021904,602.270101033033,184.98899843582598,796.5017435707533,534.4580242266363,427.2485285770448,430.9335982270237,124.92953248647812,1083.4362790242997,251.67821271466877,82.85985556112199,93.83867494396965,215.60154079310303,125.1712393324041,145.54874280353644,929.0789685670103,356.8099728006493,0.02767503694398584,0.033379640378969865,0.04167163515415498,0.022577587489424688,0.035881617930851546,0.04637394320513899,0.05056149934834867,0.05892309803858876,0.03113742750274506,0.03639671759384489,0.08773004883463528,0.07306626525461828,0.37500490308435513,0.12626881693795058,0.14510642125370424,0.16156128218411825,0.22119600661103986,0.19842244745784207,0.09214621841987694,0.07936604103490533,0.17569885261445076,0.0539664092833464,0.23236159691599106,0.15591619352536304,0.12464021727700195,0.12571525405567496,0.036445401287370324,0.3160683400669074,0.07342149830479074,0.024172512507124704,0.027375337892809635,0.06289693490392648,0.03651591386208624,0.04246059544744783,0.2710380417116005,0.10409134160061685,3427.8544911994372
Sde-CMat_127 ,Matnog,98.30863883184428,133.28846067270794,152.3444726150575,90.36018944380315,101.74047100996727,166.8135754126144,184.39542363196003,229.1919170975495,117.34446546582416,158.06585437278983,327.61042025344676,274.0524633511803,1319.3759410762725,432.81621123184607,469.56421498246635,562.8721952586128,777.7843705264396,682.2589036139359,374.252697702555,311.75856469909536,683.7412139083691,213.05836899723045,831.9260667256978,596.7752569045487,485.1319324219857,456.1326515940841,147.0872542879225,1117.5748618128675,263.63390840337667,102.69665669947588,121.02857068812301,207.5160465415626,161.1712498293662,189.92972391218817,942.314696632038,377.1179081475845,0.02637067116133241,0.035753787335133104,0.040865442125081704,0.0242385498386778,0.027291238457609997,0.04474668752129293,0.04946290720768164,0.06147928351396392,0.031476911369860375,0.04240016662858824,0.08787942508599869,0.07351284157589327,0.3539142591508014,0.1161002137280297,0.12595763352610664,0.15098690962867953,0.20863574262949525,0.18301163974886014,0.10039092128248192,0.08362726500029384,0.18340926011872835,0.05715156118279846,0.2231589105174115,0.16008119168416207,0.13013357535795636,0.12235470152026864,0.03945522652881714,0.29978239480508695,0.07071813004525405,0.02754772922675119,0.03246514931614268,0.055664868205607704,0.04323316933704141,0.05094744828700225,0.25276996295187143,0.10115949587929969,3727.953612951469
Sde-CMat_103 ,Matnog,124.5392937441031,165.817456014287,162.44432937880597,101.51251136603803,126.9552398987927,188.14846385567444,239.6388522019749,237.56486537299662,145.7419039893812,163.70243941591096,396.0258759859638,317.9257807854688,1596.8007968823727,524.849752538886,565.7297313166862,696.6468497167341,928.4755876577747,837.8852418959771,413.60288864798804,320.0448833115286,804.8611412994418,255.86909195737195,960.7907013095049,677.378745535878,566.1542004880383,511.30593006304946,145.7095676165775,1329.4800053671847,349.90606956867737,137.04071628257051,132.8062822333342,267.6457465340336,200.43827354764352,214.42067768349676,1133.9993051477325,462.8594009329832,0.027308485096212014,0.0363597977001725,0.03562015179659172,0.022259263083782847,0.027838244239492167,0.04125645301662998,0.052547062273194,0.05209228662202266,0.03195770983867515,0.0358960252030065,0.0868389919915463,0.06971351117600694,0.35014018027821425,0.11508698350585747,0.12405098400421327,0.15275797333412516,0.20359246455859714,0.1837281708668411,0.09069320999685392,0.0701781796192788,0.176486776349145,0.05610596522778213,0.21067839521558274,0.148532939450953,0.12414405992982025,0.11211714753595792,0.031950619246395175,0.2915231315417727,0.07672602275651491,0.030049747719514398,0.029121237723608483,0.058688303591213145,0.043951314009643375,0.0470173204359986,0.24865889465675525,0.10149398372205312,4560.461457504212
Sde-AMat_085 ,Matnog,88.89927576403534,105.84822317833208,151.35230322641277,94.73961942740743,94.13605633900328,135.19972115836632,181.48364984772047,217.48597568877858,99.4656875030279,132.2471390225513,312.5030954794848,266.2039037341301,1222.7585493844072,410.5180233863064,448.22782909468043,526.9667649337765,698.3367966261122,616.2806700608174,307.7570638999047,252.43553449308592,698.9006799166816,184.82362382617643,747.2829720786897,623.690507795942,525.455277989897,492.55346195016216,116.00990444768075,1122.9070709007624,189.8190843034756,85.93536431999344,103.09253311952325,126.42938994331962,132.2089015588965,227.85341665037626,860.1726988944081,362.6016647042453,0.02424239946466438,0.02886429486473014,0.041273035839467224,0.0258350327328385,0.025670444018639552,0.036868305390158305,0.049489707290659365,0.0593073661770215,0.0271238084759671,0.036063150624008715,0.08521807190720292,0.0725925078456782,0.33344030025273186,0.1119462653080621,0.12222954563695673,0.14370126989599924,0.1904330427800084,0.16805673676825916,0.08392385221378851,0.0688379406205825,0.19058681100662156,0.05040050192527741,0.2037804264048024,0.17007736342465657,0.14328909476898907,0.13431692980259197,0.03163533584843867,0.30621128845557233,0.05176273966410972,0.023434155251347382,0.02811283160890152,0.03447667878886948,0.036052723453928105,0.06213451682653279,0.2345649050116645,0.09887970770025988,3667.0988733443874
Sde-CMat_125 ,Matnog,116.5552695112924,135.1836304710374,151.27249057122057,106.31822166477392,123.94058030144923,157.587485885555,218.27195739913543,247.48118855949437,145.35742415528694,146.1034002377768,347.3498515335224,305.35093768280785,1564.8587474217923,529.388326368168,574.1048616126238,719.1202620165559,884.1253826185796,832.8610517603341,430.76689199706374,339.14892796180266,777.7489427036464,230.75094908340023,937.0318828974019,665.8625759054491,568.6607177502681,460.63927123606175,133.23669675689956,1308.1275426545417,378.3507750913299,125.42468774244564,122.13198856274288,297.4899084493623,174.86631106648295,226.43650375997242,1092.3360033938684,472.5614152015484,0.026222461848418165,0.030413447692418546,0.03403309974187579,0.023919343356038424,0.027884000028936345,0.03545383965691696,0.04910655776849157,0.05567801483719091,0.032702335340806375,0.03287016412662569,0.07814634437449476,0.06869748015116882,0.35206000530465753,0.11910113759243028,0.129161408950025,0.1617867962059549,0.19890944624076093,0.18737605984174627,0.09691340801936277,0.07630131062884864,0.1749770050140721,0.051914066040913844,0.21081228590568343,0.14980494718240456,0.1279365921285591,0.10363405933097258,0.029975428928835902,0.2943009331448576,0.08512089420539345,0.028217892704176663,0.027477105273628892,0.0669289154176511,0.03934120859349234,0.05094340741376605,0.2457524168126449,0.10631628868531366,4444.863727328616
Sde-AMat_074 ,Matnog,98.61068816725698,116.35960852056871,166.32557703522326,85.17871808949701,99.54523807440518,158.28540726030306,189.9835760321402,182.5175133733746,108.13591096453571,131.05947978673657,361.05951330818027,285.56152474326797,1252.9210223709795,394.6424250055739,408.66030530818625,529.6155960796566,718.7225183165614,641.6026834167466,303.6152069288526,237.56972153287973,610.4597394322576,197.52472162324383,785.5263170491745,538.6225447162514,421.67030971952477,412.3653676305637,135.90496378311593,1005.729813351041,251.30362608334966,90.66681836835356,107.04288715131887,211.95032417642093,127.3734048506595,160.19606971848575,870.001279945323,383.10742773618983,0.025881222356547457,0.03053957899912122,0.04365357673529578,0.022355886404329367,0.02612650300917984,0.041543365098032345,0.049862821837729755,0.04790328954573639,0.028381198918863777,0.03439768651183848,0.0947631714325532,0.0749480756672102,0.3288398872156264,0.10357729514646867,0.10725640827124495,0.13900216356247239,0.18863490007957529,0.16839413680899626,0.07968641967112827,0.062352214576848676,0.16022040358513975,0.051842060290415624,0.20616813102436138,0.1413661146183896,0.11067099570885011,0.10822883371104791,0.03566942541830143,0.263962430581538,0.06595679582560154,0.023796285475383407,0.028094325428001558,0.055628183622936124,0.033430244474706605,0.04204483487628457,0.22833931083164585,0.10054983600629176,3810.1248391117956
Sde-CMat_144 ,Matnog,119.13161163763374,155.77132071982956,163.96083773413696,94.54170875571268,120.3787524566109,191.91280715100805,219.39034304045833,263.2123453872367,143.49792650557706,170.36765214197794,371.36983854789554,313.74602089467214,1663.005631136299,559.6928318281465,605.0124027639846,695.0828320770194,958.1830306269676,827.1536663853035,422.3452593376656,364.13012127206673,835.5883527137094,246.28581521112844,1027.8539807110785,743.1806644795394,606.7389843952998,585.8016326773169,166.51039444037707,1393.3870810523829,322.54630885826305,120.23526339843072,143.90945324366288,256.1045537230644,192.2206483185404,230.70097682506682,1177.2562368298968,485.7503781761265,0.024430259899989686,0.031943946680797815,0.03362336683103873,0.01938762083834315,0.024686010442777382,0.039355463192228254,0.044990267707694966,0.05397682376912204,0.02942704787965293,0.034937209051109135,0.07615662669232486,0.06433973928229046,0.3410317314214178,0.11477592855298359,0.12406959025451629,0.142540288058171,0.19649411393156868,0.169623987867203,0.08661013068917682,0.07467198149849563,0.1713536847658283,0.0505057087080318,0.21078150075221627,0.15240368644644994,0.12442365948443555,0.12013004725963264,0.034146203147168375,0.28574119046538776,0.06614440992503497,0.024656585213520776,0.029511439461610306,0.05251923249436541,0.039418592026190545,0.04730973370998565,0.2414193465469133,0.09961258663617586,4876.3955899496605
31 ,Matnog,97.34530363412506,119.39461618758195,132.49174579852138,81.21724620916422,91.53699053634003,143.40944610607073,179.55160353725614,207.69935699895657,107.94194702047024,138.81861670384848,295.7099608898558,251.31580633370442,1240.0879367456364,392.0467643456963,432.7699829970188,504.9958581460445,710.07253810258,597.2464110658932,318.7874714914781,275.94728947074293,600.0025405143299,207.83785259013817,789.6600793442454,537.9504695387485,407.285709654795,415.1636569794616,157.81250865267305,1007.5023363158073,233.52214515692071,82.26217407314242,90.81986617056866,185.1400154667002,124.27788318506235,147.39499974425868,859.6798157748034,380.4287559336835,0.028524718766664618,0.034985743758168805,0.0388235451194626,0.02379877632131842,0.026822731188036613,0.04202271672020124,0.052613313676166534,0.060861341279287086,0.03162981229641731,0.04067748369184364,0.08665074899337587,0.07364210115600717,0.3633781838572679,0.11487995084358173,0.12681291849519377,0.14797698804338266,0.20806981638719185,0.17500881166374202,0.0934130628921558,0.08085976963162905,0.1758164296428966,0.06090192410805637,0.23139104654927017,0.15763355068121365,0.11934536019580283,0.12165380470730504,0.046243190571355654,0.29522452267631943,0.06842809326914753,0.024104967501978325,0.02661259500179352,0.054250864463812165,0.03641666864684349,0.04319058812657194,0.2519086597800484,0.11147557066077407,3412.664798921262
Sde-CMat_124 ,Matnog,138.2295059246759,157.75772853933336,169.30088825523038,106.07764641742386,130.0710138976782,183.59766596800736,253.3154637197658,250.4189830838908,147.03701614889363,170.0682607561152,401.49922109146115,341.046501104131,1780.261513437172,565.0784852957154,598.9148257161863,734.8491655932257,983.8122965128714,858.8683469904338,449.69960087422817,386.5220280711696,885.746112103378,272.0252354247488,1135.6710909137203,802.679997100968,640.9664252012268,592.5323311350106,199.27225076736096,1442.9673129262835,381.1253637020763,134.65357999681976,146.39241583647686,302.19388305549796,199.28678009602135,197.19025899179195,1289.0124072925325,491.2524235714671,0.027239158362770275,0.0310873407373347,0.033362006724200095,0.02090339388964241,0.025631466467771483,0.03617929373966455,0.049917707408730055,0.04934693422823203,0.02897474414942509,0.03351322321690916,0.07911842549591945,0.06720576472078504,0.35081385097393714,0.11135294339221545,0.1180206474324227,0.1448075261532872,0.1938675738200042,0.16924643374759288,0.08861667096287429,0.07616705755330516,0.17454289846003843,0.053604607907969504,0.22379248545007369,0.1581740990058633,0.12630722973710795,0.11676292912197091,0.03926808795016347,0.2843475051594147,0.07510360446203422,0.026534495403940865,0.028847720835023752,0.05954956564262558,0.039270951063083086,0.038857815893518687,0.2540095391279925,0.09680496556972171,5074.66141514872
Sde-AMat_063 ,Matnog,108.64897758032517,124.2289313583998,133.80012907803933,87.15083729701055,105.08971365571418,151.44447397808872,181.9956791970898,198.78073095830996,115.99192953796397,138.03545463774878,324.39386877837256,284.2389655305021,1236.814247941157,353.15656214461035,361.9998861007142,521.4632629650627,659.0574656896619,627.0494164396375,359.7850342171142,272.15886729351666,685.6093129496566,189.15514204298003,787.417121532603,629.1903007896418,505.84860927471186,428.1150332178141,140.3980216842102,1029.6271446128692,243.14161382897842,93.61425354875199,108.51413222414867,200.56069042215137,133.03878028112706,154.13263639917406,874.4541789077916,362.3633715778264,0.029124379824741472,0.03330073289855752,0.03586638242396051,0.0233616012226701,0.028170285669918593,0.04059611494489345,0.04878565270878069,0.053285043625831044,0.03109272712640838,0.03700170125557325,0.0869568260790475,0.0761929267763402,0.3315396861701644,0.09466693642740825,0.09703747254791975,0.13978312979535795,0.17666654932750253,0.16808649082564,0.09644376067920178,0.0729547428816593,0.18378402159342325,0.05070481402910398,0.21107456175614306,0.16866037500162567,0.13559747508385028,0.11476025926612418,0.03763500956233287,0.27600123540416543,0.0651763953058875,0.025094180710056025,0.029088233259367827,0.05376217849310795,0.03566229572168123,0.0413167021526691,0.2344056632011496,0.097134908247104,3730.516434483068
Sde-CMat_134 ,Matnog,105.30680677154729,140.51817200355265,136.20966885981338,80.63030729948879,96.53873857809617,144.33238208974447,192.52375261741085,211.1577499124529,117.07939491644123,143.0257132799903,322.91450681096694,257.10517561573903,1328.1001108378694,419.2761333805921,451.50428626040747,564.0109098571853,712.6093182021197,665.851493692137,327.2257815735337,278.64431399251623,687.0920476173188,168.02801267422632,834.2094003947449,652.4177459238904,538.5918197206582,454.06459000839294,145.97433385646946,1111.3562450859758,279.9073304935224,109.65525631268197,109.54682777953911,208.39929838723077,153.840793480663,169.532535050031,958.2423037333512,370.32999545572864,0.0266510556230583,0.035562350933700526,0.03447195459127775,0.02040592503583124,0.024432032178188533,0.03652765154703745,0.0487239277029608,0.053439821324798964,0.029630463233029602,0.03619695969342137,0.08172323087510774,0.06506819973352948,0.33611568911890466,0.10611043953111397,0.1142667432056876,0.142739929083833,0.1803472269187229,0.16851375271100014,0.08281432865905934,0.07051932670766292,0.17388931390670379,0.04252454375269016,0.21112178607247872,0.16511393868212762,0.13630686358802166,0.1149147050961997,0.036943196839948095,0.281262133121885,0.07083897103126471,0.027751561603134748,0.02772412050073587,0.052741712177954446,0.038934041111351535,0.042905308403646605,0.24251204380897812,0.09372314677805071,3951.31841158429
Sde-AMat_075 ,Matnog,100.5135870018079,119.56962002758057,140.95028549286445,82.51683559498635,97.6628889714,151.6837258140767,197.4602767247124,206.77844943494475,109.14171455176981,133.17418938687027,316.2508139640592,264.3977270538648,1299.1745805604803,388.76261006161593,439.475080807695,522.2114411878966,708.6226437853788,619.6306524501349,306.1470814626525,251.28262275047993,630.7514016040947,200.89607093007066,818.6226094884993,563.5462421732665,442.98568083278946,430.2363791234883,144.1875112623836,1051.2695665494934,261.8144190567243,88.10540155155081,105.76213305909646,217.54729341860374,141.4185485263161,139.7175595782076,933.7489522345179,365.57972845791096,0.02941134804291395,0.03498734663530506,0.041243557483468946,0.02414530655482827,0.02857720338209244,0.04438427664792719,0.05777898388300637,0.06050558064349903,0.03193603022668697,0.03896818879142904,0.09253836258161273,0.07736559607604805,0.3801523445450589,0.11375608782510335,0.12859509787060294,0.15280463971992822,0.2073505466190033,0.18131054040426373,0.08958190264425095,0.07352797661790421,0.18456459026579308,0.058784333927630696,0.23953771029016827,0.16489964353312841,0.1296223368962648,0.12589175518028614,0.04219080428502927,0.30761269228362437,0.07660969259202877,0.025780580584063156,0.03094712862158737,0.06365665929734846,0.041380576243452406,0.04088284872757866,0.2732249065828451,0.10697252930507989,3417.5103723620227
Sde-CMat_135 ,Matnog,124.0482377390747,154.8667758143754,158.7201820727597,96.72100055727297,129.25709302038325,176.85109380235681,245.9180333466621,265.7026644596926,147.23476232877204,158.55787445992712,368.2405744451581,307.2438351901141,1624.5368425139889,531.8652245599443,600.3507708037694,686.5794266114592,925.3441264945275,799.8383793558359,429.8003723676377,366.10941179686984,785.9319788693166,258.4476650751754,1001.5933184712495,669.6944755761765,548.3777301080067,526.1396230083417,155.2637095208023,1342.830058607343,351.0379360286434,121.83538459844075,134.04791731783814,286.4381314005695,180.06621389366748,193.19583895314616,1173.921737343955,450.61915119010445,0.026644906008612475,0.03326456514529822,0.034092256448608915,0.020775159856186415,0.027763740599998313,0.03798668048631043,0.05282189415803882,0.05707152838122387,0.03162524897534099,0.0340573936309887,0.07909612964665313,0.06599435235497508,0.348941929891508,0.11424183991600001,0.12895217337880582,0.1474736330232194,0.19875902895073413,0.17180105762440914,0.09231884896495404,0.07863836717063838,0.16881403627985106,0.05551319284807739,0.215136952494685,0.14384683475913237,0.11778863885739461,0.11301201095618754,0.03334982440808309,0.28843280121714954,0.07540109381170393,0.026169596846485767,0.0287927843448838,0.06152539711611459,0.038677271293570153,0.04149744538079893,0.25215218630344133,0.09679061265179911,4655.608006234977
Sde-AMat_064 ,Matnog,98.65599196526281,133.38152043866498,146.25268599167677,84.55356395398125,96.3307280737564,155.4052427445741,186.21908244838934,200.85074337273434,105.51297309928293,144.54983390492012,329.19330486144463,271.4837273327446,1188.4020620677163,397.077777933971,418.11172663894513,484.29663905934757,717.5785670299803,600.3172522125947,273.988888477252,236.0545601943754,589.9520692237971,195.60502457646626,737.8985074617035,530.709329603315,410.7009319214652,410.50315868996654,144.26092450403894,982.1061822487626,221.81256507260804,88.48957977982484,116.11783144185912,187.4764027342109,143.7476907205469,150.85031575890048,846.3706620341704,342.0970788057682,0.026590343642900974,0.035949772471250564,0.0394188847706815,0.022789374238515642,0.02596362483237647,0.04188573573860229,0.050190863185602265,0.054134474559777386,0.028438477558281227,0.03895992205328433,0.08872611715556185,0.07317189214188928,0.3203051186940496,0.10702273990556478,0.11269193356619257,0.1305304807256339,0.19340599904794437,0.16180103927914952,0.073847097918916485,0.06362281447894592,0.15900735415062003,0.052720617553546005,0.19888274899611827,0.1430399022657899,0.11069453255405566,0.11064122754861039,0.038882053491040285,0.2647030389092552,0.0597842281254515,0.02385023239125642,0.03129676139888844,0.05052974354961459,0.03874372370082334,0.040658065007157705,0.22811880256277184,0.09220401826055188,3710.2187655104544
Sde-CMat_145 ,Matnog,99.06879403697208,143.08321566536026,151.17266386764507,81.63581502061463,106.72035683415791,158.70084622899773,204.672974814483,216.40517524467847,118.5185548268709,149.6660473200251,340.22067705658344,278.2601169382526,1409.8218856423673,461.3501639132906,493.7278069512898,612.7366011482014,794.3042709009754,719.5415423283982,365.11930840629344,292.45698360948745,618.4395486411667,209.66636121440655,854.9393145653319,592.119577099626,426.5167726150989,374.38447370204864,201.80299256710737,1076.6021564148011,301.72734904751326,96.70466473733289,107.71216633695563,254.20689769091643,142.53878556996338,143.85002883590255,1045.7566847387445,364.1283339254033,0.02509054804543669,0.036237811634282274,0.03828657674496639,0.02067540398481787,0.0270284125955373,0.04019319348607496,0.05183627355218178,0.05480761625836891,0.03001647010106488,0.037905005179050266,0.08616561175210719,0.0704732393387419,0.35705697339988646,0.11684333665267561,0.12504342444156846,0.1551840544719768,0.20116858861024253,0.18223388922793113,0.09247153595577087,0.07406879300195032,0.15662840513218013,0.053100918010556386,0.21652525557168673,0.1499625067840979,0.10802129650927177,0.09481806774978163,0.05110941068716643,0.27266444892087155,0.07641664180421533,0.0244917994651715,0.02727960212725382,0.06438142749183999,0.03609992715109336,0.03643201771990581,0.26485240480954997,0.09222055790494997,3948.450781448358
Sde-AMat_065 ,Matnog,93.06935436678388,129.27960665569026,142.26712384416155,91.83272248196715,108.45113881748779,147.6384964462182,180.34451461189502,227.2258657119167,110.69096724326698,131.67535224703215,315.0984526870927,279.6770582811539,1416.9455506154777,451.39191061590816,495.5411813830411,582.0092625874609,806.8975674259838,691.2842076143935,298.61412796188995,240.52248502335493,714.4382206389087,239.90330554706827,880.5403555581595,614.4053866311395,491.5238832066657,495.25783790592345,147.8767627790115,1187.4558926046432,270.48228199577125,99.65342824991018,100.49177935935866,219.63240322696018,131.34844457506907,157.75666465240062,1029.052999416517,387.89338216011106,0.022785558398778865,0.031650676501047095,0.034830324983261905,0.022482801941285484,0.02655137960022075,0.03614536283797214,0.04415256232888771,0.055630215425022674,0.027099742074056188,0.032237211149874746,0.07714348341529934,0.06847149620432169,0.3469014673100769,0.1105113150300944,0.12132009085294498,0.14248950292546309,0.19754742868377648,0.1692425695860733,0.07310773452409834,0.05888553934865393,0.17491121443190527,0.058733949706582765,0.21557690853835532,0.15042083307504425,0.12033656214120206,0.12125072173151182,0.03620369601839724,0.29071702249364345,0.06622039955237084,0.02439749393853363,0.024602741931205176,0.05377115790735643,0.03215717649291163,0.03862252746556861,0.2519362831425416,0.09496538760629289,4084.5764118632133
40 ,Matnog,110.78603185803706,137.2262069365032,133.37939040590192,93.0356251087722,96.52667895923904,165.67869846244565,194.31370568258947,201.8570001507255,120.05825174909889,142.10580281343192,347.20406885900695,270.8492677774301,1388.4064101105987,467.9232402885115,505.575644512609,634.9144684346232,794.5910682859264,753.4050649900425,408.2571333384881,343.9192924379788,685.5989813125746,186.08331607578353,857.14590094061,633.0272973577048,512.28830691715,446.11126341884705,148.74945801057564,1159.514380065422,290.5789342702084,101.18785495942697,109.34622765148319,227.84660696672654,152.58815152284927,176.796162740711,987.6696640910059,400.9071326017534,0.02852856301512598,0.03533718489828501,0.034346589369585914,0.023957647449349414,0.02485663036345779,0.04266399933347774,0.05003781347067211,0.05198029076647083,0.03091625670733463,0.03659373192076248,0.08940868258775654,0.06974652195585962,0.35752918573887504,0.1204951330319203,0.13019102130016894,0.163497122499729,0.20461551860526192,0.194009691583012,0.10513048585173967,0.08856281827123347,0.1765489151786334,0.047918401983512084,0.22072404289627195,0.1630111561907526,0.13191960214375947,0.11487832063983036,0.0383045426860163,0.2985870917466331,0.07482711762633097,0.026056931981051176,0.02815779835872281,0.05867288660507559,0.03929304645245669,0.04552686277313343,0.2543352783521911,0.10323778371535618,3883.3372644566
Sde-AMat_067 ,Matnog,111.77966439142676,122.49196996905553,137.217926943676,103.81449894740136,104.03905772377027,159.14596899855803,197.15079650503571,229.57881385539477,120.81702397431417,134.00298386263643,328.8140852706435,295.84509126422904,1343.7198977833327,418.1209926954756,485.3436364137269,568.7441563676324,754.9967710566516,666.7633680287183,331.24654951748556,264.3001986171974,669.3194860677597,216.31986762026744,826.7553516380526,579.9639600675632,465.5439372310201,449.00381916372385,137.74816387455053,1137.2061057958358,253.62427372047802,97.42579746273572,109.96268678624588,214.14163070136547,137.284689925716,173.66469719920053,944.2278601427729,399.9131678827418,0.028636263277004373,0.031380594318744626,0.0351531622829352,0.026595708083518722,0.02665323665346275,0.04077079576619503,0.050507059085626714,0.058814627796374884,0.030951498429601335,0.03432954237863091,0.08423720688608274,0.07579104811931806,0.3442407612598288,0.10711628893912116,0.1243377158790982,0.14570367058867656,0.19341877994513548,0.1708147135195458,0.08486036752056585,0.06770972263132956,0.17146955238967132,0.055417885846647995,0.2118022454627752,0.1485780149912723,0.1192653317232824,0.11502800306259481,0.03528900098342139,0.29133504401793614,0.06497471177105872,0.024959019167792244,0.02817078103250435,0.05485985441732701,0.03517026595148944,0.04449027484554674,0.24189692949735453,0.10245171897572262,3903.430531775722
Sde-CMat_116 ,Matnog,115.03800787287652,164.45182405874976,155.5853332279428,93.13689358637637,118.04127788981278,173.89623637264268,223.11723887230224,239.02442815170582,141.00427133335361,153.03866063377575,376.5638901947052,313.5478645574388,1618.0303774550991,512.5633983193297,538.3074371459119,664.7155794593805,881.3068967150207,781.4380327685939,408.81711645106066,346.2681023346072,803.4510212085178,229.97449246873023,1022.4621327357263,744.9903964033427,593.1404800643436,540.1221115169143,187.8812837864643,1303.2915791638072,326.81438911285727,112.11832250992686,134.50598739926033,267.9656253498947,176.7883645478118,194.16805615396686,1151.4679639165302,466.6061044580217,0.02620012806820561,0.037454219966592005,0.03543485958667808,0.021212107067556798,0.02688412860439435,0.039605203078420345,0.05081538128805716,0.0544382743129965,0.032113994630194924,0.03485484999377293,0.08576315194770673,0.07141113062384838,0.36850953777308865,0.1167373021087185,0.12260055658192415,0.15139025468880274,0.20071934474771622,0.17797401845247954,0.09310888640673126,0.0788632278570627,0.18298751900724636,0.05237713401434839,0.2328677218764917,0.16967299900499203,0.1350888878160662,0.12301385216832628,0.04279032458788666,0.2968271696954226,0.07443260716711449,0.025535164098100364,0.030633997936537385,0.061029687768953296,0.04026389084588265,0.044222149114492175,0.26224904863084086,0.10627043983338239,4390.742196885575
Sde-AMat_080 ,Matnog,88.46458187687321,127.69193357906363,138.1418388391077,93.90084732296084,91.91953537926528,136.9045798095155,187.76405328134555,199.80877564814315,104.50585832545467,149.4722667189469,316.9581612889784,266.23894208911287,1172.8920630356147,389.4963248598117,407.61650014126025,472.33491201006944,607.8124719481331,568.440902859972,296.27547421023564,237.93142827596358,708.3882700644472,115.66335168176654,755.8399729630868,686.2292083209808,593.4714382903697,533.9709233179276,105.44088897842234,1093.8850694616187,166.50577528530349,83.53525323382925,91.55741723334049,91.15102569998872,118.10264157079634,246.91445944782183,825.8286769959069,347.4545930382991,0.025987859497258892,0.0375115097859694,0.0405813334814645,0.027584847801565365,0.027002806318741582,0.040217869221072594,0.05515863786145451,0.05869696411486393,0.030700236243498907,0.04390982451751453,0.09311143496446979,0.07821186821795742,0.3445554536395558,0.1144206590977137,0.1197437450072295,0.13875579433645413,0.1785544540712862,0.1669884376617604,0.08703557099242006,0.06989609171073634,0.2081001734407545,0.03397792504882219,0.22203985598570639,0.20159060123725056,0.17434155033245277,0.15686234011846528,0.03097491617437536,0.32134590915587125,0.048913685022772324,0.024539791835903345,0.026896428429443474,0.026777044537658164,0.03469450474166944,0.07253499811825961,0.24260013636245295,0.1020702404734605,3404.0734246005964
Sde-CMat_109 ,Matnog,126.27972997159914,137.69355267713158,147.76465907871878,107.4302118177657,134.27862783406738,162.04575255677017,245.9250050737013,272.62473485903655,146.1987718040066,155.9505839679352,354.27057500292057,322.1893538338596,1486.5903020768906,471.17803017484806,544.6409760680149,590.5194915344454,795.7284836434661,687.7481452121334,385.7464140684783,329.2310811165313,741.6065227376375,205.00898051014738,959.5215498884639,671.2145043138221,552.30300615242,505.8662601251048,153.1640131599128,1248.968046581581,329.49717993368324,119.46555955738862,127.0198245517603,254.0174203007542,166.84334176706005,216.45548723236388,1031.3485557868491,455.33863254984215,0.030869388949903695,0.03365952583554294,0.03612143243556799,0.02626157811961588,0.03282473910263699,0.03961248067666773,0.06011696917497764,0.06664378344506049,0.035738647460135546,0.03812250180257369,0.0866023088244706,0.07875997581917865,0.36340063646229886,0.11518062226921197,0.13313881912861233,0.1443539344816142,0.1945177746708178,0.16812171675456541,0.09429665469342202,0.08048134328184926,0.18128752891158742,0.05011494686450686,0.2345573904535831,0.16408002778545852,0.1350118211288111,0.12366024494942361,0.037441317750876425,0.3053132947354213,0.08054639178874438,0.02920364832047331,0.031050306880753317,0.06209517987628498,0.04078526309699448,0.05291307343798986,0.2521156777787377,0.11130864276681315,4090.7751746084723
Sde-AMat_068 ,Matnog,107.78390347403456,149.17671505221583,144.72131376918884,90.54665624908522,104.86049145054581,167.73701274375907,194.28947774599123,216.908724331918,122.97367185739392,150.44951916975342,355.91251096758316,302.87728917437835,1310.0165348034848,438.4585242256444,451.35814393349546,545.245996175763,779.6943913937178,659.2746085792323,345.3711286955093,289.29545776378853,691.4106600573135,215.15462653424402,839.8556639646421,596.8321675881839,485.860311987921,493.7749130567084,137.8288936958068,1116.5158431965933,237.2174975633964,93.08585867257175,122.54406776747702,194.13868013894077,146.02690956262134,204.24953502490519,918.9863202397412,391.14566699408795,0.02822310829709726,0.039061774983294814,0.03789513257320443,0.023709552195552087,0.027457615756220452,0.04392177053820604,0.05087450718216526,0.0567973344821354,0.03220053409328445,0.03939505747996101,0.0931953382422244,0.07930811798033455,0.34302653124502647,0.11480993000023323,0.11818768263556766,0.1427721236903837,0.2041622036099796,0.1726304028313514,0.09043508774213452,0.07575172888679668,0.1810451960599662,0.05633802571234884,0.21991537320519122,0.15627991154625878,0.1272220411445753,0.12929447159005938,0.03609035920825565,0.2923585669315969,0.06211516662421666,0.02437443983346897,0.03208804268813209,0.05083502097821874,0.038237001537702986,0.05348253830896332,0.24063565712226528,0.10242110522721877,3818.994787513185
Sde-CMat_131 ,Matnog,113.77767500669891,143.27571738358182,143.2661068626142,81.57628393902237,105.6877757103914,152.52419412961999,204.93265387917074,215.07218181996484,124.39586431988003,149.37537669994342,348.88854837076553,276.73858049867204,1344.0787862749787,441.43465463034283,455.92559215845745,575.0627847083916,738.4830251556025,682.818535513807,354.23199950507006,282.15802152178844,690.3662062566212,178.5256528684043,831.2109717455851,617.8200433617866,521.2944729579336,453.7089252869068,127.47788224743151,1112.6030843117594,283.1270208115255,100.58074869198383,109.14836198514391,224.9086752271018,154.40834512745744,179.3243031054351,969.2991002728776,374.78941391508096,0.02940173056238997,0.03702443417302368,0.03702195068100262,0.021080444125044215,0.027311188288847314,0.039414368941716516,0.05295744241949172,0.05557763718553436,0.03214561807132543,0.03860067080935393,0.09015764379872106,0.07151309059146412,0.34732861544546706,0.1140728422828015,0.11781750168784706,0.14860420597853063,0.19083426453603747,0.1764497877373627,0.09153846574393015,0.07291354937875301,0.17840021062604267,0.046133506804410807,0.21479645308560869,0.15965327512535155,0.134709727867702,0.11724468419882672,0.032942054285099255,0.28751208095869757,0.07316395224583848,0.02599146161697408,0.028205451818420997,0.05811952362167694,0.03990125971333769,0.046339889111672625,0.2504803422895767,0.09685078698363686,3869.761161346086
Sde-AMat_051 ,Matnog,102.19097244796137,137.24807778071064,142.58878787352108,87.61106316179483,101.62544360562462,150.47578403032168,197.16489267496382,204.6932328594426,112.21216873922366,145.28744487411842,334.06101420747973,286.9290009161848,1235.453216641893,431.64527970661277,443.5674291467533,518.9199741056419,734.5985857446908,619.3913520914059,317.24486856559247,271.0135271744936,644.3717076155657,190.72967113409487,781.1309575175279,572.7218884081872,465.4561185316615,456.40924055172246,136.62771247942328,1057.4400625961266,228.24357208344347,93.97817864956738,117.40111644379702,176.0705577071023,144.86574286573068,202.71359239537944,863.0936828702895,372.40003900370374,0.028424817244485995,0.038176087717144785,0.039661627043245475,0.02436935865579795,0.028267513193014192,0.04185542576141681,0.05484218328745677,0.05693622044917474,0.031212252047450668,0.040412269005152573,0.09292037300252426,0.07981041982293233,0.34364612701029973,0.12006381675596114,0.12338000908567026,0.14433961312950136,0.20433145949838025,0.17228611847273323,0.0882428965564447,0.07538346877598578,0.17923450171507993,0.05305220133655472,0.21727462005269357,0.15930482526927345,0.12946843334256017,0.12695200897499792,0.038003530690907526,0.29413107446060277,0.06348683908458072,0.02614039664260871,0.03265557807381568,0.04897471180742198,0.040294970948064814,0.05638557573905185,0.24007287153423845,0.1035845221642267,3595.1320836648456
Sde-CMat_139 ,Matnog,116.94815333509973,129.96564455370506,144.8126325313161,91.6238990853915,117.36132922875402,142.48641719385043,196.96908386449888,240.80331648640146,128.66373766376446,149.6203192953751,321.88006859252715,284.8930656678923,1349.399115420197,453.1175356644233,485.90812176419723,567.4831010047083,758.6347041194596,659.4181539745625,381.4356129785996,326.79923214873077,659.071422784519,199.76231736681473,880.4112049635445,575.790070490322,475.3142839545747,438.3586011831525,134.71799893110037,1107.2304534922891,330.6964106355104,123.5610600233342,101.93520765020293,231.98270750512864,170.23422651452907,159.37425925211386,982.0424144837381,367.3780571768543,0.030102478677739075,0.03345318358987995,0.03727480134338189,0.023584010434831913,0.030208830237590096,0.03667603303794963,0.05069988262418613,0.06198282310016753,0.033118072489129666,0.03851230090346173,0.08285199573722261,0.07333153359104413,0.3473356093388185,0.11663254670438826,0.12507285029832932,0.14607026670206047,0.1952727285869413,0.16973436821063254,0.0981816050888636,0.0841181894464865,0.16964511953113193,0.05141886150112897,0.22661802490474584,0.1482084823530661,0.1223459942712331,0.11283359393892153,0.034676440582272886,0.28500134604170385,0.0851213239890686,0.03180464221691068,0.0262381433763109,0.05971239653752982,0.04381832485367688,0.04102296705079585,0.252777919099982,0.09456318733949878,3885.000786383197
Sde-AMat_052 ,Matnog,97.48163693275774,122.05139609988085,137.963673256151,87.15167013574673,107.71865655980857,146.3932028015645,179.5853471293524,226.31285289846002,109.6211129814417,138.63335641139903,303.62507500028715,271.3816958050414,1267.5990416962295,402.47941437570444,448.11562864436,504.1778463218411,729.4108818984538,603.7851087730551,309.77132306603204,276.76218004071654,624.6494616727049,210.85385345326281,821.3873697431925,530.6887853523571,434.9055622440463,433.05359957012257,122.8252904830679,1046.7363305157464,292.45909494534436,103.44459735529935,99.09291852221325,233.55354304527242,137.3628368746438,165.115331894891,887.1288310014503,380.47379076956145,0.027194126527290363,0.03404827014406904,0.038487264932630195,0.02431241020676531,0.03004991368638787,0.04083882262325076,0.05009832421722355,0.06313374036504976,0.030580635597410297,0.03867408420475191,0.08470127263159666,0.07570644487641905,0.3536178690714574,0.11227833737252979,0.12500931957694655,0.14064880911458685,0.20348131644949236,0.168435914290137,0.08641587091725401,0.07720742058514633,0.17425637310182573,0.05882119494495193,0.22913968993075567,0.1480444771915441,0.1213241514937327,0.12080751565478756,0.03426416087423461,0.29200453653021724,0.08158633648598422,0.028857593671565717,0.027643620368319844,0.06515365150106346,0.038319651614932455,0.04606167241777545,0.2474793657076327,0.10613950208532417,3584.657769203623
Sde-CMat_117 ,Matnog,109.3986786498813,124.61324291025417,143.10066403832653,84.97607443086552,86.04369649718684,159.13945532120567,181.65788213080648,214.75875699882417,122.06980307778822,137.14899188780066,321.96786467534304,254.83239581036395,1291.1414307836922,399.50921519456847,428.69381283732105,534.6272477528431,752.0402448075769,649.1400188959311,347.2867979266704,295.36122945540774,684.3406193645457,222.26103751870238,838.6345793377473,583.8926725048364,479.123214788889,467.91974538526375,135.03050479058436,1084.927041232566,264.8147027300599,96.13144476725616,97.87396482435976,198.82271323168783,131.6823663403722,167.05246036981913,930.0349520985758,361.2175203574155,0.03039719650298052,0.034624670776320664,0.03976153147517682,0.023611203210174427,0.023907849551258204,0.044218023055447815,0.05047492718918127,0.059672239352373424,0.03391795803229924,0.03810781727941539,0.08946104807630656,0.07080698328691694,0.3587527771727241,0.1110064606711226,0.1191156075123412,0.14854996153839245,0.2089597002604226,0.18036814480619429,0.09649609272935529,0.08206820632497364,0.1901488805762469,0.06175680104907421,0.23302054848311982,0.16223870819850364,0.13312777346871002,0.13001481026677744,0.037519180658042606,0.3014546507393244,0.0735806378569339,0.026710801746131278,0.02719497326666381,0.055244296895956314,0.036588876712452915,0.04641670746699889,0.25841678841530646,0.10036684247132484,3598.9726433868495
Sde-AMat_076 ,Matnog,105.84196163379629,124.53061057366575,133.96724358827424,93.93418004379448,87.28785446927883,131.16426195332323,178.88559081206066,179.08363744655733,103.10703397659155,113.48658920669877,327.48231844728656,259.55656399353495,1318.6543530604715,444.93346635003763,456.65186984648386,562.0057027070545,736.1621639852187,661.2332353110891,295.15401527143416,238.9043901369123,668.7854967290259,185.01841111246196,814.6328675423366,598.6089926215942,490.8708195736329,483.31249611525664,122.38874307406694,1109.2863655755355,232.58544793421635,80.25846487841642,122.44237192753162,215.49945716070854,142.5371413246386,163.6295288007638,948.861310552496,369.9329595584719,0.02813764346265344,0.03310594273216389,0.03561463220800382,0.024972009458534297,0.023205111562220913,0.03486947124670666,0.04755598722074952,0.047608637091409764,0.027410574367119928,0.030169935775935887,0.08705980666415188,0.06900202852730826,0.3505587525415241,0.1182837038118757,0.12139899244074055,0.14940686890764984,0.19570563679251932,0.1757860940372002,0.07846546228057004,0.06351173435913188,0.17779383119394246,0.04918637188453975,0.2165667456086349,0.15913770066168445,0.13049595731390046,0.12848660858902483,0.03253653620267727,0.29489914747177703,0.06183186996493494,0.02133637769698785,0.032550793209395655,0.05728963067562043,0.03789290372995022,0.04350022685036602,0.25225081659207527,0.09834513231297459,3761.5787467873174
Sde-CMat_097 ,Matnog,125.98365298009894,159.58293944607613,151.06011127895417,103.73531107973794,125.38881478768349,178.07701816172127,228.9415395285006,252.20917104350113,135.77371194163473,159.8541889161807,389.123803162464,338.0660490930433,1693.2026792705708,557.270553792267,583.6369129685424,754.571018759593,920.100128364609,872.7638971068866,451.98747190647885,350.70128126924493,860.086153486527,228.28687035929147,1021.5875046296767,780.3037863724874,645.5891578352986,536.9101782931293,168.440178527126,1401.550986509053,350.8847057814858,118.15157227713905,137.8075206867898,283.6086473336802,179.42572037575883,221.6088124971793,1199.2405198185058,493.96216193040516,0.025075053289036708,0.03176245977931425,0.03006612564858663,0.020646872762850616,0.0249566601561155,0.03544341360432912,0.0455671919963941,0.05019824599703076,0.027023609664061803,0.03181644769565582,0.07744893777506778,0.0672866994701387,0.33700520986287047,0.11091588870628664,0.11616369543155619,0.150185425316635,0.1831313762082815,0.1737098481511688,0.08996095664746487,0.06980154256797817,0.17118654382282486,0.04543689045396144,0.20333083310459077,0.15530712566350185,0.1284943097982848,0.10686347802800347,0.033525353112675106,0.27895655382820184,0.06983805031569115,0.023516201514657865,0.027428407123558613,0.056447815068888504,0.03571185144597018,0.044107728671470614,0.2386898556241364,0.0983153547320085,5024.262621813905
Sde-AMat_054 ,Matnog,122.79559372717733,147.58902318112956,159.42989913124828,87.25932594754558,107.30146031946623,186.00652179109204,211.45886598603514,239.59413761045994,130.96012391296824,159.6666384338632,374.05714225883986,305.17134663439487,1427.5139727454757,464.33685382916786,501.8268642933337,607.4097005379155,839.9275380743807,736.5052073395409,339.00929733712326,275.8528990208549,715.3269478160039,225.75654388079218,854.5254336760493,624.7974265646507,503.19276098087886,491.46096043662493,145.34541437640897,1192.9026929509382,240.47308398147197,83.04001460139567,139.27750024235772,231.98744417972267,147.02727993797603,177.51384041431803,1026.5252919023965,401.0038864684606,0.029209447082450015,0.035107072100141454,0.037923666971153513,0.02075641793286094,0.02552385009868142,0.044245461016448634,0.050299822401257445,0.056992373027217796,0.031151547814050974,0.03797998026320396,0.08897715277062013,0.07259125535401463,0.3395634369341262,0.11045203128776937,0.11936979815167263,0.14448483831307327,0.1997939684300437,0.17519284875587457,0.08064030500172317,0.06561726208508724,0.17015516595248714,0.05370081793532107,0.2032663768947922,0.14862086508607347,0.11969470465526905,0.1169040556036378,0.03457338379206741,0.2837563386979317,0.057201448424250595,0.019752768308725688,0.033130006131520354,0.05518296519348732,0.03497344996406325,0.04222530280283932,0.2441800660961619,0.09538698780740477,4203.968441462109
Sde-CMat_136 ,Matnog,97.75670218414696,116.08535172673595,131.78855292645866,91.51134949261757,105.99425861587982,147.05165801190412,179.44645824384503,238.87187706393988,115.32138649378963,137.40802785638107,292.0528823087353,264.90670673446533,1292.437740091278,396.1588807524703,447.03152500757705,534.2628257975376,700.2502775507197,637.8268476125006,340.2798166042765,263.2105947758182,669.1115944055147,192.96518534429993,814.642671968692,591.9293809812197,490.3916550264797,419.03007672959455,139.50155683719098,1080.7193999446527,296.66749010169616,109.51307900776061,96.64137224791462,222.530398594529,145.45412849761263,153.66272551598186,944.8492669537984,348.0956605212997,0.025461275569272416,0.03023507405459158,0.034325059949499435,0.023834638803163156,0.027606792854938333,0.038300420369199756,0.04673782585944691,0.06221550596313632,0.030036095070166056,0.03578868337938816,0.07606679389875004,0.06899642182700857,0.3366225815863109,0.10318177891325103,0.11643184141921485,0.1391517177863153,0.1823840707166338,0.16612554198023874,0.08862776656379456,0.06855466005507295,0.1742738278922508,0.05025885335280575,0.2121782046453581,0.15417129209536445,0.1277252279028456,0.1091387088255904,0.03633395462014922,0.28147936499756265,0.07726869410646534,0.028523289153142853,0.02517078169803301,0.05795927721131907,0.03788433494196428,0.04002230958771395,0.2460912348702061,0.09066344648477723,3839.4267372104196
Sde-AMat_053 ,Matnog,111.27735864388589,135.7438997917033,136.74285134031686,95.93306535913464,114.80097594589515,154.07283369692396,203.1345043937637,236.74058222757245,131.38148164962212,131.31793074984088,332.22506219051263,303.6427355499387,1465.6913475619383,478.9147010145543,520.8617801267914,624.1077885737767,809.1992096042234,720.1291767650093,365.6599756370528,305.0852718693743,702.5838748073002,211.9396974565171,915.3316355034441,629.4914740482274,509.2144529589081,460.97306216959134,151.91187373964556,1193.6140804246613,325.0582207476223,108.53960231012437,110.3971530721694,263.64636598536697,153.46189824239764,154.6336670330559,1059.894975171078,405.8166504998164,0.026469076323060958,0.03228882935184543,0.032526445746640625,0.022819193947821562,0.027307224320432262,0.036648655612731264,0.04831874845136001,0.056312484553135145,0.031251159333765814,0.031236042749069624,0.07902497538332358,0.07222621780532298,0.34863782369980456,0.11391742154805955,0.1238951964708496,0.14845388937063658,0.1924808056247985,0.1712940922982934,0.08697799733367012,0.07256934784006906,0.1671206652661514,0.05041320261577966,0.21772607847916486,0.1497344839449437,0.12112469584499472,0.1096497195309052,0.03613463717504234,0.28391995083338095,0.07732022901390062,0.025817857762201822,0.026259705533336276,0.06271244994138592,0.036503334970945794,0.03678205867476925,0.2521127508248373,0.09652989634328266,4204.051448026406
Sde-CMat_143 ,Matnog,128.15073445852744,142.94969636949213,153.7176714651246,95.67363390370406,120.13386187357838,161.55776397873925,220.85991900544107,224.27952439215218,135.0633715744206,144.07366199222537,377.45887022016046,298.71724624576,1504.689591205183,462.1170612448863,478.53581464426475,639.8449124933402,803.8130833049,755.7521092900371,421.53215267758634,342.78846647267756,812.107667761295,210.94037869097033,931.793575783011,723.7870503958261,615.7600468989199,528.3966085737966,138.58751483813393,1259.3210702846038,307.8061107302614,111.52209851863428,119.99439922163019,247.65279502079102,163.7762590638826,198.55948091229493,1096.394515802601,408.4457898191632,0.028122139765528985,0.0313697097229183,0.033732696575163854,0.02099517662449872,0.0263628707900606,0.03545317190738991,0.04846678044505837,0.049217198466729305,0.029639088910946815,0.03161635925222227,0.08283176174464506,0.06555224349506808,0.33019780312927494,0.10140964575251755,0.10501267214034135,0.1404112753112905,0.17639340086167574,0.1658466222245948,0.0925034582388581,0.07522348744146835,0.17821361253947313,0.04628997903762186,0.20447818174051974,0.15883202447270067,0.1351259528405132,0.11595441368892619,0.03041244733011348,0.27635271305979314,0.06754675658485314,0.02447305553680683,0.02633226629757189,0.05434636441473122,0.03594001132440263,0.043573043085395106,0.24059916583262728,0.08963171094156812,4556.93398606921
Sde-AMat_070 ,Matnog,106.69288369900775,109.54875132487821,126.57126493280371,119.53786414094913,118.40103198916809,164.77626644732544,186.991604946666,235.66941420653214,111.72805972060017,145.01435775570636,314.4295933566845,297.3904778572441,1346.213283991244,420.0924855181891,511.44435990974614,528.7271570268072,848.7132454569152,642.8018755098727,343.84740331164346,322.7361386550939,653.3590523364317,308.7301356041551,859.9857674951663,488.82309574107694,373.88517267102213,450.5491910360509,149.192981397417,1137.0968890061258,272.78015297568857,90.78195785402535,111.47355786234696,232.2215019175443,136.9980310645376,147.0236062060783,957.9842519036782,388.49781572739886,0.027363823826785812,0.02809627622546127,0.03246208814568655,0.030658212071679243,0.030366645533748546,0.04226063228940605,0.04795826260806263,0.060442797196316976,0.02865520957637721,0.037192240010835355,0.08064264176056041,0.07627257190654559,0.345267105539465,0.10774230076211919,0.13117157280381656,0.13560414036736193,0.2176718720403152,0.16486120411368396,0.08818751018166625,0.08277304478534063,0.16756883293366376,0.07918088580794785,0.22056296745777965,0.125369833587573,0.09589138133410852,0.11555361764887812,0.03826394336354242,0.2916344358310677,0.06996069269744411,0.023283103945116696,0.028589936769312808,0.059558501438483305,0.035136270168142435,0.03770755760947977,0.24569691425606527,0.09963912697913617,3899.048772363772
Sde-CMat_140 ,Matnog,102.6432272579151,128.51505625042535,137.26531785014018,81.99350652265095,91.88050488678212,160.89554951862408,175.47279725507312,219.08225881385286,113.54892090376728,142.10859325811373,315.37239580668756,261.73858903136545,1261.9805186440637,433.62757662401964,467.89527074148765,525.3474001359197,736.3322324351216,642.7382123719501,305.0533453723955,262.4635361054941,627.3699091644419,169.91687793003373,789.4418350477507,578.2415341416508,469.1442243752874,444.1418079781389,134.84579552214444,1062.3337889049985,242.42357680079311,84.76234996836756,117.1400010674833,210.59964259836707,128.33918454630293,148.663587454225,936.4284646671363,325.55359888935334,0.027565137532241407,0.03451309253561628,0.03686300076514957,0.022019594905842352,0.024674777103139308,0.043208968280607406,0.04712373060279254,0.058835178476057466,0.030493893313439092,0.03816367647745789,0.08469417512019482,0.07029066015252403,0.3389085426164878,0.11645194823598964,0.12565463726375448,0.14108357388807058,0.19774416489745852,0.17260921830469406,0.08192296408150973,0.07048534680000969,0.16848201573254887,0.04563167229164918,0.21200690331098518,0.15528844757986454,0.12599004739851744,0.11927557567897569,0.03621323099937685,0.28529283206121403,0.06510355738114663,0.022763175874849134,0.03145828834705786,0.05655714719372504,0.03446586167741283,0.039924039254096114,0.2514805906559683,0.08742836685124955,3723.6609880091846
Sde-AMat_078 ,Matnog,116.85687115172135,128.52744100514096,153.36437272851217,79.51043203114921,100.69143352683983,161.27362519175296,199.1673233777569,188.39258560285754,115.78472262582831,131.13278448389636,353.41926503098273,271.9492616335996,1349.1755484476769,412.2247725564901,452.8966895361899,553.8300346963949,723.9178225920466,674.4535901405967,277.9935987697558,217.24724835912193,651.8360303141887,172.2892518089563,839.6377000853463,624.6446447074048,487.2773943164305,459.47628907920813,152.22796094676553,1095.283851680997,244.6469504510531,89.36317141306039,101.56374576240287,215.3833751659817,117.62263973015567,138.8470462706715,976.1287743790007,373.3018627456337,0.030897763634916434,0.033983542890015275,0.04055059913790094,0.02102310725245144,0.026623510303761616,0.042641860102956265,0.05266121556117199,0.049812300493398146,0.03061428016143239,0.03467241369582214,0.09344649405147398,0.07190526259885432,0.3567313311326067,0.10899507629611901,0.11974901198712436,0.14643648539715937,0.1914088709812503,0.1783301863681466,0.07350342707409709,0.05744167256900973,0.17234994737468934,0.0455544678439845,0.22200600564188333,0.16516035726241032,0.12883950773146524,0.12148870353875449,0.04025012401582829,0.2896006133729331,0.06468634299839718,0.023628239578675287,0.026854155682203066,0.05694885162660804,0.031100238134723894,0.03671211777959981,0.25809518816265825,0.09870359017753577,3782.0494885159155
Sde-CMat_110 ,Matnog,146.44331567599798,152.4175110117273,155.07007514027325,103.8371793571551,136.92574326838613,180.93670658492712,240.22054840204655,257.2315527582299,153.29344761763303,163.25594772264802,381.4470351035514,331.3409633538389,1674.159056372318,536.7146349097254,588.3685579726791,744.8575926606375,947.3345342520562,865.53681926804245,475.9464673458141,387.33263702631615,855.3633550560196,268.29852664418434,1018.3669709958391,740.0360177087937,607.8910911684837,543.4021531566561,168.7251228470735,1407.9250445417895,337.8315187090305,124.968075996272,125.92396817667397,254.4090137637421,173.72758343133086,215.0260112753803,1221.2034793338128,452.95970875833984,0.030842098020262988,0.03210030989074825,0.03265896046814061,0.02186891528027526,0.028837623457832504,0.038106673658649774,0.050592310520264784,0.05417495996626144,0.03228478893326497,0.03438296871939851,0.0803357038994621,0.06978297659209855,0.3525908811869992,0.11303626459414094,0.12391498139241029,0.1568727857460125,0.19951599995199296,0.18228876679543055,0.1002380172185859,0.08157525731009216,0.18014615633223224,0.05650575049639037,0.2144759820212118,0.1558573246675033,0.12802657829015474,0.11444470780189016,0.03553481941670665,0.2965199335216778,0.07114993788730481,0.026319245992819394,0.026520564299419253,0.053580511363864256,0.0365883764122579,0.045286145605541034,0.25719492377263115,0.09539682758660872,4748.16322741034
Sde-AMat_049 ,Matnog,123.17520985494603,131.43668410900364,135.3968930885048,96.53484485060305,123.8723699717172,168.33208269922872,205.7942093649139,250.80929365820958,133.67086795887877,143.51325970017547,331.7713532977945,304.1257874630825,1536.7501091642355,478.266843662573,535.5453197758151,621.6099269963119,854.2536201722412,735.4613717075425,376.99377102679034,309.26915244045915,742.8540111549778,248.91100650843055,967.3146326660009,653.3107954909364,516.1220547740235,482.9631194830926,180.14920358069864,1239.3070279943142,331.5886155249604,114.93175789850258,114.29796644599577,269.67423116124746,150.46017777554962,168.0977066366166,1109.0989222481464,427.65134658959056,0.028413018745625327,0.030318705962423798,0.031232213575714398,0.022267843988869645,0.02857383376262305,0.03882942539213613,0.047470872875412844,0.05785457293460097,0.030834068653361617,0.033104428585174,0.07653021814708276,0.07015317213904179,0.3544845566769854,0.11032256255457953,0.12353507842886079,0.1433877362905406,0.19705202168565708,0.16965002751461217,0.08696174413489793,0.07133960020106736,0.1713552992445892,0.057416692062023066,0.22313198267104994,0.15070022532020066,0.11905468344315666,0.11140585985993981,0.041555299190280455,0.28587289487433926,0.07648806573856498,0.026511488760469108,0.026365291092593408,0.062206177640938255,0.03470688506754875,0.03877536149836752,0.2558375870087795,0.0986470065003428,4335.168007232986
Sde-CMat_146 ,Matnog,115.93643047243607,131.55494349970277,140.5068552443261,86.79510051846245,129.31529411763324,150.81665254586437,219.22885645765254,240.48969897939497,124.76600934248877,150.75062106820658,327.3584712272619,293.6205897165251,1411.35090064953,453.19658252702,495.1493426455598,569.244694846443,768.2137220728683,667.0362348374485,379.1539118723293,314.6535863617162,707.4590546038689,206.89610782167958,893.9373695246275,629.9720007952733,513.2246840536412,477.09282394172527,147.07097141842775,1164.4443605358438,293.8911131578498,99.82125187053117,110.0345010180442,238.60403160049478,140.1069745340681,165.93885175717583,1030.0405378029984,381.32681925121653,0.028320905488429634,0.032136189687818464,0.034322959156458575,0.02120227290615561,0.03158908902051018,0.036841432373133566,0.053553138549921275,0.05874672877181283,0.030477791530740986,0.0368253022298267,0.07996699817895721,0.0717255217961512,0.3447642411054603,0.11070668235277904,0.12095488604038876,0.1390548694387221,0.18765894489836887,0.1629433482401435,0.09261956798176199,0.07686345391722453,0.17281781870223692,0.05054049957950731,0.21837066788856782,0.15388931177350373,0.12537032330720266,0.11654404677634103,0.03592643886533234,0.2844500089133853,0.07179160515565211,0.024384296018447542,0.026879184490154195,0.05828609868856092,0.034225276454345754,0.04053547722940141,0.2516178961306345,0.09315036493886866,4093.6696222442934
Sde-AMat_066 ,Matnog,108.95029248813422,118.0721714616954,131.883168039936,84.24627945761162,89.65977537586186,142.5231680794389,192.50410699681188,183.70122805523107,109.69529523347843,125.57947762472979,332.39997927885014,252.60632309255442,1282.5239571186187,384.3084936027955,416.8945659075565,546.4610354678273,708.0766955525793,649.2702462078561,319.6339199074467,258.3772140771125,666.6361821875558,202.08709291651965,807.2307370571874,610.4617702138357,483.16859451774184,434.8247481606814,157.76647688644124,1066.4396525388813,244.94300727412076,96.30525774333402,107.6301361055072,196.9840859035318,135.17565523806422,170.50581102636943,907.0979417522675,375.43490058863733,0.03204567582771302,0.03472870466453977,0.03879094909818509,0.024779455837473482,0.026371733667381908,0.041920504643985,0.05662145614703212,0.05403225515940538,0.0322648043488288,0.036936837328949035,0.09776919123249407,0.0742993906394162,0.3772302582443741,0.1130371027243748,0.12262168194604615,0.16073121783482666,0.2082674192848767,0.19097061016905842,0.09401429539081574,0.07599678949447995,0.19607847304983853,0.05944011090445684,0.2374317124547214,0.17955582813708357,0.14211493880783824,0.1278955072373186,0.04640403673385177,0.313673131247462,0.07204537067421365,0.028326377099752584,0.031657376700529316,0.05793915753618052,0.03975937217451233,0.05015107185221566,0.266805769140498,0.11042710252460716,3399.8438065055343
Sde-CMat_108 ,Matnog,129.41513669169458,130.97323373380533,151.07620052149176,98.04744817367761,130.66830308261447,187.72855452237414,227.3971899082748,243.65106736456136,133.51781100317663,148.86087339677277,363.7153046361673,312.48477187939886,1583.604923416207,500.1626035162666,559.7140787384307,657.6932369779774,876.8072547841402,793.3807747187034,415.7536068950454,339.39787651163937,801.0608088035513,225.30563888791147,978.08706539416,714.2056087410405,591.9044701222401,525.2842541322174,154.58981262622086,1319.7595419086804,330.24669488412735,111.32432335859929,129.15471535426025,276.24288765425246,164.740959235674,203.9255842375105,1123.4291752663225,460.1766980428716,0.028582467319300742,0.028926586708460943,0.03336650313492105,0.021654638358426462,0.02885924010129335,0.04146149679011761,0.05022266262823651,0.05381247393688573,0.02948857890274735,0.032877228721104323,0.08032971315448866,0.06901500093686695,0.3497530283343767,0.11046529513311193,0.12361776043095904,0.1452573163588412,0.19365056782265747,0.1752250984301913,0.0918228283471084,0.07495899600016856,0.17692130127672717,0.04976072525201906,0.2160191017582372,0.1577385690186592,0.13072729053109824,0.11601363187402877,0.034142515166615366,0.29148046310691755,0.07293787732357612,0.024586952620702502,0.02852495098422011,0.0610106631295909,0.036384484874605064,0.0450387527768382,0.24811918071141198,0.10163405741515719,4527.780448271695
Sde-AMat_062 ,Matnog,120.1177710426313,133.05959024685146,137.57586638378842,96.70381039493739,110.73731232123167,171.80148497449025,187.74402688581068,264.75262892498347,120.88567413539951,158.35216358979756,335.38863681885533,298.9349086810204,1391.1897865350293,432.04465679632,490.73044945265,555.7376870622056,790.8387309438632,663.7264828672198,359.33432517642956,322.0822800875733,690.4339668980373,220.76536619091783,902.59881342648,612.174552614767,491.49178045950066,479.6203171557268,154.6780815372366,1152.6669912136808,286.1482465279315,103.58660865908283,104.00640916409922,222.8016062500672,142.3606015835842,152.92675749050582,1007.7209196192863,383.4699840311363,0.028981578073276712,0.03210413304929454,0.03319380369775055,0.0233323429715453,0.026718295176519444,0.04145163622896339,0.0452981946447488,0.06387854951596997,0.029166854933166775,0.038206632976241335,0.08092134809432754,0.07212592541108688,0.33566120202896904,0.10424216036809916,0.11840165456199259,0.13408636395807957,0.19081068708880836,0.16014150708549735,0.08669887652021789,0.07771083883219967,0.16658539150710566,0.05326546305847477,0.2177757525227669,0.14770324521574188,0.11858534573294195,0.11572104232807563,0.03732016384740503,0.2781112911801536,0.06904080616295469,0.024992999454957306,0.025094287391003136,0.05375675963963782,0.0343482471705954,0.03689761076344945,0.24313923122711967,0.09252224033538058,4144.624931704092
Sde-CMat_133 ,Matnog,134.1374790300235,127.4995286165404,156.48202413124005,102.24842154581168,140.39796389691693,186.09399920924372,219.6615612256273,285.17719299340894,137.94088043361188,159.61243132049583,356.2029929316709,312.2286791455903,1671.8459249857983,520.4074484513552,606.392690225748,653.6643085396203,937.2121185615666,781.7134976850854,424.9430675677507,374.87838109030764,742.6069751739475,271.12306638233497,1071.9476256576347,705.6161646972098,497.2037934315867,500.0949814490143,253.6780094646755,1304.3087897255082,342.52035758011544,117.93656820664245,128.15101937339386,274.99268098458543,174.66811379688056,162.03328097647102,1208.5925804169947,463.35559449521065,0.028064645446767934,0.026675833563655587,0.032739638151786626,0.021392721250804093,0.029374482856750078,0.03893514434105003,0.04595825028663995,0.05966562715162675,0.028860404489321253,0.03339459132748194,0.07452585791825864,0.0653254201726302,0.34978861587109694,0.10888120631352739,0.12687129634282357,0.1367616060255993,0.19608632878777602,0.1635524412127527,0.08890786238558686,0.07843317860926101,0.15537045734912663,0.056725180654078555,0.2242760954591422,0.14763112909929518,0.10402646805612237,0.10463137107961581,0.053075273553295665,0.2728913947201604,0.07166313593559137,0.024675042321222935,0.026812140412682074,0.057534793020533485,0.03654458634538652,0.03390108874912848,0.2528653624942915,0.0969446464129078,4779.589298017355
Sde-AMat_073 ,Matnog,113.03504850744304,112.16292287560981,140.65998491372733,84.24101533012295,97.42293749035699,139.7150685917951,186.14920564332257,220.47574388798418,116.50592695468332,135.34437546366672,300.8527721776384,255.2040441273806,1339.0227813961533,424.78469479731723,467.24006748459624,534.7596494142766,740.6813289296078,634.054637711081,295.88535764179005,247.4631709972213,646.9206656951377,207.14029501960744,857.8580146306265,584.0246343975912,456.848088814444,443.83326074936076,162.4954991687154,1084.4505825856015,288.4470680330102,97.41500351711753,94.51012181242804,230.71634302320228,129.23542865654136,151.1826292712229,973.2263338538368,365.82533237528816,0.029136297376273646,0.028911495316256922,0.03625699465346505,0.021714249751271345,0.025112066703826378,0.03601342981835376,0.047982450431061016,0.056830575321533676,0.030030962773697108,0.03488682513774269,0.07754883067146011,0.06578225974604154,0.345151052417113,0.10949394326742212,0.1204373840866264,0.1378414604664875,0.19092053080620905,0.16343607333383015,0.07626841305746516,0.06378694604068691,0.1667524643324172,0.0533931848041179,0.22112439062873324,0.15054017004077488,0.11775871242806105,0.1144039662160455,0.04188539084648568,0.27953165926236345,0.07435109430656478,0.0251100216159821,0.024361249458069,0.05947022687788505,0.03331216229485886,0.038969347142654015,0.2508621197762284,0.09429637809337245,3879.526868073843
Sde-CMat_119 ,Matnog,116.35398349197159,143.89010823937832,145.2804223532544,91.75364322466984,87.33106528011669,171.3748033099674,176.53754639039252,226.9266630420057,123.18460526039769,161.1680114485502,350.0668866813455,266.7892809776472,1407.113966090537,454.6953933370889,483.8916284088102,624.098103137159,787.3512774127696,750.2022159877762,403.63605411336835,329.9867388036222,738.5516670637809,188.99803637434974,886.7878852098962,670.6145489420059,558.9596562691174,490.12172470524104,138.3812239937196,1190.31180081088,283.1737364014537,104.63632422844358,119.55115908162493,218.69161100654972,164.14623325181722,180.31001640019895,1025.8635919394742,381.3556484917461,0.027531794116957317,0.03404741906224994,0.034376396556550996,0.021710837385440003,0.02066436263845349,0.04055087466678472,0.04177248801686669,0.05369561040384783,0.029148062564114438,0.038135733528599586,0.08283317134509667,0.06312794230198811,0.33295269187043347,0.10759047159008044,0.11449891347458527,0.14767470754915277,0.1863038343586014,0.17751358687333427,0.09550876047829582,0.07808178698664295,0.17475682251771502,0.04472090142342952,0.2098326223845655,0.15868147474797423,0.13226158412658404,0.11597308499337977,0.03274390144889645,0.2816527500940359,0.06700484827382217,0.024759150046731987,0.028288312952396852,0.051747024284333934,0.038840443303558334,0.042665133584343574,0.24274085302209478,0.09023674896646709,4226.167862424451
Sde-AMat_090 ,Matnog,113.66620899502192,125.90665742783422,136.7773465354918,82.09557546871815,102.74764668536214,135.16485232341282,244.6512408307998,189.19659012387092,112.15441378171434,129.13860607161598,331.0653447854971,252.12067054355148,1236.4396277951666,435.631116571957,485.48382873839364,682.4858809827865,735.9157206446945,774.051215060425,397.8241493740169,268.4756214557293,615.2836616088632,200.38952288320866,579.7698219476845,517.0353996801766,426.86115286033004,283.342961831929,114.92961976048632,1071.0317223656823,213.43809915385305,73.98916439459218,122.34200953490995,197.80811118859623,151.43541764465144,174.55388246945412,899.104702840965,337.34962015910145,0.030534001760768925,0.03382213705888959,0.03674231574073975,0.022053224683713707,0.027600962964667106,0.036309153576309636,0.06572033574753165,0.050823627066041724,0.030127890233753212,0.034690331102242164,0.08893364096494727,0.06772683866530811,0.3321431242053259,0.11702300444485149,0.13041487186550021,0.18333526978577241,0.19768805618322982,0.20793234306437938,0.10686696939100541,0.07212024726373861,0.16528282743871728,0.05383036962923176,0.15574279216936482,0.1388905281859606,0.1146671408176549,0.07611404103269165,0.030873390105628336,0.2877098197053916,0.057335591228034555,0.019875610314418434,0.03286457046102902,0.05313692845682478,0.04067989378626213,0.04689017608482735,0.24152529430152792,0.09062177745704403,3722.6109399477386
Sde-CMat_106 ,Matnog,126.124155688948,133.17192226520575,171.82582928448218,89.57819161224452,103.68092165451657,163.90235121492316,221.11883703667124,236.2450621156345,129.002298108212,157.08325797799077,373.37955155849124,293.8357994394318,1436.8113400941718,479.4984598896329,502.2305470822139,615.1325538990194,842.680276799214,724.9301076854307,370.8164903492833,326.5755723064571,709.5403068360529,229.95046903776912,905.2917593672439,589.6089002133194,502.87832280591493,481.7394137734216,122.15099626450049,1179.807515628079,326.06746520045516,107.27541942313724,121.03801724668992,279.7420739739555,156.9412339476149,194.19484205601344,1017.3493309110789,419.54915182801886,0.029536588138637253,0.031187080683249945,0.04023930803288835,0.020978012795423977,0.024280683299845653,0.038383735584552055,0.05178307028951564,0.05532542962432476,0.03021061054757054,0.036786795273490866,0.08744049047171241,0.06881240901888734,0.3364819732862942,0.1122921176003719,0.11761566798032255,0.14405580593135756,0.19734443519095266,0.1697689225592081,0.08684025586243425,0.07647962535538962,0.16616483730891887,0.0538513202261239,0.21200720588114663,0.13807850806490457,0.11776736837944636,0.11281691898787444,0.02860612741215697,0.27629511953219776,0.07636063347601238,0.025122466537775407,0.028345482631809818,0.06551184726575701,0.036753535147640376,0.0454778312459205,0.23824958840039123,0.09825279252628268,4270.099007270345
Sde-AMat_061 ,Matnog,123.86338651340837,139.1187368448981,147.54239952993177,96.15590143106137,124.39367407525192,173.38813924467266,243.14904502516555,229.58991135295994,123.90723351774102,169.9435974758979,373.301441097138,332.75415878159964,1351.1332688957702,410.77062253586246,447.0574759833236,532.0032913266703,771.1595359831844,639.3426399301082,338.335116524268,282.7367932016631,717.8650973189948,233.889849872734,882.7731843667203,624.8874756090091,496.20560211271277,509.3691307848954,153.44725738259396,1147.6482919370071,242.78997597314415,105.06233927645039,112.4182737512456,196.8915849136524,139.07583590433677,182.0669429612085,952.7659154161898,398.40303120879986,0.029544670615847472,0.03318347230987699,0.03519273708467292,0.022935707762544295,0.02967115812589672,0.04135762477416207,0.05799743288182042,0.05476322340751224,0.029555129277902215,0.040536011100859484,0.08904219744098647,0.07937060574548024,0.3222807684441725,0.09797958123948858,0.10663494876146985,0.1268967565899043,0.18394180172384192,0.1525000102056522,0.08070181073566716,0.06744015048563085,0.17122967847005444,0.05578887167057961,0.2105645880899132,0.1490520738897935,0.11835806758417168,0.1214979148764932,0.036601200757442116,0.2737442574642376,0.05791178548294869,0.02506012709185152,0.026814710647550245,0.04696381381980312,0.03317323930887748,0.043427747385551246,0.22725969261247786,0.09502958590709128,4192.410473074263
Sde-CMat_104 ,Matnog,122.60114507532136,139.63385416971778,156.34915865808165,92.01391444868541,107.65179398356536,172.95546431347577,219.70389421368935,224.68077666881075,129.41515379467737,150.55155497974772,363.2760535021541,300.33757505746763,1464.999743028131,485.0166438227044,510.404123081358,629.6571028282378,835.9221615790611,746.88324190623,397.6153014440088,333.2709521564248,755.002433669826,213.19155132546877,919.5898748510068,687.3227083582792,557.1496281303973,507.0191533239055,170.805778504827,1228.0969990492,276.18939190845117,106.9623124015651,123.19118735627973,216.18868072949624,151.5375921236707,204.77696580953625,1052.4057104923936,412.59564389616384,0.02898329653192456,0.03300988256520844,0.036961433150727224,0.021752378951199584,0.02544922288696779,0.04088721606910346,0.051938692018756026,0.05311524269381454,0.030594149637439054,0.03559086139562252,0.08587960230821381,0.07100074793120294,0.3463305497292991,0.11465946098787226,0.12066114098115119,0.1488529206924742,0.1976146297146628,0.176565548891034,0.09399750859017066,0.07878630192150499,0.1784849513757277,0.050399153665089694,0.21739394044148377,0.16248525131828825,0.1317119254867814,0.11986092347770479,0.04037902357869679,0.2903259954998127,0.06529204143841137,0.025286227271126383,0.029122784384055817,0.05110768448842019,0.03582396367958777,0.048409919167714664,0.24879202196971684,0.09753890869025818,4230.062130450844
Sde-AMat_077 ,Matnog,116.539765741999,114.530163266495,136.95211824203375,96.61705588973408,92.0020015043695,157.8654858677476,209.6907541292653,195.55535541145377,119.85645934671192,119.88282109401662,348.01793881495536,288.8682653893467,1236.5869961477883,564.4604090090376,619.7008230987594,546.0734044225646,909.1074677467457,648.6526878757614,238.96990372128448,321.14201489903195,469.16485232659966,219.41909969665375,744.3654802946265,377.9439161833404,287.01957643932576,420.39126855423643,127.55800340319678,1061.9400718320408,216.6868546588833,81.61797617780032,114.81069282436192,188.24606780543928,131.43871916634762,163.66519081649585,888.0157982327344,349.2703046172262,0.03071253896066046,0.030182934375209386,0.03609194887661949,0.025462167993773314,0.024245930457052443,0.041603394810235915,0.05526126996121475,0.05153606954502066,0.031586610406632215,0.03159355770214128,0.0917155997080497,0.07612747287402034,0.3258864135827598,0.14875619659146777,0.16331408899095612,0.1439105407662958,0.23958344471373028,0.1709439762597873,0.06297740888473607,0.08463279964305803,0.1236422925197313,0.057825048859849605,0.1961678373811987,0.099602201676146307,0.07564027495456205,0.1107886491103564,0.03361625213781334,0.27986048901310134,0.05710500122942645,0.021509355688944704,0.03025686429021092,0.049609801897706425,0.034638964285140635,0.04313183158943028,0.2340250096373416,0.0920456444206879,3794.5337535029007
Sde-CMat_111 ,Matnog,122.9770129674648,119.51612392112624,138.569154796044,88.94843721465827,96.61958150877075,153.5574499090812,190.90793780136542,208.29906112080775,123.40570895371901,122.41327247851842,336.2039572661958,270.52058963668554,1365.513653280032,428.28825375683607,454.273397674352,580.6788905240572,764.0695150813701,691.3483094768729,354.82444828045607,285.1266793834804,726.6120433852511,211.90235781269647,853.7939789163952,634.9185060950421,530.3792718316676,479.53069195541593,134.75472274844392,1152.1821490633372,274.80533790659894,99.55527417113572,121.77164305490025,228.50416045717867,152.95227981681086,185.35103466331125,983.3437001039767,382.1876812412457,0.0315861293814337,0.030697214562683324,0.03559090553631935,0.022846032590512086,0.024816333790148377,0.03944058619796263,0.049033902172692656,0.05350073916930847,0.03169623814534317,0.03144133500408024,0.08635257465205766,0.0694820774909104,0.3507264478445922,0.11000403952965368,0.11667821462927964,0.14914493467175616,0.19624804650406033,0.17756991021199423,0.09113516957878474,0.07323359030917302,0.18662725218855666,0.05442623079382695,0.21929339827335934,0.16307615217073385,0.13622568882639696,0.12316544460613471,0.03461118468227602,0.29593314679810234,0.07058259709172526,0.025570354123054966,0.03127653518092385,0.05869033408955732,0.03928515080096463,0.04760663493596842,0.25256770016132435,0.09816330106236919,3893.3866027836443
75 ,Matnog,116.72474852767942,114.1465579481484,133.2432503332533,92.36581069562484,105.62605103159923,136.44958962404394,190.85113208409325,231.45002119690983,121.17275369405452,135.766160391314,312.562607073111,286.1711232511065,1316.5452450008772,456.53269030326834,481.5331951735934,546.2777659042878,757.8318892707802,632.4652526778447,304.96220782523193,253.68203235666894,669.8600214774427,210.34216473234756,832.237979741516,582.5874544589851,468.4302196389661,485.32541141304375,134.20266157796573,1124.5986886286548,238.48263047628845,86.7767758908454,111.93032323946004,210.88089795012235,124.66988573685308,162.3425064465866,942.8204051875257,373.7250264853692,0.030617593454514116,0.029941318782621202,0.03495049439574669,0.024228099667352322,0.027706339310933456,0.03579153619811463,0.0500613832643972,0.06071071253895417,0.031784331576338865,0.035612268659168556,0.08198702462981274,0.07506438198105256,0.3453376219212997,0.11975123088045397,0.12630901150480628,0.14329189619741592,0.1987837967974451,0.1658993848764197,0.07999339485378992,0.06654230085207279,0.17570825439957946,0.05517399666609922,0.2183009553889889,0.15281614274024843,0.1228720233508457,0.12730373230374264,0.0352021536523895,0.2949889023727195,0.06255540764051952,0.02276206270763004,0.02935998728123602,0.05531530958260004,0.032701650041306644,0.042583401767532975,0.24730738108899508,0.098030289797481407,3812.3423612991396
Sde-CMat_099 ,Matnog,123.65343677108206,141.81676469825422,148.50193164255475,103.37089795430823,124.4401124586843,178.31437804265812,214.05019626800166,254.18839618379516,132.94972115461545,151.8830879072782,354.38204034047783,315.6308567796406,1594.0965426561588,484.01531085581377,544.8304708039741,666.2881228647932,885.886787075922,789.1233507117945,406.8386054980033,324.43170527229614,799.3432627833989,261.46412020583256,986.0010972149068,695.2155691914631,557.4127411240614,517.4368101268502,168.86359509382135,1314.5100081553771,334.44547320416814,118.84298292806368,114.44688715404187,262.3096016307635,174.18439881542201,186.49915686321484,1141.477135022581,452.6343609927995,0.025791977915023172,0.029580535394652444,0.030974946117783803,0.02156138953120584,0.025956064918916846,0.03719330914288737,0.0446471855454468,0.05301932297089874,0.027731022779224967,0.031680197099755565,0.07391799206409128,0.06583516236941463,0.33250109253912535,0.10095726034074697,0.11364225562466597,0.13897623065491616,0.18478073108289453,0.1645975442758378,0.08485952838827436,0.06767086783691621,0.16672924197326844,0.054536913732565924,0.20566285246592386,0.14500999790213573,0.11626670057897262,0.10792840965608186,0.03522203853803281,0.27418415520618394,0.06975956741607267,0.024788600067062024,0.02387165017810905,0.054713266600782205,0.03633186658374865,0.038900513083930735,0.2380924770535086,0.09441173449889186,4794.259563127846
Sde-CMat_112 ,Matnog,113.48725981307328,114.7717283087608,137.98901430396558,88.05461520130558,103.50853942404947,141.34959414847998,192.8277789043114,235.52616426749708,118.53908259008927,138.23864636754078,317.18802342062037,273.6049129177508,1339.023315715309,438.4426243076738,467.2231672893051,553.3327970880906,743.3023981499454,642.5103435371993,358.39922843009856,293.3594648919479,700.0484002061929,207.08525162357637,854.3829619646215,614.3614120360184,503.6931848171565,479.95781409207217,149.89048637268476,1131.1650493381148,244.95801002955574,91.57105310899274,105.11786592530295,202.10885458544345,120.04565237025449,185.53965551288502,951.1455794963302,387.8881906970231,0.02871402267222634,0.029039012962481663,0.03491334350453495,0.022279172318100088,0.02618925289663934,0.03576362190588285,0.048788394612869324,0.059591743001097264,0.029992211554346098,0.03497650425707246,0.08025344968994641,0.0692262522303653,0.33879349901846806,0.11093272915019053,0.11821464929748048,0.14000171038620468,0.18806694203342716,0.16256500158568302,0.09068051856922874,0.07422445779283167,0.1771230151145197,0.052395754554275385,0.21617203359235534,0.1554428888599447,0.1274421248033309,0.12143671085416743,0.037924599035569495,0.2862021598391175,0.061978145082694586,0.023168885207221882,0.026596437260065865,0.05113664954447685,0.030373396886481253,0.04694438727103999,0.240654464467908,0.0981416796943417,3952.328836281233
Sde-AMat_060 ,Matnog,122.91709484644515,137.39783434745254,154.85411314114322,85.7048456032679,114.28592840070036,175.98016425296345,200.69771762010652,227.6972986754564,130.29313368938514,158.5342623442958,353.30438625673753,292.7298100787311,1481.9624831915044,489.7906030373388,531.8151458961752,618.4083809623944,858.5847749359466,744.2087350013098,361.1427592842061,305.64587356749973,717.4519360305608,226.83630843630388,917.319179929516,627.1195518735564,502.60428419384766,508.63666676165803,150.86913555847016,1221.596354323297,273.4193433844977,92.91213210496238,116.82511840015417,236.15102797838935,138.0088934364739,184.82659328205452,1045.9992940219797,436.0155604577089,0.029604470436145752,0.033092143367129435,0.03729647222894096,0.020641934070001002,0.02752566185226475,0.042384662413989686,0.04833786264887634,0.05484068717576551,0.03138098267908862,0.03818283281549274,0.08509303991413605,0.07050370836603762,0.35692931545386963,0.11796562101988409,0.12808719392405318,0.14894309578774945,0.20678936170977352,0.17924199657656392,0.086980904924687,0.07361453050336779,0.1727976458938131,0.054633318460188214,0.22093548970270196,0.1510411733743201,0.12105178446565995,0.12250467831749856,0.0363366940045831,0.2942203702556299,0.06585280003573761,0.022377802465123726,0.028137223452907003,0.056876760185272504,0.03323931639264123,0.04451531679517532,0.2519279780797601,0.10501395095120955,4151.977489736442
Sde-CMat_102 ,Matnog,118.10673061265389,129.63465916663648,149.82675894382152,91.7441054473256,96.35805402585714,157.9808016903953,197.09083300308515,225.89992035138036,126.24743852090623,148.07521148017986,340.01246411749383,268.0037444462297,1424.8023381305984,451.45858687176377,496.2026748169037,596.129725502428,786.4036127293034,709.6069664740477,335.8365409946482,288.1662866905149,734.9879201615768,198.51906497676757,883.146936066864,657.1406897402184,554.8452051631067,510.66538073154123,131.5196101904197,1206.6414985932026,285.83373936230834,100.27834421329442,115.56876884457145,228.52065144491888,155.2153160761205,202.10773121887246,1019.0662325174454,405.77540469126524,0.02753231806874538,0.030219638206857947,0.034926696904169295,0.021386824264845557,0.022462399713916163,0.03682751743556722,0.045944608529308845,0.05266040662167049,0.02943003006426091,0.034518386881265996,0.0792616243025336,0.06247539236276,0.33214119936278097,0.10524126223919034,0.11567173012710191,0.13896611249527094,0.18332159635408546,0.16541923227758726,0.07828815866638893,0.0671755607889335,0.17133588483572926,0.04627754922431749,0.20587380769158076,0.15318861500941408,0.12934211783043176,0.11904318759875479,0.030659046451092648,0.28128487988690704,0.06663181163410163,0.023376273764975034,0.026940683957101665,0.05327133541180519,0.03618284435765039,0.04711411713122402,0.23755848207165856,0.09459187845164885,4289.748880488503
Sde-AMat_056 ,Matnog,100.80578399025525,109.4266019014572,140.6982830882097,85.26517864661984,100.21272653241202,137.97720493708374,218.59940102173198,186.3932932469674,101.46153803215282,115.36606131518928,371.2567667162041,287.4284297035524,1316.9446569175564,461.9419032320081,446.20744623456255,593.2468651323156,776.9958328887999,679.2506292906692,367.1846076294729,291.1962098180709,687.6332086303352,223.42545236610792,817.7941416978051,586.2519829163994,476.2070496971355,451.46292426683283,139.7076935703972,1099.4164332730434,266.86343547382046,100.27030399320623,99.5691731091505,210.1450082458299,138.3540024547537,163.60142776886144,968.1550668353754,348.8411843708967,0.029130126452929988,0.0316213080691086,0.040657972348748274,0.024639314706860527,0.02895874899761952,0.039871654862856126,0.06316927404595528,0.0538625859284731,0.029319621513692995,0.03333765009766508,0.10728309560088735,0.08305898899849802,0.38056114311086936,0.1334886305368783,0.12894180094178198,0.17143218885911565,0.22453063673051135,0.19628493466587402,0.10610635251693501,0.08414777484826005,0.19870727182253753,0.06456387146254393,0.23632023696601862,0.1694108583817624,0.13761086940006592,0.1304604909771219,0.04037171895360961,0.3177014101568709,0.07711626568736563,0.02897538731585269,0.02877277958339785,0.06072618476182677,0.03998053908459818,0.04727635746821354,0.2797704497361546,0.10080560271914964,3460.533690203598
Sde-CMat_115 ,Matnog,116.04721141681947,126.16657824519143,142.00797559549252,89.42540230231006,115.87703460932197,164.76293240859732,202.27745288830383,240.01741254636093,122.22085152382961,154.1508113043846,327.9886849980346,281.6131759662534,1408.1127686677441,460.89737864002876,515.3955268921238,605.6399202173682,792.9161552371727,715.2209271261713,401.0654251790972,330.75783490124616,707.5927585958254,205.08279110303238,878.8441093644594,627.1518937401369,514.3616861160637,468.1151246514473,139.8912578406527,1185.223594676321,295.1197955597862,111.01682036772628,110.48515814809703,220.13870122638608,154.80332148532858,181.2095443678396,1014.139541691502,393.99310479399264,0.027088100007610808,0.029450193997754805,0.03314794209911989,0.020873954756957788,0.02704837680940391,0.03845947469259426,0.04721623041369356,0.056025608846999704,0.028529170228841903,0.03598236047111347,0.0765601361042599,0.06573502095311136,0.3286860497031924,0.10758409558850682,0.12030522237870549,0.14137034856032504,0.18508494817309984,0.16694908705683778,0.09361793544374415,0.07720651966314468,0.1651684962998334,0.04787106116049016,0.20514251772976028,0.14639174013907502,0.12006390005831576,0.10926888424822381,0.03265385127581661,0.27665856742266287,0.06888777798921318,0.025913890527248604,0.025789788283000294,0.05138545839716426,0.036134671421300016,0.042298493865042495,0.2367235971603057,0.09196709248475678,4284.066117011317
Sde-AMat_055 ,Matnog,131.96645584530182,133.77107771450449,136.29089665689344,98.64195697055084,108.27144799484302,170.6217422787905,199.01426259032286,236.45077960922436,137.685056366913,147.74953056196148,359.11624267236925,313.48348999730433,1484.1514478391514,486.0340694276998,519.1601015892594,646.8956856206416,868.394514009393,752.5384661557507,400.60017347381404,337.1876076148706,770.4595965708,252.09540883818153,956.545510216132,657.4229719923165,535.108200016978,527.398243765838,147.67169227797183,1262.9774044228861,308.2869108718209,126.12913097334044,118.32560050508954,241.1576594877509,144.64426013485632,202.99591782348736,1058.1149440462177,426.0928688385196,0.03160307392763591,0.03203524131425343,0.032638682725258106,0.023622586804645036,0.02592863885989576,0.04086016783855778,0.04765955418753357,0.056624779534863105,0.03297255342065913,0.035382774411982544,0.0860004695366968,0.07507242538279339,0.3554217443018373,0.1163945074457356,0.1243274661406196,0.15491733899486765,0.20796145390737447,0.18021646960943682,0.09593496177966375,0.08074904204010126,0.18450818757477744,0.060371325359150234,0.22907168553458465,0.1574383933592543,0.12814668618701708,0.1263003206403872,0.03536413384891242,0.30245540827208006,0.0738279585732431,0.03020516255473007,0.02833638803392466,0.057751974107277414,0.034639130201455696,0.04861307335179425,0.2533953388869422,0.10203990360798651,4175.747465182532
Sde-CMat_114 ,Matnog,147.1897699816465,153.11609503096008,176.6392225277274,114.11188427052632,150.12005488841262,202.76852863341492,304.64030508757367,285.80118147719406,157.123484332292,175.03790350632624,414.74233918779015,381.8995061398875,1812.1030435960313,592.0703191874848,654.7583416048399,784.4683562075974,1015.5946952525156,903.7368201927871,482.0228028343057,383.20611567296254,928.8991655120377,280.3915711963538,1076.9135046136992,820.9141629853634,674.0753634608226,578.4450182102358,201.20428617939515,1526.5117879678492,349.30314328880576,128.7257574150954,140.23917002948926,276.43219545394857,180.178305463255,253.47827637539282,1292.0761173720725,520.0367643732604,0.0276646723626654,0.02877853945291468,0.03319976801536449,0.02144760394301955,0.028215426480190393,0.03811083413475426,0.05725788028448606,0.05371702155261976,0.029531737939907505,0.032898796242117674,0.07795182321425155,0.07177893350972085,0.34058913873378555,0.11128104485809638,0.12306340990599204,0.14744272007536913,0.19088347309004722,0.16985951561598356,0.09059734867041037,0.07202451392365156,0.17458883912277423,0.052700272249676945,0.2024084912408155,0.1542927973845845,0.12669409076604668,0.10872013666844911,0.03781683099179382,0.2869115732509327,0.06565236847329083,0.024194316656440257,0.02635829033336836,0.05195609802691687,0.03386494719111753,0.047641853559882506,0.24284882338752428,0.09774216445015702,5320.495686776507
Sde-AMat_058 ,Matnog,115.49171182699646,133.16947642767093,136.61856344000256,95.10020896659476,102.0131443525294,173.98621689562083,189.87635355051452,224.1731731890549,116.4037414259954,140.47010772577207,332.6510547865585,273.3390799100084,1396.717957982126,448.54160440027186,508.6320317997776,574.5959432295446,819.235203615494,704.4632664515589,330.1604688216929,276.369493731924,708.1622678574452,228.126397461495,864.9696047884224,621.3960592890818,496.1142351964515,491.2843999423958,156.83208461459665,1186.5299618921426,251.1942625976158,96.90534172871985,118.7167268132422,211.76442307727237,130.56017829265556,167.60046063853758,1024.785136187079,371.96819252862207,0.027044582083693678,0.03118416706547417,0.03199183642410775,0.02226952364708387,0.023888319017995308,0.04074218357169639,0.04446316145215352,0.05249441442477875,0.027258151169844494,0.0328937488119119,0.07789657468995478,0.06400754709031467,0.3270680888252879,0.10503455223112598,0.11910586930264498,0.13455257442981608,0.19183951263290344,0.16496347948357903,0.07731335659146299,0.06471717615423507,0.16582967105323076,0.05342013711638982,0.20254909297424112,0.14551171219196574,0.11617458901949569,0.11504359118499573,0.036725217062068,0.27784856975037975,0.058821916709923955,0.02269222983426366,0.027799780713421474,0.04958866945273392,0.030573150253298417,0.039246837225805804,0.23997294087455234,0.08710343068109247,4270.419541688215
Sde-CMat_141 ,Matnog,100.88820274487004,115.98392032281886,139.18199934305443,79.31851127460725,99.46823072770526,136.00703432411137,184.96952764628557,216.28334287133626,110.87137252329835,136.46088741467278,303.2311254022087,256.8151147730211,1243.6703664922834,430.85855206204275,456.2803112134031,541.7853668724729,724.870822687222,630.2823997514924,341.58788815322487,302.1146663325864,622.3307978527578,185.52128889626118,775.8085222200449,554.1629945387999,456.36081808831926,418.90218080727385,129.23433730046355,1044.1888710598528,252.6523972279108,97.61344003793735,101.0498418962147,189.75769999617935,137.0362549630206,172.93398107647906,882.3919993982096,361.2785226591253,0.0269929873863945,0.03103189880600412,0.037238625037071225,0.02122194187319816,0.026613068964760102,0.03638915217129623,0.04948923650914589,0.057867356015617724,0.02966401896960954,0.036510582134517806,0.08113053578566425,0.06871177169479414,0.3327483055719893,0.11527769496044757,0.12207937449723087,0.14495654770562752,0.193941694283542,0.1686342347616414,0.09139302024818731,0.08083182330230332,0.16650675618719443,0.04963686213885957,0.20757025187078035,0.1482682247737141,0.12210091438990421,0.11207872650143776,0.0345770936713197,0.27937634191788896,0.06759802222626177,0.02611681330422547,0.027036234500077628,0.050770328572718584,0.03666452371096127,0.04626908442091107,0.236087029618757,0.09666131757519962,3737.5708475943484
Sde-AMat_057 ,Matnog,77.76298206145393,92.62772773856649,83.11506018412067,97.61656035868093,92.57276089741521,112.19222171278184,137.6556495093827,160.5245603794011,82.73564942647153,91.69730340468038,246.84696426614204,278.6020047430025,1390.0167652477073,524.629296107118,523.6754749857969,627.1730401883359,821.0401487299936,666.4084577155139,427.0603585867108,420.40476084958885,577.3710030690925,221.2260313331367,965.3090343174097,506.6179962504688,424.81765604061235,337.29690485155663,162.34074182521158,1028.2738033752928,475.9378711368637,168.15095290529874,170.1049151112336,391.7688338306276,213.06306406967866,199.48003838331795,974.2223825122168,416.1853696058524,0.020667675820815048,0.024618395516346234,0.02209013947478779,0.02594431657265744,0.024603786549152677,0.029818204067127166,0.036585818387408514,0.0426638676559298,0.021989300510872733,0.02437110936554817,0.06560644794682856,0.07404623336727391,0.3694356251273172,0.13943483043738578,0.13918132593943672,0.16668868315677324,0.21821426056443097,0.1771165868797195,0.11350317095884968,0.11173426070389213,0.15345240631770732,0.05879697225481189,0.25655773041740826,0.1346478264326456,0.11290711036605183,0.08964603594197519,0.043146568400663665,0.27329236945160074,0.12649372967374128,0.04469079363316376,0.045210113447911496,0.1041234664574897,0.056627436613756486,0.05301736966275332,0.2589267006662953,0.11061284009893366,3762.5412134216103
Sde-CMat_130 ,Matnog,108.09588949492945,114.74275635707899,142.03034939906334,84.0521998284399,96.77671181585994,140.0865062202637,199.23278030409557,210.11011910817146,109.94299183363168,139.90049664776032,306.48376974647454,252.96358761839616,1243.334898033772,392.8457390185619,438.2400803400004,511.36912338575945,670.9579555568291,605.853660701031,305.1271452342449,248.50898114522946,633.613536460996,167.7848501127559,786.377700957142,568.9372828960062,475.7268748780649,433.1134012243098,115.8089902030064,1047.0820615240812,266.9445917524646,102.28967408785707,91.69532696168329,198.38123969176107,136.20131836296594,153.31590579913745,900.4480813027757,342.9204160865899,0.029650787600215774,0.031474028414065165,0.03895903667098836,0.023055584593351892,0.026545928250435072,0.03842583895651448,0.054649708507873415,0.057633371106351486,0.030157449226079824,0.038374816384317945,0.08406873935842332,0.06938811126035901,0.34104774149866834,0.10775789552881722,0.12020959909555468,0.14026895318282134,0.1840442955032417,0.1661861361629493,0.08369661618654958,0.06816620919733368,0.17380069194127712,0.046023516495146,0.21570402254490864,0.15605994466408146,0.13049225635342587,0.11880334697751337,0.031766497197526514,0.2872154339199266,0.0732231117025955,0.028058138142400088,0.025152100383990506,0.0544161302474302,0.037360128868166705,0.042054673677468145,0.2469936176896238,0.09406334013873902,3645.6329913524055
Sde-AMat_059 ,Matnog,120.37199222514349,124.49568299736337,141.65857040098206,93.60331885339323,111.75122780506713,156.8177817044037,191.09315770756942,232.23494130240175,127.58298404054516,144.4491115966104,324.85426621894624,288.26695474386236,1396.2648811013369,422.9806147937397,470.54701918989997,627.1029302786744,791.2621908912937,722.8222059307601,429.6096115165605,347.26543516716436,726.4902083842906,247.89640089862138,877.6558802470873,609.7694070279682,495.4530472293414,459.28283942725307,140.43989868324454,1174.3769937362747,292.61326761391047,113.1629268813775,92.63516052579612,209.32450413654405,147.2834117236561,171.47284723620243,999.0537080397079,397.2158798253666,0.029906686256306,0.030931226299741817,0.035195383429186704,0.02325595047277674,0.027764838372634472,0.03896172282395648,0.04747751538911001,0.05769928202477493,0.03169827303520257,0.03588869952772613,0.08071075703940356,0.07162055902057805,0.34690508113957824,0.10509046419598475,0.11690844200228208,0.1558051024957363,0.19659083190383758,0.1795867670897185,0.10673745301388746,0.08627886126349751,0.18049809036797676,0.0615904061127097,0.21805553406857242,0.15149855051472674,0.12309639945565011,0.11410983176190305,0.034892601760144956,0.29177654742643966,0.07270041001393165,0.028115578113525063,0.023015409406581536,0.05200713351374448,0.03659288762903477,0.04260280609277322,0.24821709142819715,0.09868915911718537,4024.919083095084
Sde-CMat_129 ,Matnog,93.5047820138093,140.35842217081242,140.14993141246987,81.17899383584393,89.96169115823689,151.07441740086242,179.50297094736345,206.43769846135174,110.19345927236336,140.24291050021031,320.5048532936904,255.0741817348435,1244.0484305500852,399.65697908251275,418.1031165106163,536.8934293426396,714.3206051772132,647.0484326352162,338.63300939043137,270.4853359289742,661.126805413311,194.0254713986028,778.5488824345201,570.7040207541908,481.16465339989384,427.00299543751464,122.56725512811313,1046.9630441210616,261.4977674353837,99.24571731314148,112.43351959269077,200.39778204034593,149.08061725455792,168.4901202796176,912.9785616536678,331.0925902834584,0.027649463917330218,0.04150413535782733,0.0414424844178889,0.024004715187484746,0.026601768166833687,0.04467286659349602,0.05307922024276483,0.061043847938609896,0.03258432360846572,0.04146997843344808,0.09477362746179495,0.07542570799297205,0.36786644972688015,0.11817899560280418,0.12363353814328237,0.15875996053195043,0.2112253659426313,0.19133291266611696,0.10013414258294184,0.07998280274938889,0.19549590253421986,0.05737353913820542,0.2302177361321679,0.1687577885266643,0.142280901959755,0.12626524184824947,0.036243268259910776,0.3095880904457731,0.0773251691458865,0.029347064617443817,0.033246711837876156,0.059257838201464824,0.04408329776058358,0.049822708537087416,0.26996873586648273,0.09790443259881497,3381.793668527587
Sde-CMat_120 ,Matnog,92.8209114991875,136.0882968894093,136.13665462089924,84.33198519357879,84.8108956281562,138.17322808771607,186.31966905901263,197.59627221648185,117.98771021636111,125.00493429725084,315.68875425596013,249.9662650610678,1215.313847723332,408.2469976862659,428.7842054281034,535.9249716099913,697.9144259144741,627.5617497136437,345.04884600218566,295.03109483212097,636.9708470983661,178.28705833727807,777.308313979569,565.1339830562307,470.7291698038799,437.6477460473092,121.49650565448367,1039.7993374572327,248.80151105176193,95.11908227737482,94.50846843267531,190.6513128138382,126.57363771560014,173.80175854487206,872.3987411108409,342.963801721829,0.025683618597145963,0.03765573787619344,0.03766911849820793,0.02333472606839244,0.023467240959112807,0.03823263996467455,0.05155479772788082,0.05467504261548189,0.03264729142822657,0.03458896280371029,0.08735132448887008,0.0691658604757157,0.3362782894135791,0.11296226262651779,0.1186449240243896,0.14829085757941282,0.19311346591107695,0.1736468255425814,0.09547528477118071,0.08163533401665556,0.17625033012651053,0.04933216807703773,0.2150818166530996,0.15637301382489907,0.13025112837746525,0.1210974726258541,0.03361817786224887,0.28771328754997627,0.06884357213302075,0.026319524243672454,0.02615056691666392,0.052753366932823634,0.035023024262902866,0.04809108212666951,0.24139341199549902,0.09489835139280821,3614.0122213737445
93 ,Matnog,118.58476522901243,165.8421419039805,153.15246552324905,100.87255937097066,117.50136002876724,186.84900270004118,236.39254735767366,243.264057885418,142.00734866692636,152.0172841692023,378.06253594394934,321.9952750486876,1529.6278505629173,498.688090299989,546.0719966624273,619.1842268341305,878.4096132435824,749.3932380882148,355.3105021335704,295.0022984740966,765.7777076046874,235.8428040984291,952.7313500916666,671.2198188214425,544.2454754206415,536.95828126591,157.83333322783878,1277.6860050828216,294.49669451788395,103.33728359120902,137.33988961609052,254.2131988148724,164.37297038835186,205.4291006839343,1075.1343937281886,454.50054213966575,0.02593620829066074,0.03627208206285349,0.033496665767884036,0.022062291944542775,0.025699251857998602,0.040866587234637965,0.051702479106721655,0.05320537813405339,0.03105906704555997,0.033248385139344847,0.08268776060905597,0.07042503736582982,0.33455179898344434,0.10907031908452902,0.1194338667347519,0.13542457200507863,0.1921209242148957,0.16390317151729222,0.07771156078437755,0.06452128184148835,0.16748669266598737,0.05158224228160657,0.20837616613988444,0.14680551077663484,0.1190343800445115,0.11744056497824563,0.03452043943335286,0.27944846282651153,0.06441069892221041,0.022601362883644307,0.030038226047166775,0.05560011407843633,0.03595075294127146,0.0449303241779164,0.23514748730442614,0.09940586133798404,4572.170453755691
Sde-CMat_142 ,Matnog,96.27891804403494,134.83644413139942,133.4101766063219,89.85377540092571,114.40559075543472,144.20937607277835,196.46522236630068,236.65919767889855,115.06317855899859,144.02199951483112,317.14072240291057,282.13747516060323,1327.4129095949384,445.2319178152101,481.0044420926797,588.306498801951,743.9685606328402,683.5840901041582,374.63164728575714,295.7419861969044,664.7140516246741,193.9085174952611,811.14928683288,629.1169223490973,481.90507208324755,417.46117599174426,179.29684580705822,1111.1333840552988,240.14068727219038,104.78758187380777,106.97992350441271,177.57116205062687,140.31330691082016,174.54591573935494,935.178827015737,392.2651409182443,0.023258867496230358,0.032573517146097485,0.032228962304249535,0.02170669445132652,0.02763787265444322,0.03483781120449155,0.047461673515537935,0.057171653279902236,0.027796731394247855,0.03479254515225776,0.07661421825133483,0.06815820414060025,0.32067374254178294,0.1075582317701179,0.11620008628072641,0.14212190145871242,0.17972642946824777,0.1651388704533627,0.09050276032525262,0.07144475457108608,0.16058028448709383,0.046844029891881106,0.1959558142674475,0.15198080154849095,0.116417658663542,0.10084943178081399,0.04331417161554595,0.26842536949324813,0.058012704537902915,0.02531437340143943,0.02584399488585815,0.04289728440236729,0.033896606647615575,0.04216645147936798,0.22591862128000698,0.09476262427289334,4139.44995643658
Sde-CMat_200 ,Matnog,147.29227045765163,205.36036856728225,186.0531327397633,125.58266771752386,174.08346732854903,234.07759741344321,297.66142678476155,331.69820064252684,186.95796222306237,189.96938866696394,462.6413336659944,423.26252899798493,2180.8248141179793,686.4900270949462,775.1519337140687,913.8619255808014,1207.9532361827341,1058.3096257572734,545.3355040444461,456.9844356387206,1105.0429598097805,341.2765002417982,1345.1188180532752,948.1544918373219,788.1277755194839,757.2585958014937,195.94922126918493,1839.8515306164302,424.64788046720537,156.21255008686097,150.80608806427557,316.02747796443265,219.45903425352526,250.07408937410932,1610.466404411343,570.449566652618,0.023795569559521914,0.033176669215760374,0.030057519299010932,0.020288309059651864,0.028123778953969246,0.037816035656662667,0.048088220544334606,0.05358697765764175,0.030203697593652264,0.0306902038250831,0.07474128820306514,0.06837950775975357,0.35231970014608466,0.11090480947099335,0.12522844342462805,0.14763751655392404,0.19514897263057734,0.17097353606521568,0.08810081397650454,0.07382739699831371,0.17852346585949186,0.055134384684963886,0.21730854104806044,0.15317759780323956,0.12732473500404862,0.12233771354703325,0.0316562662138176,0.2972343011615366,0.0686033160230643,0.025236671212362994,0.02436323879985678,0.05105531886539182,0.035454356829584595,0.040400323589598046,0.26017635026178315,0.09215807660038922,6189.903128362477
Sde-AMat_018 ,Matnog,141.63479245104293,228.00357610645062,181.49937842386677,124.12954756161,155.30151362977756,238.86810359051708,290.75270630370755,330.2086037183768,186.3664438429032,209.18863788344248,480.58628828838846,420.6929021109103,2145.5387932539206,738.7045521505875,808.7675719333522,923.4371414865063,1230.0332179026143,1076.0619833279586,502.8082026338571,423.7358437244128,1076.6126942760288,307.82146220861534,1310.138692764182,949.2371636198247,783.8613819013156,778.1623691601902,202.8347306278931,1845.4340735849114,369.2091269609271,140.51800505856878,182.483851889311,315.68833253937345,206.0413461590659,327.5935174377695,1511.2634148805757,634.3306037394148,0.023130389637259167,0.03723528281974648,0.029640678460523807,0.020271606650528125,0.025362303000193504,0.039009569699278795,0.04748284844782723,0.05392639430895089,0.030435519315543634,0.03416261370668538,0.07848458637927515,0.06870339254260709,0.3503881172909686,0.12063790134028121,0.132079898879823,0.15080659574152844,0.2008768262691776,0.17573177125119785,0.08211364904390367,0.0692003355884909,0.17582170790155,0.050270348382493724,0.21395885797594336,0.15501999948411407,0.1280124669314212,0.12708176069061178,0.033124956588709474,0.30137799076909716,0.060295572976466406,0.02294800699608126,0.029801452903365167,0.05155508762507161,0.033648629235587896,0.05349932435277182,0.24680455293359785,0.10359258321645862,6123.32064752135
Sde-AMat_018 ,Matnog,133.91542942954706,171.83456574374088,160.40080534691836,107.0390198924205,142.38579977416984,201.84804059205027,258.89173257174514,276.9927884958921,158.37271127217596,163.32922902815037,400.49777813921764,350.996425137821,1784.9465942552592,578.3598530904613,636.5998432275176,722.1974956575592,978.6139784024854,854.4989719451394,469.0380266873999,399.4752404997837,923.1685098312441,245.1153975707158,1130.071936857119,839.5800990038114,691.328751055451,655.5105264068685,188.83252828429747,1513.1742558182848,324.77246733707295,123.59755534431119,145.614426573228,262.0819474607321,184.50694105111592,242.13605081515632,1287.9130155984953,497.0542224762201,0.02709437718916515,0.03476634886831098,0.032453018595603095,0.02165662008685538,0.028808140943101124,0.04083881125566746,0.05238014979555192,0.056042437545516,0.03204268540195799,0.03304551055957597,0.0810305273302012,0.0710151890282062,0.36113849235506496,0.11701638920515318,0.1287997682152383,0.14611827356840038,0.1979976195900262,0.17288610843618876,0.09489790134911945,0.08082364287625173,0.18677964086047621,0.04959285920183762,0.2286412808331818,0.169867654383273,0.13987276912452642,0.1326258634243471,0.03820545376072695,0.3061522799480266,0.06570943892104604,0.025006818097232673,0.029461371363743213,0.053025608544292877,0.03733028132869501,0.04899006425045442,0.2605764039297589,0.10056626517650909,4942.554261151236
Sde-AMat_040 ,Matnog,114.63762362789102,207.12569194998486,172.07280316566585,123.37150456750543,149.459599253611,213.6466674728393,279.6196989734629,309.1574308899917,171.28462581825607,218.7960948913394,439.6961699039918,395.1225258987521,1927.2570899723396,634.3281392396368,694.8981342963731,800.5669667233404,1092.551229388192,933.8821631936654,493.6908402462111,422.31837547851256,963.2847755722341,298.24889361907105,1203.3125611316664,823.1108599060334,685.6031478284283,669.6760762752092,171.92532329182924,1614.0182726674223,397.64383075713647,132.3536253752046,129.7210705455747,328.34776284451846,187.1275960766076,226.36528352883505,1379.724353645992,547.661287707101,0.0212177773082106,0.038335990118470824,0.03184820395631766,0.022834293203678597,0.027662824761887098,0.03954292901076094,0.05175358940678843,0.05722059926062888,0.031702323651863686,0.040496014051891766,0.08138144459953911,0.07313150341628055,0.35670760136687063,0.11740502614050762,0.1286156621080223,0.1481734450059969,0.20221553752908025,0.1728481727349089,0.09137508242013957,0.07816506449186586,0.17829017390333093,0.055201585718233734,0.22271586889430667,0.152345995780105,0.12689529363981464,0.12394742149545591,0.03182090755029074,0.2987315961119432,0.07359816072579489,0.024496754732642442,0.024009506651610592,0.060772454026944193,0.03463462985469849,0.04189696213360991,0.25536715744736543,0.10136423693337945,5402.904458966583
Sde-CMat_167 ,Matnog,122.81287634747427,198.1875486411041,166.73817156446214,111.56418348202082,150.83083893146645,207.31339476177124,261.097303635254,299.691634114034,172.06002879442974,190.63245792256896,413.6441393963295,372.54088597453307,2018.8391748201439,661.459950480458,739.7611187192592,855.096134096167,1105.0547911177844,980.2323450457651,504.1844245243997,418.1002799720302,992.1342906209624,289.79233552233575,1252.9086412874003,884.2186699595355,717.9512335064339,687.5089623347175,202.36290730230186,1687.9903273886998,396.2490126980255,148.16680799706813,151.3721504373908,303.08395439904115,206.2464141409494,257.4286263849458,1441.9914636668555,576.8545077613243,0.021397180323162655,0.034529398237373714,0.029050103131084273,0.019437367013677122,0.026278634251504215,0.03611935672424181,0.045489905081031644,0.052214035915405445,0.02997730834107841,0.03321310597820562,0.07206751037440964,0.06490626025559898,0.35173401317361047,0.11524343585062262,0.12888552506918022,0.1489798685532638,0.19252913322885745,0.17078183387056692,0.08784197039043158,0.07284388534647576,0.17285546070223914,0.050489321998274286,0.2182890990210617,0.15405376772303178,0.12508567882662538,0.11978184762357719,0.035256853735889646,0.29409158463727464,0.06903682927827778,0.025814491142205753,0.026372944719980626,0.0528050658709848,0.03593346109648654,0.044850726592529915,0.25123221839739523,0.10050297892116855,5739.675718605229
Sde-AMat_037 ,Matnog,99.29235652204052,189.3568925721216,157.39752926869588,104.94617942893393,120.99225589619364,187.83239381429928,208.99290554497293,250.74591356933416,144.59767976205563,187.2641963099727,402.05071476730393,349.75981808356715,1613.154930534944,559.9653064080399,585.2465748267222,728.9621338969056,956.6964408227565,848.6780033400655,427.41940264728277,357.2467404982304,817.0543539282805,250.35664108876753,987.4592320922467,712.9840060669312,580.4356864377052,566.1188649577047,162.36550818865427,1376.0835888498523,290.0647963149786,107.13537513449964,133.0391385203994,232.90678283598817,171.3557407067531,253.85167527585855,1118.076544129265,495.1212243775861,0.020792629042621705,0.039652877238760306,0.03296032598020496,0.021976585658150482,0.025336764903158254,0.03933363476876916,0.04376481845882769,0.05250823877508779,0.030279933129080738,0.03921464957852661,0.08419269781981463,0.07324255769689743,0.3378077954212298,0.1172613008766276,0.12255540461602192,0.15265061447979422,0.2003400351970543,0.17772009365258445,0.0895051079071849,0.07481038029565332,0.17109784362020447,0.05242672194369779,0.206782014515373,0.14930466423345778,0.12154796536145974,0.11854990621038088,0.034000661272794476,0.2881631234952438,0.060741933411180435,0.02243502108865035,0.027859480349734584,0.048772579346973,0.035883289264549804,0.05315861059947093,0.23413434465296246,0.10368242138886692,4775.363246201642
Sde-CMat_193 ,Matnog,84.41874992920707,156.59535555453104,141.05514670273476,94.04661764066799,120.07551561663188,172.44795486064777,224.60862008271187,240.55959238558748,130.4766708569773,161.75943300401374,322.9807056291289,308.21304004420386,1398.6374107469383,446.0852766702012,508.9954417088034,563.5052977065789,793.5602767628179,664.2552114580661,365.8314543250895,308.90977131848706,704.0203233294052,224.65160480043326,886.9452550004481,595.1150362894639,495.3612490849582,479.9288237354473,130.24139038201318,1175.559908059551,308.8491650305049,114.62164235557793,108.56931221892307,230.94933985105914,165.27268597684255,187.30335257821739,991.2195023681536,407.4180508142588,0.020615722216949545,0.03824181657847231,0.03444677543949934,0.02296692318175256,0.02932338464008716,0.04211314592160487,0.054851190322536394,0.05874654312463431,0.03186342849705197,0.03950292487840125,0.07887442676263538,0.07526804676119107,0.3415582482134875,0.10893753054405518,0.12430068728525162,0.13761242253693962,0.1937936565261518,0.16221634331311874,0.08933891637714696,0.0754381940142898,0.17192729616367522,0.05486168752843984,0.21659900216556627,0.14533176913377535,0.12097111028936759,0.11720239072877084,0.03180597115589257,0.2870809687926172,0.07542339348243297,0.02799150592533926,0.026513479338032737,0.05639964392448368,0.0403608888665727,0.04574095079936656,0.24206359291012017,0.09949469008722961,4094.8723038090243
Sde-CMat_157 ,Matnog,83.28772848919581,143.656850284976,143.668616571783,81.66609734094067,95.40001981938997,157.30713756120537,180.17855168426675,205.58382697600516,111.93923409421741,150.06578930592408,319.79746038544454,252.1012374319888,1268.2053473294297,407.7419191169949,446.42223660150484,554.7649086845527,729.580330684874,667.5985032708209,353.6059100737006,297.8224575078414,656.6807908772497,188.22476418505616,779.8292286936928,581.7794141125655,485.24112831157476,428.52612222365167,122.4599094336182,1073.4434841904347,259.9315211671143,95.0512202164707,96.02865192201759,197.0635320702692,127.18068222949584,181.78675914378366,901.1517684437845,367.1354074016832,0.022935116503485942,0.03955908820633962,0.03956232831341934,0.02248856453255858,0.026270503574562107,0.04331799644726954,0.04961614573080935,0.05661204967954939,0.030824941703085352,0.041323931188319236,0.08806329749298605,0.06942164657456924,0.3492283667589452,0.11228074757155036,0.1229322277354516,0.15276677661315347,0.200906066072867,0.18383800024099992,0.09737320120230598,0.08201199485447495,0.18083156687752322,0.05183184814537753,0.21474321052270687,0.16020581764013864,0.133621867374527,0.11800413717924178,0.033722042140106025,0.29559638396200427,0.07157788823199121,0.026174453896242917,0.02644361131531969,0.05426579819866692,0.035022011247487626,0.05005900119241052,0.2481520527872442,0.10109884726181084,3631.4499852894487
Sde-AMat_030 ,Matnog,94.46309608206795,184.90264321728884,148.90383602463027,98.06526436052677,125.8568829919524,175.31799055570423,214.02782168991487,233.02136995745693,135.20422409651263,176.25390124317815,369.2482350483073,313.23059526888494,1446.500143305489,314.61310174809944,312.6714645562815,459.2901126259633,590.9322353276389,579.4965590901468,416.0190486793243,328.96364189776347,901.2057663171325,153.21624924716707,1060.1922710137299,900.8244732266992,749.8408091564236,628.0796701836161,171.41101807071794,1193.4175733480465,289.2597686262125,117.35293860832797,103.42829628472074,216.83316048141708,143.08653009102568,204.40023772207317,992.8409081019979,453.6626933035602,0.023048932350379234,0.04511612144513039,0.03633243653438944,0.023927859004368508,0.03070899538790134,0.04277747259747016,0.052222645539206886,0.0568570586303457,0.03298974037415239,0.043005834180101774,0.09009632272407571,0.07642805603311216,0.35294506882239607,0.0767653866906389,0.07629162851269064,0.11206648071239186,0.14418707072539727,0.14139677336154843,0.10150837001095421,0.0802669089021663,0.2198936050494158,0.03738466248034804,0.2586862060053647,0.21980056979002274,0.18296065660165137,0.15325102001879837,0.04182417392067254,0.2911930907912996,0.07057919034285763,0.028634038638238386,0.025236435211803833,0.05290714633059587,0.03491301777207592,0.049873521481494536,0.24225251844012047,0.11069339415638274,4098.37187450089
Sde-CMat_191 ,Matnog,91.11282989392878,161.91112821594444,164.72112854728138,86.63544789178388,121.56434589681301,177.7485863586543,221.73935440595565,253.29750476577934,129.92251115815148,170.60715110056205,347.30020458531266,300.8850247470119,1462.423351851963,476.84061598585544,536.4616028841207,595.9253881386913,828.5963278009685,706.1528693643112,359.99467509706307,316.6144236154759,706.8206308474307,212.14044962656232,921.6447681767418,621.4547484943773,508.4219622927789,509.52472268187336,138.3779878217992,1214.4118847418777,299.0037596670149,114.26304442382062,112.81207882673743,227.92624646801883,161.31044428185675,188.76595055054287,1043.231596390418,419.21996805745067,0.02237133770302164,0.03975475826415407,0.040444710123086834,0.021271986218581698,0.029848233644708167,0.04364339968688789,0.054444648302995786,0.06219326109226218,0.03190045107508266,0.04188993137700179,0.0852741613903516,0.0738776361817948,0.35907529935304017,0.11708079381526547,0.13171979947057547,0.14632020670826792,0.2034489356800701,0.1733848496298257,0.08839109110387311,0.07773974533109455,0.173548808071917,0.05208778658934962,0.2262955324196211,0.15258854391746307,0.124835102008423,0.12510586766347584,0.03397656180616957,0.29817994255860397,0.07341572081309741,0.02805551267320461,0.027699250647257184,0.05596374338338887,0.039607269670529,0.046348542038638516,0.2561492862474196,0.10293294026956902,4072.748402596524
Sde-AMat_003 ,Matnog,86.72682261192321,179.5567697438334,148.4532040809157,95.3440376911425,108.879897118706,168.09614903774565,218.91150238525609,226.21871358738204,126.13142294606843,180.22451334410644,369.92244813171317,312.0883838537571,1471.362481019718,470.9774797398703,501.6739503885466,848.4429575472061,842.6943459382234,954.5373724160884,534.5134277578161,356.5566129250165,748.5139965272595,247.1178968756614,716.148653988465,633.6400326944629,517.1308879641209,282.9603905500556,150.34091494653057,1223.2611497089981,297.58918561542214,106.82164097616192,120.881215678864,246.32542799737539,154.69145844822847,200.33432512617506,1037.5067443292744,433.8959344147972,0.020040574539788577,0.041491440823063615,0.03430412198273042,0.022031814803406193,0.02515964067836097,0.0388431548993381,0.05058541462771967,0.05227394311710596,0.02914607162159275,0.04164574101522699,0.0854805718975512,0.07211644945889564,0.3399980373761559,0.10883206607860908,0.11592531462174958,0.19605565869244523,0.1947272867311476,0.22057163847126374,0.12351376274248203,0.08239203471056207,0.17296437353185473,0.05710326382661256,0.16548548706835675,0.1464196418613134,0.11949705748411947,0.06538563996516655,0.0347403285584193,0.2826675244643443,0.06876601813544284,0.024684025010631414,0.02793286944354726,0.05692014249058923,0.03574563912680605,0.04629265612017699,0.23974395255206404,0.10026337359389778,4327.56168939846
Sde-CMat_198 ,Matnog,90.47895198431513,155.89007666134495,159.1721031202704,92.02597103437705,133.1545190655202,183.44667631647079,227.78579385677241,272.883629513388,132.44766252844934,165.91053603891467,341.284528487258,327.7965649094115,1546.5771842941979,488.8933692872097,550.1928167895778,605.6937243300775,867.136359453852,716.3869255334018,376.41266239668397,323.2443620646152,562.4386496132357,246.31465515880302,989.892266584521,480.35859337666676,355.4617379617109,320.3000787162565,187.1080466866402,1059.807691004991,487.5928504644939,114.65450196568843,122.50766925152084,449.05617289890375,159.18660720311868,195.702617662718,1121.9921060079566,424.6678052379765,0.021528185521357705,0.037091836473591,0.0378727481988506,0.021896276799874957,0.03168223245939688,0.04364853918403102,0.05419840439938378,0.06492879584772444,0.03151404595487499,0.03947606290148935,0.08120382126128572,0.07799455130577682,0.36798614281425734,0.11632525491675942,0.13091059050305665,0.14411624560771266,0.2063228188349639,0.17045412551453618,0.08956206334119307,0.07691141909409276,0.1338243130330981,0.05860708459363238,0.23553084881976882,0.11429452583385366,0.08457708751876937,0.07621086855984367,0.04451971042179108,0.25216623411898476,0.11601581487711024,0.02728041533465266,0.029148965296294183,0.10684655809623388,0.037876199239999145,0.04656466689389472,0.2669621351916786,0.10104369132940241,4202.813650716298
Sde-AMat_023 ,Matnog,126.39833798662067,200.48183804330006,191.96072600823845,109.21747803579788,134.2888528023082,231.30915540107787,236.3339034995402,309.2790803417845,185.09997515569796,192.0504112056259,454.8478440788414,401.78102922564665,1875.907900492964,632.3211093923086,663.3042851363617,796.3532441909496,1109.0135449956822,940.375406250339,463.0098265664457,397.97759158872253,920.5430460506235,300.4721646083212,1176.0468367002268,797.7822983184134,636.4453954757236,659.0770063816595,196.5659678732814,1550.2034632635873,342.17237058032606,122.82707888425892,174.69155411035186,310.3172017778745,207.28924873039125,229.98037113416888,1337.0552881770482,539.086896775659,0.02315822918507988,0.03673153007236735,0.03517032390017395,0.020010416494852655,0.024603899701011053,0.04237959548133006,0.043300210972918265,0.056664952552334336,0.0339133228734541,0.03518675568550192,0.08333551520774159,0.07361281251981092,0.34369680631652383,0.11585150092259175,0.12152812212024025,0.1459048531414076,0.20318930021917253,0.1722920532409461,0.0848309230118581,0.07291596094810457,0.16865844262468402,0.05505138249897795,0.21547088838759035,0.14616667907621694,0.11660713714270304,0.12075361596936844,0.03601407903384255,0.2840224615102356,0.06269153776009338,0.022503916493242508,0.032006331026390035,0.05685515326637744,0.03797875831412878,0.04213614061411603,0.24497025269434036,0.09876947834176175,5458.03122408233
Sde-CMat_180 ,Matnog,100.38321900686392,181.46588052890274,160.36543485792072,103.4745157859654,155.51511302796263,197.94292084944587,267.33743392027986,278.9890671190002,153.1796429713818,170.27650322225904,386.19303219800594,350.0941566411099,1703.227741510797,534.369206231843,621.8838268265623,677.9072362618649,937.4809852657547,805.7052002946797,418.0224820632139,352.45061477313385,845.5870682905755,251.899677909302,1072.1562500254147,732.5302155643068,609.8985403795947,588.9298557657272,152.48728992873447,1430.1052192370325,362.43803234513064,131.23108166166276,123.00086266124333,280.54802114377867,170.12843969119325,216.4017115282595,1222.6922000861953,480.54024872142577,0.019917989674123,0.03600637208429407,0.0318196318785902,0.020531363283128132,0.030857233371338978,0.039275738440659326,0.05304496409869639,0.05535687551212608,0.030393830534376564,0.03378618126098169,0.07662823431685492,0.06946551292075642,0.33795362316257466,0.10602927896910115,0.12339388758183374,0.13451002533554757,0.18601452283506836,0.15986763543376023,0.08294381833598144,0.06993308020147837,0.1677809763565361,0.049981812031444375,0.21273672361106927,0.14534829042088496,0.12101577285256028,0.11685517661196357,0.030256454179137804,0.283760784635975,0.07191477875665804,0.026038807634593413,0.024405771568526274,0.05566620241432321,0.033756802566892584,0.042938322742845016,0.2426059938791397,0.09534856330298982,5039.826842428758
Sde-AMat_007 ,Matnog,98.09632555039968,176.00960624821022,163.8599049469088,94.73799992241761,113.40540104615827,179.65152793672533,212.90636771148954,262.2086894968395,150.4455499406014,162.15568673558755,377.8839995802415,327.5257529270331,1532.6056007328207,508.35461316617346,534.7474904744948,636.8759386495066,903.4709314832659,747.6236173589022,384.9243707335767,341.1877266034198,790.4530023247682,259.3741444863193,970.4427600548165,679.1819204462086,549.332731930849,569.023710586826,160.46168252517478,1295.2149071731108,272.03580607273017,98.17319535642108,130.2692028059202,231.02611130571358,154.97974604560426,239.35368003899575,1052.3780003311358,480.25269500846105,0.022403129140224715,0.04019687706521532,0.03742214186753082,0.021636158488505926,0.025899398683702352,0.041028615068128285,0.04862331819111889,0.05988292731177478,0.034358586470802706,0.03703293441804549,0.08630072528324462,0.07479996522197727,0.35001475337227006,0.11609745812486615,0.12212503393265359,0.1454490147292637,0.20633368109246425,0.170741445757498,0.08790859737486792,0.07792007149369677,0.180522772805204,0.059235577091792925,0.22162863241533087,0.15511080754645296,0.12545599506758603,0.12995299875505456,0.0366460596306666,0.29579973222172484,0.06212723320692892,0.022420684580569894,0.02975073487289518,0.052761484972101924,0.03539410110723313,0.05466332580771983,0.24034091097160187,0.10967957347890356,4378.688572315024
Sde-CMat_166 ,Matnog,84.68440933400902,162.42108740739303,161.864486098032,92.48707411546764,91.53598772444634,155.2096118363808,198.49166527307892,231.49688025617104,133.73457366249758,139.8898416969581,345.858288775692,280.214972078028,1330.7200291757279,427.7399038734287,465.8812708582735,553.7247675257086,762.8482666582195,645.8209663442339,331.94308496169936,317.7831523721954,684.3078704479512,203.70448987432738,867.3822698046637,617.2640454590645,508.323817411392,492.7282540815375,137.61686969394398,1129.7646229011646,260.8837963166936,89.33243753984334,109.49335569339351,208.06809748695264,145.95270126931533,186.30765133297675,932.5900260098217,398.26292227779635,0.022525793091921122,0.04320351098244552,0.04305545674167131,0.02460127798713396,0.02434829192482126,0.04128528060358842,0.05279817403906278,0.06157745997268897,0.03557298632946716,0.037210268743786266,0.09199724380622688,0.07453632294218772,0.35396744543921144,0.11377750222958247,0.12392298883922463,0.14728908947053465,0.20291529870035677,0.17178639582779115,0.08829584228012533,0.0845293436505054,0.1820237942510306,0.054184769391331974,0.23072102285271723,0.16419034247794095,0.1352125760190673,0.13106420401667593,0.03660566516390319,0.3005139238519048,0.06939428949296221,0.02376215433566649,0.029124896715775953,0.05534547562981611,0.03882297079067232,0.04955726370855163,0.24806608596194218,0.1059367155532689,3759.4418535425993
Sde-CMat_168 ,Matnog,82.35168183953502,165.315252883332,150.97001511585006,89.91569284285141,112.41494069784495,168.71410901240594,199.44282899831222,227.4416744934182,125.27647214593009,169.85247925290935,339.6783236480214,285.0091068045721,1445.0862410536058,481.17175379983587,522.7355760636538,619.7220257455516,850.9714175245723,739.905413162642,389.60010543756283,318.6832776362764,731.2945933011471,241.26153328610013,896.9801829684753,623.9168642258037,506.42612741722763,482.83165560618534,149.33213458291542,1212.5190775406588,301.41332177758824,112.8828704617754,115.1694173338129,231.59037055663592,154.21361543638096,193.79971314449875,1030.704311847937,414.4032998663138,0.019430489771797288,0.03900535190684579,0.03562066091464259,0.02121518238706266,0.0265237734875022,0.039807295932475596,0.04705759205332463,0.05366378720152879,0.02955839099220134,0.04007588900575028,0.08014549364279741,0.06724655053707387,0.3409612627082641,0.11353019916342566,0.12333698641213735,0.1462204804277064,0.20078268051066198,0.17457718217058016,0.09192430190492455,0.07519181185176226,0.17254549995707563,0.05692451750989241,0.21163823107625593,0.14721023272376396,0.11948884915459441,0.11392184514259711,0.03523421075076343,0.28608814061830556,0.07111704746109095,0.026634179301796148,0.027173679219920838,0.0546426524125602,0.03638597306667222,0.04572612556193902,0.24318980671374937,0.09777649830080166,4238.27102696432
Sde-AMat_039 ,Matnog,98.33241319753114,193.84773886132896,167.02705330122424,102.5386062897775,127.15372163208598,181.47407765311826,233.63340818001612,258.19269413476826,138.0441469988496,195.04549959683766,406.3925084643417,342.5013597365856,1687.3212066443602,572.6614732682651,600.3195897034345,737.2749092669436,976.9539704732563,855.2423462508682,436.83015735752497,360.4863616286891,860.4014769296309,268.43627600771487,1028.9564919388429,730.4485258228947,606.8639308619025,592.4320675784609,155.99748001887724,1426.3018362094365,310.96089714148934,111.56705998528406,130.91234476259277,251.20027937317235,174.5743446339123,228.5474178826793,1216.3161164799635,471.1664158821595,0.02024586748658393,0.03991171889249362,0.03438955150036001,0.02111188943397109,0.026179947332502035,0.03736407974687355,0.04810327407453823,0.05315983714297636,0.02842219992936564,0.04015832837092704,0.08367300879092102,0.07051832572513154,0.34740611407960764,0.11790647585523018,0.12360106365254266,0.1517990826098886,0.20114710890864398,0.1760876464643191,0.08993988037533596,0.07422129561281281,0.17714987073678132,0.05526890977166333,0.21185401748868213,0.1503935841569706,0.12494849182574512,0.1219770851235206,0.032118649446330375,0.29366428660465954,0.06402439350683928,0.02297077676505689,0.026953818158588508,0.051720154152687874,0.03594347919556765,0.04705610882912637,0.2504298848700278,0.09700944490110815,4856.912812587152
Sde-CMat_179 ,Matnog,83.337564362597,199.24746212659772,151.31100171236722,100.63681350107426,144.73409843533761,193.54725971464956,243.57127807937454,259.12827820562154,142.0355477311578,164.6708923913999,373.62904087199917,337.12404968623935,1677.2964871533386,553.9548654937513,617.1509124895143,702.3349709848143,947.9881568055583,831.7639116031243,442.5893363265319,366.8273126826982,827.5970854111316,247.14766333358264,1023.0622608959291,710.4363097322662,597.6715024369576,549.9105333922602,156.09276390098947,1395.5980271740284,348.2564204916254,116.6718029046006,115.59386946737277,279.3841904264627,159.3922544720727,216.1426735768761,1210.962715589101,466.3350000001716,0.017202539207121875,0.04112865915110261,0.031233615469017866,0.020773450042284064,0.029876011159965986,0.03995202342590401,0.050277980799373734,0.05348925661075412,0.029318976350440232,0.0339913639701496,0.0771245029018942,0.06958914298429002,0.34622752420123576,0.11434735782737987,0.12739228521990215,0.14497597772753731,0.19568370590218465,0.17169269836308798,0.09135928640396317,0.07572049023668664,0.1708325821419666,0.05101621820798823,0.21118050172207517,0.14664825599123668,0.12337134559053248,0.1135125268352019,0.032220666772449356,0.28807933089316673,0.07188708685525132,0.02408339239552792,0.02386088538613299,0.057670481809980474,0.03290174758332631,0.044616168530684036,0.24996691171159058,0.09626086606337844,4844.492046156485
Sde-AMat_013 ,Matnog,104.5505204654668,219.04445674914945,178.05172457847743,112.90762139421763,157.76332030510136,226.13634519961627,266.96087957146455,293.9310001480279,173.82496737408002,202.0546863225399,449.10746029519476,409.72900658807396,2112.178680874121,706.5830430718246,784.7995147286026,953.1662840787068,1206.5012479218121,1085.8557313847407,513.0426788462048,426.97295915661914,1033.0492517768166,323.70750523627055,1240.6323911852737,909.8483532756487,729.1382998384121,713.6576469375286,207.92298511073736,1792.9793571688467,347.1611865117413,125.60759143304205,159.5409143405227,288.43402912839525,199.16730070219856,251.94241673821026,1544.3782705032665,567.9607965717702,0.018031516584621845,0.03777794445266644,0.030708050140389152,0.019472840868090167,0.02720896953799533,0.039001061311784505,0.04604194705112036,0.05069340334517279,0.029979073925914583,0.03484776939612508,0.07745622482352933,0.0706647403054657,0.3642811603835697,0.12186227101347114,0.13535203270562496,0.1643897474900135,0.20808167347626771,0.18727430090066186,0.08848294136698975,0.07363875339827337,0.17816692478635274,0.05582886840972087,0.21396817000509646,0.15691883310135835,0.1257523089075576,0.12308240685178298,0.03585985739388736,0.3092298046029658,0.05987385490052243,0.02166316684025883,0.027515545882022346,0.049745357140673685,0.034349790605894374,0.04345175753845505,0.2663543163011543,0.09795450541235316,5798.210038230094
Sde-CMat_194 ,Matnog,96.29052965479002,175.2694925858177,150.82843940454336,98.71056952591243,110.97994073781979,177.1780949628085,221.3950430499518,254.46961428763944,139.54616551471418,165.56270388520477,363.27292881964104,313.5297944207695,1539.706837386848,504.7407940324223,550.6685316721304,655.0075500023187,884.5733183725869,766.3122345451688,396.7696274444906,339.6956777254606,769.2616190883566,241.69991048479912,961.1570959742689,668.9180231911008,546.0164618930826,528.2402975765481,153.027102668939,1287.857201379633,303.7116397469152,112.54987936026419,126.59790721291576,245.02963556770024,169.1207734207717,194.25174619807154,1101.8700852295653,438.0186384573148,0.02093431371598028,0.03810495752579614,0.03279128154249759,0.021460449298045147,0.024127906492108973,0.03851990259944185,0.04813301269591773,0.05532368298087288,0.030338427021019236,0.03599462579782797,0.0789783739241799,0.06816382773302865,0.33474430019289736,0.10973459347881036,0.11971964259487425,0.14240376065271818,0.19231315289245846,0.16660226898611102,0.08626081800228622,0.07385249526575402,0.1672434882370333,0.052547449571136856,0.20896306469184509,0.14542800624276422,0.11870824626615571,0.11484356921220998,0.033269288120067284,0.2799902209669118,0.066029284172085,0.02446922341865316,0.027523374467697755,0.05327135782798538,0.03676817792333677,0.04223184781895234,0.2395551683135038,0.09522867538257254,4599.650648269702
Sde-CMat_153 ,Matnog,76.04818208905458,149.70322577927305,135.22131533578573,90.18803337660712,107.56531465756048,143.71418273239422,190.0358915491492,222.81792354810688,120.74911337119622,145.46802178850172,310.80222584029224,270.1491989919644,1265.1204003439393,414.0817568193267,457.758843832099,527.445867249645,708.7713896822656,624.9066987434605,335.70037735940963,274.7314399799193,606.28379645406994,186.8665679609116,808.073798532436,533.5556995143901,431.56963636230256,396.79220985978293,131.75243973832136,1032.7261788018836,298.99195104485665,104.3622689460133,99.85905324486116,229.81247647595194,143.7033067295252,149.38938830331966,904.8332417298781,360.290216189241,0.021544234291484176,0.04241049926220147,0.03830781510839199,0.02555001405659471,0.030472948556560426,0.040713820353655776,0.053836629079858214,0.06312368576596572,0.03420788133911824,0.041210677983863,0.08804938905675395,0.07653250185420728,0.3584050211749767,0.11730818725289342,0.12968178212292966,0.1494239182048366,0.20079292441907465,0.1770342953403057,0.09510296476385743,0.0778306377295519,0.17175847994158636,0.052938768696416574,0.22892501519636016,0.15115481635621114,0.12226245392680188,0.11241010763734348,0.03732509249035138,0.292568397348439,0.08470357170451646,0.02956553479123075,0.028289786555499078,0.0651052227718762,0.04071073921289043,0.042321589995396515,0.256336691016804,0.10206919636054895,3529.862378033749
Sde-AMat_045 ,Matnog,88.58577467347678,163.06745113927548,149.59758070784432,93.23464524612086,119.30987077396408,177.39722658669163,213.4016470976735,235.3100622333435,137.18752449056728,148.09789327958043,357.2456203912652,301.19068517299803,1569.744044497908,503.8075159862644,560.6370307188245,643.9438457089408,890.6323445159625,771.9670377551171,357.80157663823957,304.0167550242749,785.5358090185576,241.05197059771143,961.6707022874357,699.3831821229976,560.2585962794324,558.80443356874855,165.17221821810708,1319.8238391255177,265.6535922908065,94.16841589004251,130.32344385581584,239.70171098940867,153.2933452415988,198.388991101447,1112.1210687992022,457.62340535839076,0.01897736866309754,0.034933273977997045,0.03204767865568215,0.019973277216691836,0.025559266272375415,0.03800308323944318,0.0457161631787065,0.05040951346419289,0.029389123003455683,0.03172640674367958,0.07653127001972126,0.06452285021480186,0.3362798547390004,0.10792862625350345,0.12010298106385461,0.13794945975688616,0.19079652921090115,0.16537534525421363,0.07665037025560308,0.06512826761542888,0.1682821276977909,0.05163957903919044,0.20601478642679594,0.1498260023445083,0.12002191059969004,0.11971039126198042,0.03538416963197948,0.28274046998799773,0.056909883964567004,0.020173315087577946,0.027918659046696853,0.051350318438692207,0.03283940719570539,0.04250006320664232,0.23824515390188888,0.09803479288135081,4667.969318935998
Sde-CMat_174 ,Matnog,92.04264421777549,131.8485671570609,127.70210780633187,86.45818630829584,104.0180930874048,159.74243262953027,183.20775242311666,217.60807813847353,115.55750807013798,144.63328081523974,300.5845368881274,267.0915264342544,1273.425093194323,431.2544046936216,479.58331441205286,537.3444002967929,745.3524933613625,647.776918833822,347.1543509322763,289.8918816735646,639.8811763245112,191.48280803092996,799.2500012636847,555.84841931595,460.3261017255161,432.7021559401918,124.46416951673267,1080.6853799989756,271.94243944077584,100.414511093218,94.27181005268746,202.61162055676863,135.83595478679422,177.365098997097,898.8259080505525,374.6758968052389,0.024793386416389854,0.035515847048438305,0.03439892162961571,0.023289109523298872,0.02801919477791341,0.04302957496426635,0.04935039229813205,0.05861675546662739,0.031127549357656464,0.03895964582936153,0.08096799735811681,0.07194603631507794,0.343020571347262,0.11616633996347334,0.12918462451967122,0.14474363995584524,0.2007744621134977,0.17449067871480922,0.09351243700072565,0.0780877331631353,0.1723638146210911,0.05157943138153994,0.21529275145274104,0.14972803928180015,0.12399733856654012,0.11655631850435594,0.033526723140657556,0.2911025693423442,0.07325271933863835,0.027048503403015216,0.025393853410801918,0.05457718260493853,0.036589923560864476,0.04777656567331661,0.24211536129528233,0.10092587375500116,3712.386951583589
Sde-AMat_041 ,Matnog,109.2198949317385,157.90907998877074,147.2368593716261,93.64383902879032,120.48198493505166,185.6637891382162,224.7703243750162,225.32849728636188,140.0684292403538,160.4032459244201,373.8612524806629,330.30069486218156,1648.8496053945523,549.6224209522843,602.6316133740828,720.0883588959482,957.6811461369647,835.634465513253,387.1634059800719,328.38174130333437,821.6123732622885,262.20447274453585,996.7639329684037,696.4975593684806,575.6231631816513,581.7262725505528,144.91448005634226,1402.830683755905,291.52702910028773,103.81616752702821,132.48469050180836,258.0721989816802,158.2706496750424,229.37120503727138,1169.5435932275548,479.65199014941044,0.02293201038930189,0.03315488139895022,0.030914122293457212,0.019661632991356256,0.025296619558012795,0.038982311273012306,0.04719319146933904,0.04731038648229896,0.029409025494489757,0.033678561074568854,0.0784965974505128,0.06935054250791171,0.3461955013318409,0.11539973624172042,0.12652964395775448,0.15119107867424486,0.20107649807369984,0.17545135212577545,0.08128954210990096,0.0689476354828173,0.17250724779954593,0.05505293423745845,0.20928239201107798,0.14623791093686572,0.12085889998936966,0.12214032007810137,0.030426511253185892,0.2945409152281981,0.06120955219988418,0.02179743382645847,0.027816729735088343,0.05418531442404926,0.03323079723651095,0.04815920085080489,0.24555952784424498,0.10070861566228506,4762.770166138209
Sde-CMat_156 ,Matnog,95.49722665470446,134.3612969473725,166.68825498111738,78.8410290126277,90.33557888766745,142.40702551952978,183.9287132561961,195.5925024641027,112.08101335574194,152.20435455695738,334.08050796097046,258.4547668784231,1211.0409713271513,392.2931726296801,397.1079320807883,449.058829035406,630.6121940353676,550.1499334029679,280.4985001233518,255.16116003187085,445.60449969084686,117.022286116107,825.1274181368353,462.22769117633993,342.8236810555682,296.3392897804137,158.251876665776,808.1911828519351,376.0877304903206,85.12728885739277,97.96891178741335,351.7964016702843,122.56049908938847,138.68197100636402,843.5803029688695,367.4612219138778,0.02805284343749315,0.039469381042360197,0.04896560542812231,0.02315999239788546,0.026536580591329732,0.04183285872523984,0.05403008629027509,0.057456389482517654,0.03292442335894072,0.04471087882299964,0.09813801419840083,0.07592253057913298,0.35575004589263215,0.11523830941362478,0.11665267188050042,0.1319135378737584,0.1852458523535221,0.1616096141168981,0.08239800027768034,0.07495501518159098,0.13089880934520295,0.034375949816663684,0.2423857853031724,0.13578196464205924,0.10070637010319056,0.08705132066972261,0.046487372202403024,0.23741067164269156,0.11047787031925647,0.02500661631996254,0.028778914743263852,0.10334215687345062,0.03600283079431462,0.04073860316709879,0.24780642323473107,0.10794378526794761,3404.1906257199807
Sde-AMat_021 ,Matnog,145.72504890244505,241.66119676555442,187.09339442454933,126.24512791113968,160.49782957591663,266.9090456318969,311.7373014949606,308.2290105116811,180.59165119309918,227.80664225263496,524.0618609012967,439.9250693685574,2278.3392191397334,793.5094893484576,873.3309401000345,991.4548215440582,1345.4882934194743,1172.7969879558568,470.0012235253118,398.3394610118861,1089.4540264192383,337.5303812640426,1322.983244999346,925.983927099175,769.5540896763789,795.0060269606515,186.29168329211578,1931.5547432915382,376.32666361406007,127.6597750869472,199.28020649086056,347.9704385265508,236.65099549820204,305.4997047048657,1640.1148720821536,638.6089817699799,0.02277687944234372,0.03777173510030082,0.02924276726178764,0.019732160532951754,0.02508587056612163,0.04171798328575981,0.04872465638069956,0.0481763091927819,0.028226542372084894,0.03560626306755923,0.08191106413057352,0.06876045226363418,0.35610526888791144,0.12402582885626533,0.13650195135116153,0.15496475803522974,0.21030032160645212,0.1833086062156483,0.07346136636506871,0.062260606182192715,0.17028207027289316,0.052756124359416276,0.20678277415273658,0.14473163283825824,0.12028159096145176,0.12425973824267901,0.02911745951306114,0.3019027260968061,0.058819997746681604,0.019953270413644884,0.031147570528703636,0.05438790919963619,0.03698863877535288,0.047749717678204746,0.25635056563280667,0.09981482180397236,6397.9374027652175
Sde-CMat_151 ,Matnog,92.02586075935395,131.78883891532695,145.0072847624215,81.62301102630315,102.36247977481786,166.06942226614146,170.02651008807422,225.49543689176951,116.0804601326597,148.17349585553418,313.3444054695249,267.5258563764632,1333.3982758641396,444.4986818582255,480.75736487139744,551.3029054954454,773.4630311883951,673.6360208921803,339.59040088061965,287.2007160659771,569.3352488832656,194.70853568544456,840.4504476483133,577.330711930311,397.43183864028805,348.47489182380133,228.66677922286823,1002.6855047533599,291.47571260336616,101.49228258838214,111.3136111713208,238.8056441632819,147.64103725252002,137.96023181337438,926.4825195438606,406.9400106661423,0.02366269010502058,0.03388697947317902,0.03728585002074956,0.020987796250064094,0.02632055399760823,0.042701575867673494,0.04371906532200852,0.05798183900957219,0.029847870291048892,0.03809998064974004,0.0805705211729153,0.06878915755072731,0.3428578654738071,0.11429433502834387,0.1236175619199723,0.14175699851207516,0.19888122603450398,0.17321261952261185,0.087319176939739,0.07384817143933586,0.14639367074673215,0.05006557616206491,0.21610575904671905,0.14844955115651304,0.10219199644549677,0.08960365387040439,0.058797289038276156,0.2578214012452282,0.07494740503986475,0.026096799433586983,0.028622166246350386,0.06140430425249985,0.037963069103214835,0.035473835129380835,0.23822726097627597,0.10463684103870691,3889.0701078753746
Sde-AMat_009 ,Matnog,88.30206468577053,144.00201663508045,160.45146002081134,92.41645999609595,119.26407708379755,154.19159418133012,201.00859860359208,226.9077181098298,105.14993187149479,175.6070699583875,349.0872738521702,309.6712896301496,1443.9821951621873,331.2742646060662,336.03467436252754,611.6007522007311,664.2052693633196,705.7396203378694,474.3468776146102,335.5228063196897,864.1424183881844,226.15275200644814,920.4532826769047,789.840100780411,649.3371464800778,475.8188025291246,166.37911227903572,1183.5960128583445,303.6410264217271,114.55833697854548,98.78628582596878,236.20796287077198,136.218754348144,170.42558888899288,1027.5949539126882,416.5365546890333,0.022045483999204665,0.03595152802914518,0.0400582943006522,0.023072683491118677,0.029775456693873426,0.038495456866527174,0.05018378516954577,0.05664975656783698,0.026251720713887757,0.043842042252254326,0.08715309135092214,0.0773125009573491,0.3605044399795808,0.08270589737295447,0.08389438076220683,0.1526921782013041,0.1658254163143718,0.17619487792419009,0.1184253905923755,0.08376658784152892,0.21574170349700364,0.05646127181143554,0.22980026783608204,0.19719139485184292,0.16211344234992228,0.11879287120867174,0.04153819132770997,0.29549645363157434,0.07580698609146971,0.028600622123878743,0.024662973524651844,0.05897165467741853,0.03400835960133014,0.042548434244174205,0.2565492459860475,0.10399247157083384,4005.449129125775
Sde-CMat_169 ,Matnog,96.14597028861894,156.30172441316827,155.08455592359937,91.45500335186698,118.30773990255251,173.6317689061826,200.20690552668262,231.7191342856476,122.3312421442699,173.48795079918378,349.15579205735656,299.20395355558065,1462.9127745733647,469.88169784389345,505.9653983465667,610.185205083809,815.1307897929324,731.8468446345861,388.0281141386666,320.62969142468694,731.7491337741645,206.82549980396522,910.7325313887769,661.174607018668,537.3238000581773,492.7600738877796,152.23795439971585,1204.302817932118,299.9023247713327,106.60821521951283,112.87901981878643,238.0849191063767,159.90866302749205,203.87310800105547,1020.3985682768572,442.5250804565093,0.023517403203146988,0.03823156252245714,0.037933841858248024,0.022369987866518098,0.02893819484050406,0.04247050922659101,0.048970814972187054,0.05667873853185088,0.02992234762634821,0.04243533116972548,0.08540386578738379,0.07318559472247778,0.3578299690293809,0.1149335464898022,0.12375965673899497,0.14925192864010772,0.19938182941328347,0.17901049078350983,0.09491207574235655,0.0784263522381607,0.17898659060657093,0.05058972993856211,0.2227661137185268,0.16172398878771171,0.13142995404468974,0.12052962079683925,0.037237560198237714,0.29457370769649716,0.07335641704001236,0.026076479071967227,0.02761032432545595,0.058235816045179384,0.039113823416672626,0.049867571867513824,0.24959053911509974,0.10824208974499995,4088.2902528861323
Sde-AMat_034 ,Matnog,84.34165887152088,157.66279874700942,144.5315213624004,87.33859436474803,100.38675381348875,166.06777510212513,180.75223393861552,218.55240434994076,118.1249506501061,165.07101006421448,337.48194986797444,277.5930516361135,1256.3991375440728,424.4527707008755,458.07170944411087,528.7152527561976,768.548912680826,655.2283901546696,291.0266834810856,241.49127092042065,624.7334775092817,209.8990347294622,770.9428924260538,534.4466299395666,426.02349676965014,440.4538449917768,128.5150986111748,1060.9410906595003,218.93523814646642,88.94687071932316,122.19295654746233,189.01698813863274,138.1204749964682,185.83013284405746,870.5967153110215,386.14322959934185,0.02215032629390411,0.04140637596393794,0.03795775896236901,0.022937399964791785,0.02636418802174435,0.043613742658514844,0.04747026574603377,0.05739757948136694,0.031022702604616068,0.043351966080682654,0.08863158974933054,0.07290319816956678,0.3299632853365419,0.11147240276241106,0.12030161566598707,0.13885445842313418,0.20184105241085992,0.17208011833231954,0.07643122136308247,0.06342192600415067,0.1640713564175414,0.05512497821646486,0.20246977412688133,0.14035966802445882,0.11188491652378608,0.11567470351554626,0.03375142730198299,0.2786308883551447,0.05749812165261228,0.02335977541366547,0.032091067386594445,0.04964080643397737,0.03627405045116854,0.04880385485428614,0.22864147531074683,0.10141131495690156,3807.6937446619986
130 ,Matnog,77.07785707062696,141.16462558534278,140.16095424232807,93.83580552608903,99.07024545386973,174.79452282151175,183.32534709431212,225.33000014920339,112.46839357259441,137.40819833605275,318.33652949520257,265.1144278173106,1196.9154216502225,374.7907347174554,450.85875621512554,486.66350431045265,682.3778527338427,609.6042565889528,311.88100807574034,266.8349181828345,688.3435640455208,158.57846028947304,754.5440210121938,624.6904551755295,537.2357727187292,508.4650190467876,105.94879608867683,1119.120988214992,183.16594212964364,80.3578569054699,109.23723972899536,122.26282134487981,131.43663326291497,219.03652692601287,869.0054563343663,328.06436634387774,0.02118418388092377,0.0387978791774333,0.0385220287698778,0.02578996140302404,0.02722860204714767,0.04804076622727404,0.05038538966283813,0.061930006080415254,0.03091096743972523,0.037765457563644064,0.0874920480814897,0.07286441270962694,0.328961874989832,0.10300799922143598,0.12391463850939821,0.13375526455024092,0.18754566431884406,0.1675444694102102,0.0857178037265666,0.07333727463980773,0.18918528859240547,0.04358392137508137,0.20737991292009209,0.17169078090702997,0.1476546161143963,0.13974722274173546,0.029119112331423964,0.3075807462787143,0.0503415785838667,0.022085663531130492,0.030022912688700755,0.03360288139299457,0.03612422443425987,0.06020029927386024,0.23883865068595303,0.09016566009404386,3638.4624257361693
Sde-CMat_182 ,Matnog,106.65853862195,178.8544594010728,156.67333809918014,104.8038848357254,138.74021346159884,195.7506802275281,242.4017151508834,263.21602839530874,136.05874686244908,198.65557847138348,386.17120155042636,344.055528621137,1712.3112725941683,563.256111065242,622.0462161926637,735.5193730187261,971.5385792736386,864.8847696367649,460.0731785352847,372.0032500239212,859.9932862179797,261.31396388222345,1057.3725001653913,743.8230415858063,618.1702901581731,552.1843389147867,170.26392590105527,1431.0498182779,373.0517429497012,139.96046023702561,130.1347872738492,290.2896247383978,179.62189409492927,246.55278158692505,1199.9837563740687,512.3424034939522,0.023751164101367343,0.03982805005938828,0.03488866631383631,0.023338162132683166,0.030895244018532032,0.043590570329467185,0.05397901555175344,0.058614032831315825,0.03029812395621351,0.04423744507366496,0.08599419884943751,0.076615706776443665,0.38130454957907706,0.12542819822824203,0.13851982176311267,0.16378849320468214,0.21634622530247827,0.19259611427104822,0.10245099645290305,0.08283922086048362,0.19150685853137908,0.05819047324606965,0.23546007747881265,0.16563758843257698,0.13765671453813702,0.12296269025639088,0.03791507456287965,0.318672086738637,0.08307270359764722,0.031166973612634697,0.02897895215678152,0.06464289313511294,0.0399989455881136,0.054903392178247114,0.26721734129170127,0.11409052344703262,4490.665727656259
Sde-AMat_019 ,Matnog,139.00843393136262,206.3312867940778,174.27563776271202,118.43386949741193,145.99323630596726,209.6274825129806,288.90241135388607,302.273581372984,171.29338096318838,220.6974670689494,455.89809844922587,396.3858222477817,2106.547355928791,711.7791292471634,785.3223329749703,930.2296303025023,1153.4713263493377,1051.2759961683992,482.672405365834,391.85242204284,1043.5839196243924,285.64851694696404,1269.9491477583028,918.5546530599034,771.0713005449043,736.9564329126181,177.47733050564491,1800.1582974698254,381.91947429551163,137.16501438048974,160.46819718813427,325.0610674733133,190.76625059850082,280.6055372566443,1510.4296013931732,596.182683603474,0.022936580238840404,0.03404494232107034,0.028755716730060034,0.019541749186707882,0.024089082109314444,0.03458881908776254,0.04766928992585284,0.04987555112423199,0.028263640311093425,0.036415381561922006,0.07522380491660381,0.06540419858275755,0.347583172399705,0.11744452223935277,0.12957925065559495,0.1534891513598037,0.19032433415570033,0.17346196599257668,0.0796416018916805,0.06465618139693152,0.17219276292435112,0.04713239293304209,0.20954333275337672,0.1515627642713503,0.12722781096539656,0.12159881151079001,0.029284000377472776,0.2970285619714142,0.06301723153920348,0.022632413511350185,0.026477470297989615,0.053635517254342756,0.03147669022640546,0.046300294440608354,0.2492229339450026,0.09837095183901004,6060.556215610912
Sde-CMat_158 ,Matnog,114.35514731366492,169.45499259523157,171.46409219851247,99.79816874762783,103.68900729879716,215.46162796660565,229.95811040554764,241.8680964203836,140.84102153314566,175.5476410477794,402.5184167076085,327.34402072658975,1626.4770540913787,510.2430464555592,551.395841408765,689.5461574064494,947.6991158143496,833.7314647544615,435.0510715367221,362.7643006945971,846.0294809472128,262.5095017668695,1008.9014157095279,727.0595552247146,604.4171634530575,563.826334508384,158.03134675639492,1356.7006157957367,326.78339740845155,113.85717035782159,130.56117601247342,266.3594286490346,175.23358355580706,223.26865314288975,1154.8792900459557,471.5990576572855,0.02422233124154644,0.03589339927058113,0.03631896014152686,0.021138919913016696,0.021963064539714583,0.045638373479899526,0.048708970717732426,0.0512317047888298,0.02983248201863818,0.03718392402983063,0.08526012732571978,0.06933693398365827,0.3445150208491599,0.10807800414127441,0.11679485383530544,0.14605739945593754,0.20073851015740665,0.17659825709803503,0.0921510872864134,0.0768395412051774,0.17920318244536243,0.0556038993890624,0.21370218005447933,0.15400336401717896,0.12802565590754492,0.11942784000538882,0.03347368017621073,0.28737186286224525,0.06921818459604713,0.024116851400381015,0.027655038946218687,0.05641937824057182,0.03711740140467431,0.04729203187896005,0.2446227333411198,0.09989256151665071,4721.062814859107
135 ,Matnog,90.47198159170607,195.63984147982228,236.52820914766176,142.33537983368717,130.52135450450248,242.29287127897516,255.01533586735522,324.5441825496492,144.7912287097875,141.17163879391646,478.9540591330238,434.36350691781195,1936.7908514225614,693.2190368554589,754.7973706379746,381.79951864722136,1137.2482386062466,504.32040392339866,512.4397536520368,680.1424447218759,923.5721968659733,256.8915090177369,1631.6478761440073,843.1476762904587,683.9462626109525,1149.5223495985801,199.63291507286564,1643.1931847778096,336.2465010747322,119.34850386762275,169.47965700416663,297.11218520264345,217.28598136624,251.88146451606949,1401.7135705700364,535.3378536904428,0.01690158731002688,0.03654859553108502,0.04418718489260977,0.026590484780378044,0.024383439272242638,0.04526411433099549,0.047640870562661176,0.06062995129341854,0.02704927592730973,0.02637307967391413,0.08947614173480962,0.08114592614531482,0.3618229544734616,0.12950420528270354,0.1410080053158243,0.07132614745263656,0.21245583505313487,0.09421497340034782,0.09573179546973201,0.12706129246290052,0.17253779399781155,0.04799136917838743,0.3048174534556232,0.15751323023277156,0.1277719053955741,0.2147488317902474,0.037294564402119146,0.30697429846401536,0.06281612821583898,0.02229617526830682,0.03166146214257264,0.0555052232826932,0.04059243448297644,0.047055414166876836,0.2618621133286956,0.10000952024400984,5352.868930720696
Sde-CMat_184 ,Matnog,112.67177605296722,163.20186309622815,161.1285156315914,101.44170680469652,136.41603534496957,202.25586985084018,238.23257997857894,274.3275110416926,146.960527842717,169.98801395760228,371.06369828082074,332.67867395985877,1727.4685350902719,571.4635875129927,642.5175400075004,712.6969967809392,978.2810373442235,846.909137241493,448.28167195999663,367.3974201333482,857.3246956952773,258.84997870560085,1077.73317728692,739.0576090483337,611.570250092244,586.8810317954141,166.25802262751097,1445.8240443077054,359.8504273750415,131.04442424231533,132.03642164270414,277.5056891543127,188.1116134671382,228.97150233705938,1228.66122246063,498.8093881657002,0.021837103016641712,0.03163042264697075,0.031228583750304375,0.019660584746944577,0.02643901712838481,0.03919954420153087,0.0461722498140701,0.053167868021359706,0.028482662635696862,0.032945657754089634,0.07191646824920134,0.0644770032850643,0.33480353004322755,0.11075630178150751,0.12452738567418277,0.1381289821067543,0.18960226367311564,0.16414085872742035,0.08688221126878237,0.07120590082585315,0.16615951531471174,0.050168141915083085,0.20887724718037115,0.14323797591008472,0.11852944030011112,0.11374438212285491,0.03222274197358314,0.28021754609284377,0.06974320569400827,0.025397936308296787,0.02559019696294687,0.05378383597075898,0.03645822250975695,0.04437734505985811,0.23812886090313062,0.09667507140316853,5159.64851047787
Sde-AMat_008 ,Matnog,94.64013088716644,143.07856322122475,136.77435888385656,92.70468918911277,95.88514043505381,163.48077022527752,193.6302649001442,197.12689881852754,105.97400393101131,131.12159966603514,343.0770296452533,298.5395739349308,1293.3406086352118,426.49877110890964,437.67559782863157,553.0282459361096,749.1487675948482,661.1358316486861,333.62617881314407,263.5399034879538,655.4035260801164,200.7660177576374,794.7878453094007,573.6056782510176,466.89356313105236,429.01330791947464,133.43663620250624,1063.6611052943506,261.1749562240032,91.29780113650047,111.12615720706806,220.63931182896687,144.59191094141474,167.4420674293052,916.414530118663,376.9991840106422,0.023712231408336847,0.035848555669464946,0.034269027506392775,0.02322730349254276,0.024024170479303386,0.04096036024101264,0.048514362838781695,0.04939044988394647,0.02655195085767675,0.032852719927228526,0.08595848126554356,0.07479955274080576,0.32404849311040057,0.10685992782452025,0.10966029907405819,0.1385620837593526,0.18770038428685507,0.16564860683770186,0.08359055594849356,0.06603033108954125,0.16421236879712603,0.05030223677178916,0.199135325911363,0.1437177913039906,0.11698090554445466,0.10748994891787636,0.03343275591784867,0.2665019377335535,0.06543778988883045,0.02287480551143852,0.027842830842603368,0.05528152138866193,0.036227727285205916,0.041952869392242485,0.22960908021189896,0.09445772959330027,3991.194639484349
Sde-CMat_192 ,Matnog,103.14460298653538,154.98355083404815,155.42996109029306,86.33259856589514,115.39026768168101,183.54775642728512,207.4355701369705,229.53071085926604,130.04375028220312,157.04865531818479,359.7334581528524,295.2052826936537,1445.06942892505,463.56616080893997,510.06285672831535,610.8932749477112,828.1453304588815,741.3695362671236,365.49590810978987,317.8370392011604,717.2791112832228,205.41014845902822,895.5400083980672,646.2316883982089,535.7666758618064,475.16435026656836,145.55614844660454,1194.914460852324,311.2995853052974,116.81401846632116,122.85876842521233,244.45792540427067,167.17887952672132,204.13910936261078,1020.0478154106406,425.037009454765,0.02482771786371944,0.037305760672009906,0.03741321513470212,0.020780936060373432,0.02777534575021656,0.04418138980757158,0.04993137460554089,0.05524984890403562,0.03130255436019276,0.03780284757725438,0.0865906750964474,0.07105823531604795,0.34783958671614496,0.11158402396715215,0.12277614468365833,0.14704682005732564,0.19934109996500607,0.17845348322877805,0.08797774216144276,0.07650587725812924,0.17265472830220702,0.04944383966411912,0.21556352945662735,0.15555305434875977,0.12896325628221378,0.1143757994672387,0.03503651070753276,0.28762531675256625,0.0749322606444248,0.02811805377143905,0.029573072669089668,0.058842946947788466,0.040241272286481264,0.049137890548354636,0.24553353869445566,0.10230975394572529,4154.4133678617245
Sde-AMat_010 ,Matnog,102.18617178708672,161.3353442839479,154.1977519853322,100.63639910852336,117.32528003090384,177.8037768542052,215.22221579627882,261.2350044699408,128.5737144271721,169.83948841668123,363.2089148223375,319.7413494888642,1520.0553227979728,495.5203938847723,531.880435415799,599.8222432538242,850.8730081181915,718.817176772599,379.80524164472763,319.3985057837466,761.2113368692297,225.08143594432661,991.0569307545405,683.3915204228173,548.5292364474659,535.8998155092144,165.7830373500558,1251.9038786799008,324.2686410636867,117.07747080459167,112.68444128738443,260.3874096895624,151.01684174703826,194.80573714149168,1056.6644379774737,463.45340676313936,0.023397025932419345,0.03694009833240812,0.03530584166944492,0.023042182699567322,0.026863347274922695,0.040710788017461,0.049278289578263974,0.05981359382729393,0.02943884165607011,0.03888724712296236,0.08316201938448596,0.073209481428123,0.34803900747273664,0.11345667719034527,0.12178184310788069,0.13733811860075137,0.19481988108544393,0.1645837575817893,0.0869619923383161,0.07313098232282217,0.1742905236325883,0.05153570293902612,0.22691705055437011,0.1564725328848136,0.12559383080317496,0.12270213925591365,0.037958463030754896,0.2866417931322434,0.07424607137495504,0.02680660771033269,0.025800759034935204,0.05961952454463192,0.034577525518320974,0.04460363671495839,0.2419388536125637,0.10611446917786921,4367.4855121434775
Sde-CMat_165 ,Matnog,87.29885273255312,119.46535540335535,143.3285919267332,74.6995359523069,75.29463572851655,150.84357247851165,182.43667738229067,193.31417512774377,106.04002635467417,131.40579851931955,291.34204447434297,233.4722634329397,1123.7278555160055,343.73633791908003,395.51197102252155,463.7627806107127,635.4890828150944,556.9018086101175,267.92469121281084,232.20072664548235,540.6157429300871,167.08689955436358,714.0187241537086,488.8343217504782,387.69694116275923,374.2028336958579,120.00001487504078,919.953268222908,236.40733568620496,84.97925058012682,89.64812280137261,188.65649276036055,109.99823138437273,141.4708505752687,796.8811229252515,327.1142897910302,0.026620323110734746,0.03642895939444808,0.043705653724742825,0.02277837246457707,0.022959838174949683,0.045997221187514675,0.05563100942510426,0.058947920192618554,0.03233513014060086,0.04006999755111321,0.08883987723652007,0.07119345667714448,0.34266199000361436,0.10481663955355174,0.1206047517604664,0.14141669311979868,0.19378175300549036,0.1698178798703249,0.08169914753953345,0.07080572282876277,0.1648517168906894,0.05095035174556707,0.21772805196326,0.1490618397068828,0.11822168928627494,0.11410688720565217,0.036591994846174855,0.2805243423060278,0.0720884578059066,0.025912999281690677,0.02733669367402203,0.05752763795882147,0.033542118474707804,0.043139166611977864,0.2429955527377173,0.09974802435322996,3279.4062029002766
Sde-AMat_001 ,Matnog,118.01866229118174,242.56588571777777,169.22709431828582,108.38566866011394,165.5347640734115,277.96965793715685,274.0412646194912,282.95958122065775,174.7966282092707,169.16203985457258,486.3187028654461,417.1847627585649,2115.899125945101,697.6604754306209,786.1865970347369,958.7144135008506,1255.3904607719228,1148.49055196658,524.3718189843921,417.21963054602315,1040.9034865808887,326.98578574788246,1207.0859777639869,896.0170454730257,731.128224595529,698.9286838564077,194.52510546672374,1796.749745823889,341.22067272926176,131.5209272771447,163.89570308583438,285.35846450457706,204.04140589458797,265.156371735171,1549.3309064547861,566.707446634408,0.019823369485622983,0.04074332892646414,0.028424752090249767,0.018205333928414516,0.02780455842523012,0.04669003298381072,0.046030188254942296,0.047528180875283155,0.02936025606936869,0.028413825016125722,0.08168602446014135,0.07007372847127184,0.3554035383355679,0.11718469868650559,0.1320542623946405,0.16103343048516938,0.21086553998729554,0.1929097663063558,0.08807773375645615,0.07007958514699171,0.1748385722459416,0.05492317843286853,0.2027519281577039,0.15050227322526777,0.12280621264597788,0.11739771723561544,0.032674010745712134,0.30179662600130536,0.057314185234163643,0.02209131916843796,0.027529248479028167,0.047931116722604396,0.0342724455682685,0.04453780975253639,0.26023815571110104,0.09518876834216786,5953.511706310851
Sde-CMat_195 ,Matnog,111.82920954044164,169.99424715119034,157.98359670927863,97.32671601199749,128.80344580833233,192.16407127847805,242.22589604850265,246.98782893612392,143.26395259729506,157.0652217945462,382.63588284059296,335.6667559189322,1563.2541682997073,545.156653533239,583.2881859318771,666.7222762708999,933.738385217942,793.913574489497,420.52754425256154,362.7102911217712,785.9508217154621,241.67845262093596,972.9615287646731,688.87248382234,562.439975955977,541.0012833866108,162.26490925951913,1322.1336055515458,306.43083297933646,121.64625188755308,141.30440611633443,242.24320823967375,176.76793764809273,222.86211631912676,1103.1010035433249,460.1993383571513,0.023649873975985097,0.03595073718476216,0.03341069983237349,0.020582856461556467,0.027239620789218495,0.04063925773171727,0.05122643662428351,0.052233500102038075,0.030297758860597507,0.03321647999405591,0.08092063285663535,0.0709875041416585,0.3306002450044276,0.1152908636859167,0.12335499951809262,0.14099981458857078,0.197468937030787,0.1678984950502612,0.08893404027332356,0.07670672725018779,0.16621451552128358,0.05111066214886569,0.20576392906045612,0.145684186581239,0.11894597668245678,0.11441207735902428,0.03431612072089703,0.2796075665669537,0.06480463031169544,0.025726002523081125,0.02988334989253586,0.051230097842503035,0.037383251348659,0.04713134418662425,0.23328609603690215,0.09732391385671392,4728.532999964266
Sde-AMat_017 ,Matnog,127.2041137410658,195.3013324234374,176.60576272256796,117.46498976026861,141.2332301907026,226.97066031454375,263.6267951031533,310.5413289659204,169.69031232716264,200.1171481186458,430.6007950896747,401.9684502465585,1911.651604877259,620.1305338433918,686.6353646057347,818.8592799915319,1110.6372513690553,951.7128101862716,466.2360521480079,398.9144159491356,956.2964018618077,317.0679682938029,1166.580267686819,806.8244343140891,664.4176041029918,659.3621823303488,177.83441113353175,1611.7107855622517,350.261631960225,123.95633315809275,169.50360899296533,306.3210159168974,192.1857931149959,243.8461996087083,1364.379731300667,547.3008560117917,0.023328156442701295,0.035816609245170355,0.03238800020147942,0.021542083640831256,0.02590097750693349,0.041624495592170054,0.048346920062451684,0.056950647986022125,0.03111976520536801,0.03669978903105152,0.07896853660449339,0.07371760721095796,0.3505807036500017,0.11372668448319402,0.12592310683614857,0.1501718523591527,0.20368145957739373,0.17453606390231674,0.08550374075068053,0.07315752320285206,0.17537665577102018,0.05814757832740917,0.21394093466948008,0.14796476365368327,0.12184855784892402,0.12092143633903231,0.032613323907616655,0.29557409929775896,0.0642350149373049,0.022732541007768208,0.03108552539613201,0.05617667833874178,0.03524524573928049,0.04471932648349312,0.2502156800040454,0.10037033877895432,5452.81467283988
Sde-CMat_152 ,Matnog,88.35879078178927,135.232941328694,139.44634567549622,78.38908943730628,91.35693580046343,144.95385511182508,189.21596375583644,223.8161284869569,114.66195703218223,140.07230966872075,306.6740524014544,252.51635054498945,1245.4845780971236,383.05748439706804,428.19678852832385,495.6061469325517,681.767211872799,584.9732166843282,296.76675981062976,260.1884840649178,696.8556393475624,183.19801084209405,793.788221205228,629.3807451200028,524.5087899549443,521.6053091946054,122.80237716514283,1107.0611869371494,188.01644641650375,82.04040584864279,100.67401533012385,131.4103896844158,122.75393264641261,221.28881022961826,883.1833583548548,362.63661665117326,0.024656770541240953,0.03773713486180856,0.03891289726481759,0.021874697176037294,0.025493411390676946,0.040449783354178474,0.05280124999208311,0.06245652384673849,0.031996743497024305,0.039087574288025534,0.08557826192630069,0.07046540200709261,0.34755599508639184,0.10689327471907976,0.11948952523935116,0.13830029740813324,0.1902490692431905,0.16323843104844524,0.0828136039003644,0.07260633257086425,0.19445953761630536,0.051121923206267475,0.22150884881316144,0.17563047749061686,0.14636566171125595,0.14555543719092065,0.03426835076498021,0.30892855617314496,0.05246652128501867,0.022893607350466104,0.028093368792138775,0.03667044101119017,0.034254832184975395,0.061751268537057064,0.24645481474024833,0.10119477380243605,3583.5508398798706
145 ,Matnog,79.92104917454472,140.93659097001742,138.88221295029106,85.29849618580627,98.18504438232934,143.1437923075255,184.17119594116772,207.42477687393082,98.8458030988671,142.91848869792875,310.70194678710976,265.8902700156213,1319.1180338632703,422.29944973229607,455.9123160356605,533.2176952172724,866.7295184593922,631.7101381204832,296.0558666998173,298.47030908827435,670.3776600620354,348.61390893613236,830.1414184964874,443.0364084016572,351.1186785845492,472.24186913107354,128.79473343673652,1101.261382168761,258.6593393740308,99.19201643700973,96.01164332418239,201.70781783808,139.19729432215985,173.0766655219876,929.8498635696517,389.27122249588393,0.02004560139408795,0.035349369829424264,0.03483409577682428,0.021394359454935726,0.02462653184457798,0.03590297465149756,0.046193367332382086,0.05202577342786911,0.024792261724080156,0.03584646455312833,0.07792949969987686,0.06668994491875578,0.3308579475830781,0.10592011148137573,0.11435080810747332,0.13374035357388822,0.21739097050117953,0.15844398636098841,0.07425600584002319,0.0748615903538388,0.16814247930800522,0.08743848499419293,0.20821403307107086,0.11112130455760585,0.08806672516965056,0.11844654653527292,0.03230397892415229,0.2762156769169202,0.06487630064297735,0.024879098103799936,0.02408140472561394,0.05059185979431917,0.03491312371317419,0.043410664443287596,0.233222660537858,0.09763605259110092,3986.9619076689733
Sde-CMat_178 ,Matnog,100.55986306081569,177.25544718651105,157.08104029990375,97.5568916850573,121.81632757327726,193.6488265881826,224.16277081185888,257.5826872207059,137.8936191487119,171.8496696418704,369.3499206754754,321.56249542272496,1647.6059867748265,528.5154947305235,588.0104018352397,680.9341980079574,923.2827252496876,807.711075036761,416.457923025232,356.6129591745791,820.9389544034564,239.69168464058163,1048.6505704882634,729.2638129524115,599.8700564170211,565.1665464850252,163.33245982195314,1369.8298314902768,355.4340960988973,133.5793902901569,125.67207840491058,270.3371833977708,184.1601980482211,203.29619864722025,1182.501684878673,465.1115109109749,0.02027923266471188,0.03574591636435398,0.03167747913031906,0.019673643582140785,0.02456588119780211,0.039051859162290564,0.045205401496131455,0.051944971736798545,0.027808080685280276,0.03465576948840662,0.07448431956933979,0.06484735024926448,0.33226164126110824,0.10658217263147748,0.11858011124056544,0.1373194295462712,0.18619223048587746,0.16288567145948707,0.08398427423259108,0.07191574202899505,0.16555324911097735,0.048337013323928785,0.2114743224148325,0.14706573862250563,0.12097176818267576,0.11397334425117664,0.032938160948229774,0.27624438835059273,0.07167800862459363,0.026938059106804774,0.025343444589714846,0.05451708537760026,0.037138351128627733,0.0409973799360206,0.23846717829722852,0.09379591675751464,4958.760754089134
Sde-AMat_016 ,Matnog,114.3277594694307,201.17608527069015,177.76041252621457,104.9876164645145,125.87964365456399,217.65756681820181,249.1401392002502,284.61610500266846,154.265296917356,189.12618328547217,439.64962113251045,370.1141875318481,1873.3574530723015,625.9810685377794,670.8150432667712,793.8123080621135,1093.542965699734,934.9106747980792,428.9956366156186,377.66062162779156,945.6009686062085,292.88689812077615,1139.9393007583737,817.7531567855243,673.3298798819268,686.0843236237366,168.48591609935838,1585.7591409050744,319.8113433339881,107.01775924494962,164.16986785549298,280.2730515983477,199.0240780554957,246.54504626069857,1354.077647148763,519.868717335531,0.021258925996119636,0.037408128426606624,0.0330540497992085,0.019522152618803693,0.023406966438328753,0.040472813662729416,0.04632690963682573,0.052923565909409616,0.02868519899414613,0.03516748297223,0.08175161311000033,0.06882169439310436,0.3483455605529635,0.1163994227891328,0.12473617455702155,0.14760717073628685,0.20334124528701042,0.17384401601807764,0.07977053459101677,0.07022493263309762,0.17583184614785957,0.05446149667655703,0.2119685135732093,0.15205890436298644,0.1252038013673608,0.1275754543839784,0.031329483218836295,0.2948674615912955,0.05946802169664452,0.01989965197093931,0.03052692616149669,0.05211598731827718,0.03700796872485749,0.045844359388215884,0.25178693807458286,0.09666812890257652,5377.870899512929
148 ,Matnog,103.8861704012618,149.81243322134517,146.6252606243548,90.11745761754494,86.72488644950766,168.4992114421905,196.94673839558752,229.9938537338118,126.03819473492945,155.9909770249869,339.3210323812097,277.05342395222266,1349.091541138762,435.6518116268656,470.2143881085096,587.7922658263548,784.0762758542118,699.1635785897319,359.64994578207575,296.67615804086785,722.9247113888,213.12545040351227,840.8111715105836,635.8222098719422,525.6919865237057,484.9551370219825,140.9937691460159,1162.998180689153,248.14507463822454,98.56831564128503,108.19088605330857,184.77126054906378,134.93420632056203,226.20704493470126,928.0123957912201,421.08338807651864,0.026125427117517835,0.0376750224818637,0.03687350823726305,0.02266285360129684,0.021809685461117962,0.04237439738984456,0.04952841788385221,0.05783914875282356,0.03169624655382354,0.03922881058677658,0.08533288758913121,0.06967374971245113,0.3392712677418365,0.10955827526715765,0.1182501162444227,0.14781875144471188,0.19718050555028657,0.1758265517452084,0.09044522875428603,0.07460850000018632,0.18180203183821775,0.05359706109002449,0.21144826973646663,0.15989738325657635,0.1322016937109218,0.12195713865086122,0.03545729355140069,0.2924722712372817,0.06240384102129939,0.02478808619507653,0.0272079825201744,0.04646651312914152,0.03393342693519041,0.056886837228517576,0.23337774524511842,0.1058945894636323,3976.439119404987
Sde-AMat_020 ,Matnog,130.54094265547494,189.52348855516567,181.10034048684167,117.90258822371115,159.52899028693818,235.03613751806338,273.3500641314174,309.48646590319584,179.02868730616888,164.1568152334834,455.4002229325102,403.1929889341951,1967.1530240968368,627.372033048653,713.1015616643257,837.4801630451493,1101.6569069527272,987.8915022952672,491.1764646528679,393.2209400849477,990.7106633923147,292.90536768785904,1189.0690691457078,870.1440826236767,709.1047543723286,688.7844238484566,187.61272365391403,1674.772831387714,328.0717650869243,118.13185740472375,156.43177299883814,280.08795254519634,172.8538844140044,253.821213887965,1411.0552000589666,556.3794448844782,0.02247883420890693,0.032635485781414814,0.03118504008144278,0.020302540180643244,0.027470505813939807,0.04047265371994624,0.04707021910222511,0.05329281997985244,0.030828306420421177,0.02826740606305005,0.0784188155973134,0.06942885632720916,0.3387389871155348,0.10803194485446042,0.12279436208049098,0.14421205604455395,0.18970265161823507,0.17011252442914665,0.0845793977862453,0.06771169366356147,0.17059797714321184,0.050437595019758086,0.20475481427163292,0.1498367038974243,0.1221061215434292,0.11860700983468478,0.032306456692504426,0.28839182595535773,0.05649316349335505,0.020342019778418142,0.026937172497112857,0.04823046717068886,0.02976502031521836,0.04370739838112985,0.24298028845596978,0.0958071930873813,5807.282594919886
Sde-CMat_187 ,Matnog,95.00518640032239,149.91841480285206,152.90104968328373,95.68262865416062,130.57881915502213,179.2130298711843,219.01646836201607,238.89573481709547,120.26980035956657,163.56284142570405,348.333431667605,300.93180333371214,1493.2886001974632,468.62058103239565,546.7649065617234,625.82557228346775,818.6151497864794,749.5113593979612,379.66238242982405,299.1664125225958,736.831366748756,209.00946257432932,913.9592839770767,674.2657712704167,537.810886584764,487.795439702187,166.34617981186113,1253.4143482473821,287.0877305714058,114.57456811160176,106.64884529407722,202.99561629838215,156.06189552879334,203.19538914660424,1054.0617211942479,439.2663288896154,0.022309037253014894,0.03520371494938109,0.03590409474106229,0.02246811366821145,0.03066240751014619,0.042082651601516724,0.05142926125236669,0.056097293732617376,0.028241652464408303,0.03840768763085778,0.08179536084270815,0.07066455070042318,0.35065276195484235,0.11004108718580151,0.1283908713965252,0.1469558298336634,0.19222651482958372,0.17599962140919723,0.08915199847622836,0.07025000312819515,0.1730221162950331,0.04907942464483721,0.21461514351509375,0.1583305162554105,0.1262882960235501,0.11454371122764245,0.039061268788868266,0.2943256936593869,0.06741369728189137,0.026904302860681958,0.02504319135411451,0.047667258365422856,0.03664632188034058,0.04771416885612331,0.2475138789372417,0.10314814660644958,4258.596429905695
Sde-AMat_022 ,Matnog,110.20641572512916,184.55628087033506,164.30706542963995,117.22176273973184,128.00553189803952,246.26254287426664,226.59490135843743,278.9642576526606,144.18521941645056,158.30406634448786,408.73856315000415,370.5365609457317,1853.539518882346,609.6428624849962,704.5169579701328,750.806014321176,1083.4741159378198,911.5521627552698,407.9228377453879,361.75969731202787,904.8523955603202,276.8799064183605,1144.4525435324788,786.5249396989836,641.4637405380682,681.8757673726207,175.7075054799878,1578.579758488731,324.224963703229,114.47987630762913,149.81435389377765,276.2856618204428,186.0675078029477,254.66769805572122,1318.627612054537,534.9281005352492,0.02131748149174574,0.03569914760181885,0.031782295097913645,0.022674476265216684,0.0247604056363056,0.0476351323585909,0.0438307750419925,0.0539607005657584,0.027890079956503194,0.030621121122236323,0.0790632441639799,0.07167374265829292,0.3585344294886096,0.11792462672965283,0.1362763421106781,0.14523014117528862,0.20957890029648707,0.17632363987558122,0.07890545651522245,0.06997601365734514,0.17502768843538954,0.05355751969314648,0.2213740983626964,0.1521393353963002,0.1240798126549382,0.1318968043284372,0.0339875085437188,0.3053483280751942,0.06271558345699405,0.022144106840857568,0.02897893643772896,0.053442573588291055,0.035991467717247955,0.0492609609352393,0.255065184086809,0.10347237778802659,5169.767158836365
Sde-CMat_177 ,Matnog,110.46439322831587,161.55938014566044,160.1665743112463,98.67888852784066,138.1980130696531,189.78763965917275,240.02740793828102,243.7065318437116,136.99187826218022,162.55023129783606,381.0290761431468,314.1557868640494,1662.8564261613958,522.8821589466215,591.0720410888422,679.0391309786573,920.5897018890936,817.0857065207115,413.19903229181216,339.9373747666473,817.1211450796327,244.78955121338421,1042.7823125741106,714.425472634655,587.5604179018528,554.9697704306425,159.45286713712622,1371.5710937548151,357.1614839642708,126.11611762978619,128.36945598840882,274.80926470337556,175.75443091213947,223.2094234274395,1166.3573013290395,496.50314544442693,0.02288384587835946,0.0334687028770904,0.03318016868863625,0.020442356224703147,0.028629153153857983,0.03931647989593855,0.049724169475035454,0.050486338188036446,0.02837928980661915,0.033673967980098904,0.07893412889718725,0.06508063275677176,0.3444779721504215,0.10832046769267142,0.12244670971330905,0.14067000564221216,0.1907097141401288,0.16926778694003133,0.08559846929598042,0.0704215563505221,0.1692751284054285,0.05071069689417302,0.2160231820248511,0.14800065369077492,0.12171924051309495,0.11496774953929627,0.03303231683794001,0.2841351914713869,0.07398970938835922,0.026126263081462268,0.02659306551619739,0.056929592202796114,0.03640935501378568,0.04624014938237739,0.24162302387835177,0.10285578118360139,4827.177818601663
Sde-CMat_196 ,Matnog,105.96024834082826,152.27498837238502,156.38274996456613,98.88153287894559,126.54386667918757,177.3026831183894,222.8568489401212,244.03258938693006,134.2915759118568,144.2659545468022,359.95593817939715,308.19579475010687,1582.859492196995,498.23684463196815,545.5696749061938,665.8200768253388,870.6777030158116,788.2855022643763,443.34828516172263,358.9599393809984,834.9269707772352,236.78249448388277,991.3624709481843,729.0334119615164,611.4883027587365,553.1032002466538,150.5919653215601,1339.6683322677295,329.95941093051124,120.62666762470063,111.44401127472047,253.3937777282821,159.51396821607824,215.87613019887127,1134.4641324089228,448.6102796971999,0.023328691259329515,0.03352555553504278,0.03442993905104479,0.02177020899726716,0.027860474496293038,0.03903576689076029,0.04906517968161347,0.053727327220965286,0.029566245476317757,0.031762250141480805,0.07924954008921321,0.06785379098039146,0.34848956074156884,0.10969409476141341,0.120115106425579,0.14658998303363144,0.19169237179120122,0.17355252931627269,0.09760957931716907,0.0790302564538279,0.18382132762371273,0.05213111327995984,0.2182628804006391,0.1605073190342134,0.13462805200177458,0.1217737217036088,0.03315501350867136,0.2949474864653798,0.07264536792088802,0.026557716980869842,0.024536021502767923,0.055788329116066446,0.035119322333916514,0.04752827282425113,0.24976879446924863,0.09876808401915484,4542.057124548428
Sde-AMat_038 ,Matnog,92.8331931354836,169.05140226156067,158.2729240023384,121.12694369297027,161.15474947019095,223.4924260416223,231.70715191735013,340.71961502754726,147.67720718448734,165.0752037888792,393.9974419669752,412.5346452907076,1889.8320263245673,629.2961660248853,736.1787753544245,784.675028651798,1059.5688464850975,905.5818480083454,442.26277522038856,369.7076913653407,909.9625712449716,275.0175939997475,1172.1546096097945,782.6535851247407,649.5013873873482,643.0464313473485,163.0342674925732,1608.478206270791,398.62662893616374,142.01028934640607,130.6889579016146,309.93834726643627,179.36846569160366,259.7609006920788,1330.4358750716324,559.4256285627607,0.017330910420572776,0.03155999066833197,0.02954777030973621,0.022613034624338894,0.0300857746306496,0.041723515959975546,0.043257112656084264,0.06360851035207367,0.027569669451523428,0.03081767924698627,0.07355487990916124,0.07701556675403454,0.3528103305717449,0.11748249858722654,0.1374362765974681,0.14648998027007104,0.19780955650273607,0.169061920162805,0.08256547341328871,0.06902025735017402,0.1698797517963726,0.051342683847306475,0.21882804902079786,0.14611259955629394,0.12125458559224458,0.12004951808223549,0.030436659452980554,0.30028474476407374,0.07441909692005305,0.026511719788311933,0.024398154860894847,0.05786199473431483,0.033486070080988715,0.048494431233142204,0.24837737658696876,0.10443845706615011,5356.509893749455
Sde-CMat_201 ,Matnog,115.487064533003,199.66211892094105,176.21680187456582,110.15252531580933,156.21382364185956,221.30345150686188,244.08159175947708,290.52727661801396,164.22048577214724,175.26677431860838,423.56669404240233,379.4865907649571,1912.3061743022138,609.3994711123484,669.3467735879586,797.847142345932,1086.2678556807111,948.3859470714441,484.5832236695365,417.7877638210698,965.0537534731887,295.24658032947656,1173.0003460588791,846.5401328614021,696.4326769044084,658.1571724945419,184.17809901950898,1594.5408753615382,375.82349308333545,137.3405057343246,156.39439573159262,304.54433779252867,210.43030620138813,248.79845295517808,1365.0879982626836,547.2282781042018,0.021120913811736718,0.036515313834068475,0.03222750443629976,0.020145303742442087,0.028569249020947145,0.04047320056507757,0.04463899297665672,0.05313323699256473,0.030033551724088205,0.0320537581365796,0.07746422228816185,0.06940260892998945,0.34973314156363194,0.11145034951168627,0.12241384411563515,0.1459147030584819,0.19866268009380303,0.17344607319752275,0.08862326307387425,0.07640733953144475,0.17649437392163858,0.053996329386022585,0.21452479817050826,0.1548199467762236,0.12736746408834027,0.12036742791103734,0.033683510539735846,0.29161846423222565,0.06873268134346401,0.025117592140772155,0.028602273044542163,0.05569675475239282,0.03848465954718917,0.045501638669307926,0.24965485159165152,0.10008013749350252,5467.900942279674
Sde-AMat_027 ,Matnog,121.78190209747916,198.80801641535987,168.7861614568268,119.24305240545463,164.5093935652612,210.2349471792452,260.8053342106522,309.7555253762716,156.09874159864327,187.13394660683565,420.63175609091854,388.3256225418302,1992.5824660008452,659.50305590317,744.9243816964645,858.4612740388583,1123.5255631539007,1001.5313764938969,470.32080628120207,366.052721900835,966.9445721077503,306.79246315678944,1207.3460140990405,831.1190081538325,674.7413015393456,650.8708755444817,190.30291598659244,1675.089011734463,396.94723882294477,146.53254156329947,124.48591723548505,276.04729466096916,195.6382880423973,264.39175030654786,1398.1045304467941,594.5187840558442,0.020503534733032538,0.03347186239967598,0.028417300635649383,0.020076087042153915,0.02769725227460766,0.03539573177413971,0.0439099007032093,0.052151289016798746,0.026281211863389872,0.03150638401846848,0.0708187150330701,0.06537956586636127,0.335476643872568,0.11103574160328086,0.1254175100777343,0.14453289237616068,0.1891598423970813,0.16862056685341892,0.07918449967660757,0.0616296392842285,0.16279743769529223,0.05165241974240805,0.20327208319552503,0.13992947357092064,0.1136012943930683,0.10958240406496178,0.03203992038657145,0.2820225759450479,0.0668311248076333,0.02467062021299169,0.020958790130968196,0.04647607892928458,0.03293819824539716,0.04451371954429165,0.23538870970729703,0.10009481153096224,5939.55645615
Sde-CMat_175 ,Matnog,100.83039547636419,168.99356427757834,160.64117418825097,99.62478177009974,125.95586123340983,185.74133553695043,241.14511651943113,260.2552252759779,142.07300267021182,159.86386077184545,368.1564028731403,321.0446731800731,1579.6779198741747,514.3950769952021,575.2459062543686,668.8367697368469,904.2002360173325,790.109784391163,418.84223718264144,353.3769659913475,807.4999661619561,244.5902024133633,977.4233228055488,708.649455065232,583.5506471449158,539.0978297572714,161.8907510545308,1341.181468724218,316.68669450647894,116.69356713242607,128.7189398460462,247.81730893430338,171.0492053474672,214.17305672341237,1133.4550847207136,446.2262399002998,0.021818582435043175,0.03656833830475685,0.0347609734637021,0.021557700962639204,0.027255455346718502,0.0401923707812685,0.0521811362410122,0.05631635242535312,0.030743026504153326,0.034592771437184366,0.07966497391116079,0.0694705166434948,0.34182483122037854,0.11130940564674356,0.12447685211126809,0.14472887988932037,0.1956589309614899,0.1709710190268352,0.09063282788957769,0.07646686722492346,0.17473406203320105,0.05292661472711199,0.21150359712281144,0.1533439046811395,0.12627390619268894,0.11665480814135186,0.03503136807771748,0.2902168368720833,0.06852749825612504,0.025251197340735568,0.027853354999888495,0.05362492488766573,0.037013156297667965,0.046344680801934816,0.24526714474897426,0.09655842322096495,4621.30827135767
Sde-AMat_005 ,Matnog,122.78609566335273,206.01246281099108,172.41914768940248,126.17916175629009,146.38876950042987,218.41601996284518,249.41130048933232,312.22253081191946,167.61303300376136,199.43922943493334,428.5830330227505,403.88117707315854,1959.4975260570145,686.8285939904731,744.896985796157,830.2210287661954,1139.5448270023298,965.7652029841258,485.3751874789336,418.8572948929026,949.0344801829699,292.6613593507178,1228.8255184059453,828.9731343831596,668.3395068130344,699.5771300189067,198.96760619761702,1655.3242116412725,349.72723318895237,125.07737714027265,156.6119869302475,291.87361349435116,187.4288520245749,257.4694234973157,1387.1444044580794,572.4048895151404,0.021256727418274505,0.03566487510725265,0.029849200793659037,0.0218441349798563,0.02534282203172944,0.0378121787735964,0.043178081369040965,0.0540519608141074,0.029017166276544482,0.034526917023507936,0.07419628957044067,0.06991990456276365,0.3392281883640754,0.11890375800824259,0.12895655730577246,0.14372785460813123,0.19727798687325637,0.16719326043376495,0.084028146673231,0.07251256990128109,0.16429683790177116,0.05066553104381056,0.21273425910529356,0.1435118191474084,0.11570292745637717,0.12111078441358944,0.03444526961428301,0.2865697077965699,0.060544774442760345,0.021653394040258844,0.027112665311372432,0.05052915649054216,0.03244768062932728,0.04457310352817256,0.2401424227723097,0.09909472765280235,5776.340508454418
Sde-CMat_190 ,Matnog,97.83537799426132,180.4753931753856,160.9318471187726,102.55285654578326,135.26217791138066,218.5461325314405,225.93050184924127,266.00179308703923,138.9360899984234,168.81535151152576,383.24476146370216,335.9272185074916,1669.9976658847668,504.73542518647344,579.0315070189015,640.7296977695431,933.0573699850187,792.3071258476728,420.27873646597914,357.24291757519836,866.5125192196358,254.90910938803268,1078.1728286041575,752.8073004089424,625.2461795339175,621.2625018293313,159.65060562728846,1406.9168213442115,331.4759950724185,114.78007584750944,133.02892980716663,262.8601187658754,175.01411828695424,219.871723252923,1196.899909899675,473.0998706067882,0.019629701844458402,0.03621060429185466,0.03228938489310857,0.02057621730054868,0.027139019418806063,0.04384912195160429,0.04533072268734529,0.05337063131392177,0.02787615357569184,0.033871132149487546,0.07689427439452758,0.06740047696373268,0.3350685297519092,0.1012701755731712,0.11617695024385924,0.12855608255373446,0.18720874137834637,0.15896859570105476,0.08432477553137056,0.07167726135280947,0.17385717462827907,0.051144993940913874,0.21632472420699783,0.15104334604018146,0.12544946761852777,0.12465018205139856,0.03203231644829653,0.2822839579007908,0.06650738296578568,0.02302948803144697,0.026690940254303887,0.0527402854055076,0.035114853450509485,0.044115088631183214,0.24014613987966468,0.09492281415019252,4984.048090464548
Sde-AMat_015 ,Matnog,139.98254343888743,208.28471027408608,184.6409535885796,115.74498788785631,154.69759580384562,243.48919189526663,255.60195219262317,316.7045849244687,185.66503144364583,192.83277156386046,469.0662982297705,410.4130815371508,1965.8277872170647,654.338035276454,719.8888569416947,821.7175083537225,1152.513537795457,986.4637376123056,464.88267311333516,412.96727832960323,957.9670913219514,297.00381061185067,1205.0525631913158,819.0446259440081,677.9964118946057,707.9657344143429,170.1986762727609,1651.921693441702,341.4307267056672,110.27736142454621,166.68675452608693,325.12554456154317,196.44079341480986,249.63779172080487,1402.355634279215,564.2297401146453,0.024212868382237508,0.036027137041559965,0.03193746161043918,0.020020483188718758,0.026758140223979782,0.04211647831953638,0.044211630069322425,0.05478059079684535,0.03211459699967225,0.03335440550625656,0.08113469195920953,0.07098940826107998,0.3400304659760102,0.11318126058023414,0.12451962733895011,0.14213299307448962,0.19935098987232766,0.1706292517329807,0.08041104769745845,0.07143120928311229,0.16570016894156286,0.051372935501113166,0.20843869806500195,0.14167066292676042,0.11727346483027906,0.12245727735324569,0.0294393718401218,0.28573393194937025,0.05905748705719995,0.019074744408246018,0.028831912531754128,0.05623716946969704,0.03397848730996671,0.04318000548980673,0.2425663340851903,0.09759517222020096,5781.328392367516
Sde-AMat_015 ,Matnog,98.81007573825654,153.3788975548136,147.52508864803298,94.79695979539643,130.7608864743965,181.2039300634509,211.38240957877744,272.82165286980063,128.84548271980665,159.3075284359468,336.6016905148428,313.52196649714995,1548.7787456308051,494.7959532482253,561.9402029551721,623.9229218453589,883.0865829989323,737.0414982616174,407.62931434244274,347.19670379339726,769.9672764247841,256.897401503577,982.4379393381754,670.9967569414622,530.5525902685707,529.5935122078914,171.96604909775058,1289.037618453899,312.90557687174595,116.62346267801352,122.20343483306847,230.11434666332755,166.1387555274506,209.67263195097732,1081.4548648577895,467.3260268812449,0.020294393816854363,0.03150216945909275,0.030299867948895456,0.019470148366493197,0.026856703692667475,0.03721709441464997,0.043415388905388666,0.05603426597679645,0.026463302940532663,0.0327198384973718,0.069133913881642,0.06439361786527104,0.318100411968775,0.1016251010757754,0.11541571742647622,0.12814621780913915,0.1813752975681789,0.15137940451243265,0.08372212828247974,0.07131000139461346,0.15814196089929083,0.05276361745183433,0.20178086387022542,0.1378146138787932,0.1089690816145561,0.10877209858707529,0.035319745455544185,0.2647527276766873,0.06426701889538755,0.023953047927443925,0.025099106682643545,0.047262702099980354,0.034122889874587434,0.04306422127133343,0.22211774212899965,0.09598311062443472,4868.83602584845
Sde-AMat_043 ,Matnog,83.53966972809984,158.5066552439045,136.38643601480317,95.43623269728326,102.10024519270264,163.58549511215838,204.10266329494573,225.28596354404772,119.13115593764715,135.1327356932435,337.4623041423441,286.8790891341681,1362.2207267710066,444.156489748208,480.9868138257118,565.5382680433926,873.7221131731816,676.6869237766089,361.97804707364514,324.5342109658702,723.4109864944685,314.76208727489717,850.9594902598831,547.5734334583902,431.3098722652776,504.17030409599687,144.3652533470572,1172.235221600874,239.0311848836675,93.33163605894855,114.53420340356857,195.54424246405205,148.6795616795059,198.52524156058843,951.6791063618294,410.5420843655859,0.021024357971777458,0.039891235763840086,0.03432425891319555,0.02401835590487885,0.02569548228912368,0.04116942309470988,0.05136634451719309,0.056697527761157454,0.029981637181194842,0.03400874121441134,0.08492885245251329,0.07219861754547294,0.342828937311145,0.11178048783706666,0.12104954432414965,0.14232853724203687,0.2198889046963994,0.17030122535323927,0.0910987087256986,0.08167525018523912,0.18206023066979532,0.0792159080871413,0.21416025465428895,0.1378073425276195,0.10854739048862486,0.12688411369776717,0.036332281117864455,0.2950154460303398,0.060156775981626255,0.023488693850257814,0.028824726027843365,0.04921245399060292,0.037418059444224216,0.04996267951008501,0.2395082751887183,0.10332077888594336,3973.470668652107
Sde-CMat_181 ,Matnog,96.95495986616673,165.40801651044603,149.7198717714185,97.04710645171244,109.42734340648136,171.79527467415977,205.84813413711092,236.3834073628054,135.00784382297942,156.01202099546688,345.66148882594655,297.2968468061846,1455.1036734131387,471.68604862567213,509.8879737729553,596.248659072924,830.8181890360189,715.1524512046434,383.00436193631003,328.2255906675163,712.1788870937977,223.46355399608245,938.4112115440436,638.5360073300486,508.57938295750847,475.71899162736827,163.44519286916938,1181.7106252335427,328.5928523687634,115.66850167219233,112.13539582379872,250.41737446129827,162.89699188017556,186.09256215657842,1012.123399192381,443.01670755524566,0.023230921860952162,0.03963263676281669,0.03587367419835655,0.023253000670860603,0.0262193710114116,0.041163057645995683,0.04932230311850975,0.05663871629931156,0.032348594386471675,0.037381306475891295,0.08282232335860212,0.07123389898975158,0.3486505464321384,0.11301847531730097,0.12217185890138482,0.1428643364686098,0.19906843813658956,0.17135431478220797,0.09176987352506896,0.07864458981868697,0.1706418330731449,0.0535430510086281,0.22484829614610027,0.15299660906636206,0.12185831361165886,0.11398478981912122,0.03916233382318091,0.2831441241887105,0.07873258766733719,0.02771478558527872,0.026868234712545628,0.060001329140514224,0.039030981962925475,0.044588763445741364,0.24251012668908759,0.10614914936294641,4173.530454214737
Sde-CMat_155 ,Matnog,88.68665135565782,144.27970674301358,156.34049380758657,79.954964486891,94.80655064145093,169.0900333792622,190.5079406892007,201.88093178554527,113.00096783346594,145.8271022466331,343.78850249031024,268.9872685843886,1266.3506143345173,407.2465764282493,423.04256863831074,534.0788802104049,745.742389062235,663.858621852364,327.1371259279662,282.31031909246605,651.5859714935859,190.20173429871775,786.6247583200009,595.8468258279221,482.8836194457212,431.917713560222,134.62935741586972,1044.9610386805145,256.5527388708995,91.55873189510645,119.69242844457628,214.41853560958765,140.38487219155775,170.5136226962527,893.0760210750482,373.2786476952707,0.02240448103810647,0.03644868652153919,0.03949554499417704,0.020198637093255697,0.023950521681289756,0.04271639969115587,0.048127102326404554,0.05100020622050429,0.02854688955341929,0.0368395975852602,0.08684963145439356,0.06795295646379731,0.3199120486878341,0.10288073864498672,0.10687120398039733,0.1349217718971164,0.1883933033851229,0.16770740216166619,0.08264307449518093,0.0713186944628667,0.16460702168673,0.04804974688266579,0.19872121917433538,0.15052591012081282,0.12198856006072094,0.1091132890413835,0.03401076531010419,0.2639834678478258,0.06481168118814823,0.023130040894098106,0.030237320977846885,0.054167520611624644,0.035464753251754196,0.04307603419500762,0.22561348831993094,0.09429958462046711,3958.433636771853
Sde-CMat_150 ,Matnog,104.3227313335881,159.24813076384916,158.92339615503437,98.51742862889795,117.73503966963277,186.0368993188717,223.52003760479738,254.67002232163094,138.1766513527521,157.1082379042232,364.8369162188086,306.7301713895129,1604.5855261737158,495.8496114997872,548.3427339767802,683.114361285561,887.8380580776261,813.7991352787983,426.26730551719544,325.23179672475135,835.6862817122226,249.7219143162251,980.6010398613495,726.8470348659955,598.5687212046416,538.7615505300004,152.71993629284268,1345.7820711522836,328.55075410048914,113.1516934146811,107.82835995228712,233.16202558652236,167.73011021045085,198.14560488310107,1156.1460975466423,448.50716648389243,0.021120441440018057,0.032240248862687955,0.03217450539334675,0.01994514096380717,0.02383580240848317,0.037663713243689896,0.04525228398983472,0.05155868931165858,0.02797426635563931,0.031807021307658515,0.07386229851974004,0.062098418435802036,0.32485302299731234,0.10038620105956887,0.11101358691408468,0.1382984962139488,0.17974540614630694,0.16475601013198696,0.08629906012700025,0.06584412648468867,0.16918712680835224,0.05055693040416905,0.19852554255109262,0.14715230362067272,0.12118198462043964,0.10907384836116364,0.030918596838518313,0.2724575081715359,0.06651605909228152,0.022907890581984953,0.02183016618557642,0.047204332598322546,0.033957450357581236,0.040115156026240856,0.23406515183405155,0.09080158489007685,4939.4200225342875
Sde-AMat_035 ,Matnog,91.15014626082615,148.67160866453287,147.57383827565786,93.30060896735881,132.6978753902639,158.65651086167247,234.30594087485275,234.19671381063398,114.9870449128944,158.0846374732536,339.56942219234054,317.9244036886285,1348.9701158009875,424.8677395981485,475.93580277307365,544.3025173645719,753.3217807728447,646.5998106648116,321.19315206755266,245.93757146479263,665.882811843916,220.46570062685464,843.4789340524396,584.6918073443137,460.30508921115586,430.74679951856865,158.99357760327914,1111.5454384106886,285.5789697823704,112.62395744800484,101.40120636979626,218.52808817074296,135.45327307968608,163.77443868015553,961.2725513706557,387.70417904216606,0.02156270376048665,0.03517012299744462,0.034910431722516636,0.02207142253046263,0.03139133719542863,0.03753217612611726,0.05542799216086258,0.05540215313673598,0.027201619388032814,0.03739689234469911,0.08032938132541287,0.0752089822801907,0.3191157028484885,0.10050776199664459,0.11258854917071827,0.1287615480553923,0.17820766133107344,0.1529612484554418,0.07598224547124062,0.05817959942591948,0.15752288284764945,0.05215391073934098,0.1995354602190077,0.13831613826348124,0.10889090895919065,0.10189852693399776,0.03761191346714115,0.2629499346735628,0.06755726653494903,0.026642601579989735,0.023987719862250838,0.051695544350391795,0.03204316087928019,0.03874288577327152,0.22740100930809812,0.09171625830930544,4227.213213764849
Sde-CMat_170 ,Matnog,115.81068227313924,154.52113924851835,159.7517654670833,97.27253256341179,115.27032495312913,169.62857571567943,209.85943489888652,245.5034863999491,141.56094136703106,160.19679061544898,353.9284850529694,292.0988183695545,1484.5273388978894,483.4857703229952,532.4074763410823,643.0917946960994,835.9001872938298,765.3924447919904,389.22826208189196,309.2073275021147,724.5167855053738,217.64092594521358,911.9350627216884,629.7874684384328,520.229833628609,466.0452402398827,137.4238626652591,1223.015094736627,335.20552447959443,117.61274843098424,107.32479478857616,265.7948598287031,149.69724488433314,184.8380297295175,1053.7967028506825,430.7382498171714,0.02618814465874249,0.03494169853804973,0.03612449440263605,0.021996132861775743,0.02606595424084598,0.038357926850146794,0.04745528764066938,0.05551543855776657,0.03201102297112893,0.03622512745939235,0.08003346654634555,0.06605199071419209,0.3356945658020096,0.10933011571246772,0.12039272832304283,0.14542165383873157,0.18902120767660838,0.1730773679205775,0.08801576704842272,0.06992071942958124,0.16383419917820954,0.04921490781716831,0.20621489203914373,0.14241316089331274,0.11763901111235768,0.10538630745767744,0.03107550982691757,0.27655908412014446,0.07579966366813559,0.026595643935147455,0.024269240075489782,0.06010390494313406,0.033850876508957205,0.041797224280028744,0.238293911696955,0.09740237579864382,4422.2560926811475
Sde-AMat_014 ,Matnog,119.27629854015424,213.3257231278029,179.86623525056058,119.42264019732606,142.434100328573,218.0354735340101,251.70530443542498,302.47933197342593,182.4071476502223,182.5932029391018,447.1222105480559,399.5504914958934,1984.9781562039666,686.510407841061,726.9377148794591,886.9833765589578,1156.1738729043009,1029.539314343503,494.9908338805983,409.00692013637126,995.4885626616159,299.8432742891027,1203.1990146625785,862.3742491513993,713.7622930876636,684.0630365101157,180.9027375565112,1685.247044525876,367.18417486732733,130.0463472129841,142.16613042243935,290.5907126644107,183.82348244500753,263.61825771983223,1413.2865478444562,571.691608402152,0.021260778198280452,0.03802491307089934,0.03206082163703733,0.021286863326276363,0.02538861326198813,0.03886441731425011,0.044866002000646145,0.05391637790039299,0.03251373454271642,0.032546898551642736,0.07969870177340242,0.07121913140059741,0.3538186615782422,0.12236920235252109,0.1295752945822176,0.1581031358734976,0.20608584078579545,0.18351346643522903,0.0882311947815385,0.07290472220391515,0.1774439833287457,0.0534465055248229,0.2144679847733443,0.15371660471962223,0.1272268001720741,0.1219329629682268,0.03224557624376587,0.3003921488300569,0.0654498957070233,0.023180519327241078,0.025340848125009103,0.05179725363759844,0.03276619358357355,0.046989463749259955,0.2519156965138298,0.10190296507201321,5610.156760386183
Sde-CMat_189 ,Matnog,101.93387928701624,126.94325115499447,149.29840134368484,82.169705371262,86.44281035979797,152.9622483264744,183.1124070140797,210.61122524547454,116.359459297214,132.0771808588069,324.2851402331596,254.01677091627238,1249.6277555805368,404.40407730764775,429.7719228068418,518.2675886706596,708.8964090551807,621.0299930625655,343.7167148432703,297.845142276385,644.9436601916946,180.65516621500197,811.3060072122971,565.0573919889555,473.56568629875414,465.6554437309736,115.59268461580955,1049.1252683451153,248.38480259758242,89.73737073599828,95.0965831667994,195.47926912081996,128.433383678894,171.44073925948874,887.4605200382099,362.1730611146555,0.02860335857553472,0.03562116302183121,0.041894174324153835,0.02305739331437001,0.024256456423445358,0.04292227538091376,0.051382620519183166,0.05909898100480068,0.03265127709465567,0.03706177955920693,0.09099667560663616,0.07127888032456217,0.3506542773494108,0.11347860901152117,0.12059700366281387,0.1454295056806774,0.19892128429666286,0.17426535418821268,0.09644931117930242,0.08357742748634649,0.1809756962308664,0.05069310158618395,0.2276581329102281,0.1585590513366763,0.1328858396150318,0.1306661702944068,0.032436114762835665,0.29439187884367835,0.06969851067285934,0.025180933078786476,0.026684765523042258,0.05485284841365261,0.036039304617189814,0.048107469016128425,0.24902762117792515,0.1016282908677749,3563.70315806911
Sde-AMat_011 ,Matnog,102.16472718751811,164.40709036245977,160.33783082703837,97.88528527148499,106.66007982764685,189.04406167983694,217.60611337039686,243.51364668710048,140.02124631087244,136.41917283552925,380.09256143797387,329.9250791974596,1541.2603027250136,537.6371737594417,570.3806812484801,647.2765477335324,924.6183625805514,772.3320981436742,337.77793944098823,293.4817195837076,802.7879495374601,243.7581587418357,949.6305502438091,725.2452018564204,571.0297252431697,600.6674714465233,179.51059952273025,1344.4720165838335,225.60381596464612,99.66880294254534,126.56747114962032,166.57443636404713,147.05785389434328,262.5864433892389,1069.8964600174588,471.397541666787,0.023457565834406745,0.03774874413105499,0.036814420455191475,0.02247498316381815,0.0244897227579127,0.043405524044703825,0.04996352333018417,0.05591203105015496,0.03214962437597798,0.031322569109309036,0.08727127775454846,0.07575255647177807,0.35388157942976217,0.12344436035480648,0.13096244417608202,0.1486181449264604,0.2122973036684673,0.17733156576611658,0.07755561503437633,0.06738496688484097,0.18432439155618952,0.05596817232101383,0.2180402352547916,0.16652016343575257,0.13111146813624894,0.1379164526146252,0.04121659032622298,0.3086979401770086,0.05179983846842425,0.022884488326093348,0.0290605658990036,0.03824637832357682,0.03376526697772634,0.06029124681868029,0.24565392907861147,0.10823538781178416,4355.299603919962
Sde-CMat_173 ,Matnog,96.9492960359177,152.32380838611536,143.36314522289194,96.57207330155026,115.7814244754745,171.93988673931946,201.5614175507059,244.75357502271544,133.81178469451038,137.33253702629975,336.5312333932915,302.53790884373484,1451.5094068364353,475.3245157337038,529.6560171108132,593.5425354635335,837.1555006719182,702.710009723506,384.0733000190978,339.16026510598203,722.4668607500275,228.9562683352434,925.9747118242269,618.5859527802098,509.74520352819394,513.9380488039001,136.2547007812943,1219.0267185940963,295.6451176732671,102.19167970656912,111.39807823997693,232.84144143904015,148.58938909158354,169.23345236238012,1059.3427481812766,392.19437085200485,0.023234047471091528,0.03650463427510904,0.03435719760646461,0.02314364546431243,0.027747195931542994,0.04120565753458836,0.04830450281948015,0.05865556959475352,0.03206819940839918,0.03291195310394375,0.08065022616840814,0.07250367380982252,0.34785645530298065,0.11391224912699727,0.12693287675181017,0.14224337884787433,0.20062559955144732,0.16840553146748366,0.09204375534316925,0.0812802776500922,0.1731402911140047,0.054869720821224134,0.22191125971233297,0.14824507221301694,0.12216121974261186,0.12316604154285068,0.032653647994918086,0.29214162254309833,0.07085180583541623,0.024490392757193093,0.0266967202841484,0.055800808513635836,0.03560967496427539,0.04055705638571661,0.25387311415115177,0.09398998242230096,4172.725228204204
Sde-AMat_042 ,Matnog,91.65542264879913,146.1805273949988,151.3893772075174,91.00266099142378,99.62127787922618,160.4636365589725,196.29582334397742,225.10882538008144,123.94422817158531,145.01320257038668,338.3645113506586,291.63363074021487,1373.7488233559002,426.64315472938273,456.1262739525208,574.934184767648,755.1769024122559,676.6873892197565,354.92629103660386,265.04317892064296,710.6807280791354,217.14749030776284,859.24349335171,623.032183030893,499.3611564821698,477.7547350313652,145.26606176079116,1142.3392050557313,249.25636489367736,88.67605687422058,113.3985293735769,216.01057559758496,132.92008993906828,174.43343812185216,968.6584676536771,405.5761255069757,0.021882840912168147,0.03490077436769648,0.03614439344105433,0.021726993291928134,0.023784698300407265,0.03831088362837821,0.046865860740380315,0.05374499916489013,0.029591831543376846,0.034622074180718006,0.08078492857516692,0.0696278753803742,0.32798416161325955,0.10186155942984944,0.10890068912789869,0.13726621880786632,0.18029938151452998,0.16155991710721057,0.08473907312675137,0.06327937345725325,0.16967586709506388,0.05184422096976285,0.20514540358270258,0.1487496729644341,0.11922306863268604,0.1140645098739653,0.03468244461245998,0.2727348406624222,0.05951025287629438,0.02117151379828772,0.027074033442235426,0.05157278123368901,0.031734829190772626,0.04164619032754009,0.23126835852485936,0.0968317812056805,4188.460859203767
Sde-CMat_188 ,Matnog,100.44544522406183,151.31513470185325,154.15337761852643,92.96481264569941,124.57339538577247,156.66499111345837,221.3901518477505,243.18609899120463,126.44554828423182,152.5403207078378,350.3055998915519,307.45778291064613,1449.628312945315,471.35889150847675,510.77149860603015,585.467463146587,827.4686549613587,679.5394174749247,389.61992262460103,355.6407896642341,851.9154583553993,237.27215568835737,951.398649946572,733.5526104427753,630.8249132810862,642.9536887785075,138.27475815650524,1334.447973777779,243.45068555305,115.87459943387086,103.62793855500534,131.65733103116563,151.08183131005535,302.44325116664453,1028.8480650210893,420.7879068821252,0.023596200164833145,0.03554628284467309,0.03621303032962721,0.02183888301336984,0.029264231605311636,0.036803047474067256,0.05200799623984262,0.05712820383543666,0.029704029491942306,0.03583409812760478,0.08229224366982951,0.07222662383159527,0.34054027796447073,0.11072954805165751,0.11998818356287742,0.1375354295019301,0.1943852801790977,0.15963439734738058,0.09152779065241837,0.08354556287721378,0.20012821521203358,0.05573892640602038,0.22349836700523235,0.17232293797725326,0.1481906012715675,0.15103983961933998,0.03248289520671261,0.31348262162188634,0.05719035934144593,0.027220748896700564,0.02434381743600634,0.030928358466122755,0.03549147624274387,0.07104863219145241,0.24169244137735502,0.09884963579566367,4256.848328222008
Sde-AMat_047 ,Matnog,109.14576706414225,100.36168028291476,146.01895109313722,87.16997205597812,104.29240990048118,160.1532204925333,199.84612358757425,207.40741256466706,131.19002177010262,103.1646725126872,327.0386268782634,283.6747409361644,1283.9171217901958,510.91250155696906,568.5698029542634,529.8331650370048,798.1245962652824,638.355286044895,258.4257594066234,267.394071001135,540.570837497446,155.52786410804353,817.7056789776198,508.8886923530919,404.2028077579867,430.1811675447451,143.76555770962665,1073.1659307774635,276.63747547953443,104.50565115939891,96.62948000610373,200.28161411594942,138.3619718997962,174.06930935245313,905.2338555008313,378.68335232217447,0.02957266163513765,0.027192644222256524,0.03956332113601235,0.02361839728370692,0.028257661584690678,0.04339295170851618,0.054147604171182244,0.0561963088205678,0.03554547490086006,0.027952105106600914,0.08860996550243927,0.07686067315107607,0.34787282760996063,0.13842994501863526,0.15405198800648015,0.14355643222980288,0.21624905173063966,0.17296011915984918,0.07001955042603121,0.07244948290400914,0.1464657668101806,0.042139727667128896,0.22155447720958923,0.13788160103416205,0.10951732886512075,0.11655607406316579,0.038952772125694306,0.2907705337815694,0.07495395083116,0.028315438553658416,0.02618141768631732,0.05426559879788524,0.03748868955915155,0.04716346703136025,0.2452699287336082,0.10260292218663963,3690.765762336976
178 ,Matnog,103.29963133883875,158.84313599586224,156.9566983842996,91.66313060511304,121.77608844945703,183.5191595813908,220.00678194148932,240.40063145850925,132.05977397303846,156.12129066161984,366.09533367472744,306.65723116130823,1592.4648585816049,526.3453525569312,568.1630386715595,659.9664925857147,887.9631176067223,791.2064865045345,402.2750561974854,329.0854046748351,804.4306354783114,218.6422283377343,1002.1257395656542,722.7806010822441,594.9693799946767,563.2724789409206,154.672474251109,1332.8214266925106,315.9892107744186,121.25499007974865,117.87986346802414,242.05977952117556,164.15896617608183,202.52597527764183,1145.1330342134272,447.3437908517789,0.023873915777541378,0.0367107568677253,0.036274776099214076,0.02118456602031901,0.028144070232201168,0.042413713414328556,0.0508464871992647,0.05555977648634978,0.030520766440025836,0.03608170228711359,0.0846094903672248,0.07087255602398755,0.36803976374093184,0.12164539654189398,0.13131001880020146,0.15252701539958718,0.20522006137436685,0.18285831978910166,0.09297110441335728,0.07605600458586742,0.18591459612559724,0.0505311207513136,0.23160455845597544,0.16704418953129835,0.1375053200491761,0.13017974553977393,0.03574686158619959,0.3080327206878998,0.0730293003650234,0.028023637483032635,0.027243600928956824,0.055943227623562825,0.03793931577316797,0.04680644077695701,0.26465544221756465,0.1033870871365446,4326.882623755194
Sde-CMat_183 ,Matnog,90.68812890191307,149.94057803746787,142.06262221868917,86.7674554899474,113.629103551555,169.859844644813,196.15500883548705,236.9126434339248,120.85182880986947,144.9516756947984,315.1710456615582,277.1781101599656,1300.1917248657217,412.9530851531806,474.8393443192551,522.2369456239188,749.3939272574338,641.0990232199078,328.45488589407523,267.09245653892964,636.7176332191843,207.5222836624779,817.7491202632077,559.8233993659429,439.3580317705026,436.0866099540892,153.505598617412,1080.9621128948877,246.66994489659672,97.02588084959604,99.02082158940114,192.2952928651403,132.49199618754332,164.70793078671102,914.5234716505094,385.6713011944239,0.022214865784875564,0.03672928151833049,0.03479950599762663,0.021254461874377524,0.027834462075887776,0.041608683481667186,0.048049918408003475,0.058033864413688414,0.02960373302851741,0.03550720540651521,0.07720395782145976,0.06789724951067104,0.3184935560169944,0.10115654025732884,0.11631613124182613,0.1279265962967065,0.1835707243671394,0.15704292202399425,0.08045795293026028,0.06542667872861875,0.1559696614771531,0.050834433731883635,0.2003149383751814,0.1371337332761407,0.10762466736793502,0.10682330342474528,0.03760256509648697,0.2647913078289222,0.060424002406834876,0.023767354634302476,0.02425603315617918,0.047104446566350065,0.032455095815902654,0.04034667624567313,0.22402067862496114,0.09447362402171813,4082.317209571251
Sde-AMat_048 ,Matnog,100.55179285388208,156.5937144544761,160.6689839416743,100.76888362942202,118.56321763704794,178.73460883133407,208.88588733059493,280.44046454778953,142.76395574773068,160.88159172599583,359.2779786375029,335.14067693507457,1596.87931325732,553.5965934990298,584.025927834116,655.0241561855564,913.9576321188198,767.0661833519518,384.46682538654755,333.291339550385,780.7508340579855,230.56696244249736,1011.7614912922115,704.850168253339,564.0191868094205,562.3428313913942,167.39409025362892,1323.1552642513045,312.4599403562158,110.04417209720846,125.79127927706301,260.51435514729314,158.398918384691,193.08917388670451,1130.691505306487,466.2072146134591,0.020482400468629845,0.031898140045973515,0.03272827245122738,0.02052662186017794,0.02415132774430263,0.03640824028873543,0.04255005579828561,0.05712572336550486,0.029081018161058823,0.032771580657452504,0.07318492519279891,0.06826815677257089,0.32528432030781296,0.11276762755084623,0.11896608303488487,0.13342842233668767,0.18617317206488376,0.15625138356497784,0.07831589334178662,0.06789144674244875,0.1590389469497661,0.04696649085556748,0.20609581843557495,0.1435779811258595,0.11489070983556793,0.11454923623250977,0.034098176624649056,0.2695267308058212,0.06364809067184246,0.02241599814544555,0.025623683919372205,0.053066774828249216,0.03226586009130315,0.03933226522824446,0.23032186260288293,0.09496641084215797,4909.18010356666
Sde-CMat_161 ,Matnog,87.94540002666426,124.85075233081297,137.26686947767115,87.05345184770098,113.08750593805672,146.80275475565847,183.90152128321282,217.8438270609934,111.79586107513104,131.40070840752722,307.8814149606306,268.0484095625266,1209.003945515154,418.9279037918697,460.4300574285741,512.2250694007956,714.1192800518692,620.1339564042595,323.4942568099161,279.53513169038337,732.5164646721875,176.41338295650917,757.34990088846,644.222119661604,565.6445734838796,543.4488082872573,105.60856177928937,1166.3692774382564,183.09136775186866,100.3378601500452,92.38875787264385,76.59739782192345,131.30647139817597,272.1149504547665,866.8662982793599,342.3251518384968,0.025407205389005257,0.03606906906420389,0.03965605415254883,0.025149523798241005,0.03267069669849041,0.042410947481254575,0.053128688040266714,0.06293453500907947,0.03229754373867607,0.03796133493916251,0.08894616822472368,0.07743851291695159,0.3492782061427658,0.12102722020251618,0.1330170882480774,0.1479805372392154,0.20630726808935287,0.17915514392205178,0.09345667905815651,0.08075699811640946,0.21162216856267105,0.05096538366743813,0.21879648597177145,0.1861141538434085,0.1634132979248933,0.15700099705474274,0.030510048497707984,0.3369611575172165,0.05289463671795482,0.02898735602262947,0.026690880321127042,0.022128796027249917,0.037934110103626975,0.07861332637667319,0.2504354983718615,0.09889687738012547,3461.4353952017823
Sde-AMat_044 ,Matnog,91.42410662970683,159.92047884786362,144.85963417132467,102.08007146274926,118.37358705598137,186.2416990542397,213.97190289007574,245.41395292323952,137.02306909604678,137.55238227820706,360.3857543714651,326.0790959620227,1499.6265008843036,452.328157649908,500.12400178861645,583.874849080657,817.4665101944789,710.7682564530087,358.3728757174571,283.95924663847455,779.1964334214063,224.99345344807253,982.030018506914,715.4290674212572,566.9916575190944,532.3951032632062,179.2051752879921,1246.7850811904752,311.646941865647,122.21069538256465,113.18921281646071,234.35905724014603,152.9641510035603,208.8092769009318,1036.256055687787,463.3756814534076,0.02038782327122091,0.03566269970134813,0.03230409056749841,0.022764132275588274,0.026397630360805096,0.04153240306114135,0.04771631358454212,0.054727975858228854,0.030556515341466365,0.0306745536139837,0.08036699881958279,0.07271652112324853,0.33442076931309067,0.10087040364654475,0.11152900627687304,0.13020567194363175,0.18229724472441572,0.15850324529886228,0.07991812143070608,0.06332368070209946,0.17376291400368288,0.05017414919524581,0.2189953525654371,0.15954261876199155,0.12644067452117447,0.11872554926631021,0.03996323921280262,0.2780364482582392,0.06949811169069385,0.027253315905010244,0.025241500870852033,0.05226270419436052,0.03411141976070012,0.04656503401329742,0.231087905651245,0.10333403136130734,4484.250496655985
Sde-CMat_148 ,Matnog,102.60829224317108,141.9357830980264,158.48782093839267,92.45357445491226,112.38655993320555,168.92706136368443,206.73007621500074,248.0066553757177,138.45942601794937,141.463941923375,347.6015392660108,302.6634645222975,1492.0769343511245,497.405419787139,531.3201972760776,650.3621306306586,854.8827900661294,762.594434059966,398.3601746815186,329.9888154654488,813.1795729516083,225.56919647859718,925.183875087115,709.6211738328348,603.7486762766109,551.8743684907735,139.60155178868908,1307.3003437429556,277.0267246426777,113.52295167502483,119.2871929020043,193.32974372185967,157.31954964088223,240.65901073321567,1065.3600371779157,426.75794880887696,0.023223344291479084,0.032124338940896266,0.03587056319908236,0.020925026073486945,0.025436460523856782,0.03823327745187914,0.04678923730615148,0.05613136929244441,0.03133753472082971,0.03201754708411478,0.0786726885921825,0.06850184997130165,0.33770191081332357,0.11257781475193783,0.12025374948368406,0.14719652129071345,0.1934857010924208,0.17259806892574897,0.09016089524926633,0.07468639918233805,0.18404700809850946,0.051053097141117186,0.20939695217959156,0.16060862602983467,0.13664649384737845,0.12490577695933537,0.03159603215235503,0.2958814079388614,0.06269948425874759,0.025693660172085204,0.02699828142312441,0.0437563388112521,0.03560614824806028,0.05446837619964568,0.24112303593486914,0.09658816609895922,4418.325412366179
Sde-CMat_162 ,Matnog,89.1258458740224,136.6232130830263,134.87385311986907,85.4208658235796,86.6685624727329,156.37652874373447,182.3840753005865,218.46913456234495,113.18055175638612,138.40146789774306,311.5780897540294,257.9511680028218,1337.5855202260077,429.7932197436809,464.191212389248,820.5047736237492,755.5921399230474,925.8064122807208,535.4154362865904,371.02752818680443,733.1154312335882,206.95262756604473,591.094403116152,577.776800969795,536.3092584013816,254.69116847525353,73.01521124813664,1163.766174011502,277.82075130911295,94.67193958090226,109.74735671532146,233.87562453844993,150.1642631887161,204.45793590604399,964.487168617022,373.09837840038915,0.02140047716868302,0.03280532065219504,0.032385272600092725,0.02051085485764207,0.02081044588414845,0.03754839351346466,0.04379320275869839,0.052457776758404136,0.027176379534451803,0.033232306799583056,0.07481465932416446,0.061938016153948304,0.32117471768198974,0.1031999180056062,0.11145940153747073,0.19701573098728334,0.1814292159663263,0.2223002631205179,0.12856142578671845,0.0890893777001328,0.17603221483361545,0.04969248749107235,0.14193079632931202,0.13873303660114558,0.12877604613138804,0.0611552404644109,0.017532067673062687,0.2794380372201086,0.06670900665314161,0.022732178995302693,0.026352016956218423,0.0561571103664039,0.0360567336490087,0.04909347391213575,0.2315881036422501,0.08958662047276492,4164.6662909202405
Sde-CMat_159 ,Matnog,73.13756340766352,133.54608840639995,137.4654722106246,73.5812325068016,98.44314734342868,146.05560025339662,171.96423669181914,196.69186359676905,103.39136034239031,123.29294884834249,304.54569411108076,254.4035837216921,1166.8831497095587,389.39388186843667,402.288829206641,479.3079584424299,670.2121135963524,584.201091521002,313.97582831234,265.1878126261461,685.3786328887194,165.8761753442007,737.74872259804,616.5175462228467,527.5950305114803,498.1609573770408,113.08263625194634,1057.1404363564568,199.2079200007871,88.53218486657825,96.57231540255214,117.98506343109717,132.14607362596897,230.68023218258202,831.8384858687713,335.11925438603197,0.02056577348282048,0.03755223001310647,0.038654333443331954,0.020690530143680812,0.027681527451442783,0.0410698176252614,0.04835514575782967,0.05530838223441717,0.029072930486216703,0.034669118574687116,0.08563612825527284,0.07153651601537842,0.32811941524609683,0.10949484774964913,0.11312081713766707,0.1347780598992073,0.1884589788264764,0.16427327842013525,0.0882878163189659,0.07456896607937176,0.19272369842823664,0.0466432253055889,0.20744980293671716,0.17336044042280496,0.14835604828235138,0.14007939190284413,0.03179804977962975,0.2972605285256035,0.05601587977281087,0.024894633825256137,0.02715546253858761,0.03317657816073623,0.037158555606885725,0.06486567477765219,0.2339071891049212,0.09423320048303209,3556.2758419350785
Sde-CMat_163 ,Matnog,85.3172969347365,134.21983268131427,133.6413204702797,78.4641559726478,93.61043291861226,133.8435215842739,182.66379313788488,203.28505479055758,115.08552419361874,127.138529591505,304.21507614713965,250.9370076094995,1214.5494173288173,408.15917387755724,434.8510993369799,513.6418575261366,665.6233081955364,603.6007948527736,304.6560836177246,252.46625608981887,700.2969250092777,152.73882191047576,765.6668036587521,641.9931745129771,554.2957266601376,509.1232234675216,114.40765451769387,1109.4938563104754,214.8540126599687,96.38173684163407,86.31870525650847,123.94573468159355,133.48966004634963,220.70817588301986,876.6221769842011,338.62149656111626,0.02390015745606678,0.03759935265253673,0.03743729251431458,0.021980369160525336,0.026223335321990292,0.037493935641041275,0.051170085954052175,0.056946773895990094,0.03223920878840681,0.03561564870361724,0.08522056466448737,0.0702956400272386,0.3402349037679641,0.1143386965280194,0.12181597539415358,0.14388783648750508,0.18646279762555767,0.1690882688023232,0.08534410524025532,0.07072403240231634,0.19617600855925216,0.042787125523994864,0.21448824357768617,0.1798432264950624,0.15527631113930057,0.14262201971450233,0.03204931538377058,0.3108054147876173,0.06018761631148571,0.026999667935639585,0.024180684587469848,0.03472124271780425,0.037394807483236356,0.06182755836112035,0.24557046240493569,0.0948589251721193,3569.737860161239
sde_xray_049b-1 ,Matnog,95.54216125737368,149.102615948212,161.22896943914884,94.68097120329934,104.73029570100529,169.04317378211402,213.22726861949437,245.50831054740283,140.5659724409147,138.29238545082663,347.56485988465516,305.3103485047469,1486.1060006783534,490.21190138544154,522.712036487022,651.381497589738,838.105046664796,755.1476156223761,400.5195028607721,331.272971807179,728.3621115864623,217.93026563091243,917.0312678646294,668.5765341516931,529.1847778243532,465.3130084397492,173.03173558269592,1213.360571801161,303.0590237643484,109.26954594583974,113.87164090154334,240.09247551724746,151.2261132377606,168.14955640310214,1057.122635846816,429.03427833730257,0.022013805794504373,0.03435463451674001,0.03714865955481598,0.021815379567244542,0.0241308377371986,0.038949125177330166,0.04912955306545256,0.05656740645387364,0.03238771216713641,0.031863856501762836,0.08008218807070813,0.0703463542229346,0.34241269465166113,0.11294939797503259,0.12043773247579867,0.15008437738231759,0.19310722606506805,0.17399305958458267,0.09228343211890665,0.07632838498060185,0.1678214294247195,0.050213167477132004,0.21129256416838768,0.15404627431371096,0.12192911249989324,0.10721246062097704,0.03986812704751878,0.27956960188900987,0.06982762798769707,0.025176723365358703,0.026237089001528657,0.05531954750867197,0.03484390811409304,0.03874322739171101,0.24357092303802538,0.09885350256061745,4340.101940993104
sde_xray_049b-2 ,Matnog,81.2176093270419,140.05343815647655,139.50283893243895,83.43828044399044,87.5112206851213,150.55587215196888,182.74166013728234,219.83105590798584,112.55641897732885,135.10510208174972,312.0352518575105,256.5048998396912,1329.1238252827236,436.48738574847727,462.57470530232195,419.3459365473093,758.5600356611533,520.6352110296228,300.7706355545368,331.0170697511082,664.1867443491552,208.71771097137398,969.9752991222044,589.7901578232379,469.50126031034256,582.1794664639161,152.65222407996532,1087.5015025797986,272.7022865535968,94.61041158482512,109.01205335191159,218.4758856048193,148.09411093034728,157.3316625102843,958.9324922117199,370.19133436913387,0.021285191204546524,0.03670465351929746,0.03656035464300915,0.021867175945519752,0.022934596084027786,0.039457090060577835,0.04789221462300806,0.05761245740264464,0.029498343020468616,0.03540781308816886,0.08177696996228301,0.06722379399282592,0.34833153782872445,0.11439289510009737,0.12122975707274851,0.10990053159921309,0.1988004268158055,0.13644602576223813,0.07882478368345326,0.08675165004241416,0.17406744628581322,0.05469991572778027,0.25420730647668893,0.15456988187471096,0.12304504133137344,0.15257530185537496,0.04000649371809927,0.28500811104194246,0.07146874131491696,0.024795124077277398,0.028569449635635763,0.0572572997064673,0.03881192137442313,0.04123286251354324,0.25131325112992203,0.09701828703901126,3815.6861522434338
sde_xray_049b-3 ,Matnog,72.68407720986764,134.51600725344917,133.9269792334614,78.00085816483048,92.00017099386281,136.7686620954157,184.27836223987342,192.50224808217175,102.14513979020245,128.10105853477563,301.05306213033276,249.7414216623666,1159.047659466909,384.0275813069942,402.31726707832223,479.33261188787264,654.7000596518837,571.2781559055973,314.9454243665876,265.2386595755604,708.5563494163678,166.38810253311385,738.3066667342576,636.7794472629356,549.4937399894196,521.1996997055544,110.96839973979075,1082.7816179211025,193.55241911430613,91.0985771702281,93.0078360989546,101.10371007876034,131.17194411187933,245.7881901963558,827.716003669598,331.5243515826402,0.021987095958469687,0.04069139312165971,0.04051321082789124,0.023595434091585057,0.02783025754041027,0.041372826250797724,0.05574461682905793,0.058232360694114055,0.030899133296743292,0.03875085678329661,0.09106922478410615,0.075547338752615,0.35061450990917836,0.11616920245841114,0.12170187332032933,0.14499918741723758,0.19804823268262567,0.1728129201751593,0.09527169543935562,0.08023528789042655,0.21433988081898117,0.05033277324523289,0.22333941836246068,0.1926272073445362,0.16622308562631832,0.15766407514348738,0.033568189170122165,0.32754386172582867,0.05855003978068584,0.027557523391793622,0.028135078488961112,0.03058409847923624,0.03967980654028813,0.07435147739032173,0.2503859428041797,0.10028685801114301,3305.760676496656
sde_xray_049b-4 ,Matnog,86.03496759736709,129.38809548764522,136.48647044809974,80.33726578668208,94.12502548631794,137.2454785482203,170.61060733658968,202.8831998106546,113.17919041025164,132.11474086403078,302.89868882913646,252.3801344447895,1214.6240474580436,407.6768443406616,432.7091682871071,402.5297296429669,691.9065935217917,496.9050215120089,274.0832755462471,292.4389371005851,717.4017842016842,176.8154495069929,883.2483602265957,642.503865447711,548.827288848687,637.8610867694626,124.15508989264211,1124.9806130291313,212.91383559787744,103.894321930941,85.21329621625961,109.74773554497595,133.82448432648638,233.8478973289261,876.7394594625704,338.8913007844255,0.024175493861725312,0.03635755548698111,0.03835217145624364,0.02257446164195643,0.02644876890671201,0.038565449803151804,0.04794092222726862,0.057009396163470755,0.0318029157149565,0.03712373231485415,0.08511336258976554,0.07091784377307231,0.34130466975993273,0.11455561992013612,0.12158960634230956,0.113109300554247,0.19442308251750007,0.13962839334865612,0.07701634266405699,0.08217421272116604,0.20158713270543924,0.049684458930921056,0.24818938051986283,0.18054110658770411,0.15421835008763135,0.17923650369690491,0.03488710111042546,0.3161152106446315,0.05982796610863604,0.029193903505188776,0.023944607374695042,0.030838690140763354,0.037604163629423336,0.06571035666462939,0.24636040452485022,0.09522714764359032,3558.7677376708243
Sde-CMat_186 ,Matnog,118.8933762845517,157.5907563058506,167.82041962729087,97.71043198481928,129.7351557113954,192.14681888399815,238.48188013257945,250.80892332423107,147.93199346794458,158.04401542614642,379.473604794286,323.9749986910101,1589.6174416390506,502.7600665663295,543.5793446081079,641.3973613785607,908.6077302935573,775.4374551221651,425.5393163245905,346.817096295569,833.5154621261441,264.8343488686653,1006.8676920773106,703.802216504211,582.5794555892012,569.7557963083482,150.1337628772757,1333.1980127660631,326.8190596890578,121.15591435043518,121.65368640649581,249.02110142885488,175.09366067907771,243.0512107060773,1091.8290231080368,497.79116199467626,0.025568120731701748,0.033890024905884684,0.03608992262113891,0.021012710714475708,0.02789965453110011,0.0413213352750656,0.051285729231539144,0.053936670254819706,0.031812899820569535,0.03398749866155239,0.08160611839849867,0.06967109640119593,0.34184856999747837,0.1081189758652398,0.11689719599631956,0.13793304290958056,0.19539685785609,0.16675847799120166,0.09151258847114316,0.07458330873437838,0.17924820232521657,0.056952849833868155,0.2165277454167778,0.15135325957731346,0.12528420271844193,0.12252646398680446,0.03228639218692654,0.2867053557978289,0.07028271411480487,0.02605468144884488,0.02616172774884872,0.05355219765006874,0.03765403923666662,0.05226836762080179,0.2347987512305974,0.10705040875105279,4650.063159985652
Sde-CMat_160 ,Matnog,84.3081982944126,133.94486472310163,146.96307615812893,84.23244833251611,90.06135811156744,138.84504929114323,174.87603800921386,217.076395472769,118.19947936035926,129.03922193662672,312.7038909614813,264.48615896558744,1223.1487915983485,420.3277496186161,424.1693614090721,522.1736704202635,703.5356533608372,618.6099081665682,314.8006634992372,247.56212356071356,611.4006157414628,184.7429050217897,774.8841541731513,539.7886639879443,433.49556511947145,415.2668988099581,131.26645023097106,1005.4433254984091,248.7279097601232,85.4854397689454,96.32421889374444,209.90460789806397,120.43964086196871,141.59014776109953,876.5761685843963,346.57377677233467,0.022390394821008585,0.03557279678690026,0.03903014612884376,0.022370277304695214,0.02391830696218164,0.03687417754694356,0.046443212107161104,0.05765069470448897,0.03139117030201669,0.034269966444631095,0.08304724477971916,0.07024168045023932,0.3248412956601112,0.11162976387327891,0.11265001109095729,0.13867779032611305,0.18684352611114152,0.16428912447717758,0.08360410124113062,0.06574703055443,0.16237449568610174,0.0490636339940869,0.2057921116033384,0.14335594344442062,0.11512684474985943,0.1102857137093747,0.03486146907279479,0.2670235336952894,0.06605663761293351,0.02270304414750003,0.025581584418690243,0.055746026373073666,0.031986107704292825,0.037603215052290674,0.23279926391918113,0.09204233815366618,3765.373454482698
194 ,Matnog,87.69850395035256,130.79208262830744,147.54483450205905,89.27445442796053,102.23706917561755,145.02776681328996,194.35966399705987,235.3946833889202,115.69206848016853,135.21236216134236,312.8367524170554,274.61432108573655,1275.2298620759827,439.1834864984907,475.0724778123439,544.4529566102474,730.0400033123186,637.2494051052304,339.10373518180245,291.17131598431877,578.1840668569483,179.44306093591373,793.9080640267423,511.7650628016334,415.2970670525015,376.7121479174916,133.02033561546133,1017.5471707300061,297.5230158387919,86.62984241033801,104.13049428366323,257.23964711259043,135.2822072589001,140.213634205237,932.2487715458411,343.04232872343897,0.024159465272771154,0.036031022604454656,0.040646124446401484,0.024593613167208796,0.028164595871972165,0.03995271456280237,0.05354282389381125,0.06484728270791347,0.031871222254418595,0.037248735393885526,0.08618127237774816,0.07565163434751851,0.35130441432691734,0.1209876761003993,0.13087449058713987,0.14998764751254312,0.20111376264459976,0.1755515109066122,0.09341738507454672,0.08021280842980612,0.15928000199875567,0.04943355021854438,0.21870834094827166,0.14098268163813876,0.11440736862533774,0.10377787129180646,0.036644868887312214,0.28031715966985193,0.08196259508687477,0.023865066962636426,0.02868620269630658,0.07086520341002409,0.03726797654547774,0.038626501864480696,0.2568188829594598,0.0945024014614465,3629.985306388088
Sde-CMat_176 ,Matnog,88.94502599437475,137.36381821575142,143.43511737876466,87.97131707124774,99.4789042803548,152.6603092304283,188.7183638150776,230.71142768005663,114.85261885847444,132.81884551357916,317.74041002107367,267.81763814842367,1281.8677103090045,418.56091473583626,451.58777831904393,540.4427293946048,728.2346981990491,647.7131883115705,343.15181035665546,276.6564885757065,692.3340082885212,192.98226569405296,804.6406230500918,615.0386402572117,511.72265885129616,461.5605432614015,133.36373228880467,1107.4826652548293,251.87881006555514,102.80341650237114,103.94375028850935,172.2370583717685,146.90799216938467,205.07749593265973,898.3461089006842,383.5333033900056,0.023452827722019492,0.036219787760324744,0.03782065449488499,0.023196082306857827,0.026230377449212066,0.04025313267768218,0.04976084075591061,0.06083347895388474,0.03028408450497191,0.035021379410968945,0.0837810885233691,0.07061756245717862,0.33800004256784416,0.11036521620772013,0.11907366654719832,0.1425027435138563,0.19201931448240078,0.17078758085597676,0.09048151035790046,0.07294817098772054,0.18255309997337918,0.05088513697228958,0.21216585974943347,0.16217202829587982,0.13492989883720102,0.12170326314903754,0.03516505395065798,0.29201857959979877,0.06641484752242732,0.02710697747862381,0.027407658169116715,0.04541508659063153,0.03873637443823187,0.054074380528889875,0.2368739149969643,0.1011292131235277,3792.507541035901
Sde-CMat_172 ,Matnog,88.65748981924764,143.63962387308035,135.01573224435737,87.54178145868407,112.21709367012674,156.63565658702998,200.50866153670265,234.12189493904663,123.73764721154996,136.13682619629418,310.12156430335506,270.04842433385903,1366.8395453041442,430.80911700052275,492.2175313540143,552.9368034816005,760.5329336100115,656.7949932644738,359.6041177397166,303.8298276787354,690.149632291259,209.4599591005641,873.0882131568436,598.3039523059831,492.86009056247394,481.0504232824663,129.2495230544779,1150.889983924024,286.99871401279825,105.51364568741815,107.2801914310838,224.44827247639904,150.98377636633685,182.59931342214853,959.7189145189543,407.1240205642011,0.022993954457520557,0.03725396440127883,0.035017296390919724,0.022704587509697224,0.029104306319374534,0.040624578491100814,0.052003356299767496,0.06072118893409173,0.032092244326608774,0.03530806013040742,0.0804322470715638,0.07003899143904992,0.3544996177935811,0.11173342755801845,0.1276601392868473,0.14340811704757567,0.1972496590477178,0.17034448182371276,0.09326590142470688,0.07880044015146973,0.17899524615611812,0.05432493938246898,0.22644167629442621,0.1551744117629144,0.12782679161600422,0.12476386989164005,0.03352178877193636,0.29849155361739454,0.07443517037118445,0.027365719112168316,0.0278238853929844,0.05821226571960799,0.03915872290846548,0.047358438698902425,0.24890996866097792,0.10559052829604852,3855.686936452583
Sde-CTlk_033 ,Taluksangay,166.65415113260752,202.52627703883266,192.28387901425845,139.3847506441433,167.69122814703215,280.5205006981486,298.13989953417837,349.1768088355955,201.81683527607402,187.01079285209715,485.23283509119614,426.47628161843886,2370.3592738140014,766.3890791237895,871.4230853168168,943.5103989514317,1333.1780814810488,1148.6219338708145,551.9685637798225,469.4862907255546,1234.8153785131442,340.44787642304345,1479.0990678237213,1084.5730747812986,910.2915558308997,910.6090046803843,209.5709185096064,2049.577286696796,414.4961811522032,145.86921614545682,194.9137185859423,345.8654126111627,249.81605306042684,331.6325187602837,1689.7597411126117,680.6002771286243,0.024824627744407055,0.030168102035149174,0.028642405156661065,0.020762606418573887,0.024979109649900588,0.04178603987466881,0.044410607064937234,0.05201301160165118,0.030062424333471012,0.027856931766708247,0.0722797747229072,0.06352746007852175,0.35308623393433347,0.11416051425858847,0.12980626977397858,0.1405443204850568,0.19858881020872649,0.1710975198254443,0.08222065894743912,0.06993418597230477,0.18393680503203605,0.050712758975028804,0.22032504744875275,0.161556868881286,0.1355960764181515,0.1356433632661705,0.03121746444776389,0.3053028852257893,0.061742916864964144,0.02172852560569014,0.029034143303901184,0.051519749489503906,0.03721233752447907,0.0493996325336857,0.25170484062667164,0.10138150419676271,6713.2588189627295
Sde-CTlk_036 ,Taluksangay,146.48985857338388,200.6115776502692,196.98682233819596,122.96813282655803,174.56969283426602,239.4522988597103,228.67073126939528,400.58831616124303,200.01493817637726,163.69894573273828,481.14638508038274,426.58578190521075,2255.8665242243433,762.8738983509463,832.7633023892504,972.8371502848768,1270.477875656558,1135.9269347430052,542.2447777207356,461.8479717514844,1098.6637897265252,312.2816632568906,1342.2576011180713,989.3987070527281,812.1971542652929,752.1078505702226,222.39499361993302,1882.567853509456,404.37404297591826,138.84723682814138,171.20771121757338,335.04234068248724,231.10174744923503,290.39605351271587,1598.2760211978434,657.6037395352996,0.02318222170036745,0.031747058219865086,0.03117343570379192,0.019459876233257876,0.027625894112128634,0.03789365579903038,0.03618745789161024,0.06339365227234998,0.031652639202100624,0.02590558342434133,0.07614207753280205,0.06750778700081282,0.35699398170152824,0.12072584418624371,0.13178593854841342,0.1539528177301096,0.20105487209633702,0.1797620005444919,0.08581098224414913,0.07308807706742694,0.17386505656872692,0.04941900293360016,0.21241411242495492,0.1565737068785773,0.1285313173072212,0.11902210231004783,0.035194313772692984,0.297918953373681,0.06399274875021889,0.02197276629235703,0.027093855894945937,0.05302091145661513,0.03657216954733209,0.04595557507532954,0.2529293797032963,0.1040666966939639,6319.060375954473
Sde-CTlk_038 ,Taluksangay,154.7018334260457,187.15988525584214,187.90934034435332,113.97612878603134,119.89069830274573,216.89830631853727,278.8075717962122,285.72666548659754,185.0334222750041,184.01445322593548,452.8832597883256,352.88867609063345,1862.9423661908172,604.5274969699641,660.7671828852428,780.4325759384021,1066.0440482056733,929.4437132298544,444.17931521699654,374.91869955797097,932.2608534444637,286.26419798458903,1156.0190593312943,799.0524274276374,667.6128696209802,644.5116558573941,160.13687846951422,1552.002985637753,386.50089997862904,131.7762892907521,148.74436228714683,329.9097505546634,183.9837954098404,213.68563116653397,1353.0070370651772,509.9398986598815,0.028968524890171647,0.03504642236232686,0.03518676076624099,0.021342477012090005,0.022450003344940468,0.04061505830975351,0.05220781101477949,0.05350343843785832,0.0346482338313688,0.034457427881584304,0.08480416613673691,0.06607978826364795,0.3488432626091171,0.11320014414140221,0.12373124584312191,0.14613905989666234,0.19962092795253272,0.17404197962258636,0.08317431838785581,0.0702049965369533,0.17456950017369233,0.053604093505755665,0.2164691015750646,0.14962570009588833,0.12501312752611649,0.12068733466973428,0.02998625838520606,0.2906186444167803,0.07237380897917418,0.024675626860482424,0.027852965060351193,0.061776894357375225,0.03445168708531215,0.04001347229074014,0.2533558727895538,0.09548824548276702,5340.342113123354
Sde-CTlk_090 ,Taluksangay,169.13347889356618,213.53763616760864,216.2351695750023,132.61035279192944,164.49900670824732,241.0448211212388,321.41007123089656,330.36343107566915,214.3016695732966,188.7147065557955,509.87014077972833,422.2484056195002,2385.9809975579315,788.4225286401005,854.3673337036302,1057.7346208989334,1311.1897823560555,1225.5688465158373,604.0237057839369,472.1866382450482,1232.0311768669005,334.2540490181084,1434.6840659953118,1070.3207580247893,911.8122579212454,831.4983075506289,191.8549347148515,2038.667460061854,440.3607230536803,164.38718822101063,190.32528007639962,366.994015652422,227.7508281620288,330.41706642031994,1706.4147400948748,679.8202057742625,0.025498161469943006,0.032192426730239435,0.032599100458245545,0.019992021746342438,0.024799479453335382,0.036339344585412395,0.04845501876933861,0.04980480602916419,0.03230761059137743,0.028450180833450762,0.07686681113255711,0.06365716650153742,0.35970482684999694,0.11886070737335716,0.12880238952057962,0.15946155860131075,0.19767185661268816,0.18476384773388208,0.09106117891327807,0.07118573581460105,0.18573809330514013,0.05039134634727945,0.21628956143049216,0.16135901473369405,0.1374626498245206,0.12535470946738017,0.028923594170513732,0.3073446630450238,0.06638773644873405,0.024782621963845203,0.028692987071199952,0.055327145937185664,0.03433517378923588,0.04981289196630301,0.25725503231096303,0.10248807918312983,6633.163692721106
Sde-CTlk_057 ,Taluksangay,162.28462459099444,200.03897483822993,195.66086481698383,125.01825068992925,151.12419783902905,233.571341894163,285.0943639486582,333.2569821957974,204.50459400463353,185.33390309236466,459.66494900017125,391.4219964125675,2090.8033859904185,707.9428034115257,791.0781496966592,877.1767193722198,1203.6266799376167,1036.192278119756,489.38346038230594,425.3028537480556,1019.1072563788417,308.9381787391128,1289.6490671923932,891.6809274876804,731.7055776236027,727.1415026576673,193.37060189325555,1763.2856362262185,408.11120447495676,151.23065916106418,167.23789403723643,321.5661215479017,216.89163306997347,261.2051855622511,1516.1704247573887,574.8475112584206,0.026549332550042184,0.03272584374111065,0.03200959659701007,0.020452652990119804,0.02472351644463426,0.038211649721817516,0.046640678965687486,0.05451995509271859,0.03345640714839274,0.030320133151230957,0.07519996193946857,0.06403559657206953,0.3420498678252122,0.11581755795751913,0.12941827928740293,0.14350377607528708,0.1969101205508797,0.1695182981562248,0.08006183128516314,0.0695784146347631,0.16672323408304204,0.05054146358856125,0.2109831540975359,0.1458766259099704,0.11970508455751602,0.1189584140435389,0.03163491567981079,0.2884688358793567,0.06676590658117809,0.024740933233498588,0.02735967424488651,0.052607361414054046,0.035482893762789625,0.042732472979282544,0.24804144515152285,0.09404352248666964,6112.568904890853
Sde-ASac_017 ,Taluksangay,90.40990154638814,111.7618958193713,131.4585391774152,70.71740465444128,84.0621995756119,126.38672808174914,162.8439152562969,172.43110676787873,107.07151757293626,103.09396677332772,287.362709653845,229.63284406704543,1070.646933613229,365.72509343315505,382.69671321998567,466.6146770809186,626.5322639413871,563.6111139349365,241.52903987057124,189.95915189455866,524.3073111087905,157.08164412082021,640.180820354765,489.3540999926843,376.50115649757305,355.20044455159405,129.41882711584134,889.4623084701285,189.87955245431237,75.77927741731241,91.05916276932271,157.93019091323225,117.9688833754054,129.3388637210022,767.636175698156,303.0291960667156,0.028539992042421046,0.03528024655235535,0.04149795097505678,0.022323596548358957,0.026536192009073353,0.039896915625663075,0.05140547623743176,0.05443189662689897,0.033799619369496214,0.03254401277964822,0.09071273507140466,0.07248895784926125,0.3379746514809115,0.1154496474143426,0.12080713465167377,0.1472977952966071,0.1977795077902237,0.17791698068015163,0.07624426924503251,0.05996503248788617,0.16550981950965143,0.04958648108822903,0.2020879926438266,0.15447602398451313,0.11885136281107178,0.11212729676257346,0.040854068335982346,0.28077950281525393,0.059939905069845076,0.02392149463143525,0.028744946475719457,0.04985434465503798,0.037239626801937056,0.04082882602719361,0.2423222453644529,0.09565822654864747,3167.83205167
Sde-CTlk_029 ,Taluksangay,156.030253430064,201.36308664263672,182.52000136930198,117.56803410468343,161.24219574494137,241.04953176013427,275.40677812243473,280.97589635486526,194.82974167749643,155.87754654330428,464.60161525282075,387.7077837379719,2004.2431270575382,630.7518077064861,685.9760647079822,822.9425322622778,1128.7079263602698,1005.4667946309963,511.1548201438094,419.291979885962,1023.8193353436973,300.4845830498463,1238.732488124958,904.0221058064011,741.4418864687171,697.9376558926734,197.68054184023765,1665.172441830437,386.10410951679853,136.70080250463033,149.90023334621597,305.57466073612864,206.30386686671676,298.47792559477483,1377.6677502510174,626.5866545131327,0.026708660582737735,0.03446856117196008,0.031243074076775304,0.020124845337697126,0.027600820886298755,0.041261934694574995,0.04714307640572069,0.04809637671348308,0.03335020822881061,0.02668252080332028,0.07952872327763806,0.06636633199973858,0.3430786544857997,0.1079696762239239,0.11742275281491941,0.1408681476194848,0.1932078955169702,0.1721119510778041,0.08749752241202753,0.07177279360670756,0.17525346863578276,0.051435798908197175,0.21204147818018537,0.1547470381703724,0.126917179535274,0.11947029213475127,0.033838197271076675,0.2850378345409286,0.06609182119483366,0.023399919279888454,0.025659347246473452,0.05230709889184821,0.035314304988418116,0.05109230697829816,0.23582388369144647,0.10725670126893384,5841.934789156331
Sde-CTlk_069 ,Taluksangay,199.81282851313628,195.11145309071426,198.13699633965382,132.9276516549511,162.46073980839185,231.38901909105368,319.5171580116004,304.9203422164713,209.19452347291502,156.97151735576105,544.7125237026224,429.5467083835354,2422.8652067967837,819.1129887188213,863.3289953257506,1034.173729031409,1322.1889269129622,1202.2022096019164,525.4894386200831,426.071591015219,1210.0000809471046,316.2674006170887,1468.7656206890738,1088.1120223126154,906.2912333155881,876.8789959345871,206.29328919778263,2037.3512408894471,426.8443172938001,144.28828106828368,177.37705059226224,363.51135053288243,234.0821067294337,291.35182424457213,1751.2314490367085,671.7260648024687,0.030814390406294898,0.03008936179431292,0.030555949808494524,0.020499607479498475,0.025054090367486907,0.035683952942654015,0.049274746380120346,0.04702367979972654,0.03226120047006608,0.024207562920070064,0.08400353715761186,0.06624309394128304,0.3736452506058999,0.12632055513687604,0.1331393830366255,0.15948642172498254,0.20390305311201576,0.18539914834121055,0.08103902455371842,0.06570717428040922,0.186601707024538,0.04877358089527439,0.22650756504496256,0.16780458447451319,0.13976485940867925,0.13522901367682624,0.031813782922958105,0.3141927222525127,0.06582634124983049,0.022251601446095334,0.027354428275398517,0.05605936693751043,0.03609927089048014,0.044931193480744064,0.27006839332566157,0.10359109252860917,6484.399849504005
Sde-CTlk_096 ,Taluksangay,146.77427459459642,189.27139828693083,172.36125274347484,110.40632159310441,156.3731349571594,245.9897784979896,270.0692420022132,251.00724166599258,169.1188414939329,159.757892978876,462.2858953090501,355.12674106197636,1904.4331214745507,580.0037805164034,673.4095846790199,782.1681875977828,1108.481996301487,979.1324495510963,423.8908048533726,332.8953414218348,984.6460529937902,317.7592331557968,1154.320569929532,831.9406360195179,687.7515231045365,673.9201936755494,178.29589316103167,1625.6843688770648,346.9591038941619,144.9058290856856,155.17739567269447,276.64734839374466,192.27985842581117,257.4593164545614,1375.2187157807773,529.2317541082451,0.02717212259841474,0.035039557530303134,0.031909005196571895,0.02043937273240854,0.028949146612309802,0.045539754413818356,0.04999755286826839,0.04646863057219541,0.03130874199492855,0.029575762279027164,0.08558236147002482,0.06574413242895878,0.35256512355533237,0.10737531406825947,0.12466740404193101,0.14480173684857212,0.2052117701472762,0.18126546380674813,0.07847433039359461,0.06162846353381496,0.18228618974198252,0.05882633631769581,0.21369780317859566,0.15401604279063297,0.1273225076714563,0.12476193239365937,0.03300767713652027,0.30096074465000533,0.06423206882601325,0.02682621981281548,0.028727781018625456,0.051215348792178136,0.03559650967979861,0.04766309443620273,0.2545923776359476,0.09797595760785141,5401.649210988008
Sde-CTlk_028 ,Taluksangay,166.5032296056749,227.5731865851731,197.86300834034137,141.42210729079807,211.75478797514825,268.2808284908186,375.4534184737835,352.5969902000073,220.65526323859604,189.37638365255575,519.4378572415761,452.53372925187574,2591.756072453349,853.9433359285674,992.0896833929985,1085.1139959760267,1436.1350015003811,1279.987496165279,586.8752565547896,495.0396032169143,1268.779199359467,359.66497776042905,1549.1070733871175,1115.2506105170667,935.6017274851303,886.8521320637391,212.10825617568506,2206.0326591954095,499.927828667989,171.97356769367195,184.545292947314,411.231772088697,240.49522124100508,308.0762409346264,1876.2187036114124,715.6127071293247,0.023292467548732487,0.03183566514625806,0.027679449292225072,0.0197838195243752,0.029622797941402587,0.03753033803829879,0.05252292454970626,0.04932549339412033,0.03086790310682869,0.026492238505943837,0.07266519371447785,0.06330584234473585,0.3625659055071715,0.11945982962419727,0.13878539659915468,0.15179875247948701,0.2009037782466317,0.1790599935377888,0.08209914546901129,0.06925207349175877,0.17749204263230653,0.05031424821452747,0.21670766580224696,0.15601462335411362,0.13088318423369913,0.12406350648897452,0.029672245310141388,0.30860629098573233,0.069935897060585,0.024057724010706386,0.025816407630210536,0.05752802951070965,0.0336433542439253,0.04309739733877633,0.2624679615626163,0.10010848316723758,7148.372290626441
Sde-CTlk_008 ,Taluksangay,177.54510759984348,203.8788365148281,221.35090998514104,127.72579181547474,159.74096694915178,278.1113325335737,299.7543286886279,328.13161860134727,208.14786675306095,210.30494052173376,540.3660881085063,438.4990406996348,2292.5368726245606,752.6336346735841,824.7701319872403,1006.4448859879113,1289.9175448426656,1211.1550630551399,532.4766371243437,433.90493761386256,1148.2876408560749,294.9973465877957,1359.62015491478,1064.2683583519524,871.765535016503,789.969193918573,214.6782724480754,1940.2961464000591,395.10395079016854,146.2842225688062,203.7816131344778,351.0962582735535,240.36542936764016,281.3259726371706,1674.523375722274,619.1860484305506,0.02691091555411374,0.03090237870754112,0.03355066060092108,0.019359688611501807,0.02421230148334928,0.04215396687427306,0.04543444500031287,0.04973565533958593,0.0315494453251016,0.031876397899675384,0.0819045163337839,0.06646429639404021,0.347485025174222,0.1140783908928413,0.12501228377122253,0.15254913921781416,0.19551573450994547,0.18357752610268438,0.0807086943138292,0.06576795774602319,0.1740485680098659,0.044713418409726945,0.20608071756641827,0.16131357436824073,0.13213548383822984,0.1197374264787275,0.032539273761200915,0.29409509758741637,0.05988680397082544,0.022172632147774225,0.03088764233877342,0.053216457977878044,0.036432734527496256,0.04264121718228909,0.2538113145816208,0.09385143689318207,6597.512717203076
Sde-CTlk_014 ,Taluksangay,141.12666735561533,219.78194083447806,191.6581348573026,115.43750047679477,187.14381773473042,255.56195875875187,276.7351201375062,340.46644013845554,182.79421995706673,179.72591374337202,496.0766388557417,430.2141501896584,2234.6656517610954,717.1037856923223,798.0372702395923,955.8740563666796,1252.1971013338316,1125.340761188228,537.5566174380982,431.87825941810263,1111.6385367128514,333.1313823363989,1323.0104081889492,974.2590879017192,799.615323357932,748.3020272490246,212.7387330187899,1867.153723131518,409.84336301354205,153.4954726846689,183.9011710264238,341.9546678193034,225.50859890735873,306.5978889238476,1598.4772128272082,636.2237421701585,0.023098991652390807,0.03597294056331204,0.031369759806104236,0.018894301905161826,0.030630876252170508,0.041829256388248214,0.04529478623534773,0.05572604813844546,0.02991895323549259,0.02941674638157092,0.08119564044547621,0.07041555823698772,0.3657602365529121,0.11737239084563215,0.1306192273152096,0.15645325764771087,0.20495410919024482,0.18419082187550648,0.08798490073886099,0.07068793230984553,0.18194810209258716,0.05452547816740965,0.21654451952568357,0.15946243867574939,0.1308775161027972,0.12247878168437865,0.034820139313278396,0.30560750191646374,0.06708135746720656,0.02512346325934743,0.030100134113563305,0.05596963469384918,0.036910254747088825,0.0501825927699894,0.2616317134634261,0.10413430136778883,6109.646233886939
Sde-ASac_006 ,Taluksangay,72.5092783183642,115.07727762738395,120.63699289894457,61.96169069675229,75.52964227771767,110.21881530287833,155.07322703435946,143.81132548794616,92.90475370792392,101.72496519871606,265.73554716390504,200.09483892457095,943.2843133227648,305.85808674305144,315.5258637459693,404.84186585806566,537.2423780027037,489.70760282422617,235.31264053977216,185.49601892151216,479.72405272639816,140.91472125924247,586.2228931038773,431.0278486699554,346.53080183465653,320.4459144340585,100.67520497143275,780.3017800003792,188.9181087858969,73.39796819694662,72.52528460344024,150.46617655170886,99.51150407570974,125.87235805370463,666.5917410700494,276.70882002813005,0.023238352574166805,0.03688088494052958,0.03866270689061488,0.019857977460215948,0.02420634293647036,0.03532380613511864,0.049699106213908856,0.04608980206883057,0.02977485740516708,0.03260162922189655,0.08516505031770492,0.06412799193482852,0.30231128979701255,0.09802384222040994,0.10112224860111897,0.12974695423510477,0.17217972771697942,0.15694540335532806,0.07541487424563802,0.059449245514152066,0.15374579549140002,0.04516147521335019,0.18787739435472744,0.13813924712777376,0.11105895876504635,0.10269906573713553,0.0322651936808774,0.2500773459402406,0.060545984202680904,0.023523167003527377,0.02324348239623408,0.048222601883349196,0.03189224152450714,0.040340578525009683,0.21363464457610365,0.08868185243772843,3120.2417678682614
Sde-CTlk_099 ,Taluksangay,138.45895753186213,209.91574636613143,179.19849451292828,122.1286036414484,143.4047000954292,245.22673200988913,280.12465858545903,278.7341584436684,180.8667647145821,173.77872501560717,464.4546626279254,383.48116165058224,2033.795920505489,648.6222331489495,718.6930710234656,842.5779530649255,1143.6781479082,1018.8737713049884,491.42119796770055,405.7733327457091,1056.0824032164771,293.31102542674734,1248.4352212362041,905.8397333663169,779.3156098686844,742.4810725192661,168.90567088573465,1732.3138096947127,382.6667870090241,139.76756426524713,139.2794464686373,308.4744963347859,198.8379171541736,269.39853880888063,1468.516745521773,565.4229324886019,0.02354945908860106,0.03570301531386869,0.030478545342940304,0.020771950087378237,0.02439064382839425,0.04170879945827476,0.047644329443608274,0.047407829568226374,0.0307622890715,0.02955673687115948,0.07899565525436927,0.06522347191196667,0.3459132921283638,0.11031935394994746,0.1222371840365288,0.1433078465154094,0.19451974964128535,0.1732926971393239,0.08358219361971275,0.06901498226679496,0.17962123788932038,0.049887100962271086,0.2123371047373738,0.15406757440615895,0.13254802288604192,0.1262831091107229,0.028727915168948102,0.29463643174286164,0.06508496095791912,0.023772030320396056,0.02368900997785855,0.05246614347534124,0.03381886935128279,0.04582000313521584,0.24976914196130925,0.09616860081683795,5879.4962980224955
Sde-CTlk_052 ,Taluksangay,138.78574302240128,191.35829868957865,183.4972819684259,109.61184871413312,149.77111870457537,237.19837824953615,267.80347378277224,277.5281538515507,172.9916437700388,178.07131679863548,449.2678861121725,353.3854844537053,1919.4217992267488,616.4689126124771,698.5266407032018,804.7179578854259,1097.2692286655085,979.2648945801133,476.6175507680766,398.90121509937774,948.809429404114,281.10514409707974,1152.1323657502032,831.2840811034697,685.4966691310472,654.8673671103181,175.9881714285363,1606.1100093734367,353.3331486003544,124.59840855628957,156.9740813427811,293.63897544816854,205.13894538114894,258.72497451713105,1372.13511684927,548.0259643174672,0.025163357938102236,0.03469533151957062,0.033270044071422256,0.019873815014310542,0.02715512549545467,0.04300663428567759,0.04855566948815029,0.05031885928038062,0.03136525811432618,0.0322862578355041,0.08145713228274754,0.06407261467774064,0.34801195509212335,0.11177248878709813,0.12665044338507933,0.14590407899622093,0.1989467920413041,0.17755132855800587,0.08641592261838378,0.07232510947374025,0.17202942295945042,0.05096740634241436,0.2088940728354597,0.15072080478523417,0.12428796845463563,0.11873454435388027,0.03190856102426575,0.29120513515072766,0.06406312562085205,0.022591040583424673,0.02846110061316321,0.053239925678729386,0.037193911977237204,0.046909639272170144,0.24878295372994372,0.09936304118261062,5515.390408696312
Sde-CTlk_041 ,Taluksangay,159.50196469385574,220.6637719843699,196.48819459562958,124.68596494048552,159.9966321615865,250.5811273572893,276.7271848946178,300.09551205341273,192.99398264661,195.93483999557097,494.369125153766,396.0283799196214,2124.2009214606533,688.0257399125776,750.1837658377979,929.6072235564061,1198.339939413525,1122.8712820874975,543.9111779231607,431.19803770217925,1073.4771259589093,298.59720076499383,1262.8155112989741,947.7373355402013,790.2639309232643,713.3654161869355,189.88158986918683,1783.3734745901597,394.1658864570092,140.5700497593994,167.1022803906639,324.24923741621967,217.80303115944008,293.2071483231778,1497.395713975798,626.8058978184554,0.027386593867523724,0.03788811702859603,0.03373715424434999,0.021408663456650948,0.027471528602115994,0.04302494692759529,0.04751424246941569,0.05152659985002666,0.03313719571895802,0.03364214288994054,0.08488350897254335,0.06799833733515044,0.36472671694497033,0.118134479067731,0.1288070536337457,0.15961418115896311,0.20575576795522324,0.19279774908766728,0.0933899125216346,0.07403699106583901,0.184316739490581,0.051269338801099684,0.21682626671047242,0.16272713349548096,0.13568884474801687,0.12248531840812628,0.03260279580034193,0.3062064166824445,0.06767854596368125,0.024135971428862094,0.02869157314883203,0.055673810626825214,0.03739692591829859,0.05034386319688378,0.2571038441835921,0.1076229912921184,5824.089168058262
Sde-CTlk_034 ,Taluksangay,137.6977746728319,230.26921516505416,147.72305228829384,107.00074917424642,156.06437017951922,221.18575527483688,226.2651530874562,288.1907559595207,183.15231778063853,165.13283314668226,446.41335614998115,373.0070811064583,1957.4129702746964,636.7793158975957,675.1055435937184,825.3787210706367,1126.254367850185,1004.3712712474905,449.0374370291302,356.889854313288,974.8543890152264,304.7465818482794,1208.8588238007942,859.4825470195656,688.6668034470372,663.4668598946296,202.15203260457187,1614.649215356828,383.12867490831326,143.01233278413434,161.04760692726853,326.11274763486324,193.16768748463085,235.93904168568628,1399.1873559137282,558.2445699920778,0.02480549098567701,0.04148172295904685,0.026611489187972695,0.01927559196514842,0.02811413137845888,0.03984538800039628,0.040760413366296086,0.05191596753175265,0.03299387501728349,0.029747764724534234,0.080418892085763,0.06719515845455061,0.35261709860425344,0.11471226472536376,0.12161652224070872,0.14868740234860783,0.20288848266187134,0.1809319182855187,0.08089160571347467,0.06429172936949816,0.17561461553405905,0.05489840781315735,0.21776921760713894,0.15483101758976367,0.12405950804672622,0.11951987787395081,0.036416568346317374,0.29087010775393923,0.06901850748404029,0.02576287917612523,0.029011833861447366,0.05874740416823176,0.03479808836423761,0.04250311078453683,0.2520558478657761,0.10056466549036958,5551.100550774837
Sde-CTlk_023 ,Taluksangay,153.8093412184384,219.89112407734876,196.53107796022996,122.16062981059004,157.7340938949154,261.0883383541479,240.18040479447936,382.33251189677816,207.98154548411262,183.97214233848015,486.32964090018197,425.3907338147601,2321.6539254064633,761.3861633257399,834.0560030369664,962.8599856449536,1285.4263031016483,1131.242002178831,518.8631334970813,430.74700891920304,1188.4351600476189,321.7018998039799,1389.3917553526649,1038.2099423245236,880.7571532249736,869.3965707487232,182.87516531090296,1978.527524447858,392.65773000465674,135.6783669280037,167.02530120445834,321.92095240546234,231.69351211609276,335.9317346456122,1653.8875311921906,667.8197604130625,0.023370879660659805,0.03341181334338146,0.029862322640503397,0.018561950502857093,0.02396723435389999,0.03967160959236291,0.03649471022262875,0.0580943072450155,0.03160218769966714,0.02795402909502202,0.07389636691017515,0.06463687816350082,0.3527685254650088,0.11569040122931229,0.12673237088730935,0.14630375942261192,0.19531676817840835,0.17188891448704782,0.0788397359825599,0.06545074850390845,0.18057924759280022,0.04888166302101783,0.2111140146536654,0.15775296501730474,0.1338284741045272,0.1321022668155279,0.027787346643235136,0.30063147213864333,0.05966319394563917,0.02061593113207545,0.025379006137157198,0.048914947423304746,0.035205151695765165,0.051043844817262235,0.2513033744086071,0.1014732598942654,6581.238851584419
Sde-CTlk_100 ,Taluksangay,145.65441249152045,234.9411665959161,199.38055313079062,119.17309885859308,166.02417859302903,248.6159195705094,294.9379547626416,315.83741970832085,200.34380227249358,192.12529277700526,514.9640890937251,421.5765632827328,2177.6218581646767,702.0694040470145,740.0799323117064,907.433969180816,1205.70534322912,1086.6306744445696,536.8726569140582,424.0073487080265,1144.7120661846104,310.34763231655245,1330.6743235046508,1009.5478768440304,844.2325564216591,807.9389571349805,189.21868391741856,1842.0058024975326,374.83903329407974,140.12830866388134,174.6242631327042,309.4690666082153,225.85482306304638,305.8323424385327,1547.914933562158,629.7717214856825,0.023828961290836267,0.03843621259852956,0.03261852079473201,0.019496636669182547,0.027161440957145688,0.04067339274102817,0.048251645707242524,0.051670783738634284,0.03277610768906936,0.03143156521152676,0.08424776932795988,0.06896963460116842,0.35625743207268734,0.11485806963445573,0.12107656580748663,0.1484555706601639,0.19725256146039358,0.17777202788334603,0.08783199589273198,0.06936730941798198,0.18727410345947662,0.05077265831273285,0.21769740032659868,0.1651613354313096,0.13811586318132738,0.13217825540334305,0.030956046009479068,0.30135087715083686,0.06132340697319491,0.02292489452110747,0.028568408848391475,0.05062892556960953,0.036949693071820416,0.05003396000706702,0.2532378140999154,0.10303021869810705,6112.4952411389295
Sde-CTlk_022 ,Taluksangay,152.5416576393806,216.76715401665453,198.6318983347085,130.74869443619698,171.42501711570574,272.1743815275053,335.6099023103609,351.01324428041175,204.54601139804706,169.01906260543512,518.2600282020021,430.1053569241495,2318.25434586414,733.8682055549824,837.5123631154826,990.7295970618017,1288.1779639827564,1160.4854529466709,588.1095329972555,472.6185806197637,1174.012847565494,344.77680892845746,1386.9791564208022,1005.291364313894,849.1209631761836,787.9199375440945,199.22385513798315,1958.1421583940323,438.02719985454075,162.75821161406876,165.42249657857894,350.8615266785599,223.66537817516596,292.5693633230244,1662.1440862962668,656.6574086088115,0.022747919036470256,0.03232560695645629,0.02962116979258419,0.019498022777424927,0.025563917886564775,0.04058826218753943,0.05004814424950143,0.0523451821960415,0.030503117499324103,0.025205127643610596,0.077286017103923,0.06413986833414892,0.34571187295167055,0.10943879056873895,0.12489482363718225,0.14774348862968195,0.19210075780427208,0.17305849126827133,0.0877023906009012,0.07047969304546448,0.1750757767909634,0.051415167873017566,0.2068345791162227,0.1499150259500749,0.12662596710575447,0.1174993062475189,0.029709445911005647,0.29200980224268286,0.06532122065710712,0.02427147231525629,0.024668786331641514,0.0523225571651041,0.03335431116146901,0.043629683146341046,0.2478688096559276,0.09792465741420708,6705.741188669632
Sde-CTlk_022 ,Taluksangay,121.72642654814153,176.92841342331084,169.19452248902735,103.07038545479494,131.32629537529795,192.05889504495752,230.31799435782258,279.36115059616304,161.07625850751592,156.05049843957562,397.9976957924505,327.99134253051557,1787.8695532673655,610.5197967480252,668.8589743094205,768.2808589997086,1019.6758469896304,906.1302278779249,424.7168224890085,346.3125464609101,861.9005011324452,258.28166660612993,1081.9722939430378,755.2191131862061,616.6258238288111,596.7928537566784,173.02244128043017,1490.696858060421,344.25928327497576,127.37339688741909,131.02162945468226,282.57388895090816,176.2166506259837,241.16901585618348,1256.903129172479,530.9989572863961,0.023751596627418107,0.03452276080656625,0.033013702641953996,0.02011137835042417,0.02562474955340635,0.03747506217979178,0.04494028333165163,0.05450971946266151,0.03142964454650421,0.030449004357968865,0.07765840990465246,0.06399857685782914,0.3488540463713876,0.11912630935302664,0.13050961084562054,0.14990908364758831,0.19896196820367737,0.17680663332341542,0.08287191971948743,0.06757346078257245,0.16817640685255056,0.05039663231270419,0.21111742303232545,0.14736043972030205,0.1203177342254356,0.11644787031473704,0.03376061673147552,0.2908688891184018,0.06717282239742317,0.02485344908024165,0.025565302297310955,0.055136597845895426,0.03438387968324805,0.04705756462325827,0.24525041086322852,0.10360998347436211,5124.978689122075
Sde-CTlk_084 ,Taluksangay,127.24272920218273,165.17715532270194,168.67236703532683,104.55514549193646,123.4345639195926,198.02342712078286,234.0596279496317,239.69498072813286,159.32851953244278,148.24083988644963,397.8042679730825,325.219778674422,1691.8553905499432,548.6832359415129,596.1909119019258,1062.2647765247089,966.576828328147,1212.2212154259016,665.3891136150637,461.39444313000774,845.4933760957799,252.59644010850607,701.8166139412774,742.3843724451706,609.9160727069338,232.99034179553445,165.40760091894202,1408.747351532421,318.3512010414914,117.72411054754242,127.91609632290222,258.6826948985959,177.3475403780949,220.83215669754702,1192.4978957481896,499.37353793972704,0.025186133831296163,0.032694787088541954,0.03338662127439165,0.020695405573439875,0.024432354333949722,0.03919630275511573,0.04632922565403201,0.04744467445142752,0.03153712154122478,0.029342451675264915,0.07874046395146787,0.06437325670108308,0.3348819736637632,0.10860510064550341,0.11800866100808864,0.21026225226049522,0.19132199937192862,0.23994428566791165,0.13170559426439152,0.0913273573001089,0.16735501869019517,0.04999835971588612,0.13891597008789175,0.14694585911433075,0.12072538784237179,0.046117573606406934,0.03274040096105261,0.2788442180755341,0.06301370620591287,0.02330204029740228,0.02531941857397948,0.051203059022759685,0.035103765178728,0.0437110103477942,0.23604029703048646,0.09884485217519262,5052.094539578423
Sde-CTlk_058 ,Taluksangay,141.17152157570592,198.10459345386212,191.38895921669572,121.07179690204492,149.30177318739388,231.94986484574633,292.5428676924119,296.9990522760637,182.37793031504663,177.61006580858532,469.81813529851104,378.9850877682789,1962.184989823462,609.2121176007254,675.3260228728418,833.469317520669,1078.9956317231315,997.9536926847105,515.9574748587424,397.47131372526746,996.8932114537843,288.3704846057584,1198.7205510947244,890.6796046317444,724.334639347201,636.7969061115245,203.88103349806758,1624.6011734191286,396.71656119261,147.09696691737057,164.34655637511838,313.0064177888367,216.0272912571234,249.37951187274783,1389.7164718296929,572.4792161651025,0.024390312363683216,0.03422668298173019,0.03306641768929375,0.020917667472257838,0.025794982187958407,0.04007415655195022,0.05054285625843583,0.0513127546963953,0.031509575295188524,0.030685827677238917,0.08117084059272361,0.06547754510734789,0.33900820989210545,0.10525404612894429,0.11667659639383697,0.14399913504490633,0.18641890519444362,0.17241722705395796,0.08914236977628205,0.06867142458448298,0.1722340068960294,0.04982199042339662,0.2071038715998242,0.15388340035196282,0.12514385275673273,0.11001989125659441,0.03522468297107439,0.280683594281793,0.06854102540890333,0.02541405611287578,0.028394280950887075,0.05407835954798578,0.03732320126631223,0.043085490074691445,0.24010238372832726,0.09890767449506788,5788.016138157708
Sde-CTlk_030 ,Taluksangay,141.0876021692197,199.6364044669709,179.8094706600851,127.49263029622539,154.86644590104083,240.7645977563354,257.25747975260117,348.3128562883087,185.51116915142876,169.60721714198954,467.52121771378467,413.0308262754731,2051.086963006342,679.9016065983739,751.4744331817551,865.447015579348,1180.5798591926255,1024.0489677256894,516.3545443011129,434.31277047778593,1033.0224793632567,314.1099844556997,1269.1947117731775,904.4231845850095,739.5296304800032,714.4908840692091,204.0111762869867,1736.603743162409,397.27479170594233,154.4541779135806,160.3005511742241,311.35431401450023,222.91981652253355,273.4072950836537,1467.3621078516985,583.8285280636773,0.025282638940656712,0.0357744766793583,0.032221526589962315,0.02284644497330126,0.027751782407093518,0.04314457330889331,0.046100067442972625,0.06241702352673035,0.03324326047790685,0.030393301514808773,0.08377894274775985,0.07401436477429961,0.36755101315975713,0.12183711800688103,0.13466283695488257,0.1550865141992977,0.2115577404510621,0.18350769245838983,0.09252978509957598,0.07782805005174112,0.1851157292474075,0.05628793177109722,0.2274373591285875,0.16207097203336202,0.13252235026942907,0.12803545294253638,0.03655842774715346,0.3111961982932249,0.07119091234450944,0.027677904741632547,0.028725564082273086,0.055794120693914664,0.03994682131670837,0.04899408466132154,0.26294859220528377,0.10462099894918535,5580.414390300785
Sde-CTlk_075 ,Taluksangay,147.78872254813623,199.03936221403546,213.4980352667443,132.09587676475755,180.80192563067465,256.31006962290814,290.2068946639276,346.3698272693076,213.27173499001222,176.74965084392667,476.2842574096377,415.9816340447377,2333.6473843183167,736.0285396306314,849.7653853748634,967.7929090363082,1272.850875458779,1159.602169804705,508.51716256684983,394.51461053775944,1162.8935605197107,326.35189534586755,1388.822130323466,1028.698615712226,850.8374653482356,811.6776259942676,208.45444065828883,1975.8095288354748,402.3142895461208,141.55247777559393,169.6304305898267,333.04553036658496,226.6174475051734,288.1821229588852,1679.3630366856119,654.6206753998838,0.022691491355878564,0.030560518348673727,0.03278050407516348,0.02028201065733142,0.02776034099109541,0.03935386698655918,0.04455838800242692,0.05318164881531255,0.03274575791398988,0.027138154421581035,0.07312871999710055,0.06386985075979631,0.3583083914381903,0.11300987623915976,0.13047303992006595,0.14859499460471454,0.19543361725985492,0.1780454026443801,0.07807776263133473,0.06057380238786198,0.17855076301742237,0.05010809407195007,0.21323985228184927,0.15794646129805523,0.13063764715821743,0.12462504253671979,0.03200611018713832,0.3033659407254825,0.061771365677843144,0.021733977873730454,0.02604506881889651,0.051135835286524434,0.034794859597490686,0.04424750440555685,0.2578495244650459,0.10051050676331309,6512.957664629187
Sde-CTlk_050 ,Taluksangay,147.55535834692688,212.8360738396806,184.82582799695498,120.48760204290728,157.03978620059948,234.22970615427928,294.1106998215638,288.4279495542171,178.3303222912189,184.32916409385683,492.3788079079865,397.04080478371486,1983.612274070001,652.0199371802829,706.5529808549959,834.7512461589561,1109.434718395499,1002.1557225440815,504.00130730609226,420.9336179604214,999.1728677929608,265.2596755275856,1225.5927681328571,902.6485697779896,747.6536474789712,698.8762200974932,182.99173844018227,1666.3451804772171,375.7094222640148,141.34450436094048,171.00358473227976,318.4752399311601,210.79097911734746,259.2374455645054,1417.0971543689482,566.6285957614652,0.026640087775475926,0.038426064308323744,0.03336901035770785,0.021753193718203678,0.02835243487931981,0.04228853497073894,0.05309962949994281,0.0520736486909485,0.03219629223967064,0.033279341164249375,0.08889554949683837,0.07168293993780304,0.358127320388408,0.11771763867092934,0.1275631982387664,0.1507084982713923,0.20030067772751986,0.18093220546081143,0.09099391046186665,0.0759966202226896,0.1803936719010574,0.04789077888133717,0.22127220106288892,0.16296688509783464,0.13498363609178513,0.1261772127842066,0.033037878317991404,0.300846965975864,0.06783170804040921,0.025518761534253805,0.030873501025141494,0.057498476782754944,0.03805683676198129,0.04680350738799462,0.2558469783930567,0.10230082930427503,5538.846553004302
Sde-CTlk_012 ,Taluksangay,124.38151608920839,187.60995254863212,174.33953327664955,110.91332805289908,147.44549551084975,195.65644434983477,264.4276095687816,275.30931639797444,163.08141982607953,160.08106480383623,429.8888932983149,333.5101057764367,1817.1787278942845,604.026206176727,676.1088819899499,782.0736675297347,1038.7460055819083,933.1604463585081,447.685078341193,352.30624057793807,880.8381058739228,279.887989402904,1104.4802142430121,743.9779460170577,613.8104548333791,591.663257572109,164.1529382010569,1519.389559362371,372.6201619251031,137.36592200283877,137.428017289816,299.32323754471514,186.70235244645423,241.9464961357366,1283.2297574919814,534.237858670312,0.02176301919656457,0.0328260912646706,0.030504167570192697,0.019406491924723643,0.025798520955060186,0.03423398498586448,0.04626686765113622,0.04817083861130093,0.028534336787891156,0.028009365023607805,0.07521760894545684,0.05835422386277384,0.31795154764304495,0.10568639403642632,0.11829869131971227,0.1368393373447069,0.18174926605348884,0.1632749732123339,0.07833140534295367,0.06164298135157069,0.15412013947032893,0.04897196848681721,0.1932507727881113,0.13017373344587083,0.10739834286961117,0.10352325037756088,0.028721820231551544,0.26584741195586686,0.06519730577320565,0.02403489916747322,0.02404576397251011,0.05237255156137043,0.032667288581864136,0.042333349885903315,0.22452655928290213,0.09347553510631554,5715.269327559238
Sde-CTlk_044 ,Taluksangay,157.5400556724543,221.25678012040675,202.2424405474776,123.86572556219905,181.35816969268302,258.84384496220883,309.1028404447458,328.6829232390542,200.11811906096858,196.1269777985936,516.4655648462345,424.12997694066615,2377.4461337003727,785.7093837225376,872.9419042278242,1018.6556784674447,1340.0877710781674,1195.0564081589162,590.5869217529627,494.51972510006124,1139.172608292896,346.36757569431944,1428.5672832636374,991.1608632359782,813.5633530909315,785.1958620758008,220.76989613715452,1961.7439329145125,447.1185181336151,155.97980661691412,181.96286264128167,377.5051366974494,233.63201193620705,343.65770287396447,1637.5780436731557,740.3545367999377,0.024581927073338443,0.03452403269876784,0.031557110370764856,0.019327517815448638,0.028298411362813632,0.040388969605753944,0.04823118444094262,0.051286383103182114,0.031225639649627993,0.030602877755630208,0.08058724364892121,0.06617956378312449,0.3709672897470707,0.12259898404290197,0.13621040145881821,0.15894700236104542,0.20910199453659353,0.18647187439724106,0.09215284696346075,0.07716290163062693,0.17775198733725608,0.05404582631346324,0.22290798760130257,0.15465682015925636,0.1269452072354369,0.12251885615658899,0.034448061248088864,0.3061027628156444,0.0697666048103438,0.024338471982911943,0.028392765258403965,0.058904408155099605,0.03645501491604054,0.05362298847857961,0.2555211998284971,0.11552199314865082,6408.77565060073
Sde-CTlk_061 ,Taluksangay,138.9973646282907,201.07626501268123,184.6936376981622,124.92767191827438,135.96981873651222,224.9963033198768,277.99792219570634,289.23984494025024,188.05773041502442,179.07563231579,457.8679009689366,375.16299056683346,2013.3405240595268,644.8513578517532,699.0125739824498,903.6671504875729,1121.1396712363182,1062.4505887442858,558.4389427849386,426.23192774375786,1052.1345923593806,301.14227354026536,1210.3592263853075,920.4804198080479,766.0793961825628,662.5799739643812,193.45790634616108,1702.6739161825585,389.1772540007444,146.0653691798299,154.28238768793392,305.458138713392,207.46868722149375,242.30259024577086,1479.6361704608603,533.7458470632721,0.02453310239246062,0.03549005847299076,0.032598516792042856,0.022049794793008243,0.023998739071548005,0.03971195685639773,0.04906676834022816,0.05105097316682739,0.03319228079110297,0.03160693611239679,0.08081390698831752,0.06621645011796541,0.35535558073156037,0.11381657797902142,0.12337605894175707,0.15949769113178167,0.19788169670874478,0.18752304513324902,0.09856474473395799,0.07523014234289427,0.18570226675901197,0.05315175759784163,0.21362899154223572,0.16246524133601967,0.13521338564627675,0.11694568733682005,0.03414541446676773,0.30052277349563944,0.0686899744232534,0.025780608629985324,0.02723091638912272,0.05391350989787638,0.03661832409877456,0.04276652490753793,0.26115650300693755,0.0942064013412864,5665.706782808139
Sde-CTlk_024 ,Taluksangay,116.57206002957999,183.40376574108288,167.96265406943894,107.23802876540579,127.29314926986446,204.74052959678016,250.6282645083152,262.4178986115276,156.2661973877268,168.31409519258926,413.5792269586204,332.8093791570484,1737.6798497936866,585.2414183792874,636.7834375963072,728.8509569190192,1008.6857134586619,877.25839421548994,441.4476710109705,377.775829337201,754.5196254588809,257.66482603731527,1070.6174103875762,658.9855654528785,523.8794711971543,480.953804455272,183.56738364415392,1335.8880561153917,424.2448937335133,122.1301170221335,130.68274656361498,379.69205239300175,176.3930264990371,170.02480268622577,1234.0284936908708,503.6592023712561,0.02375069853130238,0.037367166270517505,0.034221153510613195,0.02184895841809773,0.025935041489714313,0.04171437473403496,0.051063662701423,0.05346571380448069,0.03183808662081738,0.034292757050649526,0.08426372096204493,0.06780745944391155,0.3540394691995335,0.11923862795622886,0.12973993469994946,0.14849801356896597,0.20551228387925274,0.17873493571083454,0.08994171115159705,0.07696904243370029,0.15372781570195979,0.052497310279837874,0.21813041092373825,0.13426345470415157,0.10673658322572711,0.09799079482855115,0.037400502213016745,0.2721773509390949,0.08643677200138945,0.0248831117014603,0.026625646969672026,0.07735945876592866,0.03593877979285597,0.03464130110096734,0.25142421541878845,0.10261685240014215,4908.152906574226
Sde-CTlk_015 ,Taluksangay,133.98169822050323,207.6310125836215,194.67935762093532,127.22548083984593,168.4879840596949,235.17004337240738,320.1349380950633,305.0494030622089,183.29663202975115,175.39593881743673,479.39938918569766,398.36492496570276,2220.4389814064357,681.1258359296395,790.7219521190113,922.2283910782892,1190.77221379745,1079.1899005145895,521.752735019185,399.8376134268635,1092.4426783287074,330.8100296497825,1347.8831065678357,958.70370340491,776.2160461017859,734.8735551875574,216.817892621896,1843.2335786726815,432.1874070987723,152.4805587127746,159.78690363233764,338.99299184232416,226.1461133675527,265.4195369414428,1580.0308186169154,640.4108440865208,0.020966594195316983,0.032491864493604077,0.03046507951202031,0.019909323911412553,0.02636643090426258,0.0368014059515019,0.050097434380444034,0.047736721720028644,0.028683813925177,0.02744744634180999,0.07502048849983298,0.06233952722152933,0.34747315250470084,0.1065883563767025,0.12373888756151867,0.14431813216246867,0.18634215058732365,0.16888080241030487,0.08164829981062256,0.06256998602113692,0.1709547096534569,0.05176796338252681,0.2109281976081588,0.15002609886133134,0.12146888017291228,0.11499925602621999,0.033929505516533606,0.28844484705372947,0.06763235651822433,0.023861453016847292,0.025004811930893742,0.05304850281354879,0.03538926473392044,0.04153510364827255,0.2472566434821155,0.10021692861471526,6390.246168375256
Sde-CTlk_085 ,Taluksangay,127.20922709225931,222.617895555254,184.5394537569948,108.62533389320373,182.34039112056328,249.55168564804362,305.2256023409898,287.87832961767026,182.35560626095372,161.2892465867455,487.72824941318504,415.61436778933665,1955.740021911954,636.2741447967377,705.2430931269089,825.785000852171,1107.4572303192977,998.8932137579471,467.4620652780287,362.0383193460189,963.7049850586849,277.34160592650005,1152.6616664404394,842.7549766288004,699.6852183289925,643.6349068073918,177.61290799330996,1627.4257714415025,370.1217536017171,140.3943905697091,161.21960713104966,306.1559249313332,205.85540152313231,302.2437972522182,1350.009819965655,605.7968136245767,0.0227170380674521,0.03975512880175744,0.03295507638690435,0.019398324331865707,0.03256236753420221,0.04456496806282703,0.05450722236141301,0.05140934444933109,0.032565084655682724,0.028803051778031923,0.08709856558168885,0.07422046049853656,0.3492562728613336,0.11362590827000288,0.12594239081220343,0.14746877823795257,0.19776983662507788,0.17838246234922417,0.08347942814171022,0.06465284374768715,0.1720985445143363,0.049527695148648375,0.20584244990679298,0.1504992784189012,0.12494986490630487,0.11494039397692578,0.03171813306615406,0.2906258771227049,0.06609638434532998,0.02507164604274914,0.028790615556209025,0.05467335947412822,0.036761680734055766,0.053974731273622505,0.24108490533750052,0.10818326304482442,5599.727689611027
Sde-CTlk_060 ,Taluksangay,138.50926315640407,195.03034830920552,186.37663530265806,108.92462960676065,131.47994182996132,245.45102968408997,246.22624363477172,275.06593072834374,173.26280517145048,172.2920515237136,457.96361707503576,362.26756711982927,1871.3062147479684,633.7138176984072,693.5938095160668,780.4852436938061,1112.5383047393022,965.9527574102783,428.90999121667693,369.0269282090942,948.8482040611977,271.21863357123897,1129.3941967154824,825.44808160487,691.4794655888272,699.0258535227508,162.69464355992173,1604.5314599352953,308.2326626223929,117.36820107205364,177.26124729700538,284.27351240256286,213.92053433927288,264.02416578222545,1338.9448141698822,532.3617286714831,0.026093276606349306,0.0367410865460911,0.03511084375939149,0.020519930759894014,0.0247690472981718,0.04623966271214758,0.04638570256235888,0.05181871054626096,0.032640375076037904,0.032457498184848194,0.08627416725543843,0.06824632244049204,0.35252884582500654,0.1193831340781746,0.13066371671992758,0.14703289070190118,0.20958720780964127,0.181972468219046,0.08080085609441168,0.06951969488190937,0.17875020111867423,0.051093931664188665,0.21276263046194838,0.15550328278892742,0.1302654028477924,0.13168704052928332,0.030649475999209825,0.30227208096836494,0.05806687539616572,0.02211058571515562,0.033393627631130705,0.05355329471793225,0.04029974275431419,0.0497385909903868,0.2522391398279296,0.10028976780544675,5308.2357285363105
Sde-CTlk_053 ,Taluksangay,134.97581214616048,218.27954055240724,198.0493931390097,130.76860756313036,168.90137216804956,220.9002279578045,278.6575343510381,346.18000242222485,211.68034356081722,172.22873750117893,471.81396541916814,417.4957662912044,2403.0630845753053,813.9514360453823,885.7061891097803,993.5226676684584,1310.0666259266739,1143.7984564657972,518.386500229327,427.6381642439785,1168.4101633246821,332.8426347971214,1482.7719810668666,1047.293806609306,846.3024281210355,863.9577304706522,230.1231366188328,2011.0796543383606,425.22815756157297,152.4419856404395,177.30802686198373,341.20920147856486,237.17292780815012,264.0045140300636,1759.9839586675923,643.2474592579517,0.0205272472593088,0.0331961558839566,0.030119536218224212,0.01988741166674472,0.025686678033659198,0.033594712466092164,0.0423784974310733,0.05264737728159889,0.03219254385743612,0.02619270685340979,0.07175390741910595,0.06349314509101797,0.36546007267864233,0.12378649269900552,0.1346990223942413,0.15109585289899413,0.19923615297416986,0.17394993486139995,0.07883670190161422,0.06503561042068351,0.17769290616961392,0.050619017987621584,0.2255013442821543,0.15927341780416537,0.12870646171317057,0.13139149654278873,0.03499734100764107,0.30584686742292816,0.06466909435917795,0.023183519196408233,0.026965169911442093,0.051891413243117523,0.036069479819541006,0.040150052449400515,0.26766000009590957,0.09782567287546225,6575.44630515185
Sde-ASac_002 ,Taluksangay,78.93790894926784,85.05209803179461,117.67888137877586,66.59720051270926,79.66967323599361,103.05046377663712,150.97920260916732,180.1340055939991,92.59579683842512,103.64873087742077,235.12982577295463,206.1303423406656,1019.5161693893041,334.149644841125,370.9728600163225,423.19617931319993,564.9279662720637,487.60611866227646,233.02290085646092,187.43214955972735,479.453902352927,158.57224030888892,641.7794364825115,401.32761813616804,328.1542429423853,331.87291055379916,90.12989641267752,833.3787798929008,232.4792739717673,78.85537657769446,67.3264391653828,184.1777754438358,102.25213888599103,94.095609119714,747.2276086149119,272.35975170858126,0.029192117470135445,0.03145321265630831,0.04351896034098357,0.02462838611292104,0.029462732049402772,0.03810920866744635,0.05583378983280088,0.06661556052929661,0.03424295645182749,0.03833045450125502,0.08695362704765738,0.07622929525071688,0.377028428744452,0.12357225843257702,0.13718989332221276,0.15650265815076447,0.20891665073339594,0.18032217073667495,0.08617446275914592,0.06931449541112154,0.17730739039460344,0.058641779700228144,0.23733717993157677,0.14841542078559636,0.1213550920693134,0.12273029674840553,0.03333103902386086,0.3081927500180806,0.08597342348550492,0.02916159608037318,0.024898066684600362,0.06811099163521167,0.03781397923589336,0.034797603729432414,0.27633308784039207,0.10072166810402408,2704.0830124784225
Sde-CTlk_074 ,Taluksangay,186.66919582600232,227.0536222312043,203.62836857540253,123.42160206973492,184.40335704975655,260.1906903233857,322.47789369197073,360.19319347090664,252.35824815943704,179.585767536211,514.7401698292547,432.4221042838582,2514.029711014174,794.1096665194046,882.1661166386522,1052.33893907064,1338.2470456081417,1227.7452103258884,574.813916785215,461.3683268950741,1273.4761951459047,335.7338832379003,1508.9124640698178,1116.1716483758264,956.0978628050008,884.6618474601977,200.25536293133288,2108.127412835944,473.6378180483903,168.50747766541383,178.3056538302696,389.51447096640726,247.7051472593171,344.07254959970294,1790.5795063332457,723.4527103342692,0.029583656042017396,0.035983849576569714,0.032271374983299315,0.01956006832101632,0.029224562005604436,0.0412354692685181,0.05110685266480704,0.057084038409056084,0.039994170328315704,0.028461062112171517,0.08157690971911875,0.0685310007443503,0.398427763729058,0.1258518692920772,0.13980720734923086,0.16677648968984704,0.21208769942642275,0.19457517802439678,0.09109750072630819,0.07311844801789019,0.20182270335599534,0.05320768474633,0.23913504923524376,0.17689280753199885,0.15152403796765648,0.14020273507340278,0.03173681523250384,0.3340996675863925,0.07506293813305959,0.026705355630332286,0.028258187484659098,0.06173092502739232,0.03925673887397837,0.05452921097032817,0.2837741277924832,0.114654033036837,6309.875816595412
Sde-CTlk_064 ,Taluksangay,167.17688121438923,222.5302282246841,198.30623876444236,141.88313965263805,184.9082945800431,263.6468404149195,348.86111421527045,335.2020678338664,204.24400305712774,223.290909504216,523.1615367589632,442.90421509595046,2467.6311394518025,796.566100934185,918.6982251026286,754.0518625113858,1345.643258585469,922.2030339005615,510.1035814861526,587.3161967521754,1208.6654488252282,340.39563374408897,1787.8903884824733,1071.7228651100804,886.6012197365003,1129.073864943428,223.7725745130756,2078.7914008595594,479.93947553799944,172.5597466373892,159.70132697707913,356.44069293515,240.11162576510122,311.63957035185695,1762.043435248794,705.6003236051483,0.02381124381688769,0.03169530070423125,0.028245043018685394,0.020208619799779493,0.02633675454421226,0.037551598959553914,0.04968879062983695,0.047743312993627794,0.029090767333395075,0.03180364563375921,0.07451465069150431,0.06308348484891596,0.3514682549692995,0.11345605629098733,0.1308515105267905,0.10740069211969165,0.19166190616775297,0.1313507054885157,0.07265478732707074,0.08365229125514717,0.17215195956501889,0.048483040061563676,0.25465180142600946,0.1526470302585899,0.12627988785376837,0.1608156157128362,0.031872249874254105,0.29608525132634217,0.06835847030026353,0.024577933086896122,0.022746489866951953,0.050768360936552376,0.034199444461642546,0.044387272562657974,0.2509703826742051,0.10049966969470495,7020.921817440804
Sde-CTlk_013 ,Taluksangay,141.15213549305588,205.15783799918538,191.6072218731851,126.72364497354071,177.0677726349152,235.0674479295252,371.56339015491017,289.04438463469586,204.4071071752888,167.06487603682586,496.2101593006132,425.3832456707833,2289.1963235093663,741.9468951081875,827.0253841503597,969.944529336977,1248.3657302515037,1113.8531840684616,561.1160030067313,460.00764531881424,1145.7257956087226,330.3812264239753,1389.3983459975796,992.3463903462138,838.948338631891,771.2779987324222,200.77683078047122,1917.8039448845054,467.8717332801907,169.1554807619606,159.4820576531731,365.33138348114846,222.50806862439848,293.0669639659341,1651.0964824697796,638.2671462585554,0.021853979509517472,0.031763707804985164,0.02966572405061599,0.019620078229417717,0.027414643508172114,0.03639448438000526,0.057527565463802215,0.044751501896041025,0.03164747537261501,0.02586593794642579,0.07682608991986162,0.06586026277327328,0.3544264447185611,0.11487245436426377,0.12804479178398215,0.15017234982280292,0.1932791097633966,0.1724531093788552,0.086875183215168,0.07122101001095597,0.17738780907066354,0.0511515077499767,0.21511458454330187,0.153640733845197,0.12989077166960078,0.11941366329005501,0.03108541525450839,0.2969253562362125,0.07243857300827541,0.02618961730604726,0.024691922711007036,0.056562690609618625,0.03444996956960057,0.04537430059457445,0.25563218416845046,0.09882016369932199,6458.87562178704
Sde-CTlk_005 ,Taluksangay,142.72305775227767,226.80895372524432,199.9181016306677,130.28763524080094,202.90664503125566,268.91133452980364,347.10546110421546,335.49816700470956,203.8190284308607,191.78873743932414,512.4451407909436,432.51093029855326,2425.881773736084,747.0597064635731,877.8631971055627,969.2770748937581,1309.9996863824967,1150.9076143809284,586.9088731872778,496.9218015332392,1181.822623980896,346.8052691157387,1530.907668569532,1042.4264203885089,856.6666401627941,828.0729261714876,226.39601861386592,2008.0698014813156,515.5498375583492,190.4180564080258,166.51320612278778,383.94429013095106,250.68661810228332,302.90474441026856,1733.4347888422683,692.5909053352419,0.02161340582853362,0.034347035718064106,0.03027479323287336,0.01973023545912959,0.030727366225425174,0.04072285092975777,0.05256425495848779,0.0508064930250292,0.030865533897821235,0.029043715016342835,0.07760263104787606,0.06549771570928992,0.3673657788274524,0.11313171724478926,0.13294007177108516,0.14678342175329723,0.19838108363807685,0.17428882012841762,0.08887911918606278,0.07525183898613985,0.17897046484091292,0.052518795091136265,0.2318344999603226,0.15786086442562136,0.12973015044101635,0.125400033399159,0.034284502485637414,0.3040940142045548,0.07807279383912555,0.02883614459389334,0.025216090212897974,0.05814297905914975,0.03796297317446455,0.045870676199290625,0.26250439248278035,0.10488318107746823,6603.450603044585
Sde-CTlk_062 ,Taluksangay,163.5845205331177,214.33739411180682,212.6525276990847,123.1701954916448,172.15190572564103,250.6851340750783,321.0026110385085,340.9049788291159,206.00544619698772,210.08178524967366,510.4874370329009,432.11489193685514,2300.9540046598604,794.008711726515,869.4668374114334,978.8366215521362,1311.5970992956334,1140.2092185394395,543.5931954412233,466.05531665672476,1107.6154524767205,324.13801180669947,1395.7776382686322,967.1306345316594,802.1168666720642,793.4498126043071,204.95438008942386,1925.5309403961937,448.1193090667819,166.98475282264573,176.8563271310645,387.07845216059235,229.06330600253287,272.3871208152104,1693.996996152691,606.9897023929564,0.025090792426496766,0.03287532981341483,0.03261690295682586,0.01889199416998767,0.026404868372086773,0.03845039031191776,0.04923577032644798,0.052288419668833824,0.03159736552340864,0.032222599357867074,0.07829918305952283,0.06627830691224068,0.3529231196551328,0.12178602049774521,0.13335987945629804,0.15013514977320783,0.20117435597434521,0.17488667467995125,0.0833769844898654,0.07148413047511859,0.16988740325737242,0.0497166819040971,0.21408606927606028,0.14833967126753478,0.12302965915033681,0.12170029587161942,0.031436151727351015,0.2953402741214565,0.06873308384837973,0.0256123241845163,0.02712643824059002,0.059370563084328414,0.03513400806326968,0.0417790673943499,0.2598273165642915,0.09310081771874883,6519.703234257626
Sde-ASac_008 ,Taluksangay,84.15078248536967,116.30112991372869,138.63814588092268,71.2344374710013,83.75284465742045,164.30876348402717,155.15659133926607,173.77628684271048,112.08261239371609,105.18280178132731,295.07044967012536,237.90074562314842,1111.8717550360293,364.4451848860951,402.3474232086743,458.903502247575,670.0895168189471,583.8783860292998,276.47688202714164,229.77120077435728,553.7854580212268,168.6043748144751,697.9558866463196,479.12491198166686,390.464150164903,403.6330998534312,102.08116381311498,937.0898317425496,205.21897183252824,74.22012417862163,93.85567529185428,181.33583119880072,107.50899217349213,131.47569112410096,804.8408351201185,307.113099062886,0.024570461097450483,0.033957763715763645,0.040479756330038974,0.020799128932452938,0.024454270663659447,0.04797509853050236,0.04530283473213401,0.050739439009620003,0.03272603517381689,0.030711418990527702,0.08615507533619801,0.06946258659453691,0.32464584280266706,0.10641120584890318,0.11747795347389572,0.13399127514254733,0.19565365785721373,0.17048161343085894,0.0807260999073103,0.06708891091918678,0.16169503896187776,0.04922933702915076,0.20379011880919196,0.13989555014193303,0.11400825908236553,0.11785334710721568,0.0298057984747638,0.27361277668035683,0.05992011737676441,0.021670893839826375,0.02740410903409462,0.05294668515790222,0.031390623257533605,0.03838845294857209,0.23499853292982198,0.08967130465309717,3424.875998525785
Sde-CTlk_065 ,Taluksangay,152.2021954906696,195.68563494096853,205.6010970041259,118.68556175323101,136.85665469775296,241.76778007807408,312.16941986238817,298.86194473644514,201.71616055698163,187.714028618135,472.4743056504978,402.7450489360484,2175.360711562248,692.802508864431,759.0847822490252,908.7790295718315,1202.92164758857,1051.7116715905931,492.7569466022878,405.0304418608064,1071.1078032827554,329.41421429448053,1318.766071171457,937.8777372792257,760.4484814084121,751.1723338488979,209.32491653016376,1791.4410020113364,399.94558560804234,141.70281326032293,151.98357691109254,331.03940409715574,220.0441630972292,258.12491966441365,1560.6614614374062,614.9184177559574,0.024027606730545745,0.03089217907810646,0.03245749699114403,0.01873645773115904,0.02160506204877503,0.03816699963562056,0.049281050313205836,0.04718024764165515,0.0318441962117156,0.029633730597003454,0.07458779927490443,0.06357989526572236,0.3434162792855512,0.10937021093069876,0.11983395222534506,0.14346563830518175,0.18990086301146789,0.1660298943614961,0.07778974599239674,0.06394068193009227,0.16909189108822348,0.05200342325551218,0.2081888005987217,0.1480593453992639,0.12004923444906655,0.11858484279022098,0.033045362828550105,0.2828082718421885,0.06313795417752013,0.022370107465629327,0.023993094210952096,0.052259986055511784,0.034737571276206754,0.04074924173764926,0.24637594559032208,0.09707493289159111,6334.471726523576
Sde-CTlk_097 ,Taluksangay,144.65387985982267,185.4236253701507,192.97227423503097,115.86048724090539,121.61241981475416,226.98290783530382,275.24576794924565,318.68430068933424,200.6021796804063,182.06607059759924,438.1142592729435,371.8482308940706,1966.8779054633692,671.0033616221382,745.4438207830622,841.2568617534421,1142.0754245162664,978.9999635640545,452.7158090037943,381.7299352377411,956.6540562711267,303.0302551114163,1188.805846874602,841.9245463378294,673.7421681507623,669.5443514889512,203.848185145441,1653.2718118831067,360.2461707108209,130.5156791613943,168.90136642028708,303.33718030055275,212.4597368911108,275.49415634682714,1367.7435810686227,599.1673767898998,0.024860455944926682,0.03186721209365612,0.0331645354197289,0.019911975687077844,0.020900512368492313,0.039009659374219303,0.04730419463868311,0.05476961299140002,0.03447582363662652,0.03129017715628299,0.07529504394941813,0.06390645429835137,0.338030902214348,0.11531975171817091,0.12811321261450925,0.14457980090306277,0.19627897851398068,0.16825255905928135,0.0778044905274376,0.065604740412313,0.16441215433357623,0.052079282729765655,0.20431014648163567,0.14469455028421557,0.11579044755510606,0.11506900381445449,0.03503368752481732,0.28413403832747686,0.0619125049736905,0.02243064130086449,0.029027669240524256,0.052132031402323274,0.03651368310459813,0.047346883081062184,0.23506268254998214,0.10297390010386998,5818.633422503357
Sde-ASac_014 ,Taluksangay,68.25271678005865,100.59993120097052,111.73243892554214,64.06927668968959,73.08290895229882,107.88167766430452,147.49392001178526,157.98708441211545,91.36741799714434,96.22812372300521,246.19227155792282,208.55943052646867,919.8925674150433,340.13444472556733,349.3366335414882,395.48865648947503,679.0171719849011,468.038756036868,225.9362821594619,261.2061977250349,466.40777856335114,265.34247081733815,575.2342416789876,312.7509157927599,238.93571132095354,336.45804811233165,108.51853835101157,791.2340775589106,165.72651161102738,70.45191884540823,81.16412124479628,124.65271006376078,105.00184016311333,125.60394784384778,665.7521414685497,254.14088145758853,0.024172097800771307,0.03562805248583446,0.03957069503812052,0.022690508088614773,0.0258827385355592,0.03820692547398717,0.052235832179879864,0.055952047564268186,0.03235830407671324,0.03407975136451711,0.08719042913806552,0.07386253895510704,0.32578531895532753,0.12046059777827925,0.1237196066285261,0.14006461478398347,0.24047789251398172,0.16575865576064464,0.08001665232902223,0.09250769867408237,0.16518103557407027,0.09397258391872461,0.2037225623270649,0.1107625612645523,0.08462047599890406,0.11915858047139424,0.0384324734013196,0.28022016424179946,0.05869301085481235,0.024950958041288794,0.028744747010804483,0.04414648443229085,0.03718701422337069,0.04448337084116665,0.23578000457488735,0.09000547570235165,2823.615779755813
Sde-CTlk_049 ,Taluksangay,149.06421307892788,221.84309493407721,200.88709934911205,125.12454975491413,144.58879981858902,242.8117221362264,296.56814560591295,310.12709403367194,184.97349191257106,214.9105636790337,509.30005370355104,418.652097456886,2189.1681408736654,737.2570052208729,772.8853400024224,923.9437054571722,1260.678791034687,1091.093636396313,513.533320218036,431.8339103605112,1101.449071603113,333.57765742089197,1344.6954127832669,939.7746186255991,784.786046664497,791.4688292643242,188.67710395540868,1830.954849316285,390.6565267072342,131.36475504202056,194.2173625198325,347.2507903925488,230.17513466360782,271.57701888827035,1580.6810029137475,608.8280858806447,0.02434594518886333,0.036232571978447224,0.032809929418227336,0.020435994442887323,0.02361499733972378,0.03965727760030515,0.048437057215479085,0.05065157543163911,0.03021083600469304,0.03510031479565845,0.08318154261201822,0.0683764453409834,0.3575463651942785,0.12041266155350769,0.12623166712061046,0.15090330768220753,0.20590063914966417,0.1782031066944084,0.08387294179095416,0.0705293678152166,0.17989441041341764,0.054481643823513455,0.21962267226408672,0.15348889503632387,0.12817535263787275,0.12926681956694938,0.03081572925125649,0.2990411010396916,0.06380406262803083,0.021455177335609577,0.03172059319247741,0.05671481125526811,0.03759340418878584,0.044355375980872455,0.25816507036225517,0.09943698022571254,6122.753169883705
Sde-CTlk_021 ,Taluksangay,123.32641171350929,196.73271965966921,172.81878555715522,109.06850248504372,136.15321482396223,222.9624162765779,274.3077996819084,260.9460763638725,165.1559897236852,164.93728549657894,442.6638108696147,355.8208327102279,1724.7325072608826,540.5740717406356,604.6462640821987,720.955373494088,962.8863999164647,882.1499508211118,425.51773147690335,338.041579627418,883.4633278751529,238.44984445633432,1056.5568834603087,796.8329516586272,660.2389414171888,586.613928027702,169.91751607615385,1451.349324950544,338.58354848125754,130.12566391073685,142.57637825390293,273.37018982853624,183.16659323525673,236.93850698018667,1221.4943631137928,503.2598537093534,0.024219604153834926,0.03863558931182806,0.03393922289950393,0.0214195476795013,0.02673861114980608,0.04378673950188198,0.05387026373587028,0.05124620579824324,0.03243435561909176,0.03239140512913841,0.08693305937900497,0.06987829774816703,0.33871364630431405,0.1061612824980198,0.11874417625305675,0.14158567914203168,0.1890975917248178,0.17324206807252707,0.08356580616931635,0.06638669796971232,0.17349999718853426,0.04682825651890194,0.20749318112703258,0.1564869876432949,0.1296618103607703,0.11520287447397484,0.03336945363923639,0.28502496465148697,0.06649313316815297,0.025554883389409287,0.0280000317451765,0.05368613010882402,0.03597138942686409,0.046531450709776614,0.2398846243859059,0.09883328537663312,5092.0077359720935
Sde-CTlk_063 ,Taluksangay,133.64503078532323,208.25502003534032,185.21823416175857,117.95896564933074,166.90694949923446,229.38622920271393,311.553158711158,310.35952897059565,167.15065663014903,199.719557544573,463.8330378639495,401.0329076464923,2069.0580776856536,659.5885983175876,741.6602893380499,899.9754243653766,1126.667526776169,1042.6303122552501,537.1989125134561,412.38120096145263,1043.9379578953724,298.6518447061896,1214.9721946797797,915.1879292309314,760.253694748069,671.4235424635036,190.92075776166934,1737.445968028635,392.4980839716418,145.04018893124072,146.59719146112582,306.35461923347907,209.16559498292258,290.8013771839641,1453.8415108966485,615.223639770125,0.023924521946969212,0.03728086086047858,0.033156920853270606,0.02111647433455582,0.029878918452347296,0.04106367324429934,0.05577282102771042,0.05555914289275222,0.029922545787893832,0.03575288141756225,0.0830332682696656,0.07179107628668407,0.37039331053512337,0.11807653306442852,0.1327686316894644,0.16110948282505802,0.20169086581746778,0.18664690816821203,0.09616689147957151,0.07382259583424236,0.18688099690785412,0.053463286821740494,0.2174987634464739,0.16383275584453127,0.1360971380558212,0.12019517061717781,0.034177760537451043,0.31102962788451954,0.0702632112016704,0.025964431022145445,0.02624315849131382,0.05484220227522049,0.037443867821454084,0.05205793204404472,0.26026005554021336,0.1101345211676292,5586.110814734735
Sde-CTlk_016 ,Taluksangay,131.21190735360108,204.0519061872739,177.19527388011792,127.0746010412781,148.0218039139505,234.95680416725548,300.4039239649509,334.5386293865179,175.99347368411136,198.322034104635,459.0831761568376,390.4663299873755,2145.270491556792,732.3595943179962,827.1038310399728,884.1382610115343,1210.6168884690692,1033.9654240466311,510.32547381924803,448.3871583553659,1059.812205469351,297.3662593033044,1322.9202105046395,936.5139505445768,782.5031777849147,768.2209539472938,186.94526231696818,1826.0664176593054,419.03202749323344,145.16693982446554,155.1542011471491,323.12914963209363,221.8133640162603,285.66086483319685,1528.9296246492183,616.3410338257221,0.021938852217101224,0.03411782287712887,0.029627348657835003,0.02124708762352417,0.024749495274277566,0.039285173944896105,0.05022804276096437,0.055935423080495185,0.029426405638055424,0.03315977860066589,0.07675948136261805,0.0652866289509952,0.35869284449267536,0.12245175939878421,0.13829315557835475,0.14782940846629325,0.20241718562992067,0.1728807628306219,0.08532727995920998,0.0749710891458538,0.17720238827878063,0.049720140106082764,0.2211944904898236,0.15658671209528174,0.13083585112875185,0.12844783921409594,0.031257563169221216,0.3053213849538592,0.07006286175409403,0.024272157183380584,0.025942044121472656,0.05402773882184202,0.03708756858336499,0.047762978407865024,0.25563961199902996,0.10305326040264136,5980.800912242896
Sde-CTlk_068 ,Taluksangay,145.1854132439275,233.84950597153286,191.60044205953704,123.38635132890506,149.42013450084295,268.36635519872823,300.67874428166687,306.78836898736887,190.20318126469388,205.73483822836133,508.93435555869087,412.4495930736021,2163.145238180553,695.9672661980089,758.1882761048869,912.2496095212593,1223.6596494942537,1113.9325758469943,482.6070276809487,374.6047066823374,1122.5130996627345,304.9611111255991,1275.1826823261872,1007.7134893669727,834.5336837156665,774.31188715269,202.4429970346218,1836.3278308939775,360.20501572022835,126.92004321812188,197.75793409681435,321.81808589704855,231.36428504678508,326.773637438824,1526.2625686071847,637.2215578293315,0.02264148948849858,0.036468547445943245,0.029879857059704546,0.019241952164601794,0.02330188914355265,0.041851408309800185,0.04689048628205117,0.047843274860890087,0.029661955929747498,0.03208409903644524,0.07936769682473496,0.06432101488337409,0.3373398820036712,0.10853525288719314,0.11823854408080253,0.14226422257834104,0.19082824143618163,0.1737164370952449,0.07526198190416881,0.05841915065145145,0.17505455939995251,0.04755831620873866,0.19886319605190356,0.15715169910758814,0.13014451800264834,0.12075300171052412,0.03157074038614724,0.2863731028596455,0.05617353627276416,0.019793027138165928,0.030840110490972433,0.05018714102362841,0.03608098025040318,0.05095995328924018,0.23801880045448562,0.09937393076257228,6412.361400413995
Sde-CTlk_042 ,Taluksangay,121.80153975582574,222.90259351925448,185.13831896355222,123.41249432962611,168.3823662172795,228.45376950989453,327.9849660941489,312.47303561990753,183.59662959575266,196.61083105182686,469.7686673541883,407.3652638657474,2138.78999644791,676.8182131878617,770.7644253682184,894.7399572344244,1202.4114172397274,1036.89479996043,527.0896410822832,454.3675794185694,1057.331762091847,346.4993925328586,1312.5378816251364,904.7078201465102,750.6197455971231,698.1175799791895,206.6540044369818,1776.5988589012575,463.1189012528423,164.92979309075713,146.06520133816946,336.055653921549,240.75448192920518,247.83745663163992,1553.0833622543157,586.137077029734,0.019786362250749697,0.03620998117794838,0.03007526713415358,0.02004805788145039,0.027353303589531485,0.037111756141455884,0.05328035560920148,0.05076048044024162,0.029824823466770036,0.03193894866527191,0.07631277112715913,0.06617549084665322,0.34744120421494024,0.10994746347941503,0.1252087958896026,0.14534831784188387,0.1953287940664531,0.1684410243833097,0.08562442312288478,0.07381090205751765,0.17176095890012874,0.05628797890456829,0.21321856887629714,0.1469675727941589,0.12193634192740072,0.11340749352410617,0.033570437619714774,0.28860413970922316,0.07523253288692215,0.026792441528875086,0.023727934734646714,0.05459141910877449,0.03910997679087207,0.0402605887088841,0.2522945939171217,0.09521653468384163,6155.832902089454
Sde-ASac_009 ,Taluksangay,75.21949882005329,111.02216096797972,123.09307197929543,72.43765991920222,68.47659345060909,114.77295706585242,175.99025957779597,168.10374339439917,88.2972401519436,123.84310795538848,266.46557264369073,215.11617394294183,1051.3927883964632,373.19983420727834,391.75801452566355,451.2132376662391,657.0500063937905,524.7008535955797,255.250416047085,229.36476778967167,531.139690491654,203.67028633853303,649.0397555500358,440.97706213848585,342.712400638334,377.7253500256503,120.6995717680888,895.7493544760833,185.39391750068282,73.12591870116918,86.8663822838847,145.64451570179344,118.08510987402263,156.64002821003314,726.6398251944976,324.7564666038229,0.0247195613259233,0.036485474639361054,0.04045236659802473,0.02380535904610042,0.022503624429113817,0.03771810760842944,0.057836094133063856,0.05524432971690173,0.02901733030776129,0.04069885269004238,0.0875692096802024,0.07069413566157509,0.34552169208911326,0.12264554182394763,0.12874436039724507,0.14828327062165209,0.215927893458917,0.17243367918801358,0.08388354631340901,0.07537668466718626,0.17454968934517903,0.06693264661943621,0.2132954658294546,0.14491933211274843,0.11262638461604803,0.1241327727621822,0.03966578497779784,0.29437222326619145,0.060926440417727414,0.024031543153091597,0.028547104111455765,0.047863500743175136,0.03880658819852564,0.05147698195510959,0.23879735976072333,0.10672548365960617,3042.9139833145387
Sde-CTlk_019 ,Taluksangay,125.30810686495906,219.62403602757146,187.55579194682306,120.52747550517262,142.3001573334689,263.19447195321175,273.4480744064036,294.2747095409322,175.13976688450856,206.1488846272276,462.2847542225462,369.78052367869503,1970.9296957117065,602.20742133363,692.4170699609593,821.083709245105,1121.0692856393487,1009.6547059457356,479.32838489791106,368.04041056994,994.5925083752891,306.5337887646482,1195.052607995966,848.4238576313671,704.7862637555869,656.5190543703129,179.05671185881334,1640.4698127481558,396.2117674087429,151.87762408007958,153.44453769737137,323.845034271347,198.19565533202282,244.93459624936594,1402.9815779597536,568.0031883968609,0.023145694956696067,0.040566816227866065,0.034643482024997854,0.022262663220582797,0.026284301282117242,0.04861472345666123,0.050508669191908585,0.054355562707885934,0.03235011461360823,0.038077817298660534,0.08538874436828932,0.06830226244833468,0.36405096732646947,0.11123389877614123,0.1278965478378579,0.1516625982433873,0.20707301674178885,0.1864935990182737,0.08853687808793533,0.0679808456764031,0.18371145635356367,0.0566199406101703,0.22073849660571,0.1567126045873598,0.13018126503288532,0.12126581548382717,0.03307361459940823,0.30301163126226227,0.07318438476274375,0.028053357804644123,0.028342782850769938,0.05981750553907253,0.03660877412345839,0.045241936782580636,0.2591451139575172,0.10491602548295194,5413.883968461588
Sde-CTlk_076 ,Taluksangay,139.76147415496874,211.76522087342389,222.27224763289732,136.9518909613519,171.8348684989458,280.87932340882617,302.3043002912794,360.21246433498106,211.62685513445595,206.65875093254576,498.2539783122058,442.35969303979317,2422.53012605026,789.3170602541541,882.3608289177165,991.3905570910487,1346.2694059252071,1183.0344778400417,585.8174747911162,485.6583851069495,1255.0501204660952,337.98550525194133,1487.8246877270185,1062.4580849501972,934.0943064478287,892.7787822371452,172.59591760725414,2072.174940568484,468.6229230898228,157.7708621667513,188.09523811997485,389.0762031456563,247.2275462594935,340.0867000148785,1727.83531694689,694.728968584073,0.020704635180631786,0.03137146104561374,0.03292799983574426,0.020288416080302536,0.025456072820451328,0.04161020736311177,0.04478416021948191,0.05336282911056413,0.031350963178342725,0.030614975055279145,0.07381266483218392,0.06553233727951178,0.358880033122328,0.11693152117364108,0.13071527165035765,0.14686722453523668,0.19943991771022926,0.1752578628544501,0.08678455326351328,0.07194672027360469,0.1859264510107105,0.05007006848556605,0.2204102923096577,0.1573953564572106,0.13837920611700985,0.1322586148650153,0.02556881665230729,0.30697748742508185,0.06942304178258486,0.023372593649622686,0.02786492706974421,0.05763877987337187,0.03662494391143771,0.050381345046385875,0.2559661030043938,0.10291899059393582,6750.25050843248
Sde-CTlk_051 ,Taluksangay,140.3752194031411,233.39646439901355,188.25308335719234,123.82273600288441,155.88725587526386,264.84421395140953,307.61276801486963,315.52245163110024,193.2033828450475,217.0256072939781,494.42073462779655,403.3065129159459,2226.081893338286,743.1927460575083,833.7240866826505,967.689140722133,1276.6286262289439,1152.4852166456974,535.1633605104519,436.01500447319467,1089.392011429568,317.63403132088996,1298.4802364207321,957.2350122390268,792.2273144713199,736.6331884502896,203.30806283246625,1869.8455235439799,402.3513577665794,134.87869286974134,167.30452980445568,329.13079275888174,221.71244437297605,296.3210227797717,1582.9744451322044,643.1090147204903,0.02223636920569773,0.03697155363851078,0.02982054157022995,0.019614345648233177,0.024693579043680372,0.04195308650954503,0.04872791017566329,0.04998085671379583,0.030604701962347283,0.034378300895262406,0.07831953563372292,0.0638864363838052,0.35262619052605465,0.11772667827410938,0.13206744527975936,0.15328840162055155,0.20222647267865476,0.18256133020062668,0.0847734387897672,0.06906767918093779,0.17256694649442877,0.0503153449930595,0.20568791319521873,0.15163239807760037,0.1254940803250383,0.11668760068334698,0.032205350537366645,0.29619597815007737,0.06373513344985188,0.021365682813432284,0.02650215123677513,0.05213650853668202,0.03512072708799554,0.046939222563334625,0.25075368968118994,0.10187274899117504,6312.866012638975
Sde-CTlk_037 ,Taluksangay,130.18261694750186,216.02547462528585,186.90119412547904,118.60020792498642,194.04514839639768,227.1663950035304,364.77104995124,298.28864866094045,166.93544550304466,240.8298035052971,471.9985030676475,420.95961373776703,2208.81390976628,709.4213932565399,808.75072311436,924.1149235446478,1204.9263522171138,1059.115865700675,548.9200066382715,439.8939482264447,1091.632783301001,336.7001513462832,1303.959658961967,940.7090973346701,774.043312342042,732.3674219467235,205.21109100389754,1846.5667857929457,409.32856195639454,140.014039232357,144.34105384903495,312.58572024844636,210.4974770960688,283.3911702929364,1580.617074990752,628.2036606938548,0.02130658838414574,0.03535622478834345,0.030589543405344154,0.01941093113492121,0.031758772421127464,0.037179624949484194,0.059700955457808354,0.04881998538441336,0.027321810756744197,0.03941587298088595,0.07725054280365884,0.06889716481791541,0.3615097767741476,0.11610881676406748,0.13236574257626765,0.15124704632072583,0.19720658888162645,0.17334223516725436,0.08984004862938524,0.07199608908858574,0.1786641790264005,0.055106677848608836,0.21341506550169892,0.15396296368979798,0.12668528743913166,0.11986432268195589,0.03358626789354476,0.3022219045158034,0.06699354635800747,0.02291566702126209,0.023623856190687974,0.05115994310347271,0.0344514744406753,0.04638176093485586,0.25869473359382045,0.1028161603573784,6109.970052473108
Sde-CTlk_070 ,Taluksangay,112.81715230797134,199.15617088287772,160.8039598807505,113.58504850287291,126.66486627830147,197.54429532446647,254.99034800817458,293.2718564111633,160.64602071865957,189.48859736630592,401.64934322462176,329.9183067973343,1784.9570959171483,583.0622651260928,661.193728131665,728.6626359402613,961.1319641505426,859.9779689323965,431.05667250369754,338.39773316423083,878.0404170670959,236.12379467620352,1107.9358122138487,788.4269507432126,647.9113529240632,615.9897852440412,171.13930136952789,1492.8212278614508,352.1222385672482,123.75972570367956,141.090405454269,289.2771352378374,183.10400603209098,217.1454453896971,1288.2348240806798,496.8558682017956,0.02153684452299348,0.03801900154677274,0.030697547418848514,0.021683436247931256,0.024180379275260157,0.037711293786190814,0.04867777077837152,0.0559857277486928,0.030667396762601145,0.036173457465207545,0.07667503815534547,0.06298155141681772,0.3407491030268219,0.1113068455846656,0.1262221766019876,0.13910202109268432,0.18348051918100927,0.1641701765307551,0.08228891038632519,0.06460027767937662,0.16761830590845583,0.045076137361085594,0.2115054390308359,0.15051105535389972,0.12368656527081971,0.11759272381151645,0.03267056870313167,0.2849802359601361,0.06722029186137689,0.023625786648225275,0.02693422111612722,0.055223133701045035,0.034954636141545016,0.0414531620463854,0.24592460053940848,0.09485000609293814,5238.332485872006
Sde-CTlk_083 ,Taluksangay,110.86428798219922,215.8692745382955,181.58207196573682,110.5818797077532,146.0065369502681,212.20738962375933,281.2326891659822,264.17101471412417,156.33266034853372,203.45694701385844,447.73709078075046,374.23857638851183,1709.6203838251492,557.4216526590978,608.3735672527282,749.0261304421896,981.2117255254598,898.9191095822637,432.41609091244504,338.2764433557855,898.9614691676168,252.98846749020012,1014.7528488334291,775.3164103878104,660.695021570346,596.3373920793497,146.37553917236292,1477.7707619899,306.1935218941775,121.31688720306009,155.00806629737036,264.9795449547192,180.18720206354834,274.2326126211103,1201.3963631973631,508.32719483867874,0.02150585326557089,0.04187509816967598,0.035223943313292046,0.021451070692915984,0.028322873096616914,0.04116475256532711,0.054554528394721975,0.05124484342849089,0.030325971647531123,0.03946731024009842,0.08685365099201715,0.0725961448597383,0.3316383100775975,0.10813065674551026,0.11801449236827144,0.14529878238116248,0.19033897908582012,0.17437556150992306,0.08388162834120184,0.06562008096941745,0.17438377857462056,0.04907561270406102,0.19684540680345836,0.15039866542837135,0.1281639962317394,0.1156796718244463,0.028394453474640133,0.2866632866717955,0.05939652048982494,0.023533486051376073,0.030069022130069366,0.05140168503214422,0.03495336143352709,0.05319662837333772,0.23305118691477544,0.0986071372672792,5155.075067850661
Sde-ASac_007 ,Taluksangay,69.31664273160955,122.16500766852185,114.24965063968467,63.64364220375831,70.97580418382026,114.1206442323211,160.83708590203938,141.5523624023619,87.5638100268918,127.74628023586439,274.1402420339634,213.4631786545399,947.3468637145319,324.0066298300699,329.2630147493945,415.02661518978516,550.1146947751532,495.30413590121583,223.66582224436974,179.0091305949783,494.1567266964702,134.9371104912211,586.3291213035304,433.91706152943567,366.1825536842108,344.2030534767522,81.55776240340359,808.8233745047493,180.94104390380858,69.90032778435312,84.30566308712595,156.13909442493875,98.91586348427636,124.06625900703214,688.3422440803485,259.0253706095408,0.0254063046980088,0.04477656859808764,0.04187538982567058,0.023327006360946846,0.026014429381156987,0.041828105710856114,0.05895086446971873,0.05188252500690412,0.03209435354039851,0.04682224631501895,0.100479340092515,0.07823965998615234,0.3472266129135354,0.11875663386512891,0.12068323203272134,0.15211776317733514,0.2016309648524883,0.18154150719062168,0.08197918719857168,0.06561137897620252,0.18112095266402783,0.04945786767952485,0.2149044691450445,0.1590415900776776,0.13421517787608522,0.12615913451658775,0.02989298500984345,0.2964542466245059,0.06631947412103414,0.0256202400490773,0.0309001601888381,0.057228931637541364,0.036255168572989153,0.04547342535441843,0.25229486167311954,0.09493935699831084,2728.324467313902
Sde-ASac_036 ,Taluksangay,61.94252162888109,101.79136128454124,117.73872612445741,56.30002530248102,70.87033494015672,115.36508716578862,155.676447943194,142.72904191593386,80.18051808732844,112.03015075027795,254.29727689247872,198.41101739596016,908.7503016044012,302.9091711802236,313.2837047947755,353.42700647154845,538.069614496944,434.3617898667538,220.07483403771997,204.72120384996765,453.9536119357792,142.33940098851753,586.0659942206594,391.612590793529,322.5220216707226,339.6461920352561,87.0366092589204,746.390007236485,176.06528830127183,59.715981723571986,89.76607787137617,170.6253914334264,107.07572786117306,103.89774316167801,663.7654666518062,245.1174332151838,0.02629299341649138,0.0432077920260555,0.04997703466778223,0.02389790011287229,0.03008261854708319,0.048969486510680615,0.06608061333694047,0.0605847753813112,0.03403454975294451,0.04755389252271233,0.107942596641854,0.08422032937901841,0.3857409267332517,0.12857708459713454,0.13298080496326503,0.15002059506137255,0.22839659186535058,0.18437531086911726,0.09341605750501522,0.0868988398194893,0.19269153105408587,0.06041938291632998,0.24876980985689368,0.16622938493270037,0.13690223080146474,0.14417099685776338,0.03694478258327025,0.31682319399237463,0.07473514710805,0.025347884991254916,0.0381033711968852,0.07242605201841834,0.045450868542090087,0.04410189648567038,0.28175122009616393,0.10404599115947408,2355.8565830709013
Sde-CTlk_081 ,Taluksangay,135.54970372730443,195.25752549461438,187.9076399372042,116.16305475274832,148.8057940473085,235.78629405735185,271.9096294935139,301.67447209508794,169.09110751574133,189.13749621925845,426.8931359489865,370.46617249722,2101.313045759372,655.2813387539812,752.2717803482528,846.2137146355936,1141.7088996582097,1006.1003271173754,466.85128853668164,384.09164481697604,1019.6204698631742,298.81401177469917,1309.5323575558414,891.7896196486253,736.083384426581,723.5036485660319,186.73472399800198,1732.3701884924972,439.5820970168029,155.75887038075865,143.9448970238613,355.8748326125494,209.94125254089533,234.4161059028156,1525.5984400662514,575.7583914169295,0.022430684889980974,0.03231109996063301,0.03109484524090778,0.019222593671310566,0.02462429488443235,0.039017776637983864,0.04499544484428048,0.049920913412909315,0.027981096572618176,0.03129836113186259,0.07064202392822114,0.061304523353292964,0.3477240413557631,0.1084355687965599,0.12448548976959244,0.14003094555453327,0.18892931419341494,0.16648888772695075,0.0772542754111421,0.0635592584628323,0.1687261929608204,0.049447566129052364,0.21670064085615617,0.14757281938982877,0.12180664357658427,0.11972495631849303,0.030900751804247752,0.28667159530681247,0.07274178570908066,0.025774885848211703,0.023819916516812006,0.0588899570497465,0.034740954437100395,0.038791038711678855,0.2524551285380601,0.09527615845341025,6043.047922618265
Sde-CTlk_094 ,Taluksangay,108.28107274340654,221.03179351869267,176.75182631319547,114.7712099013076,143.84179123724783,218.07044113982982,272.86512986004647,294.90114511421433,165.98131520693798,203.99402310871756,446.2870830352701,374.289032139936,1893.2184875934,608.5982115676401,677.7326779592378,804.6021967378042,1060.2068377993087,953.8072510107376,442.5468048819357,348.9419440211366,959.0304860868656,279.6290805641644,1125.5964447549086,813.385054964474,697.0537544214865,646.4200545043755,146.9960179005203,1599.9869968481773,375.23734458211896,130.72133352475404,143.7726552173603,316.89394586359623,197.7403700735892,241.07260093899094,1366.439097185751,526.78070189539994,0.019876166440285087,0.04057278530092672,0.032444716601123226,0.02106750157487882,0.026403722379767156,0.040029196922280956,0.05008735690770607,0.05413230673850807,0.03046767235903108,0.037445317574018276,0.0819208391440553,0.06870481526550618,0.3475208068579334,0.11171480889410414,0.12440519074889016,0.14769346826177812,0.19461247506444346,0.17508167579725598,0.08123427048320721,0.0640520820642043,0.17604045730079607,0.05132895349132616,0.20661544731421244,0.14930565723914807,0.12795178409008434,0.11865741877265883,0.026982714927228833,0.29369498330522154,0.06887888830948947,0.023995319926235603,0.026391031712751326,0.05816932407780442,0.036297391667516075,0.044251493073128804,0.250824730842267,0.09669631675348113,5447.7845649321025
Sde-ASac_064 ,Taluksangay,55.38808525486324,107.24915857968307,120.18499250813304,56.8981554615789,70.30864757289817,100.58671480916153,151.97802525311877,141.35065675432853,78.95935922663001,110.42871593856373,246.83823813042014,189.83432983939338,825.3356131619186,282.1107542572775,291.5086627587764,481.4347032992637,526.5876064052073,553.8129169853676,291.09590165620676,187.08682745447365,470.43912451615876,164.94121435087106,386.1000420351699,363.06646912115133,317.91904752608,215.48072471172438,61.013451298955374,748.9700173844611,130.18054648064745,56.5932339153718,71.45283920104218,95.9849966436944,83.76824681279894,152.9552448822857,594.9279219581562,230.41336033392264,0.02048712779078828,0.03966967276745789,0.0444544217175816,0.021045677543062476,0.026005994628546716,0.03720534607521804,0.05621413360699104,0.052283247469427786,0.029205748408006073,0.040845737937968724,0.09130134224647032,0.07021654849779854,0.3052778607408565,0.10434805693372554,0.10782418634947272,0.17807465710409687,0.19477596193888216,0.20484614967751083,0.10767151291047407,0.0692002932471189,0.17400757613123777,0.061009000777426145,0.14281195792932241,0.13429222395410786,0.11759294663865658,0.07970272168296617,0.022567856750545155,0.2770315021185374,0.04815161021276692,0.02093289215511189,0.02642921200454146,0.03550324737151101,0.030984475620836158,0.05657559082888791,0.22005390342311368,0.0852260542343183,2703.5554139398514
Sde-CTlk_039 ,Taluksangay,153.75693618201421,194.97198822887364,206.5709504845247,129.09091567550362,170.64565566861063,271.53730885248535,302.6766216916827,347.8283686663438,199.11580249806894,188.98624403445342,504.1332339866218,430.1956695001241,2342.777394697605,752.0396562091723,841.4539615049418,998.2194210833657,1318.1370856340018,1182.446247416947,601.6407157099658,488.4537768272859,1194.557663533498,351.7063244004008,1429.2580172917137,1030.9202155411883,863.1479230664986,807.9413094027377,205.51879719714194,1979.4976457721214,468.41202309856436,169.87361183844902,175.69056518561266,381.02072239080366,233.48515122713903,304.9408189656481,1682.936584218505,659.8839300939597,0.02259612916599629,0.028653095848342514,0.03035768008257796,0.018971209216261862,0.025078096460893852,0.03990514025952288,0.04448137566409631,0.05111687928457733,0.029262071058122927,0.027773430499056288,0.07408745227953922,0.06322158307817624,0.3442947156224342,0.11051979592997174,0.12366012794959073,0.14669838990616058,0.1937135103304686,0.1737723760757817,0.08841715802408848,0.07178319825352474,0.17555227056215952,0.05168678390704611,0.21004384954723834,0.15150410074918197,0.12684827392686754,0.11873510645527532,0.030203055568234202,0.29090710050766877,0.06883786084493339,0.02496463685028161,0.025819496685869695,0.055994829708833155,0.03431299274346335,0.04481412224015486,0.24732446795223184,0.09697658453155741,6804.569714240917
Sde-CTlk_043 ,Taluksangay,142.8271580847634,193.30419731728543,182.53946706726188,125.83753973218802,186.99303182314037,218.32799433059424,316.34450376957716,344.7869360582706,191.79187392955419,178.15307507449882,448.7531470348703,416.505084932081,2206.565415864737,715.7547822321623,825.5938796596605,917.3614113199335,1174.6757852640235,1045.9334714912225,540.0138726448516,448.3227190018481,1063.6278142283418,299.32072693991654,1345.7971265853707,947.9790312989469,782.8434179133397,726.8984849237271,201.28456454783114,1838.5412987698185,443.9596658988293,157.88557845506352,142.81528430304633,320.55266865289065,217.63574363989486,233.26967119891523,1626.9375805788766,579.6574211444982,0.023149293794215476,0.03133056566663011,0.02958582813551307,0.02039563215192506,0.030307657795557205,0.03538639956177848,0.05127282483350392,0.055882747974887806,0.03108544968950147,0.028874885774839588,0.07273349537364492,0.06750675926881715,0.35763808349175047,0.11600887366724567,0.13381149307476484,0.14868508980286674,0.19039036574465423,0.16952393050056055,0.08752494944546063,0.072663731995816,0.17239181321985422,0.04851362681681376,0.21812555461088626,0.15364756535498256,0.12688253774109762,0.1178150347014751,0.032624016212610976,0.2979890746881798,0.071956572380824535,0.025589948652180224,0.023147369302647467,0.05195488030897947,0.035274200209546476,0.037808132740826415,0.2636925395891379,0.09395033915123993,6169.827872695318
Sde-CTlk_018 ,Taluksangay,168.36340322798895,206.97744654075234,194.35685153554527,128.9393215409869,164.311631529755,255.28087872302538,320.1761134828768,341.0407691029658,203.8122552619258,198.00439752389337,488.0000261770894,418.7910442963173,2353.5153742671937,804.5181015249377,893.9768478535728,1000.1158809582068,1346.4546789511558,1168.8991735696325,567.0200317433591,478.6133937528389,1163.366553220712,346.71131976906963,1409.7567748990464,1015.1245633719046,836.6559244999163,822.3070803173226,215.99380098190338,1994.386670670171,419.3286257689189,142.450748766056,199.61750864851504,361.60194196386715,235.56297608089858,319.4857752330294,1677.8791805726808,675.6434911874752,0.025645031460689777,0.03152670370414816,0.029604340828631316,0.01963997456716236,0.025027867571860353,0.03888425893422537,0.04876906944029248,0.051947163607639936,0.031044583312374606,0.03015993325449141,0.07433192596601314,0.06379004760251109,0.3584863138847837,0.12254380482178069,0.136170117429189,0.15233716318253257,0.2050913199665891,0.178046151989307,0.0863682146719781,0.0729021586934672,0.17720342595628671,0.05281089911929829,0.2147334643458694,0.15462327836732467,0.12743902234215446,0.12525341339488902,0.03290007041491093,0.30378400491737195,0.0638719317502132,0.021698028571906513,0.03040564155420125,0.05507903142913119,0.035880837621154064,0.04866391745478717,0.255573738401776,0.10291368703357637,6565.147072877113
Sde-CTlk_077 ,Taluksangay,165.41239691090266,219.74911469455338,196.254516784124,123.2151371542474,175.4469077233908,253.3407937371516,318.0099672055736,336.8717719056021,200.48365848003672,214.05800349720633,502.22607070945645,424.94083797777074,2296.6850606779526,783.3526236874234,846.7900981329021,994.4855658524411,1322.8852831426957,1178.5527419239243,565.0193382987525,452.9445310435816,1133.9322278237971,342.80326870158353,1352.872918446799,987.6498208858291,814.156955878662,749.940462514965,221.56393118465868,1912.4169811629704,431.61341513609113,144.7357378443898,186.225375503689,365.7758501339446,233.9462235087585,268.2370823175647,1690.776031771,605.9331890432808,0.0254615990315253,0.033825541195072265,0.03020906478475531,0.01896625933378915,0.027006191187593852,0.03899624108547421,0.04895063746266973,0.051853997290904036,0.030860048097492356,0.03294951984445533,0.07730665339714816,0.06541029228019857,0.35352413246375025,0.12057990076382154,0.13034470417679322,0.15307917177461222,0.2036290826631812,0.18141226360763654,0.08697229533871988,0.06972084467868439,0.17454391722118093,0.05276702071536602,0.2082450193177232,0.15202695923992904,0.12532154993483072,0.11543683369970018,0.03410489226337068,0.29437451644981366,0.06643738872088178,0.02227888230475739,0.028665299150003643,0.05630314417450977,0.03601087372627869,0.041289196958042,0.2602577689280142,0.09327008245714226,6496.543940783026
Sde-CTlk_025 ,Taluksangay,151.26344957434364,215.68640810058014,198.63502424398874,148.90051652361728,180.57920487143582,247.84591177443295,329.50889127659366,367.5425536741563,206.36497362161538,181.11072782654261,483.3336248248098,452.8037791749756,2412.109869195931,776.6021988478336,893.7009186646113,1035.6261224657671,1333.0082619831355,1180.141197684421,627.3676187500356,516.6259311124055,1212.2725471923752,375.0429166472684,1476.9449117903516,1032.1746282356683,863.2207042918744,809.6497661940004,221.04643804105984,2049.6886534213727,483.34189832851223,180.24629934276035,163.58031827395976,363.6253911109067,246.95119349881674,325.3666987535908,1701.153628616537,710.9613261480824,0.021889860043375974,0.031212730503410245,0.02874516542263891,0.021547911780806134,0.026132244983855673,0.035866644165078294,0.047684378039703476,0.053188361646863455,0.029863793290076678,0.02620916351989244,0.06994489039781365,0.06552681021848861,0.34906481105995213,0.11238480604530986,0.12933056918413044,0.14986905919329824,0.1929042632148455,0.17078233850562488,0.09078855076245491,0.0747627358668111,0.17543217787999554,0.05427376526695775,0.21373383657350298,0.1493695814552856,0.12491967131958462,0.11716723449063028,0.03198839908399315,0.2966175760380103,0.0699460876853185,0.026084069066600855,0.02367227696409233,0.05262149542426986,0.03573716637063024,0.04708494694873998,0.24617986002226716,0.10288568698802289,6910.206336386194
Sde-CTlk_020 ,Taluksangay,165.30507252773583,221.6373250416093,204.31167293419637,122.83281538485545,212.1757374800663,270.56835893784773,334.7848796431822,353.72429754679,214.8322975590495,161.8900502129764,503.91501767613556,415.78564051174254,2392.8923343180427,729.4775086040762,873.5508689116222,986.6576241764617,1289.0885075508234,1172.6744700395332,605.5822793070236,502.0350436813051,1209.7337421888503,336.4446060943761,1449.6278497252458,1068.3344505394555,890.7467313813956,843.1202680942085,209.91346241287158,2038.3328183423066,421.46565145749406,159.80648755717013,189.8888806301201,323.32444159081126,236.13983531932942,298.5791412302776,1762.0640330451813,631.3881273147289,0.024410306433268386,0.03272879010054475,0.030170341828927486,0.01813850366329393,0.031331614271692225,0.039954348961138184,0.049437088507636534,0.05223383870788962,0.031723903779780294,0.023906016154059077,0.07441223556970061,0.06139832698564935,0.3533541605792027,0.10772064794451455,0.1289957051475402,0.14569797878904733,0.19035741013719035,0.1731667560009853,0.08942525950594339,0.07413462314923065,0.17863923289189826,0.049682177364557406,0.2140639696344221,0.15775905065774637,0.13153498761390905,0.12450207237788094,0.030997548130937226,0.30099698664948643,0.062237084112759584,0.023598340157651814,0.028040553708198065,0.04774474597730719,0.03487035003284129,0.044090651427470894,0.260200865853386,0.0932359632430156,6771.937623136283
Sde-CTlk_003 ,Taluksangay,149.63674248452486,202.82492275894006,186.07108138173967,120.13076579382152,159.56027163216416,216.3086773173005,326.432191609115,298.0901400667422,184.07766122851518,198.04760904784985,466.0276929877558,390.07032007485526,2001.742761427634,634.241062256308,717.935768193959,837.927335250462,1112.853500510871,973.921809236296,503.76642471904574,423.0011269606737,1022.6131416204074,311.5101921382507,1241.0238811122088,883.5733943147508,732.6276071035337,704.8563938514353,188.02438201903504,1702.2471006837077,385.20289861842934,152.23881084996015,153.2961488296755,309.36479238756334,200.9481655577876,282.5238742319662,1410.3656082799596,591.3775219678289,0.02527857705671701,0.03426381351167665,0.0314335375833339,0.020294045229670744,0.026954988157814858,0.03654166401121304,0.055145154675078585,0.05035724816252262,0.031096783226663045,0.03345676779038668,0.07872743520177447,0.06589573175565648,0.3381603194663705,0.10714421671160214,0.12128301068797448,0.14155354066364356,0.18799763011688528,0.16452748899250488,0.08510275066409043,0.07145883026730122,0.17275305964600446,0.05262433721272609,0.20964983123155959,0.14926466429700797,0.12376494644662658,0.1190734733331679,0.03176351443163312,0.2875656325427984,0.0650734638666953,0.025718152154319152,0.025896771383469987,0.05226190849358432,0.0339467673722167,0.04772759287962697,0.23825722957538709,0.09990315219686191,5919.508133261934
Sde-ASac_010 ,Taluksangay,77.42538974147692,98.90774179370392,124.01433874068756,67.79798045502534,76.86805436499614,101.68681671466759,175.03379957267225,169.58652576063818,99.17861611541876,78.0409058974843,256.2954651194983,209.4036945704884,989.5422513219941,356.9716428582669,369.0864925337827,527.6608851838934,580.5484440766734,592.7150177581132,316.3300715079741,224.78446984560566,495.980551875575,153.37260477793933,526.0032266718524,433.0934405041596,352.5444648153336,242.91933662909582,103.09366570745277,835.769094499653,201.7999911537164,80.24711370192699,84.39687192716313,169.02645598556447,108.99910130363459,122.30937800140256,718.6485875143429,270.89423588005707,0.02650485794348299,0.03385886276460623,0.042453547114869226,0.02320912877307532,0.026314066588995468,0.034810217174837614,0.05991892334636192,0.058054170465565325,0.03395159055637533,0.02671556619217721,0.08773704487937682,0.07168469149413961,0.3387477530037357,0.12220129230736794,0.12634854130060333,0.18063295323187095,0.19873783123263083,0.20290278678742,0.1082885554282098,0.07694995738545526,0.1697878966329585,0.05250369569510285,0.18006549075570968,0.14825989452743676,0.12068574649597122,0.08315802517207312,0.035291820597516003,0.2861069372363763,0.06908173296104288,0.02747081230260437,0.028891389617448197,0.05786244305061355,0.03731341496202377,0.04186989177461388,0.2460133398999022,0.09273460894008183,2921.1773142332295
Sde-CTlk_078 ,Taluksangay,157.34582471136625,202.64358874955798,194.7824828961783,120.0220006014314,183.3187452859636,249.90833229238274,306.16081448706007,317.7969422910328,186.99670026179606,183.00408098209178,467.45022779227514,394.4979764273703,2307.200552550558,730.8355799546844,848.282025970237,957.0917290400226,1262.6465214019402,1136.3364722218944,531.082392227082,431.99781451826806,1154.329300010829,327.29859626591747,1368.8680117395577,1013.7271340731144,846.1849005573488,802.075599651311,204.79871029925923,1955.3529732052473,405.6950631262353,140.95579879965928,182.7085893653881,348.1635233140313,226.53444854114352,309.4003812408772,1653.8539699885991,653.4202337158607,0.02446779816393029,0.03151175086999629,0.030289322809266883,0.01866381959187002,0.028506673548852612,0.038861575419819404,0.04760902317119289,0.04941847967910832,0.029078607759180544,0.028457742204848716,0.07269006245501226,0.06134574515091378,0.3587773463138964,0.11364735921116825,0.13191067151354988,0.14883094161205718,0.19634572633066916,0.17670409430717754,0.08258507529682686,0.06717709448141732,0.17950203876833876,0.05089601841969741,0.21286352075591236,0.15763793513618865,0.1315845615489472,0.12472541880587934,0.031846879426432766,0.30406387951755365,0.06308692930927592,0.021919094716318154,0.028411792277356823,0.05414058385163607,0.0352268588902795,0.04811278655745611,0.2571797834771061,0.1016090158357594,6430.730859277761
Sde-CTlk_031 ,Taluksangay,155.61770018979206,207.22850498444944,206.11025919744998,122.18424000704833,184.15372756458126,260.399028197457,322.6131548528361,336.3705592921295,186.49540887638494,212.18220860922816,496.0568799874164,434.8237450020985,2181.9171859074763,697.3683521505833,793.5988315664343,894.8733945198393,1219.0313122003881,1069.2110840380396,503.38512298751937,416.80417343639925,1108.2726788925233,315.36854817746183,1316.1500333910608,977.8893362337528,811.697713155119,782.0862678542884,197.63977221460263,1859.9994420688677,380.3286131820746,139.41643844841252,196.7286232909689,328.624168568838,223.1762092324359,319.44634111067825,1538.8912241278786,643.0259841272044,0.0254454735310582,0.0338844966352257,0.03370164922429745,0.019978677497611237,0.030111477002136233,0.042578553541342656,0.05275135465032083,0.05500086527854091,0.03049437168420006,0.034694490191943754,0.08111161001752872,0.07109921352540509,0.3567712151847594,0.11402859651828563,0.12976350401191084,0.14632318332767927,0.1993271263506363,0.17482961324336954,0.0823098709676704,0.06815278435470792,0.18121668088887818,0.051566769303176274,0.21520727267341036,0.159897345810231,0.13272290138023696,0.12788105339829325,0.032316616852951854,0.30413356908130795,0.062188566262228885,0.022796361146623534,0.03216763241357961,0.0537342318565693,0.036492149144087944,0.05223354031971711,0.25162829075976983,0.10514292807910756,6115.732136006368
Sde-CTlk_045 ,Taluksangay,173.68946974557784,200.79431861646387,190.98162502809006,126.24469427179895,178.50751758693528,245.29089652396402,300.85073786796664,323.0142115164904,190.04645246912662,206.17316960528595,473.61413648044754,410.4548144257782,2216.91124080204,723.9445408728283,819.2424892123333,909.3611280888192,1253.8332913336965,1086.6173724785556,508.66101181301485,431.5838792466767,1082.2086840564714,331.2943205494021,1363.2406480135814,933.3978513904187,768.7060609295401,777.9267988088594,192.74072058742576,1861.246578097598,417.08789150490793,151.17453472595818,163.34612355440183,350.81932116154854,195.28416655161783,271.6517284610755,1587.8005398781834,629.3365258108018,0.027901381771393743,0.03225548992377801,0.030679184172968985,0.020279878893349135,0.028675350351132445,0.03940339595133577,0.048328498588633396,0.051888826917999085,0.03052895856270032,0.03311954561552719,0.07608111679785003,0.065935237720373,0.35612341366185074,0.11629405654699118,0.13160266703757498,0.14607927607837848,0.20141509666895224,0.1745536225849687,0.08171102775319336,0.06932939917934898,0.17384541327927,0.053218939120969394,0.21899023482670021,0.14994052221122506,0.12348452273702347,0.12496573704530418,0.030961764325037406,0.2989896360572169,0.06700077160780427,0.024284594878896913,0.026239832275638884,0.05635542457955354,0.03137034209872619,0.043637985628915354,0.2550634134864945,0.10109627656213648,6225.120718704163
Sde-CTlk_080 ,Taluksangay,172.6744805177939,183.54658298734412,202.23584397574044,126.75256815086622,179.5189199858611,232.04486795102792,337.16567278032625,317.10158202180264,183.1759873267782,207.16319369738437,497.4400380030643,415.4051881675287,2314.9116224528416,712.8815960662823,810.3161748619486,999.7849384027749,1237.1852736140572,1153.3288690197128,583.4522089898109,445.483571490577,1226.7109926359344,346.2602059727481,1372.5218722449415,1023.0739120654969,896.8149358626059,816.3919906957991,160.25444240098307,1997.2551726677539,444.94973938205635,155.10058839295226,152.98267973087675,361.2067176556383,220.70516630337403,314.0468326257249,1682.3239223436162,632.5900506822408,0.02655489102585721,0.028226866499216793,0.031101010306758325,0.019492750894055475,0.02760746893813806,0.03568521626977759,0.05185130814636362,0.04876573497986089,0.028169874132125412,0.03185876695100698,0.07649923695417413,0.06388343819124852,0.35600064169523227,0.10963109917060684,0.12461515827598572,0.1537527723203035,0.19026158365208531,0.1773656555499965,0.08972669141415777,0.06850906780937381,0.1886507874932424,0.05324991862506095,0.21107443693345349,0.15733428683167283,0.13791744339279208,0.12554953275261518,0.024644864959817197,0.3071495759071152,0.06842697198707651,0.02385227516232056,0.023526570787502192,0.05554848056522529,0.03394133066134136,0.04829595776043102,0.2587176072229376,0.09728339595715384,6502.549016286911
Sde-CTlk_009 ,Taluksangay,154.4237832733352,208.3404739398708,203.17569921823824,140.1184823449426,153.56917566243555,234.11290245607998,373.45406070385684,338.84222284494,201.65336965739004,192.21486701015093,507.0390219051981,420.4948581194543,2324.9118278204382,753.5973568645394,861.256887850849,1003.7206089678642,1276.7755772224655,1134.0981977707268,569.9521514030806,450.775661381457,1165.625680208977,361.73338691485196,1404.600227433685,988.891426193336,821.0322310453167,793.1148923388339,208.77907731963933,1978.1432975460827,432.4844876306662,163.0936008064385,164.1307561195037,345.9846834211163,228.8728635165165,281.105309379759,1681.851476719205,643.2233702882693,0.025271783896474442,0.03409536615857945,0.03325013967939106,0.02293069066605883,0.02513192552491318,0.03831307945469864,0.061116559362254526,0.05545225773662924,0.033001007176188014,0.03145637594030431,0.0829780252565573,0.06881488692168615,0.38047681545942835,0.12332782647816065,0.14094654001962334,0.16426103404923884,0.20894706623493337,0.18559760655981716,0.09327389406134609,0.07377040543073908,0.1907571467944264,0.05919844591600826,0.22986584486026038,0.16183420642919627,0.13436368851481376,0.1297949560579349,0.03416714454397332,0.3237274004831099,0.07077701554969561,0.02669061816198803,0.02686035085719386,0.05662113675477064,0.03745553582454834,0.046003487806165755,0.2752386074519478,0.10526488644766915,6110.52167531704
Sde-CTlk_001 ,Taluksangay,156.0639150063845,203.31068066385498,177.814376696852,117.75733056561701,154.45495208056613,224.95284794107408,335.8511171914276,281.81984075158726,183.04928919184582,179.05676185458623,492.64253769665487,397.3885473059962,2056.292702386321,659.7363461334916,730.3259620857663,933.5059568131313,1140.767984802256,1076.4711590163854,540.2807696150307,422.691007049878,1044.5772620028113,303.0977267245829,1199.8245051538538,921.4772233864494,766.5288144966502,647.2734231674895,196.45106842987676,1732.6029785639669,399.3749689384775,147.330679510956,158.67014344939005,325.8643190056865,199.73731117748133,265.68046953240633,1486.234861737636,570.0713944488091,0.02568227224385476,0.03345731939813847,0.029261583185408852,0.019378443903397234,0.02541749723875864,0.0370188091373767,0.05526850857714387,0.046376985183320334,0.030123053614775488,0.029466033226607354,0.08107050096437333,0.06539526358854342,0.33838872357890587,0.10856788034487777,0.12018428593358357,0.15362009932375575,0.18772766242322295,0.17714681428686244,0.08890996879582924,0.06955910030605088,0.17189827399497903,0.04987852787055728,0.19744615265450055,0.15164062055314972,0.12614191881484493,0.10651695024643726,0.03232848427393248,0.28512152462773405,0.065722154152287,0.024245108940895745,0.026111159782657104,0.053625055829978424,0.03286927668516938,0.043721049469554074,0.24457856472389722,0.09381238930260902,6076.7175709589865
Sde-CTlk_006 ,Taluksangay,160.19816404511664,216.5596874342268,187.1367607940781,121.71837558187342,171.28181220158785,279.05307238946494,299.4741328857136,295.46316084962285,189.6531238862627,193.80673144248624,516.849653348631,416.42661497110146,2246.6381520105388,744.5354139003599,820.6388606842172,980.2401805926188,1301.314393465042,1185.3704831152368,604.6367586974927,493.3186987850349,1170.2641759440514,327.6963106079926,1334.711034960096,999.673680662845,858.946276149469,798.0207283118904,175.92219538261796,1933.7402993937785,405.0003156458154,141.54095273202753,181.95697094162128,335.6080731351528,226.69942379335674,304.09309629361866,1652.3988074719398,594.2825965427896,0.026192261107444912,0.03540732137870485,0.03059669835004809,0.01990084901295508,0.02800442798381177,0.04562493570651127,0.04896376141526307,0.048307970960421394,0.031008121536727527,0.03168723277560429,0.08450447078773747,0.06808539096828059,0.3673233925130075,0.12173089548720238,0.1341737431391764,0.16026842074706957,0.21276377653687403,0.19380704758931244,0.09885758649833072,0.08065718009179942,0.19133717944721862,0.053578063035564186,0.21822409850350924,0.16344578118128503,0.14043697239775063,0.13047569808110762,0.02876312661585044,0.3161648645451782,0.06621720092251061,0.023141823212840956,0.029749807194297807,0.05487162935804162,0.03706515949352986,0.04971895793294295,0.2701657742266426,0.09716468995159858,6116.240342441522
Sde-ASac_016 ,Taluksangay,71.1050869786403,98.53248386928038,140.64113120922346,74.37101103716417,87.16868883521192,95.37979990904782,158.0724257194151,170.3762010398459,83.67764810419806,116.96510723912495,265.0876781880478,224.50560757907584,991.7155894862701,404.03291738570016,412.2519516364962,466.1301351996029,625.3263888487835,527.3792101981363,256.80976196476644,235.12607089723164,434.2342213300675,149.58916419156174,595.697175267308,377.9727600504565,301.8377685018229,297.0828461413584,102.25576182298964,820.1153181775414,208.49456910432934,78.9582868491964,75.77787873779513,159.02265243341904,108.1063553217848,115.13396213107585,717.6987615328454,274.10861706659284,0.023749556021506336,0.032910482850468936,0.04697504168140387,0.02484039564614807,0.029114902277455973,0.031857466146415964,0.05279720607340485,0.05690674610302857,0.027948872237446593,0.039067097516828235,0.08854098815221607,0.07498631576026711,0.33123938034110734,0.13494959100277606,0.13769480126376057,0.15569046083244076,0.20886303265688558,0.1761480455110177,0.08577611093400504,0.07853361876299973,0.14503702061473558,0.049963742203775315,0.1989666849027817,0.1262453309721462,0.10081575449860426,0.09922757987177781,0.034154081615376156,0.2739237869015468,0.06963852601165585,0.02637257524838507,0.025310298499667115,0.05311458790269855,0.03610821744394826,0.03845548328253044,0.23971599878234157,0.09155403971246447,2993.954367578548
Sde-CTlk_040 ,Taluksangay,152.89090353909225,201.4236825894115,202.02206870102083,130.09556226255378,182.62378100962096,240.2887355111138,327.12034363900386,327.21973121553964,192.82124006654456,201.70413348360017,500.6061140108158,428.5763672635368,2108.993799024855,682.77084215356615,766.147566856601,908.8786459145906,1208.5549619270942,1072.3267738122786,561.1720026061616,467.99083353746363,1098.2309768525745,333.59028416481203,1282.9526778144584,929.4834599688637,793.5868155976634,725.457483703387,175.97476202572375,1816.307090259918,427.4073858738168,165.6842404432297,152.40775443119696,319.5585602210649,220.9850876864998,270.8138912437099,1548.6505761608719,560.3481530109741,0.024907973361959747,0.03281461227758458,0.032912097379596036,0.02119430734161586,0.029751856829631083,0.03914624928460508,0.05329227976883603,0.0533084713345313,0.03141315931833398,0.03286030147975483,0.08155543242915952,0.06982082316385944,0.3435833012342551,0.11123250340616582,0.1248156871655557,0.14806848921464014,0.19688976977265016,0.17469637564541696,0.09142242585294141,0.0762419669552938,0.17891651683338183,0.05434631962693059,0.20901015288647815,0.15142528904845592,0.12928590783201818,0.11818672832094372,0.02866864269523537,0.29590072119473887,0.06963038045836305,0.02699217907624775,0.024829261909343904,0.05206036409836075,0.03600142683490846,0.04411920547923422,0.2522958946876509,0.09128820973349815,6138.231373436111
Sde-ASac_020 ,Taluksangay,73.41487745029681,100.6714316856575,121.16441549270974,68.13925609881574,72.83391618284713,100.13004532047314,156.47982083994088,168.5516456022785,89.41421286669194,101.94626885791358,247.70773408783586,203.98931605231192,970.2461577274553,330.2422884257557,344.4473192777235,355.0774024993001,550.522406205088,423.18425554149576,205.39575424942456,199.6340690419599,488.5297275042737,148.36888987385458,660.8569668485459,417.87552873696745,345.9266883341035,400.2298748573998,86.52154555369447,815.8319801427068,189.45695886773333,64.01171082083339,74.65862408248627,162.32963888794305,86.0926418972028,121.96452500772499,689.317276243741,280.9288821267048,0.026352091254010286,0.03613576493740484,0.043491671507105346,0.024458419833391816,0.02614355662361137,0.035941435621678966,0.05616805014728839,0.06050120221111786,0.032095013690703104,0.03659336463196322,0.0889140871674965,0.07322146761183398,0.3482674925746047,0.11853966420390061,0.12363852539222742,0.12745416784538494,0.1976086753739469,0.15190095668061104,0.07372630517338313,0.07165816231682408,0.17535655451042848,0.05325665125381492,0.23721299688924186,0.14999540213834195,0.12416954130788399,0.1436615377034955,0.03105669781186492,0.29284090003713,0.06800511343453311,0.022976847520013114,0.02679853107501951,0.05826782807206494,0.030902743890158804,0.043778868866620906,0.24742875555215466,0.10083873725324995,2785.9222534805267
Sde-CTlk_092 ,Taluksangay,137.4207460935211,181.16004021508166,181.99182309447315,113.81445247810137,134.88279061307264,203.43455029893522,270.76317808071684,289.2137082620048,167.00582919293566,182.0921628359112,445.59407894275256,356.0340131711716,1841.9810753547715,591.3393966914432,655.5503500912802,796.6586550738591,1011.8255843932097,940.4896486943065,434.0942113226229,323.01273045680415,911.935076865941,262.071644909727,1113.3514039714553,816.1376781608664,661.3105988633479,599.3766357112695,177.5832518741844,1535.1967010516958,373.1626705279617,137.02661073926478,152.43327885012485,311.1705906146818,191.52012522001434,223.51351523621554,1313.941005671339,528.1238119693243,0.025317903748202916,0.03337627390019132,0.03352951858469846,0.020968765160348957,0.024850319963382758,0.037480049482646605,0.049884433581374,0.05328369286727002,0.0307685529957613,0.03354800481758588,0.08209464962272987,0.06559442538915972,0.3393599649073808,0.10894624249649734,0.1207762374861262,0.14677352381427422,0.18641510458837637,0.17327242849939847,0.07997595539496477,0.05951070308979456,0.16801163694009702,0.04828313678665511,0.2051198562442155,0.15036226893206195,0.12183748499148953,0.11042699449130008,0.03271729928742868,0.2828391157571947,0.0687501475826634,0.025245289668840876,0.028083758760296732,0.05732894985952486,0.03528497868046941,0.04117932572802257,0.24207576263459313,0.09729963065019162,5427.8090105811125
Sde-CTlk_089 ,Taluksangay,145.79924313510682,213.1906446561152,206.00747640813915,120.46923061300753,157.59844846958364,246.95961983451872,302.9996770979137,303.1377355041929,177.97758314091132,199.97578617175128,518.2029569084298,424.44131018325714,2281.188784968574,768.2980575724306,814.8071366035646,1018.5459295827656,1311.6253121949196,1189.8736086152219,560.4352572485515,452.5644153519033,1175.9155564869445,344.1577900785627,1342.3292078154896,1016.195127510775,853.6098078432325,798.0821244077893,194.39463689988975,1945.7351066425515,390.6550440452675,144.45701885695973,168.287729583146,327.3240544329733,215.00738026563187,356.5117553322611,1582.376785463892,698.8883885853018,0.022590087284436653,0.033031689105163284,0.031918731354414163,0.01866546338731633,0.024418252319188063,0.038263843129990496,0.046946671365469136,0.04696806209001019,0.027575788813255984,0.030984183232059218,0.08029019750649076,0.0657627984754038,0.353446647984071,0.1190398510158331,0.12624595258563676,0.15781317486786064,0.20322279903403148,0.1843586297026067,0.0868336563776855,0.07012018323823412,0.18219597364816947,0.05332369599675605,0.20798005062962566,0.1574489423598394,0.1322580258400989,0.12365458463878316,0.030119441780130075,0.3014715642297061,0.06052796539492525,0.022382123491575704,0.026074446056349582,0.050715482473969724,0.03331317352928814,0.055237815352858155,0.24517294419266,0.1082855394907032,6454.1248247214435
Sde-CTlk_004 ,Taluksangay,127.2206986012103,199.07323172028933,189.49648659539838,119.11748868650645,162.6913333407775,218.5992154557056,295.25384502004374,310.23980210284105,177.46802833471162,183.57751622410078,462.287455060431,379.3624762813133,2110.694326297347,673.5024342386373,758.7046576889652,904.2818440880586,1156.9050781148685,1057.08575335011,525.8656800477571,421.14575908305187,1046.3425767892656,309.01976141051256,1279.7997528305123,911.5452208504247,755.4211946089478,698.3675638563764,188.4230885378965,1763.854247181419,416.7672684763645,145.58059725969648,149.78070313214576,331.6642828343747,197.0811851062653,271.8830532101808,1496.246540601227,614.7347079643464,0.021864397949936474,0.034213114747594336,0.03256723661001164,0.020471764454012012,0.027960450573525513,0.03756888848134325,0.050742902961119975,0.05331841883960166,0.03050000226035406,0.031549990791722264,0.07944962569643113,0.06519797674345629,0.36274805285811584,0.11574944489657436,0.13039246557025314,0.15541164539600813,0.19882796821841367,0.18167282393963619,0.0903763037241233,0.0723789334028411,0.17982648061535503,0.053108740261308324,0.21994888724695663,0.15665994352468374,0.12982816318687712,0.12002281467850878,0.03238276032159353,0.3031394388655972,0.07162643744819491,0.02501976602292572,0.025741604428443032,0.0570004719782451,0.033870757722497556,0.0467263529959471,0.2571478552988372,0.10564950858116562,5818.623448608606
Sde-ASac_049 ,Taluksangay,65.56688846544421,114.4831317318844,108.53287365236395,73.63126521559981,81.97201955673654,98.79436861000733,158.90517372839062,151.17334342297255,78.614794126551,103.40561966667964,249.6269478395712,205.46216426975062,940.3876121052213,314.2697552262069,349.00740657928736,617.4765570603796,564.3968021639384,690.8159963906236,379.16252288099366,238.04307934878096,522.6506624538899,172.01636825782018,396.7954528920914,406.3209828960596,358.98867322000564,170.16956160809124,58.203384461386726,863.3354143106432,181.43336806500068,88.98046835823013,72.02743889963054,112.52020075950827,118.0308568997531,146.01100220750487,692.2137629346877,248.18060340332806,0.02212607520003518,0.03863325591804179,0.03662529335022109,0.024847464160095378,0.02766211896675551,0.03333895629891102,0.053623832179287255,0.05101466369843502,0.026529196174927362,0.0348950601500179,0.08423862637258658,0.06933486404178543,0.3173413823592929,0.10605286296140838,0.1177753635116052,0.20837244309644568,0.19046025180713258,0.2331214282584397,0.12795145065822958,0.08032955654583061,0.17637268034913187,0.0580483104931139,0.13390182507058446,0.13711629197790262,0.12114362242174896,0.05742509069775388,0.019641201399513097,0.29133949691631755,0.06122615301041141,0.030027176526245616,0.024306240037592845,0.03797084903365589,0.03983046438241311,0.04927259002962157,0.23359311584938516,0.0837505457802258,2963.3311770241094
Sde-CTlk_026 ,Taluksangay,121.67463958068667,188.20935121467792,178.97797365611785,114.01869514049,131.4424441909842,205.998070246204,268.4911545884705,264.09521986544934,161.8876762156403,163.97773300314284,433.3691919596616,345.5460800476834,1840.5232473314325,577.3383698913922,635.9464923486015,748.5738683980693,1021.5536138399493,899.0593360350862,430.278747563716,332.5576324454004,951.4536114793459,288.0635940161306,1145.9292212109087,824.0563107223011,672.8210342290139,668.7947976182904,177.74893074010302,1552.4295377706069,340.24572236106076,127.7992217824896,145.97439628386883,277.5975280877157,191.03106742624354,244.24732598650894,1306.5511102728588,533.9809074011916,0.022966089369946607,0.035524516819214466,0.03378209421785537,0.02152102978455695,0.024809762582387145,0.03888213770441119,0.050677707964196995,0.04984797524371166,0.030556300414564933,0.030950798652944474,0.08179843907511301,0.06522182587232805,0.3473987803156595,0.10897262276936819,0.12003490643665995,0.1412933247296469,0.19281825425981505,0.1696974581673145,0.08121511766619222,0.06277025626473458,0.17958687815222865,0.054372006091009416,0.2162941513256835,0.15554063643119978,0.12699497656482997,0.12623502436653225,0.03355011235585052,0.2930210899153045,0.06422138330892159,0.024122104318377295,0.02755266867715848,0.05239653604817987,0.036057115780795686,0.04610168508661869,0.24661153440303535,0.10078890131487613,5298.012979950777
Sde-CTlk_048 ,Taluksangay,153.42972091929775,204.2737225659972,205.7676441743211,120.90666622022961,158.681998208902,226.29183051246017,285.5682995713985,316.629856504938,188.10838342558688,192.1335380192901,470.4415802935153,396.6387928066038,2089.2891198291563,687.8461255584783,759.4950434507456,936.2939249966328,1181.1304931250231,1085.287634603712,553.7077628073225,445.59515343634524,1074.6690514592156,314.87883881564676,1246.9493743100597,900.2681665842683,770.861201145472,747.8129582081604,147.96806855277936,1805.1455498577948,366.57259025193076,139.46209913166354,172.1988331900075,316.3270811201598,200.24534721438596,278.8980736074738,1527.1704973391968,563.2997361641845,0.026747932050404495,0.035611742093648334,0.03587218259649653,0.021078075832521956,0.02766357965251486,0.03945023473837027,0.04978410588847393,0.05519917416377304,0.03279358280672067,0.03349530187992017,0.08201370209096938,0.06914740778369699,0.3642329730902275,0.11991458576170881,0.1324053885591369,0.16322734692445456,0.20591054968669545,0.1892019338338843,0.09652978266930384,0.07768213886261353,0.1873507596368723,0.05489391321503642,0.21738498209146412,0.1569468522960047,0.13438689000404036,0.13036881037595646,0.02579578336951492,0.31469724522332365,0.06390586306780002,0.024312908404119555,0.030020016081160325,0.055146390287415456,0.034909461534622245,0.04862126240694439,0.26623689626403735,0.09820198444378002,5736.133942249098
Sde-CTlk_098 ,Taluksangay,142.22538249763997,195.14417812648165,171.47426528561067,115.60513697807725,157.33528147297415,169.44067003305318,345.9084042391858,268.9359630498867,169.14929790838625,180.97784173000295,439.7935807557563,373.37539564107595,1891.2480157249024,612.8676799649415,660.875649958485,772.6848245996359,1016.4153033954035,869.3260725700801,460.148294255841,379.47565683222683,953.9403297101134,293.37383131358195,1167.050400137869,810.0054582430231,678.625004886712,658.359852103574,161.89535079488851,1572.4148411960534,384.96627312137366,135.1387024744947,137.95307748085938,310.17744905980845,196.26312808729512,231.72801499594306,1355.672973581199,535.5762417662776,0.026469639556359482,0.03631838400305017,0.031913164272045436,0.02151533188335104,0.029281750675953327,0.031534690806947784,0.06437719216454679,0.050051811291778645,0.03148046339000389,0.03368187980342076,0.081850210963564915,0.06948908815201388,0.3519811471679392,0.11406112115524435,0.12299590930097286,0.14380477266890526,0.18916557823910604,0.1617907253528213,0.08563843722921864,0.07062441091995997,0.17753832854779222,0.05459995560403981,0.21720035406666668,0.15075053511445038,0.1262992509342137,0.12252769285995001,0.030130427537870635,0.292642940019658,0.07164627235962531,0.025150733868993715,0.025674518658225245,0.057727285600799295,0.03652663235945608,0.043127020819613955,0.25230499884637564,0.09967637158394177,5373.151462633707
Sde-CTlk_079 ,Taluksangay,139.74236619644023,211.8877159943917,190.57277501062418,135.3609105753209,149.95134798260398,233.26683369748469,280.0303623246951,337.27441281929464,197.19504305681724,188.1391882661876,464.50759523530945,411.5228806456939,2327.252341878194,769.8682130513572,849.7774548432136,1014.2419702552493,1287.5116949151375,1160.3866446084253,581.8930881954519,484.6990371493326,1173.8686776502088,336.28142902522893,1420.3631762010727,1019.2653312777247,859.6989477404283,805.8408772508936,195.28692235705412,1974.1622044134974,459.633191222914,162.97569048177093,158.3469020796114,353.16727796249745,228.2564605338478,281.9617456669609,1695.3853969992604,631.8670137877112,0.021137243055839916,0.032049851991373585,0.02882578258022993,0.02047450994974818,0.022681439960760243,0.035283628687085476,0.04235701736402098,0.051015675734698736,0.02982745797104545,0.02845768151027727,0.07026079641424131,0.0622463994850333,0.3520170707099787,0.11644923428129426,0.12853619911619613,0.15341288133466052,0.19474729370477,0.17551852894318332,0.08801636878261103,0.07331492686158629,0.17755780319513387,0.05086547833660851,0.2148422307428457,0.15417270819160694,0.13003691083700966,0.12189041126467844,0.029538838190884608,0.29860912965851727,0.06952350059503691,0.02465148455454078,0.023951340223415298,0.0534196092197904,0.03452576635626323,0.04264915582031479,0.2564417233304862,0.09557535780254185,6611.191716311907
Sde-CTlk_017 ,Taluksangay,163.73695016220378,232.07353081685122,196.9534073738507,138.30676846004314,178.95760210935444,263.26808245317164,337.3751233775988,342.537571051498,213.30958982197683,203.25933791587542,515.8881351502571,448.2226114491994,2327.70586265993,738.8982814249875,824.2173816770247,996.6970307290226,1271.6351314249855,1175.7439111589056,601.5783692099061,464.3652917057863,1238.1714558381,331.8405001054723,1407.928478587758,1064.662737545205,922.1444869127017,819.600364525352,185.29394507549338,2006.5585030015172,453.57543789703817,173.0769477118485,179.14992989270186,354.83956044082817,250.41920842141886,330.4894855837474,1661.3420954845874,666.4310474878929,0.025570201782718776,0.03624207611987574,0.030757494648302613,0.021598863139539678,0.02794715543409449,0.041113615372756485,0.052686641425096,0.053492842032738686,0.0333117799527451,0.031742268801159663,0.08056436680929212,0.06999728898687413,0.3635093272475718,0.11539104725124166,0.12871501967898874,0.1556505368319775,0.19858661635213976,0.18361163453547713,0.09394629784894461,0.07251823243345677,0.19336071629536916,0.05182231951291057,0.21987105083770836,0.1662644931556617,0.14400793821932573,0.12799399696490013,0.028936678984204465,0.31335691644281416,0.07083322035266248,0.027028795104250204,0.027977190561924496,0.0554139988070796,0.039107053620218754,0.051611336506950906,0.25944573029840035,0.10407410386997466,6403.428160385612
Sde-CTlk_087 ,Taluksangay,107.92581612649494,186.47853080159123,181.4085120285705,109.15676019088328,129.47501099640814,218.28557132172065,260.3976515431927,256.9089217612343,141.30502773125238,179.5399511191868,434.82291506696146,331.5895216665931,1857.5715137115824,588.56578125896,653.1674025072132,787.6721931735434,1050.6039456906394,960.5293674553891,441.33894315989164,330.64223751149825,946.2675129848006,284.37167379055194,1119.5321597747918,828.0709000870397,677.6309498715061,620.5399295776621,181.37650173051668,1554.541431623107,369.45255087407355,133.3836135072445,141.8208615070787,295.6949099231164,195.44951113870815,241.97055927837573,1320.8557936870552,536.7525429971992,0.0195844863009825,0.03383885675351913,0.0329188385709411,0.019807856464225317,0.0234948566541923,0.03961064122268792,0.04725240375739649,0.04661933019747536,0.025641560834889932,0.03257976487341645,0.07890404473292305,0.06017105709923379,0.33707953452713263,0.10680260658657588,0.11852537702061924,0.14293294996992945,0.19064519797580998,0.17430004158201948,0.08008645935347351,0.05999916056674105,0.17171205009369497,0.05160278930122741,0.2031530826778361,0.1502637995342029,0.12296459300642094,0.11260471485137942,0.032913029902855696,0.2820909441745559,0.06704177629730304,0.02420412136097702,0.025735165311361198,0.05365753181678166,0.03546675309773328,0.04390857788718699,0.23968576866463967,0.09740044785045225,5510.781057406677
Sde-CTlk_032 ,Taluksangay,143.52252467456108,197.73457242083387,178.22149956859863,117.82456960910149,157.70905856928445,219.28820640392405,307.19862545740665,266.4302684862214,174.72353764633428,170.1159253465119,483.88312606501376,385.8084048784448,2120.2676020626095,721.4384043237856,777.4429482219322,946.1553048307026,1208.1832594703048,1113.3073515024546,487.73210226690026,369.1391222620002,1021.0875822087938,310.46546992799387,1235.6823054725514,934.6732793852673,734.1424218629584,648.6610738344718,254.89379543496145,1746.3944553032716,380.36459909672203,146.9277877082481,149.87464278669702,298.1535386270135,198.6305535057485,253.27957540662447,1515.2464466199021,605.0516479446112,0.024686524621551912,0.034011242497771946,0.03065490554298994,0.02026635989907719,0.027126672738237347,0.037718565213937794,0.05283955566039004,0.045827213518057526,0.03005324024121912,0.029260710046087372,0.08323009041712288,0.06636079394387592,0.3646956356243286,0.12409067476799332,0.13372371010509698,0.16274299996797018,0.2078129955551643,0.1914939094510751,0.08389213176562266,0.06349360179638854,0.17563169123533526,0.05340146771315527,0.2125429560804753,0.16076803956014044,0.1262758233534474,0.11157264413071796,0.04384288787529465,0.3003877601619942,0.0654244346806162,0.025272245294419054,0.025779117721692967,0.0512837597374233,0.034165355304548055,0.04356523471552407,0.2606292552128675,0.10407162525996641,5813.800317168281
Sde-CTlk_072 ,Taluksangay,126.83527347173576,195.85777940995857,169.07182004594975,109.73824766857722,137.1129828302557,196.88999117867826,276.4240042102168,262.5301996494308,158.7476780135382,173.6716852313007,439.6852011153548,348.0033629438083,1871.2210297156507,581.4133252460766,631.7686609720681,794.0204042309305,995.0112048853522,938.3571961446506,445.35709252945554,314.28253642264303,989.9919320008067,266.2668627749988,1136.2368766483332,874.5564844292276,729.9890598675092,664.916813061604,167.3488372028918,1589.6584083916423,345.06356824504087,130.97507098085495,146.97223387143578,273.9348078177727,192.0617951976915,269.2638052285528,1322.241993730535,549.0838960637618,0.02379281927095507,0.036740637054329964,0.03171590321884035,0.020585616464741576,0.025720797778772623,0.03693426795360794,0.05185392197536456,0.04924760614655516,0.029779214482488336,0.03257878432462519,0.0824798200051376,0.06528137554772366,0.35101925952764407,0.10906636451087558,0.11851243869404647,0.14894897498310788,0.1866525070069567,0.1760248751657008,0.083543800738937593,0.05895574144670125,0.18571094990423004,0.049948560604960564,0.21314479730366676,0.16405660512809458,0.13693744094833746,0.12473064574516471,0.03139269171568568,0.2982013928628842,0.06472990432014694,0.02456939704192327,0.02757027838262095,0.05138697773915779,0.03602855465133822,0.05051075208538303,0.24803718972000724,0.10300174033643905,5330.8215402017995
Sde-CTlk_035 ,Taluksangay,145.74129337373813,222.76910783043957,192.07326203592208,121.17236387398738,157.83573979758202,242.99430267825218,326.9802621202845,324.46635947638697,196.88232585991565,192.50062291683628,490.978118547884,384.02148564043915,2146.6637252700875,678.6191785903196,764.3071643981497,875.1374483361571,1205.1615141972134,1038.917021342826,540.4198760986128,450.2008174133072,1088.8514499462265,340.3305541082228,1338.2632136121092,936.9293254941325,766.5346593195965,763.3469342059611,203.38426568650792,1799.5554301987866,410.3087764446308,153.78353106964997,175.1732173757162,342.42956625583565,210.3819229715567,271.5018138429282,1533.7063895966824,612.9669623485104,0.0244097912385465,0.03731095896475788,0.03216979978886571,0.02029481170075992,0.02643545538298871,0.04069841884359956,0.05476498631732048,0.05434393997341156,0.03297525609626583,0.03224137723713142,0.08223251694161074,0.06431865724946784,0.35953855067575186,0.11365997993022153,0.12801161491850802,0.14657426131205983,0.2018490455882389,0.17400523227221917,0.0905133751139425,0.07540284372460522,0.18236860650617356,0.057000988433505456,0.22414186748519913,0.15692360559704668,0.1283846916544061,0.12785078871757563,0.03406424735014273,0.30140237784702206,0.06872144019384444,0.025756762564954055,0.029339259778356424,0.05735254595810496,0.03523626489941003,0.045473060128522216,0.2568760844963513,0.10266407852360449,5970.60793963662
Sde-CTlk_082 ,Taluksangay,147.3641264468731,211.3468294866285,199.40774722492597,143.72827760983571,166.89582827296795,259.0364964608656,310.18681106264006,364.52212851768,199.0009744933426,199.82717205457823,472.71811445016573,438.13700250904395,2407.435674240118,813.3595678415543,939.8352736965398,1012.9844040659905,1369.4918818751428,1168.7835458717109,562.2529941649132,492.4358670266515,1156.3838347882422,359.8028457924701,1480.2853764308725,988.0075381758783,817.5374724867359,842.4688202293842,207.24323393433096,2047.423838401285,457.6345317207173,156.84527728819236,184.87921242865548,381.6096379965921,223.22099453010685,290.8357560114646,1744.198267372193,663.4342371932657,0.02094978448916065,0.0300457827625266,0.028348482297265803,0.020432899875464934,0.023726477527209834,0.03682550771702762,0.0440972100865067,0.051821703274091226,0.028290654104827048,0.028408109154917524,0.06720321193926154,0.062287043669345316,0.34224922824097403,0.11562995736700182,0.13361017307256334,0.14400930177341428,0.19469161509455055,0.16615823668127822,0.07993179439357488,0.07000635458359358,0.164395451658967,0.05115079402079878,0.21044239440365411,0.14045850572671725,0.11622390247456077,0.11976822750688879,0.02946240168787744,0.29106872348570245,0.06505887861251874,0.02229765707948521,0.026283056468986845,0.05425092163049192,0.03173385437566291,0.04134619840724185,0.24796114691446466,0.09431606339376175,7034.159541026249
Sde-CTlk_047 ,Taluksangay,137.8464073643198,203.98649895483285,190.3826618415132,120.68706875560447,160.04227334666928,248.32548610732653,282.09663444559203,302.97347148570617,161.435054196076,190.39925541138544,465.35843246985434,390.10038070820946,2132.730895431789,730.2703364796491,813.1699234253871,891.9924262830543,1239.7385272182598,1070.1480957893868,503.6065970885311,437.3132836460493,1042.980101965517,307.09214290502456,1293.4526187743602,905.1407383287366,752.2828538588395,762.8623436093106,181.0475346158849,1808.1550904430876,383.58688825481244,140.25132853648842,170.00911355939112,326.66627033290393,202.3292040265072,308.6987792106734,1498.31225763225,634.4915790124329,0.022876401776792725,0.03385272925393584,0.031595094474323175,0.020028711135138693,0.026559933017865186,0.04121103843203229,0.046815554158060546,0.05028018498225059,0.02679107298667005,0.03159784827239863,0.07722890044760351,0.06473939519348487,0.35393892215652434,0.12119255004469738,0.1349502118826927,0.14803125823639787,0.2057417178226373,0.17759721321750158,0.08357640269863598,0.0725746471765141,0.1730885288486615,0.05096370212264223,0.21465587933767177,0.15021329601884592,0.12484565353367039,0.12660138052541992,0.0300458765793182,0.3000737060517382,0.06365844376948289,0.023275512236237934,0.028213987305611074,0.05421214081634598,0.03357769165688903,0.05123033263075599,0.2486535111655056,0.1052975160035769,6025.703198837849
Sde-CTlk_056 ,Taluksangay,140.61087486439308,226.7246883488871,199.3362522390747,123.11194368707692,159.40073739556544,237.12414343832637,313.9292490566147,307.20175814265775,196.19706452852446,190.28048526793282,497.164619028235,425.79262410300163,2153.408041246324,719.0965059153882,778.0377113382101,928.632731634913,1202.5342380259326,1078.447287638464,504.38845896590465,407.469795882161,1060.4610614531257,302.9755795361238,1280.7559679950587,930.1023505234303,775.5411666663736,724.3186052781538,194.50253576858594,1795.8337689876116,402.62618477317136,137.67681300582177,167.86567270496363,347.7253263442998,211.00471485786764,262.92428101459177,1564.5395416156412,588.8743954770066,0.023790370519073917,0.0383602217598283,0.033726291108171276,0.02082967450749148,0.0269694830311763,0.04011973637783229,0.053114619754938655,0.05197637563505039,0.03319516263866323,0.03219411906397036,0.08411675488871505,0.07204111560694325,0.3643414865984618,0.12166606836915904,0.13163850554517487,0.15711812321088692,0.20346033059036003,0.1824656918104873,0.08533897777050416,0.06894102201353138,0.17942254891274387,0.051261335955322986,0.21669489683854787,0.15736677238481017,0.13121610775540438,0.12254961083233926,0.03290846029723307,0.3038424360568371,0.06812151709938945,0.0232939479002074,0.02840169051601552,0.058832678201987613,0.0357005128698719,0.044484938094800384,0.2647090804510999,0.09963340368306954,5910.411304929378
Sde-CTlk_071 ,Taluksangay,123.10475175382143,217.09314661658485,180.62723434665102,123.0092932003513,135.68215215053164,244.1308257021223,304.3523680271438,268.6265861018228,168.69047928416117,182.9284758312111,492.45544528405804,390.86110145130834,2036.9185377850265,663.8169972532038,727.4679674687334,846.9672234415802,1152.392136989601,1016.2231921920794,474.0472193284546,387.113989420429,1020.4779899899064,294.94371654002043,1253.4629680893051,888.1477872848415,740.5376408283106,717.7931331475384,188.21598651559876,1704.8158896484774,380.34874281718095,136.86406800676352,169.2566816229125,325.15049745262576,214.43794134751434,287.81542017800217,1418.6115572819008,618.3408315371792,0.021809908262710356,0.03846140416772228,0.03200090455261614,0.021792996305499815,0.02403818901489595,0.04325154664468698,0.05392072305612373,0.04759134896370036,0.029886124016865898,0.032408605026834764,0.08724608865298394,0.0692470814056155,0.3608715814361447,0.11760543445367701,0.12888218698723725,0.150053325981464,0.20416406704326703,0.18003963519190408,0.0839847870894682,0.06858322263104111,0.1807934383418634,0.05225383511811524,0.22207032592374126,0.15734909894581128,0.131197681498497,0.12716814064868368,0.033345369216044994,0.3020344676247644,0.0673846546985334,0.0242475836648296,0.029986435506799226,0.05760543293404001,0.03799099354171413,0.05099094731313492,0.2513289494024628,0.10954862926723122,5644.441520384597
Sde-CTlk_011 ,Taluksangay,158.59236385576705,232.28391926855375,209.15398122287797,138.7664240729724,206.05352919125164,298.4022782119801,357.82311615217094,369.1056807951078,214.03200285751663,204.82786777242978,536.1862930689668,497.5764961480898,2654.306670492805,836.6978382335764,960.7607702926312,1114.4291254270863,1463.4138844989548,1302.480817222181,622.6571349505602,500.7650439698841,1331.4872709332074,397.3348171690471,1589.072140266039,1133.754294884637,959.8036597762274,905.0468232551507,220.69395858645524,2238.67394558035,517.5689117820061,175.2504374966293,193.04074704175787,421.38684929775604,268.2294525866985,349.45640928775384,1903.7082161733185,750.6220828676975,0.022179703987169428,0.03248572910510115,0.029250925318701812,0.01940697606409143,0.028817316116997557,0.04173261586451864,0.0500428305819284,0.051620737222023816,0.02993313392741951,0.028645903024985847,0.07498755282481971,0.06958783592868595,0.3712141922308504,0.11701515714591869,0.134365797756539,0.15585686167798457,0.2046636167074211,0.18215655705357595,0.08708080643316696,0.0700337656387737,0.1862132123766103,0.05556868196138614,0.22223736899093374,0.1585595550968189,0.1342319424597219,0.1265740048656027,0.030864832039806986,0.31308648304100056,0.07238384608937691,0.024509394606364768,0.02699743242834921,0.058932443872330466,0.037512839296752386,0.04887271698321214,0.2662403389804265,0.10497715778660854,7150.337260926023
Sde-ASac_013 ,Taluksangay,75.61162975536831,111.89964232337829,119.19253605440235,73.94849988972055,93.62220550003083,151.8961730227592,152.64391127097076,178.58888361888287,106.06463943088148,99.07104277542452,269.3295383778207,233.60608950395536,1042.8987515740248,316.2876168477356,369.21709511837344,410.30719832078256,600.3819682761467,529.0219997043317,239.74084851174192,195.849491436077,608.1399300300629,154.0176222447289,660.1647281749307,536.7233843674785,459.900379501398,454.88929829737685,88.3171023202756,965.6037413003327,158.16887911738513,79.29119010962074,88.41727423580755,101.64968098739891,109.43584037823258,213.8077783343019,731.8546796344273,311.15057353514544,0.024191171511754452,0.03580115186389869,0.03813443900021618,0.023659070035349634,0.029953471944561112,0.04859763485407231,0.04883686609755837,0.05713769598267941,0.03393430206578345,0.03169677198312867,0.08616924509046085,0.0747398911472242,0.3336648429659145,0.1011930044486895,0.11812725240783725,0.1312736127920954,0.19208610122706432,0.16925520544582875,0.0767026448640902,0.06266005180881112,0.19456818214474608,0.0492763709446471,0.21121298690373289,0.1717191850990507,0.14714044644764962,0.1455372020094857,0.028256158167246307,0.3089350909875033,0.05060452333761474,0.025368409403670845,0.028288207152265342,0.0325217810386729,0.03501288350334557,0.0684056229572945,0.23414945735195652,0.09954945971568689,3125.5877673649966
Sde-CTlk_095 ,Taluksangay,144.07018600074755,202.88355599530485,206.69244205284812,123.3408405799555,161.55041846073937,276.2704608280263,278.20465407472966,323.8049147442021,188.43061616045838,193.5251223531457,487.7333027148546,423.5322920866601,2234.0159740609392,736.2282623272894,833.44378189992506,928.3349547101304,1309.861582237333,1122.2440531447025,487.35382695737604,420.11417657912943,1087.0260776083712,347.1548070154869,1353.6241829903747,919.1664701875771,761.4673809486789,784.7729811920389,193.21119992539232,1881.0222909016818,406.34749053888584,137.56769690814048,207.5661493197049,365.87241544184485,239.76571613139356,300.26349064654875,1587.3754841183134,647.0065196982173,0.02327940891501633,0.03278269705380132,0.03339815135774588,0.019929882396124105,0.02610393139715972,0.044640832411518186,0.044953366716918734,0.05232163036829263,0.0304473360344314,0.03127052573225712,0.07880980312825882,0.0684359595131524,0.36098080266637034,0.11896256435332117,0.13467101796082478,0.1500038947731223,0.2116524191536405,0.1813364648218424,0.07874848599126538,0.06788364740176142,0.17564581031220608,0.056094594819813486,0.21872374672247816,0.14852241615317793,0.12304079718796804,0.1268066047650629,0.031219800951744744,0.3039427400193253,0.0656591738820714,0.022228711982123856,0.03353932830282926,0.05911905721945307,0.03874225684414315,0.04851771747539022,0.2564941715024265,0.1045457756447834,6188.739006505247
Sde-ASac_025 ,Taluksangay,79.08806541029058,108.95805842437721,128.3560614738938,71.62597307708988,86.81813884534726,129.04541453740228,170.59672051047755,173.7824153025398,91.02198481517748,110.12634628007963,277.59188186661726,233.17334424097453,1122.8420801264306,355.03077973078615,371.8455425174813,472.7755894744356,493.3296722719301,562.8173389458519,294.9354647441539,264.7649988998547,583.6908666202855,32.267703825497115,690.3535255229743,611.9288547027343,552.646441260821,381.7200396413711,71.70133369254721,929.8162920175254,251.44783875022665,78.76094851485738,91.47794416519217,222.6840961577858,118.83943505962152,132.15399155364173,811.101977555831,311.8289066530073,0.025698914390838386,0.035404884429954715,0.04170808096329519,0.023274178483434278,0.02821072820764933,0.04193207968259958,0.05543378122871747,0.056468942441876877,0.029576727959071757,0.03578450845327348,0.09020084093185696,0.0757674597398181,0.3648568509281736,0.11536387401918813,0.12082767120673835,0.15362392969092392,0.1603027833391292,0.18288213950125218,0.0958364731765955,0.08603286735007752,0.1896647937229379,0.01048508335484561,0.22432380991734255,0.198840459286834,0.17957720306704303,0.12403629509863602,0.02329866619842682,0.3021349575792762,0.08170558286234943,0.025592620867941805,0.029724887611744272,0.07235907837259531,0.03861574375361358,0.04294218220822377,0.2635598705735295,0.1013258363963176,3077.486628714765
Sde-CTlk_091 ,Taluksangay,144.7419896180787,200.2784767647787,193.31217943404397,113.81222355902733,135.515560749384,248.74891579024015,240.0444954295974,283.6457237651574,167.90376871172364,177.95692716848646,464.54110332251554,374.8908177537162,2026.6380509783808,652.0744541503601,712.2105625850406,885.0276257938167,1148.7933759044095,1075.0020402012733,471.4370730598623,348.72398014907145,1018.1825239361557,290.3363455696857,1207.1900628020467,885.7490858476798,737.2296610699818,688.2686810790175,174.61141661117122,1698.746952958592,376.79883083183756,138.56016820139894,162.1403354136163,324.1817021687063,198.51778232098,267.20825926112417,1445.7993857789709,580.955105454802,0.02484168519624168,0.034373265729601477,0.033177658527226005,0.019533291179690278,0.023258177590422494,0.042692119096003914,0.04119820243100986,0.04868136603363419,0.02881688013689043,0.03054227715726995,0.07972796200952136,0.06434152039897219,0.34782653328154534,0.11191381545366792,0.12223481683414637,0.1518949527221444,0.19716437141044107,0.184499759457929,0.0809114990728849,0.0598505752069726,0.1747479760273903,0.04982965977392172,0.20718684046895264,0.15201877500472474,0.12652877859394138,0.11812573497788825,0.029968096020857357,0.2915514505833575,0.06466898764162976,0.023780715522011348,0.0278277173098566,0.055638448890375836,0.034071082394861986,0.04586024743694337,0.24813872804436532,0.09970778957051862,5826.576919989986
Sde-CTlk_010 ,Taluksangay,117.63642364820517,185.0301231821457,162.61974051685732,106.02775633663104,118.04955825944461,227.665307447336,272.9681477471867,257.6452252047377,145.45537102492983,162.59899494194298,445.78927685924657,322.02919537333884,1810.974498938696,564.134846386234,644.9250909106032,774.3791349271362,1027.2346728769285,943.4368660793418,430.76037625733403,332.90289064915015,899.0535783879402,271.9562248781962,1075.199312750171,797.4715757484778,645.1131096691184,586.7101213725907,182.4438358028026,1504.5228817015345,345.34980198610214,119.44146373889579,144.22310731879958,293.55685652397904,182.93316878576178,212.6641534066332,1301.1691942124246,509.81202097742863,0.0218085051033933,0.03430255919515862,0.030147919589771442,0.019656385271315066,0.021885095737468916,0.042206655603360704,0.05060530623585619,0.04776460414629553,0.026965833395272105,0.030144073587297367,0.08264445159006856,0.05970068736315456,0.33573484620995836,0.1045844245759157,0.11956205144838124,0.1435614139930325,0.19043806255802342,0.17490286656580645,0.07985825794943759,0.061716551426010166,0.16667469091998832,0.050417706814110626,0.19933018169100755,0.14784249971362612,0.11959690806784866,0.10876963341244751,0.03382308982876645,0.2789220712955645,0.06402407252360129,0.02214313977528182,0.026737385194532556,0.05442222744534252,0.03391380680676672,0.039425605871418704,0.24122252387764395,0.09451356745175192,5394.06177041917
Sde-CTlk_002 ,Taluksangay,134.90519920352406,211.75393334153205,190.34094151837115,133.8912017469781,154.86304140885258,229.63829232621464,317.90385506445176,325.6342935113292,174.4231637111095,207.98056408102175,480.97000849929293,403.64107792033496,2240.326750995488,743.2483748409342,838.4053718252168,954.9015993920264,1252.4051063954707,1104.8080020011848,526.1892227373723,435.303132674232,1116.5873803246927,332.56992794322235,1356.9591610025855,969.5473436368384,806.2048950465384,771.602762219654,196.00314147801296,1904.7302116515555,446.113972052087,155.1600559559387,157.49642869919296,342.8115677357461,229.78698112001476,301.4107589556814,1596.4046380334814,643.9577426140708,0.023003349511548466,0.03610720541431255,0.032455970785074985,0.02283044781439773,0.026406459417289686,0.03915675549054052,0.05420735103088007,0.05552550613921475,0.02974175214480449,0.035463789649404186,0.08201256345494988,0.06882682689354114,0.38200914106707606,0.12673493861836108,0.14296062653122274,0.16282497168113305,0.21355375895483264,0.18838625022040595,0.08972311424096405,0.07422567968837585,0.19039480999574582,0.05670813530297644,0.23138178541472135,0.16532228961779682,0.13746996474686143,0.13156978476891248,0.03342146036920447,0.3247849233573635,0.07606908912100141,0.02645710482960125,0.026855491245541024,0.05845448771274074,0.039182109148608764,0.05139503203533691,0.27221081223963606,0.10980440421478048,5864.589377985891
Sde-CTlk_027 ,Taluksangay,144.5317309356323,222.95662947407507,183.60426363744932,127.96916573850905,149.09034144504457,263.7097638086235,292.37547572205847,293.5128811491755,178.9268230597358,192.30104446123005,502.6356948382894,396.8193321655208,2242.182574328667,722.265361996725,817.8889930987763,937.8322935316421,1237.4137767623447,1123.7155831285156,532.8163902287165,433.9096082630689,1117.637092116761,299.6689097478915,1363.048134603382,1004.0496433209316,829.63576860039,794.1586600070855,203.6453818415976,1892.0247953656947,406.6312300180595,134.32551026670265,169.86428469013163,348.09034145485873,213.88557828745732,306.29286194647096,1583.5677881718516,658.7019691557327,0.022812985535515983,0.03519162422198261,0.028980220353726924,0.020198739114837008,0.023532519681686195,0.041624126331260176,0.046148741562898825,0.04632827039984601,0.028241929989722796,0.030352926083147824,0.07933635584207194,0.0626342300497097,0.3539076042680627,0.11400285009645116,0.12909614828822424,0.1480280794298752,0.19531422206034119,0.17736802277253225,0.0841000970837807,0.06848858415343582,0.17640858966651987,0.04729994209068929,0.21514443352766147,0.15847987041836079,0.1309502672271762,0.12535053656636078,0.0321435239186058,0.29863846513218506,0.0641829466003031,0.021202028806600378,0.026811492843481794,0.0549428134102888,0.03375984340698361,0.04834547115697744,0.2499514038350671,0.10396996145613127,6335.502677219547
Sde-CTlk_059 ,Taluksangay,137.47904551639863,211.60279179937584,188.35095278572396,125.70134724373483,134.80002274217162,252.0515808701465,266.1011140632448,291.67329789231644,178.06321512847623,194.61345042799582,471.2241653818064,379.14241381180244,2023.292912149808,663.9472860610019,724.0154016885068,851.3643494387113,1149.528128374704,1036.21256479787,531.0346015058624,437.1742669120519,1036.9116426556122,280.67726576978066,1257.64756511314,901.0003926509077,768.8774481122202,721.1397523681592,165.9957737612918,1707.8008887616993,406.0059222671635,137.84638749568285,157.3822071131612,339.2973686862456,197.6365842065684,250.05650929277968,1475.2578155466963,548.0369853577769,0.024455339414398893,0.03764077700023646,0.03350464401391898,0.022360273888620157,0.023978783798257297,0.044835974362216494,0.04733516324995211,0.051884048738342806,0.03167461882521285,0.034618642913521194,0.08382329729881872,0.06744341569534776,0.3599116848354105,0.11810568056318099,0.12879084461953727,0.15144420047896762,0.20448280274428332,0.1843257631183803,0.09446262426274168,0.07776636097826256,0.1844501179698703,0.049928029209998254,0.22371553390560558,0.16027366448479127,0.13677109039441476,0.12827931226272077,0.029528012603229355,0.3037906630061502,0.07222200733212972,0.024520683720149702,0.027995795855889096,0.06035561479545496,0.03515641041381496,0.04448108280476307,0.26242494241521136,0.0974870783996659,5621.637188787217
Sde-ASac_015 ,Taluksangay,91.33898348832223,119.65649432604985,126.49748107250987,72.67525582892708,71.42018648540486,151.22916108508963,196.41254946178975,140.8859171901152,100.09519252736368,106.06666020842741,342.9987786681026,250.61479579571915,1040.1348239449394,360.7001664631304,367.2099446009054,239.53829255402985,646.2546204328446,335.4778033849631,257.8170581070422,347.91480386152006,328.52872899697826,159.30672972768602,850.4231940563475,295.37878599046337,196.44883625259783,401.85294818502945,143.3063720159016,671.8252937038989,305.9597571909744,57.536808399840844,103.15415756022634,329.47869683783824,119.92745468257053,138.5625440147518,748.6826636884349,292.40916922073416,0.031970193053065664,0.041881802025374594,0.04427626338902391,0.02543757189205843,0.02499827633965588,0.052932770767715166,0.06874772287279776,0.04931246001442599,0.0350350146954802,0.03712512964183449,0.12005538875289717,0.08771942819538973,0.36406482591288797,0.12625117464301028,0.12852970737732627,0.08384246423689562,0.22620007566993813,0.1174229198708667,0.09024034213287904,0.12177608093147156,0.11499062599984508,0.05576005676369094,0.2976625385179833,0.10338758382506653,0.06876042386489452,0.14065534607204738,0.05015966024702447,0.2351502449158767,0.10709110316642766,0.020138858589720775,0.03610570432775205,0.11532313085271965,0.041976642744822726,0.04849924000568593,0.2620516276783711,0.10234816759996695,2857.0044396264166
Sde-CTlk_054 ,Taluksangay,133.49646197546997,225.5817013492229,178.9332564463074,122.48101495844159,145.40218445033764,254.4457928821972,282.97099058645574,303.7438753348652,195.7799807995141,182.74970732871225,491.5369417597929,402.2544373741202,2062.6098394058554,675.4470321672603,745.0177796886327,882.0761044195677,1176.3826254170874,1056.3903109837054,519.6558383595435,432.5663964066672,1053.3054963320185,292.5974765544124,1255.3748955886604,918.4785113027959,778.7605517801283,727.7385753385893,174.80706049324806,1753.4739174324604,390.3544509810154,139.92187685333562,170.1169860209143,322.1832899131328,219.3564885369019,271.7350517766155,1494.250707037186,568.4402212873047,0.023639291419671127,0.03994556483541388,0.03168514978758198,0.02168869768632313,0.025747533383393285,0.0450567615009661,0.05010794751261192,0.0537863691646039,0.03466833466423812,0.03236095941776234,0.0870403967105043,0.07123042610440088,0.365242901251986,0.11960683448590423,0.13192628588263325,0.15619630496674827,0.2083115259517682,0.18706352246885385,0.09201963572017367,0.0765980083044683,0.1865172695461337,0.05181258675006016,0.22229932208400074,0.16264237171605428,0.13790138972414911,0.12886651829713885,0.03095449110835076,0.3105017190537596,0.0691231998747768,0.024777091272509676,0.030123981927876523,0.05705158449970316,0.03884321637132524,0.0481183095254403,0.2645989818381276,0.10065827848038465,5647.227728001299
Sde-CTlk_073 ,Taluksangay,164.03841956276585,217.73388032129955,197.30337473051492,135.56900506181347,154.26556168665775,269.58602538234436,307.29558336782185,325.06718070515825,193.51769191226418,203.51431089635932,515.5548727573138,419.7408103263966,2368.164396588636,771.4243750018338,856.7198649339001,1014.7652575031577,1323.0467296896584,1213.09473028651,523.508767048805,404.69886684916725,1173.2790438115906,330.3740797210943,1389.9487750497283,1019.9908650973103,862.5165392368774,793.1408608864883,203.78516802319044,1979.9353885412017,439.0931085765754,143.0833068694251,160.21216032576953,381.22650997143455,206.57268396581378,284.2425048858106,1721.4724715536897,646.755180235837,0.025577250584927907,0.033949571281230904,0.030763999495882634,0.021138233489799037,0.024053443933447334,0.0420344779215617,0.04791423960551513,0.05068522825319329,0.030173727056441054,0.03173242305851035,0.08038651070854111,0.06544696001738244,0.36924968162519917,0.12028227655042531,0.13358174703771503,0.1582245509632337,0.20629251263844103,0.18914854204579512,0.08162670034193158,0.06310158532633814,0.18294038792620318,0.05151269224803851,0.21672403461591278,0.15903933981117796,0.13448557793051227,0.12366836136382676,0.031774655729515953,0.3087161148569106,0.06846441521512464,0.022309880844219688,0.024980651376227875,0.0594417210379547,0.03220929167616794,0.0443197501763921,0.26841597777730686,0.10084356674542748,6413.450070330467
Sde-CTlk_055 ,Taluksangay,136.01211923755176,214.41704093518317,192.58075728774148,122.9309836684796,124.17299203905011,226.4805359153188,264.98643900445177,301.55872053556993,176.37773654078342,188.33086654290105,479.4341436549759,382.1520386472902,2062.695562262509,712.7687760611431,750.1541757403006,928.1972137358417,1207.0237719474874,1089.033021275962,506.8883763055136,412.60485350054955,1023.4735818413881,310.7766516674154,1252.8039567114283,890.2873256031953,735.0397249255922,682.5376224251381,197.32810614304265,1725.5999735723835,417.02213426657596,159.76855670390856,155.72087173516604,328.31417480663265,218.12974690997558,264.0235909479303,1476.8389108314454,585.863904510288,0.022426914071515088,0.035355029974374834,0.031754465114804606,0.0202699775793115,0.020474771204754823,0.037344168639651655,0.04369337181850815,0.04972374190534666,0.029082763827977823,0.031053704512865914,0.079053457904889185,0.06301270049346348,0.3401159866479372,0.11752779225256613,0.12369223664791695,0.15304959051124148,0.19902504694058604,0.17956965986642245,0.08358036124265439,0.0680340373109347,0.1687596237974458,0.0512436781475721,0.20657369977854229,0.14679866369400182,0.12120002866263015,0.1125430049506838,0.03253725113006691,0.28453260302139205,0.06876239870052829,0.026344091339908157,0.02567667226364184,0.05413542431456986,0.03596721467038743,0.04353460868218926,0.24351461867041005,0.09660256393113352,6064.682764817105
Sde-CTlk_007 ,Taluksangay,156.46168182459243,231.46285429953983,192.19455196742706,121.58193858513684,165.164318848261,243.28158129182322,309.6688112015965,332.84109371966076,201.95785085254792,198.69966251536516,502.60074727685196,425.2478961189814,2027.1871223554872,661.7434889964615,714.3298845069271,871.9121219092782,1167.141722479584,1025.6079011167815,528.1965586741455,419.8208818393387,1026.1745152791311,327.18467971145907,1211.6574878908477,870.4474562956742,718.8151557141028,674.487134637044,188.87654396764032,1691.1776704072813,390.74804950669943,149.51536270982302,169.58324699438901,311.17264694146894,231.92736781201572,294.6262826511579,1415.1040996701975,612.1068246412225,0.025998342120376706,0.03846085766216337,0.03193586862579863,0.020202574829399453,0.027444409502832962,0.040424707878967174,0.05145589388880021,0.05530629944234685,0.033558180118803224,0.03301678561188706,0.08351428941119032,0.07066100888309616,0.3368460809983192,0.10995812790859062,0.11869610825889285,0.14488064668583953,0.19393725959054978,0.17041939459968491,0.08776739888691168,0.06975923298315091,0.17051354563188162,0.05436640550253491,0.20133418953158125,0.14463727158421485,0.11944140010279339,0.11207566656317408,0.031384534227940686,0.2810133136040429,0.06492836684022094,0.024844112032107887,0.028178677500010664,0.051705777666106685,0.038538043213769704,0.04895636301932973,0.23513974853228756,0.10171028750081242,6018.140737595823
Sde-CTlk_066 ,Taluksangay,135.42029170622845,225.6497032870418,194.98046368949375,123.04602415754847,166.89172755723996,246.74660384185634,304.9085985940377,319.5635632969597,189.1747211723596,183.16641614935853,490.6627228966655,412.1839156683943,2229.511229081764,722.4930457067388,806.4795767576634,944.2448326152705,1241.123743731897,1118.6978141239617,505.73710053461576,403.1187512763577,1089.9565633539025,319.97625499291354,1341.6978694321645,950.7142165777315,788.1034173492967,746.2914960671933,193.49801749757026,1855.6804765573113,438.8915151091555,152.5465626115844,178.07219883319812,374.6466803229545,222.94584818210902,264.3129186945656,1607.0593161240347,622.5122183917437,0.021397258931315187,0.03565407420242034,0.030808141199123628,0.01944204672870923,0.026369943994682222,0.038987517352866694,0.04817747881280778,0.050493055529020725,0.02989079731836199,0.028941447285987465,0.07752780028372386,0.06512765450256648,0.3522768150760315,0.11415845129471537,0.12742885212606228,0.14919663016126886,0.19610536778376503,0.17676129989908868,0.0799096468850247,0.06369530143858011,0.17222000127250675,0.050558263416006256,0.21199671303405948,0.15021883356983312,0.1245253032112739,0.11791875632810997,0.03057390536473966,0.2932092018884413,0.06934762341171286,0.024103317591155575,0.028136528867980095,0.05919653491825422,0.03522684806766565,0.041763105727671085,0.253925492788661,0.09836085092573266,6328.861661249468
Sde-CTlk_088 ,Taluksangay,119.75509681479114,213.92274551307068,185.05980871588517,126.97148664491571,142.7528842900556,208.3546201721479,265.730604336817,320.4274455610349,184.28369271327296,164.72030295892486,455.15363931314454,392.0409925525774,2104.437419749668,738.7804644738314,799.6160166833204,891.8319886999008,1200.970126291083,1023.3474329622858,488.15681499826474,444.28054982121375,1007.31180751456,298.2532393719974,1324.4680328533,914.4427874231608,731.1803786339182,744.8492827767238,232.26519110921467,1765.7379924534812,379.54165282283594,153.50451649707264,144.062913235468,283.5774361633872,210.3211334162357,249.41180534377276,1526.7654413266926,577.7045951403277,0.019603076169200595,0.03501766510282916,0.030293003158986392,0.020784348977366404,0.02336765397500313,0.03410620172397543,0.04349825114632567,0.052451743509087316,0.030165958369077595,0.02696356757584601,0.07450548408760842,0.06417438291033944,0.3444817642832337,0.12093322207234165,0.13089157871416682,0.1459866917535195,0.19659045409172732,0.16751485497891436,0.07990787433227158,0.07272563498578273,0.1648899346587488,0.04882198022988822,0.21680620217650481,0.14968792219303917,0.1196891408968849,0.12192664540556837,0.0380201958319114,0.28903902448886604,0.062128327958993326,0.02512762136431055,0.023582096599023494,0.046419653349492336,0.03442810626029103,0.04082697728693191,0.24992088048759944,0.09456622292533852,6108.995128169963
Sde-CTlk_046 ,Taluksangay,117.11090426774953,208.7864245898186,187.8435416587166,116.60958798186364,157.97699791694362,230.9950549167016,278.48627427361663,316.08030439332975,168.92580764871306,180.80828737104392,432.0393657653895,370.8729828020369,1966.7717184078401,620.0039058423099,719.9065145583903,801.2713635249671,1095.6098808892925,965.7687902704508,443.0998224054712,358.0080895650264,963.9897968162372,290.40981932737753,1202.179251857908,844.4710625791091,689.3836212181792,670.6908520137204,190.7382627968491,1646.380432503375,370.2138553893547,137.60618257389456,142.36372653808291,294.80602781659695,186.2697870220772,263.42938072022264,1379.3290802356414,587.4780666893103,0.020933366752333163,0.03732020366655659,0.03357670042926952,0.020843757353985644,0.028238108624515548,0.04128995700939417,0.04977892836974579,0.05649879468035828,0.030195188975399332,0.032319161183709,0.07722627155482475,0.06629288891644879,0.3515569618130403,0.11082460023707849,0.12868201463281428,0.14322583730086785,0.19583832605117618,0.17262946103180127,0.07920330859285973,0.06399331203209445,0.1723114691021863,0.05191024093332815,0.21488741239373477,0.15094770700672588,0.12322610149963441,0.11988480210637702,0.034094126706601634,0.2942875868216565,0.06617507105864584,0.024596861455548607,0.025447264014263456,0.05269605541576224,0.033295394574849355,0.04708753531053571,0.2465526305109617,0.10501066408677381,5594.461017824414
